account_id,customer_id,branch_id,account_type,open_date,current_balance,account_status
1,1,13,Savings,2025-11-17,3553.79,Active
2,1,13,Fixed Deposit,2025-11-10,15819.34,Active
3,1,13,Business,2025-11-12,7523.99,Active
4,2,8,Savings,2024-01-19,932.89,Active
5,3,13,Savings,2024-11-02,736.34,Active
6,4,3,Savings,2024-01-18,4345.07,Active
7,5,11,Savings,2025-01-25,670.67,Active
8,5,11,Fixed Deposit,2025-01-08,3680.66,Active
9,6,9,Payroll,2024-09-19,364.05,Active
10,7,14,Savings,2025-11-05,958.95,Active
11,8,1,Savings,2025-09-27,2564.62,Active
12,8,1,Payroll,2025-10-03,1175.15,Active
13,9,5,Savings,2024-05-15,388.77,Active
14,10,2,Savings,2024-07-18,446.86,Active
15,10,2,Fixed Deposit,2024-07-25,2445.67,Active
16,11,8,Savings,2025-06-14,2323.43,Active
17,11,8,Payroll,2025-07-05,511.22,Active
18,12,8,Savings,2025-04-13,917.98,Active
19,12,8,Fixed Deposit,2025-04-29,3338.34,Active
20,13,7,Savings,2025-07-27,2999.29,Active
21,13,7,Business,2025-08-07,5286.42,Active
22,14,1,Savings,2023-09-27,657.97,Active
23,14,1,Fixed Deposit,2023-09-29,1247.17,Active
24,14,1,Payroll,2023-09-17,251.39,Active
25,15,4,Savings,2024-10-25,919.89,Active
26,16,6,Savings,2025-01-11,1862.72,Closed
27,16,6,Business,2025-01-24,6681.98,Active
28,17,3,Savings,2026-01-05,999.57,Active
29,17,3,Payroll,2026-01-17,412.63,Active
30,18,1,Savings,2025-08-30,3067.44,Active
31,18,1,Business,2025-08-15,3570.39,Active
32,19,14,Savings,2024-04-24,1155.91,Active
33,19,14,Fixed Deposit,2024-04-25,5522.33,Active
34,20,3,Savings,2024-05-14,1667.73,Active
35,20,3,Fixed Deposit,2024-05-15,8954.52,Active
36,20,3,Business,2024-06-09,7188.84,Active
37,21,2,Savings,2023-11-13,1746.63,Active
38,21,2,Payroll,2023-11-26,973.99,Active
39,22,18,Savings,2023-05-04,680.5,Active
40,22,18,Fixed Deposit,2023-05-31,7240.13,Active
41,23,3,Savings,2025-04-25,1285.27,Active
42,24,15,Savings,2023-10-22,553.98,Active
43,25,12,Savings,2024-10-06,982.26,Active
44,26,6,Fixed Deposit,2024-07-11,5698.0,Active
45,27,5,Savings,2024-07-25,4367.05,Closed
46,27,5,Business,2024-07-10,25101.82,Dormant
47,28,13,Savings,2024-09-02,1932.19,Active
48,28,13,Payroll,2024-08-28,472.68,Active
49,29,17,Savings,2025-11-08,541.2,Active
50,29,17,Payroll,2025-12-07,333.47,Active
51,30,1,Savings,2025-08-09,1909.3,Active
52,30,1,Payroll,2025-08-14,963.62,Active
53,31,5,Savings,2025-07-26,1378.65,Active
54,31,5,Payroll,2025-07-22,679.3,Active
55,32,5,Savings,2025-09-23,3535.3,Active
56,32,5,Fixed Deposit,2025-10-15,17090.3,Active
57,32,5,Business,2025-09-27,10998.26,Dormant
58,33,15,Savings,2024-05-19,2407.48,Active
59,33,15,Business,2024-05-30,2673.48,Active
60,35,2,Savings,2023-10-29,1223.27,Active
61,36,12,Savings,2025-04-16,678.94,Active
62,37,10,Savings,2025-03-07,507.7,Active
63,37,10,Payroll,2025-03-15,242.94,Active
64,38,18,Savings,2024-07-01,2574.76,Active
65,38,18,Fixed Deposit,2024-06-27,9372.09,Active
66,38,18,Payroll,2024-06-26,546.61,Active
67,39,8,Savings,2025-05-16,1960.8,Active
68,39,8,Business,2025-06-05,6574.36,Active
69,40,9,Savings,2025-10-11,259.3,Active
70,41,11,Savings,2025-03-30,1684.92,Active
71,41,11,Payroll,2025-04-29,1171.35,Active
72,42,15,Savings,2025-11-27,472.71,Active
73,42,15,Fixed Deposit,2025-12-01,3343.7,Active
74,42,15,Payroll,2025-11-29,507.4,Active
75,43,4,Savings,2025-06-18,1687.26,Active
76,45,2,Savings,2024-04-23,6000.64,Active
77,45,2,Business,2024-05-21,13980.85,Active
78,46,7,Savings,2025-11-19,869.17,Active
79,47,13,Savings,2024-10-31,2077.45,Active
80,47,13,Business,2024-11-07,9673.76,Active
81,48,14,Savings,2023-07-04,3497.32,Active
82,48,14,Business,2023-07-09,11013.11,Active
83,49,1,Savings,2024-03-30,564.47,Active
84,50,17,Savings,2023-11-17,363.08,Active
85,50,17,Payroll,2023-11-30,214.78,Active
86,51,7,Savings,2023-02-26,244.82,Active
87,52,17,Savings,2025-12-19,1671.0,Active
88,53,2,Savings,2025-08-20,1014.32,Active
89,53,2,Payroll,2025-08-06,550.73,Active
90,54,18,Savings,2023-01-24,753.4,Active
91,55,8,Savings,2025-08-16,331.64,Active
92,55,8,Payroll,2025-09-09,480.4,Active
93,56,17,Savings,2025-07-23,2001.14,Dormant
94,56,17,Payroll,2025-08-06,1296.29,Active
95,57,9,Savings,2023-03-15,276.02,Active
96,58,10,Savings,2025-05-07,2823.72,Dormant
97,58,10,Payroll,2025-05-07,2229.95,Active
98,59,7,Fixed Deposit,2024-07-21,9836.62,Active
99,59,7,Payroll,2024-07-24,1095.02,Active
100,60,4,Savings,2025-11-08,837.42,Active
101,61,5,Savings,2026-01-08,561.98,Dormant
102,62,6,Savings,2023-08-20,155.29,Closed
103,63,16,Savings,2025-11-01,337.75,Closed
104,63,16,Payroll,2025-11-02,507.09,Active
105,64,8,Savings,2024-02-15,3101.28,Active
106,64,8,Business,2024-01-20,26128.75,Active
107,65,15,Savings,2025-04-27,78.7,Active
108,66,18,Savings,2025-03-25,2098.82,Active
109,67,3,Savings,2024-06-06,6318.3,Active
110,67,3,Fixed Deposit,2024-06-26,13552.38,Active
111,67,3,Business,2024-06-19,19810.9,Active
112,68,6,Savings,2025-11-17,562.6,Active
113,69,3,Savings,2023-06-07,2394.52,Active
114,69,3,Fixed Deposit,2023-06-26,6936.23,Active
115,70,12,Savings,2025-04-07,361.11,Active
116,71,14,Payroll,2024-12-03,770.45,Active
117,72,13,Savings,2024-09-07,1719.04,Active
118,72,13,Payroll,2024-08-29,689.54,Dormant
119,73,8,Savings,2025-10-10,1498.26,Active
120,73,8,Fixed Deposit,2025-10-11,4173.91,Active
121,74,17,Savings,2024-05-28,506.99,Active
122,74,17,Payroll,2024-05-22,227.25,Active
123,75,6,Savings,2024-10-25,483.79,Active
124,75,6,Payroll,2024-10-16,879.18,Active
125,76,18,Savings,2025-07-04,831.25,Active
126,77,11,Savings,2025-12-19,1079.19,Active
127,77,11,Payroll,2025-12-24,947.83,Dormant
128,78,13,Savings,2024-10-31,2530.34,Active
129,79,16,Savings,2024-03-02,940.56,Active
130,79,16,Fixed Deposit,2024-03-04,7641.11,Active
131,79,16,Business,2024-03-23,10982.2,Active
132,80,7,Savings,2025-09-03,1411.36,Active
133,80,7,Fixed Deposit,2025-09-01,2178.49,Active
134,82,13,Savings,2025-06-14,1724.73,Active
135,82,13,Payroll,2025-06-24,396.94,Active
136,83,8,Savings,2025-01-16,470.76,Active
137,84,11,Savings,2024-09-28,2275.21,Active
138,84,11,Payroll,2024-10-18,443.49,Active
139,85,10,Savings,2025-06-19,343.48,Active
140,85,10,Payroll,2025-06-19,287.12,Active
141,86,2,Savings,2023-08-14,2181.89,Active
142,86,2,Fixed Deposit,2023-08-02,13334.22,Active
143,86,2,Business,2023-07-27,10200.82,Active
144,87,18,Savings,2025-05-05,1326.08,Active
145,88,5,Savings,2024-05-14,5571.21,Active
146,88,5,Business,2024-05-21,18645.69,Active
147,89,7,Savings,2025-04-09,463.84,Active
148,89,7,Payroll,2025-03-30,412.17,Active
149,90,7,Savings,2025-05-27,4006.57,Active
150,90,7,Business,2025-05-19,2926.08,Active
151,91,1,Savings,2023-10-29,1908.68,Active
152,92,9,Savings,2023-11-07,1076.59,Closed
153,93,5,Savings,2025-05-16,3415.41,Active
154,93,5,Business,2025-05-17,14298.09,Closed
155,94,6,Savings,2025-02-27,2697.53,Active
156,94,6,Fixed Deposit,2025-02-24,3826.04,Active
157,94,6,Business,2025-03-01,6496.65,Closed
158,95,6,Savings,2025-08-05,1230.3,Active
159,95,6,Payroll,2025-07-22,705.58,Active
160,96,2,Savings,2023-11-16,587.62,Active
161,96,2,Fixed Deposit,2023-11-20,3865.88,Active
162,97,2,Savings,2026-01-11,776.79,Active
163,97,2,Payroll,2026-01-19,371.07,Active
164,98,1,Savings,2024-05-17,185.71,Active
165,98,1,Fixed Deposit,2024-06-02,1149.76,Active
166,99,2,Savings,2024-12-07,1579.17,Active
167,99,2,Payroll,2024-12-16,538.16,Active
168,100,2,Savings,2023-04-01,785.0,Active
169,101,1,Savings,2025-09-10,2648.34,Active
170,101,1,Fixed Deposit,2025-09-24,17444.63,Closed
171,101,1,Business,2025-09-16,10967.55,Dormant
172,102,2,Savings,2024-09-16,362.92,Active
173,103,4,Savings,2024-08-20,151.18,Active
174,104,10,Savings,2025-02-27,126.74,Closed
175,105,7,Savings,2025-08-25,1257.23,Dormant
176,105,7,Fixed Deposit,2025-08-26,6152.58,Dormant
177,105,7,Payroll,2025-09-09,1132.05,Active
178,106,5,Savings,2025-03-13,958.97,Active
179,106,5,Fixed Deposit,2025-02-28,4822.72,Active
180,106,5,Business,2025-03-17,7187.81,Active
181,107,6,Savings,2024-10-16,1922.98,Active
182,108,13,Savings,2025-12-06,3256.77,Active
183,109,6,Savings,2023-07-26,450.54,Closed
184,109,6,Fixed Deposit,2023-07-11,2574.9,Active
185,109,6,Payroll,2023-07-28,776.42,Active
186,110,3,Savings,2024-04-07,525.31,Active
187,110,3,Fixed Deposit,2024-04-20,3279.44,Active
188,110,3,Payroll,2024-04-14,618.11,Active
189,111,2,Savings,2024-05-29,285.41,Active
190,111,2,Business,2024-06-12,3092.24,Active
191,112,3,Savings,2024-04-15,450.44,Active
192,113,7,Savings,2024-04-21,654.78,Active
193,114,9,Savings,2025-08-10,978.32,Active
194,114,9,Payroll,2025-07-28,324.17,Active
195,115,14,Savings,2023-10-31,800.0,Active
196,115,14,Fixed Deposit,2023-10-29,7071.54,Active
197,115,14,Payroll,2023-11-05,1112.02,Active
198,116,5,Savings,2024-10-26,2771.16,Active
199,117,12,Savings,2025-04-17,981.69,Active
200,117,12,Payroll,2025-05-08,787.9,Active
201,118,4,Savings,2025-05-05,785.57,Active
202,119,2,Savings,2024-04-18,58.53,Active
203,120,9,Savings,2025-10-29,1017.13,Active
204,120,9,Business,2025-10-18,5050.7,Dormant
205,121,12,Savings,2024-02-19,1008.27,Active
206,121,12,Fixed Deposit,2024-02-15,8877.29,Closed
207,121,12,Payroll,2024-03-11,1751.94,Active
208,122,3,Savings,2023-07-02,6091.56,Dormant
209,122,3,Business,2023-07-07,5338.58,Active
210,123,9,Savings,2024-08-23,2193.75,Active
211,123,9,Fixed Deposit,2024-08-16,5163.18,Dormant
212,123,9,Payroll,2024-09-02,1128.62,Active
213,124,15,Savings,2024-11-11,4077.67,Active
214,125,3,Savings,2025-09-26,759.39,Active
215,126,15,Savings,2024-01-01,352.19,Dormant
216,127,2,Savings,2025-10-17,280.77,Closed
217,127,2,Payroll,2025-10-26,436.85,Dormant
218,128,18,Savings,2023-06-20,707.43,Active
219,129,8,Savings,2024-07-05,5151.64,Active
220,129,8,Business,2024-07-09,6207.72,Dormant
221,130,4,Savings,2023-10-05,290.72,Active
222,131,5,Savings,2023-03-11,3047.18,Active
223,132,12,Savings,2024-07-01,613.34,Active
224,133,17,Savings,2025-12-03,1288.57,Active
225,133,17,Payroll,2025-11-23,742.26,Active
226,134,17,Savings,2023-02-04,771.61,Active
227,135,7,Savings,2025-01-23,3887.06,Dormant
228,135,7,Fixed Deposit,2025-01-20,7857.72,Active
229,135,7,Business,2025-01-18,6645.7,Active
230,136,6,Savings,2025-06-20,2153.92,Active
231,136,6,Payroll,2025-06-13,590.64,Active
232,137,17,Savings,2025-03-21,1959.55,Closed
233,138,18,Fixed Deposit,2023-05-19,12585.44,Active
234,138,18,Business,2023-05-11,19220.37,Active
235,139,10,Savings,2024-03-17,923.83,Active
236,139,10,Payroll,2024-03-06,1006.98,Active
237,140,18,Savings,2024-06-23,4683.65,Active
238,140,18,Fixed Deposit,2024-06-10,22391.1,Active
239,141,6,Savings,2023-06-24,2155.33,Active
240,141,6,Payroll,2023-06-21,613.97,Active
241,142,4,Savings,2025-09-28,781.87,Active
242,142,4,Payroll,2025-10-08,431.9,Active
243,143,18,Savings,2023-03-12,912.76,Active
244,144,2,Savings,2025-10-07,1094.62,Active
245,144,2,Payroll,2025-09-21,871.35,Active
246,145,12,Fixed Deposit,2025-10-08,2988.33,Active
247,146,1,Savings,2024-11-07,363.57,Dormant
248,147,5,Savings,2025-02-13,1254.73,Active
249,148,18,Savings,2025-06-10,1097.02,Active
250,149,9,Savings,2023-08-23,1258.12,Dormant
251,149,9,Business,2023-09-15,11916.25,Active
252,150,18,Savings,2023-08-30,1102.44,Active
253,150,18,Payroll,2023-08-28,222.92,Closed
254,151,2,Savings,2025-11-23,337.75,Active
255,151,2,Fixed Deposit,2025-11-17,4480.24,Active
256,152,4,Savings,2024-07-28,500.17,Active
257,153,10,Savings,2025-07-09,1502.89,Active
258,153,10,Business,2025-07-20,2569.33,Active
259,154,16,Savings,2025-03-08,3052.62,Dormant
260,155,17,Savings,2024-11-22,1884.64,Active
261,155,17,Payroll,2024-12-13,791.67,Active
262,156,5,Savings,2025-01-09,838.79,Dormant
263,156,5,Payroll,2024-12-23,398.66,Active
264,157,3,Savings,2025-12-30,749.29,Active
265,157,3,Business,2026-01-01,1985.31,Active
266,158,14,Savings,2023-12-16,1807.97,Active
267,159,5,Savings,2023-06-21,383.93,Active
268,160,12,Savings,2024-10-17,838.24,Active
269,161,14,Savings,2023-07-26,1067.72,Dormant
270,162,1,Savings,2023-06-11,1852.99,Active
271,162,1,Business,2023-06-08,1962.65,Active
272,163,7,Savings,2024-10-20,703.5,Active
273,164,4,Savings,2024-05-01,1301.68,Active
274,164,4,Business,2024-04-30,3267.8,Active
275,165,2,Savings,2024-06-26,1548.97,Closed
276,166,15,Savings,2025-01-26,742.3,Active
277,167,3,Savings,2025-10-19,2177.23,Active
278,167,3,Business,2025-10-20,6675.77,Active
279,168,8,Savings,2024-08-13,533.68,Active
280,169,13,Savings,2025-04-16,266.04,Active
281,170,6,Savings,2023-10-30,437.35,Active
282,171,17,Savings,2024-07-31,2130.36,Closed
283,171,17,Payroll,2024-07-30,970.87,Active
284,172,2,Savings,2024-12-30,4472.13,Active
285,172,2,Business,2024-12-30,13295.35,Active
286,173,14,Savings,2025-01-08,2878.31,Closed
287,174,10,Savings,2025-09-20,1855.92,Closed
288,174,10,Payroll,2025-09-19,739.91,Active
289,175,18,Savings,2025-03-22,2073.21,Active
290,175,18,Payroll,2025-03-09,689.94,Active
291,176,1,Savings,2024-08-26,219.23,Active
292,177,4,Savings,2024-07-19,821.85,Active
293,177,4,Fixed Deposit,2024-07-19,2794.01,Active
294,178,13,Savings,2025-02-21,1318.98,Active
295,179,18,Savings,2024-07-30,2232.22,Active
296,180,13,Savings,2025-04-30,648.59,Active
297,180,13,Fixed Deposit,2025-05-06,3289.49,Active
298,180,13,Payroll,2025-05-19,378.76,Active
299,181,15,Savings,2024-07-11,280.73,Active
300,181,15,Fixed Deposit,2024-07-14,1612.0,Active
301,181,15,Payroll,2024-07-12,224.37,Active
302,182,16,Savings,2025-12-24,1049.73,Active
303,183,18,Savings,2025-02-23,1734.38,Active
304,184,3,Savings,2025-03-21,867.73,Active
305,185,6,Savings,2024-11-10,1599.15,Active
306,185,6,Payroll,2024-10-26,733.11,Active
307,186,12,Savings,2023-12-07,181.23,Active
308,187,2,Savings,2023-09-12,789.29,Active
309,187,2,Fixed Deposit,2023-09-06,2028.97,Dormant
310,187,2,Payroll,2023-08-26,277.65,Dormant
311,188,1,Savings,2026-01-05,1266.56,Active
312,188,1,Payroll,2025-12-25,484.42,Active
313,189,10,Savings,2025-07-18,88.85,Active
314,190,11,Savings,2023-12-14,798.86,Active
315,190,11,Payroll,2023-12-15,818.57,Active
316,191,2,Savings,2025-08-17,451.42,Dormant
317,192,2,Savings,2025-09-03,546.6,Active
318,192,2,Fixed Deposit,2025-08-14,7399.36,Active
319,193,10,Savings,2025-08-17,6836.32,Active
320,193,10,Business,2025-08-12,21912.2,Active
321,194,12,Savings,2023-12-11,1508.95,Active
322,195,3,Savings,2025-01-23,2249.33,Active
323,195,3,Payroll,2025-02-01,630.94,Active
324,196,5,Savings,2025-02-07,2404.0,Active
325,196,5,Payroll,2025-02-17,1022.03,Dormant
326,197,1,Savings,2026-01-02,248.19,Active
327,198,17,Savings,2025-02-02,953.58,Active
328,199,18,Savings,2025-06-29,5263.34,Active
329,199,18,Fixed Deposit,2025-06-30,23658.49,Active
330,199,18,Business,2025-07-07,29271.01,Active
331,200,17,Savings,2024-02-05,951.37,Active
332,200,17,Fixed Deposit,2024-02-03,5492.88,Active
333,201,11,Savings,2025-11-11,1325.29,Active
334,201,11,Business,2025-10-12,17662.21,Active
335,202,6,Savings,2024-02-19,197.74,Active
336,203,6,Savings,2024-08-16,888.39,Active
337,203,6,Fixed Deposit,2024-08-22,6184.98,Active
338,203,6,Payroll,2024-08-06,908.7,Closed
339,204,9,Savings,2025-05-13,2903.46,Dormant
340,204,9,Payroll,2025-04-22,1916.89,Active
341,205,16,Savings,2023-12-16,834.17,Active
342,206,4,Savings,2025-03-30,742.25,Active
343,206,4,Payroll,2025-03-21,1281.54,Active
344,207,13,Savings,2024-07-25,2116.05,Active
345,207,13,Fixed Deposit,2024-08-04,8150.26,Active
346,208,12,Savings,2025-10-03,3128.45,Active
347,208,12,Fixed Deposit,2025-09-26,8881.02,Active
348,208,12,Business,2025-09-17,18113.82,Active
349,209,15,Savings,2024-01-01,1988.13,Active
350,209,15,Business,2024-01-19,15388.09,Active
351,210,6,Savings,2024-04-20,3373.88,Closed
352,210,6,Fixed Deposit,2024-04-30,10574.6,Active
353,211,6,Savings,2024-05-03,3138.03,Active
354,211,6,Fixed Deposit,2024-05-23,12718.6,Active
355,211,6,Payroll,2024-04-26,1291.47,Active
356,212,7,Savings,2024-03-25,309.11,Closed
357,213,8,Savings,2025-02-03,2328.75,Active
358,214,1,Savings,2024-06-11,759.64,Closed
359,215,16,Savings,2023-06-05,2796.28,Active
360,216,13,Savings,2024-01-28,2444.8,Active
361,216,13,Payroll,2024-01-10,844.49,Active
362,217,17,Savings,2025-02-16,3030.99,Dormant
363,217,17,Business,2025-02-13,6842.99,Closed
364,218,4,Savings,2024-07-18,1410.77,Dormant
365,218,4,Payroll,2024-07-31,515.31,Active
366,219,12,Savings,2025-04-20,144.07,Dormant
367,220,2,Savings,2025-05-01,1984.93,Active
368,221,4,Savings,2024-10-19,1946.36,Active
369,222,9,Savings,2024-03-04,589.86,Active
370,223,18,Savings,2023-12-22,1758.11,Active
371,223,18,Payroll,2023-12-22,551.32,Dormant
372,224,2,Savings,2023-05-30,120.53,Active
373,225,7,Savings,2025-12-28,1410.36,Closed
374,225,7,Payroll,2026-01-12,816.77,Active
375,226,6,Savings,2024-07-24,2126.75,Active
376,226,6,Payroll,2024-07-24,1418.59,Active
377,227,4,Savings,2023-05-31,489.04,Active
378,228,15,Savings,2024-03-11,2129.16,Active
379,228,15,Business,2024-02-28,7495.63,Closed
380,229,13,Savings,2025-10-20,419.4,Active
381,229,13,Payroll,2025-10-01,257.57,Active
382,230,18,Savings,2024-07-05,618.08,Active
383,231,10,Savings,2025-12-27,1073.16,Dormant
384,231,10,Fixed Deposit,2025-12-13,6602.14,Active
385,231,10,Business,2025-12-10,11168.47,Active
386,232,2,Savings,2024-08-24,725.03,Active
387,232,2,Payroll,2024-08-09,420.36,Active
388,233,8,Savings,2024-05-22,1092.03,Active
389,233,8,Payroll,2024-05-21,602.34,Active
390,234,10,Savings,2025-12-31,2047.88,Active
391,234,10,Payroll,2025-12-14,716.01,Active
392,235,5,Savings,2024-03-25,597.51,Active
393,236,5,Savings,2025-05-27,2294.78,Active
394,236,5,Fixed Deposit,2025-06-09,18009.83,Dormant
395,236,5,Business,2025-06-15,16310.72,Closed
396,237,18,Savings,2023-06-23,2702.9,Dormant
397,238,7,Savings,2025-08-24,141.58,Active
398,239,18,Savings,2024-09-16,3198.89,Active
399,240,2,Savings,2023-12-14,2950.96,Active
400,241,6,Savings,2025-11-26,881.09,Active
401,241,6,Fixed Deposit,2025-12-15,7845.14,Active
402,241,6,Payroll,2025-12-08,545.63,Active
403,242,10,Savings,2025-06-27,4408.4,Active
404,242,10,Business,2025-06-05,5424.32,Active
405,243,3,Savings,2024-05-31,1393.83,Active
406,244,1,Savings,2025-06-01,2208.69,Active
407,244,1,Fixed Deposit,2025-06-03,4686.48,Active
408,245,18,Savings,2025-03-24,834.33,Active
409,246,9,Savings,2025-12-24,1239.22,Active
410,247,1,Savings,2024-06-14,445.06,Active
411,247,1,Payroll,2024-05-24,544.15,Active
412,248,13,Savings,2025-04-01,593.24,Active
413,249,10,Savings,2024-11-18,1067.11,Active
414,249,10,Payroll,2024-11-17,513.57,Active
415,250,14,Savings,2025-12-12,446.68,Active
416,250,14,Payroll,2026-01-02,411.23,Active
417,251,9,Savings,2025-04-28,841.72,Active
418,251,9,Fixed Deposit,2025-05-17,1661.92,Active
419,251,9,Payroll,2025-04-23,274.2,Active
420,252,18,Savings,2025-01-03,3914.51,Active
421,252,18,Fixed Deposit,2024-12-29,26252.39,Active
422,253,14,Savings,2025-09-17,1981.94,Active
423,253,14,Fixed Deposit,2025-09-24,4349.76,Active
424,254,15,Savings,2025-02-03,3250.38,Dormant
425,254,15,Business,2025-01-09,8244.47,Active
426,255,7,Savings,2025-01-04,2809.68,Active
427,255,7,Fixed Deposit,2025-01-07,8909.36,Active
428,255,7,Payroll,2024-12-15,1059.65,Active
429,256,18,Savings,2024-12-11,152.26,Active
430,257,2,Savings,2025-11-09,2268.88,Closed
431,258,6,Business,2025-12-10,12714.03,Active
432,259,11,Savings,2024-03-14,1613.31,Active
433,260,10,Savings,2025-06-21,1035.37,Active
434,261,5,Savings,2024-09-07,838.49,Active
435,262,10,Savings,2025-03-06,1537.07,Active
436,262,10,Business,2025-02-05,3572.98,Active
437,263,1,Savings,2024-02-25,472.3,Dormant
438,263,1,Payroll,2024-02-02,395.84,Active
439,264,4,Savings,2025-02-25,947.3,Active
440,265,1,Savings,2025-11-23,886.41,Active
441,265,1,Fixed Deposit,2025-11-10,7470.05,Active
442,266,3,Savings,2024-02-13,2935.47,Active
443,266,3,Business,2024-01-15,14750.88,Active
444,267,6,Savings,2025-02-09,306.14,Closed
445,268,18,Savings,2025-10-31,1259.72,Active
446,268,18,Fixed Deposit,2025-11-07,3607.59,Active
447,268,18,Payroll,2025-10-11,543.56,Active
448,269,18,Savings,2024-06-03,774.58,Active
449,270,16,Savings,2025-03-27,2215.35,Active
450,270,16,Business,2025-04-06,7045.22,Active
451,271,8,Savings,2023-10-22,508.87,Active
452,272,6,Savings,2023-10-03,1367.09,Active
453,272,6,Payroll,2023-10-22,498.46,Active
454,273,1,Savings,2025-01-31,1833.13,Active
455,274,18,Savings,2025-06-15,2370.04,Active
456,274,18,Payroll,2025-06-22,1376.75,Active
457,275,16,Savings,2024-01-16,755.59,Active
458,276,1,Savings,2025-11-15,1488.49,Active
459,276,1,Business,2025-12-09,8974.44,Active
460,277,6,Savings,2025-06-28,1146.56,Active
461,277,6,Payroll,2025-07-02,722.83,Active
462,278,10,Savings,2025-12-27,1775.42,Active
463,278,10,Payroll,2025-12-28,1450.93,Active
464,279,6,Savings,2025-08-07,512.54,Active
465,279,6,Fixed Deposit,2025-08-13,4879.63,Active
466,279,6,Payroll,2025-08-06,526.15,Active
467,280,2,Savings,2025-11-02,530.04,Active
468,281,6,Savings,2024-02-10,868.02,Active
469,282,3,Savings,2025-12-10,627.92,Closed
470,282,3,Fixed Deposit,2025-12-29,1335.61,Active
471,282,3,Payroll,2025-12-25,357.36,Closed
472,283,18,Savings,2023-08-22,1181.27,Active
473,283,18,Payroll,2023-08-15,750.6,Active
474,284,8,Savings,2023-08-20,1483.09,Closed
475,285,7,Savings,2023-11-15,140.93,Active
476,286,3,Savings,2024-04-13,2374.87,Active
477,286,3,Business,2024-04-18,3426.39,Active
478,287,5,Savings,2024-08-24,855.48,Active
479,288,11,Savings,2023-11-30,867.76,Active
480,288,11,Fixed Deposit,2023-11-17,13973.03,Active
481,288,11,Business,2023-10-31,10443.17,Active
482,289,15,Savings,2024-11-22,710.79,Active
483,290,10,Savings,2024-09-04,1796.26,Dormant
484,290,10,Fixed Deposit,2024-08-26,3301.37,Dormant
485,291,5,Savings,2025-11-04,375.33,Active
486,292,13,Savings,2023-09-09,1344.37,Active
487,293,16,Savings,2025-08-05,1089.82,Active
488,294,7,Savings,2025-05-03,1953.03,Active
489,295,1,Savings,2025-09-14,2752.62,Active
490,295,1,Payroll,2025-09-23,900.41,Active
491,296,10,Savings,2024-05-24,1579.26,Active
492,297,17,Savings,2026-01-13,283.64,Active
493,298,3,Savings,2025-11-24,1373.34,Active
494,299,17,Payroll,2025-11-07,1087.11,Active
495,300,17,Savings,2025-11-10,4003.54,Active
496,300,17,Business,2025-11-08,16262.79,Active
497,301,2,Savings,2024-05-22,1399.1,Closed
498,301,2,Payroll,2024-05-15,737.29,Active
499,302,3,Savings,2025-06-05,1744.75,Active
500,303,18,Savings,2025-05-21,1845.51,Active
501,303,18,Payroll,2025-05-06,531.97,Active
502,304,1,Fixed Deposit,2024-12-26,5693.43,Active
503,304,1,Payroll,2024-12-07,1462.96,Active
504,305,9,Savings,2023-04-18,454.94,Active
505,305,9,Payroll,2023-04-25,321.88,Dormant
506,306,3,Savings,2024-09-25,1184.62,Dormant
507,306,3,Payroll,2024-09-07,1781.3,Active
508,307,13,Savings,2025-02-19,2034.1,Active
509,307,13,Business,2025-02-23,5402.96,Active
510,308,11,Savings,2025-11-16,3250.74,Active
511,308,11,Fixed Deposit,2025-11-22,10857.89,Active
512,309,1,Savings,2024-06-29,946.05,Active
513,310,11,Savings,2024-10-10,588.65,Active
514,310,11,Fixed Deposit,2024-10-06,4341.31,Dormant
515,310,11,Payroll,2024-10-21,546.2,Active
516,311,13,Savings,2023-06-22,3428.01,Dormant
517,311,13,Business,2023-06-15,10503.53,Active
518,312,18,Savings,2025-04-22,1260.84,Active
519,313,10,Savings,2025-07-10,693.8,Closed
520,314,1,Savings,2025-07-01,361.35,Dormant
521,314,1,Fixed Deposit,2025-07-15,2191.37,Active
522,315,3,Savings,2025-12-23,1309.12,Closed
523,315,3,Fixed Deposit,2026-01-04,8003.52,Active
524,315,3,Payroll,2025-12-23,1010.51,Active
525,316,6,Savings,2023-08-07,764.85,Active
526,316,6,Fixed Deposit,2023-08-09,5166.41,Active
527,317,18,Savings,2023-12-16,3118.42,Active
528,317,18,Business,2023-12-07,11027.7,Active
529,318,5,Savings,2025-07-22,2269.53,Active
530,318,5,Payroll,2025-08-14,633.84,Active
531,319,10,Savings,2023-12-30,2294.97,Active
532,320,17,Savings,2024-11-25,199.62,Active
533,321,16,Payroll,2025-04-30,975.87,Active
534,322,3,Savings,2024-07-25,323.06,Dormant
535,322,3,Fixed Deposit,2024-07-17,2398.42,Active
536,322,3,Payroll,2024-07-10,321.55,Active
537,323,6,Savings,2025-10-05,1676.81,Active
538,323,6,Payroll,2025-09-18,602.0,Active
539,324,4,Savings,2024-06-13,3785.33,Active
540,324,4,Business,2024-06-25,10990.47,Active
541,325,6,Savings,2024-10-11,2925.57,Active
542,325,6,Business,2024-10-24,17403.45,Active
543,326,3,Payroll,2025-04-01,300.03,Active
544,327,1,Savings,2025-12-04,577.01,Active
545,328,18,Savings,2024-05-09,490.14,Active
546,329,1,Savings,2025-03-18,418.84,Active
547,330,3,Savings,2025-12-06,3731.41,Active
548,330,3,Payroll,2025-12-09,1252.39,Active
549,331,2,Savings,2025-05-31,797.61,Active
550,332,11,Savings,2023-12-24,2855.79,Active
551,333,5,Savings,2024-12-19,408.92,Active
552,334,15,Savings,2025-06-10,399.62,Dormant
553,335,12,Savings,2025-06-22,1576.5,Active
554,336,15,Savings,2025-04-29,2442.32,Active
555,336,15,Business,2025-04-24,12561.06,Active
556,337,4,Savings,2025-10-27,1314.46,Active
557,337,4,Payroll,2025-10-20,1001.17,Active
558,338,12,Savings,2023-09-28,1302.08,Dormant
559,338,12,Fixed Deposit,2023-10-22,8675.74,Dormant
560,338,12,Payroll,2023-09-28,652.71,Active
561,339,15,Savings,2024-07-18,1541.08,Active
562,339,15,Payroll,2024-07-14,302.36,Active
563,340,8,Savings,2023-03-24,669.25,Dormant
564,341,13,Savings,2025-02-02,1850.08,Active
565,341,13,Business,2025-02-07,7043.83,Active
566,342,4,Savings,2024-11-29,697.87,Active
567,342,4,Payroll,2024-12-08,594.49,Active
568,343,4,Savings,2024-04-18,522.65,Active
569,345,9,Savings,2025-10-21,603.78,Active
570,346,18,Savings,2025-10-13,271.12,Active
571,346,18,Fixed Deposit,2025-11-02,2803.59,Active
572,347,1,Savings,2023-11-17,3704.4,Active
573,348,4,Savings,2025-11-04,530.58,Active
574,349,3,Savings,2025-12-30,563.78,Active
575,350,5,Savings,2025-02-21,1567.24,Active
576,350,5,Business,2025-02-21,5578.68,Active
577,352,17,Savings,2024-11-14,1266.49,Active
578,352,17,Payroll,2024-11-17,512.42,Active
579,353,18,Savings,2025-07-23,715.78,Active
580,353,18,Payroll,2025-08-06,435.55,Active
581,354,15,Savings,2023-06-14,7007.95,Active
582,354,15,Business,2023-06-22,11299.34,Active
583,355,6,Savings,2024-12-27,698.45,Dormant
584,355,6,Payroll,2025-01-16,227.49,Active
585,356,7,Savings,2025-09-20,2453.04,Active
586,356,7,Fixed Deposit,2025-09-19,6753.14,Active
587,356,7,Payroll,2025-09-15,1097.64,Active
588,357,9,Savings,2025-11-13,4579.89,Active
589,357,9,Business,2025-11-22,6923.26,Active
590,358,13,Savings,2023-11-16,407.99,Active
591,358,13,Fixed Deposit,2023-12-14,3517.6,Active
592,359,6,Savings,2023-07-28,151.61,Active
593,360,18,Savings,2024-10-17,123.78,Active
594,361,6,Savings,2025-08-09,1030.67,Closed
595,362,13,Savings,2024-07-08,270.58,Active
596,363,2,Savings,2025-01-28,757.97,Active
597,363,2,Payroll,2025-01-13,329.56,Active
598,364,15,Savings,2024-10-04,514.99,Active
599,365,3,Savings,2024-04-11,2169.79,Active
600,366,5,Savings,2023-08-07,646.98,Active
601,366,5,Payroll,2023-07-20,1097.75,Active
602,367,7,Savings,2025-05-30,1175.61,Active
603,367,7,Business,2025-05-24,11695.53,Closed
604,368,8,Savings,2024-06-11,936.34,Active
605,368,8,Payroll,2024-06-17,1204.96,Dormant
606,369,1,Savings,2024-11-19,1126.88,Active
607,369,1,Fixed Deposit,2024-11-22,11476.21,Active
608,370,2,Savings,2025-07-29,667.82,Active
609,370,2,Payroll,2025-07-31,372.25,Active
610,371,5,Savings,2023-08-16,397.4,Active
611,372,2,Savings,2024-10-01,5722.87,Active
612,372,2,Business,2024-10-24,19928.43,Active
613,373,3,Savings,2025-03-02,317.64,Active
614,373,3,Payroll,2025-02-21,283.16,Active
615,374,5,Savings,2025-12-31,1439.67,Active
616,374,5,Business,2026-01-19,10502.36,Active
617,375,6,Savings,2025-01-19,134.62,Active
618,376,11,Savings,2025-04-21,1014.36,Active
619,377,3,Savings,2025-11-16,755.39,Active
620,378,3,Savings,2025-10-08,500.81,Active
621,378,3,Fixed Deposit,2025-10-05,7206.32,Active
622,378,3,Payroll,2025-10-27,578.46,Active
623,379,10,Savings,2023-07-31,201.51,Active
624,380,15,Savings,2025-04-11,62.2,Active
625,381,5,Savings,2025-02-09,1096.27,Active
626,381,5,Fixed Deposit,2025-02-10,3758.99,Active
627,382,5,Savings,2023-06-11,2005.41,Active
628,384,14,Savings,2024-12-19,2230.68,Dormant
629,385,15,Savings,2025-03-28,2257.75,Active
630,385,15,Fixed Deposit,2025-03-15,8103.17,Dormant
631,386,10,Savings,2024-01-08,2751.15,Dormant
632,386,10,Payroll,2023-12-14,928.93,Active
633,387,4,Savings,2023-10-20,1555.35,Active
634,387,4,Fixed Deposit,2023-10-15,7246.42,Active
635,387,4,Payroll,2023-10-23,1528.73,Active
636,388,3,Savings,2024-09-17,2083.88,Active
637,389,6,Savings,2024-03-22,2091.56,Active
638,389,6,Business,2024-03-18,2145.54,Closed
639,390,4,Savings,2025-04-04,440.99,Active
640,391,12,Savings,2023-11-11,523.62,Active
641,391,12,Fixed Deposit,2023-10-22,2096.99,Closed
642,392,14,Savings,2024-04-27,128.01,Active
643,393,8,Savings,2024-01-16,848.85,Active
644,393,8,Payroll,2024-02-01,155.02,Active
645,394,18,Savings,2024-07-12,390.99,Active
646,395,7,Savings,2025-10-11,136.97,Active
647,396,2,Savings,2025-05-18,947.36,Closed
648,396,2,Fixed Deposit,2025-04-29,3553.77,Active
649,397,4,Savings,2025-03-22,3693.88,Active
650,397,4,Fixed Deposit,2025-04-06,18677.96,Active
651,398,18,Savings,2026-01-19,813.45,Active
652,399,1,Savings,2024-10-15,1550.16,Active
653,400,10,Savings,2025-01-06,506.95,Dormant
654,400,10,Fixed Deposit,2024-12-14,2726.83,Dormant
655,401,13,Payroll,2023-04-18,1271.55,Active
656,402,7,Savings,2025-07-31,2638.49,Active
657,402,7,Payroll,2025-07-26,1710.08,Active
658,403,11,Savings,2023-08-11,680.75,Active
659,404,13,Savings,2025-11-30,1155.76,Dormant
660,405,6,Fixed Deposit,2024-11-28,8275.42,Active
661,405,6,Payroll,2024-11-24,612.39,Active
662,406,15,Savings,2025-07-31,310.49,Active
663,407,18,Savings,2024-10-19,1862.98,Active
664,407,18,Fixed Deposit,2024-10-14,12336.71,Active
665,407,18,Business,2024-10-23,7822.99,Active
666,408,13,Savings,2023-08-22,915.91,Active
667,409,10,Savings,2024-12-07,3013.0,Closed
668,410,1,Savings,2025-05-25,1954.37,Dormant
669,410,1,Business,2025-05-21,4557.55,Active
670,411,1,Savings,2024-07-20,2303.69,Active
671,412,18,Savings,2024-05-22,1810.95,Active
672,412,18,Payroll,2024-05-06,840.14,Active
673,413,9,Savings,2024-02-06,564.82,Active
674,414,5,Savings,2025-12-26,1462.56,Active
675,414,5,Payroll,2025-12-13,848.62,Active
676,415,14,Savings,2025-06-19,3209.58,Active
677,416,4,Savings,2025-09-12,1932.82,Active
678,417,1,Savings,2025-02-25,3185.64,Active
679,418,4,Savings,2025-11-29,660.23,Active
680,418,4,Payroll,2025-11-25,625.56,Active
681,419,11,Savings,2024-09-09,2602.62,Active
682,419,11,Fixed Deposit,2024-09-11,3780.02,Active
683,419,11,Payroll,2024-09-02,1324.3,Active
684,420,11,Savings,2025-04-22,216.75,Active
685,421,9,Savings,2023-08-19,1413.83,Active
686,421,9,Fixed Deposit,2023-08-11,3931.93,Dormant
687,422,14,Savings,2025-07-20,764.9,Active
688,422,14,Fixed Deposit,2025-07-08,2893.41,Active
689,423,18,Savings,2025-07-09,2907.36,Active
690,423,18,Payroll,2025-07-23,1897.22,Active
691,424,8,Savings,2023-12-08,347.24,Active
692,424,8,Fixed Deposit,2023-12-09,1806.04,Active
693,425,7,Savings,2025-05-16,929.37,Active
694,426,4,Savings,2025-09-19,2151.14,Active
695,427,7,Savings,2024-01-30,411.38,Dormant
696,427,7,Payroll,2024-01-21,809.98,Closed
697,428,8,Savings,2025-11-09,6291.29,Active
698,428,8,Business,2025-11-24,16636.26,Active
699,429,2,Savings,2023-12-17,253.4,Active
700,430,5,Savings,2023-11-12,336.47,Active
701,431,1,Savings,2025-10-30,1195.51,Active
702,432,5,Savings,2025-12-02,1780.49,Closed
703,433,7,Savings,2025-03-09,801.65,Active
704,434,18,Savings,2023-05-13,511.99,Active
705,434,18,Fixed Deposit,2023-05-02,4670.38,Active
706,435,5,Savings,2023-04-11,293.98,Active
707,435,5,Payroll,2023-04-16,169.85,Active
708,436,13,Savings,2024-11-09,3852.61,Active
709,436,13,Business,2024-11-28,4704.86,Dormant
710,438,4,Savings,2025-01-25,1463.26,Active
711,438,4,Payroll,2025-01-30,1341.76,Active
712,439,3,Savings,2024-10-11,1134.23,Active
713,440,11,Savings,2023-12-16,711.37,Active
714,440,11,Payroll,2023-12-11,863.34,Active
715,441,9,Savings,2023-11-06,357.99,Active
716,441,9,Payroll,2023-10-17,504.76,Active
717,442,8,Savings,2025-08-05,3378.98,Active
718,443,3,Savings,2025-03-09,4139.05,Active
719,443,3,Business,2025-03-02,13384.96,Active
720,444,1,Savings,2024-07-21,820.84,Dormant
721,444,1,Fixed Deposit,2024-08-10,3088.28,Active
722,445,4,Savings,2024-06-09,303.86,Active
723,446,3,Savings,2025-09-27,1093.56,Active
724,446,3,Payroll,2025-10-05,356.14,Active
725,447,5,Savings,2025-11-11,357.46,Active
726,448,8,Savings,2025-06-15,345.6,Active
727,449,16,Payroll,2024-12-28,882.66,Closed
728,450,1,Savings,2025-12-26,1265.41,Active
729,451,2,Savings,2024-04-08,644.82,Closed
730,452,5,Savings,2025-04-23,5152.13,Active
731,453,14,Savings,2024-05-06,761.96,Active
732,453,14,Payroll,2024-05-09,571.7,Active
733,454,2,Savings,2025-12-18,5817.26,Closed
734,454,2,Fixed Deposit,2025-11-22,11391.56,Active
735,454,2,Business,2025-11-26,19130.12,Active
736,455,3,Savings,2024-03-20,1254.4,Active
737,455,3,Fixed Deposit,2024-03-30,6116.06,Active
738,456,4,Savings,2023-03-28,1660.97,Active
739,456,4,Fixed Deposit,2023-03-31,15132.16,Active
740,457,8,Savings,2024-10-10,1437.29,Active
741,458,8,Payroll,2023-07-14,971.92,Dormant
742,459,9,Savings,2024-05-02,589.34,Active
743,459,9,Payroll,2024-04-18,621.45,Active
744,460,15,Fixed Deposit,2023-12-09,4937.88,Active
745,460,15,Payroll,2023-12-12,464.45,Active
746,461,5,Savings,2025-05-29,892.41,Active
747,461,5,Fixed Deposit,2025-05-28,4028.51,Active
748,462,14,Savings,2025-06-29,4262.42,Active
749,462,14,Business,2025-06-26,5238.7,Active
750,463,9,Savings,2025-12-27,599.8,Active
751,463,9,Payroll,2026-01-16,603.7,Active
752,464,11,Savings,2023-12-21,496.91,Active
753,464,11,Payroll,2023-12-18,450.59,Active
754,465,1,Payroll,2024-03-01,797.53,Active
755,466,14,Savings,2024-09-23,813.66,Active
756,466,14,Payroll,2024-10-08,662.99,Active
757,467,6,Savings,2024-09-11,2408.45,Active
758,467,6,Fixed Deposit,2024-09-29,9393.26,Dormant
759,467,6,Business,2024-09-20,3882.65,Active
760,468,7,Savings,2025-09-06,3572.1,Active
761,468,7,Business,2025-09-08,18812.9,Active
762,469,3,Savings,2025-09-16,1082.56,Active
763,469,3,Payroll,2025-09-19,649.76,Active
764,470,2,Savings,2023-05-27,204.48,Active
765,471,6,Savings,2025-03-09,750.27,Active
766,472,15,Business,2023-11-05,15687.59,Active
767,473,17,Savings,2025-08-25,1977.97,Active
768,474,16,Savings,2025-12-25,1084.95,Active
769,474,16,Fixed Deposit,2026-01-06,4449.45,Active
770,475,3,Savings,2023-01-22,1624.21,Active
771,475,3,Payroll,2023-02-03,738.98,Active
772,476,15,Savings,2025-01-05,682.61,Active
773,477,1,Savings,2023-08-10,776.4,Active
774,477,1,Payroll,2023-09-07,417.14,Active
775,478,7,Savings,2025-10-02,2282.12,Active
776,478,7,Fixed Deposit,2025-10-17,6727.98,Active
777,479,2,Savings,2024-12-30,1281.29,Closed
778,480,10,Savings,2024-10-08,567.12,Active
779,480,10,Fixed Deposit,2024-09-14,9263.07,Active
780,482,6,Savings,2025-09-20,581.28,Active
781,483,9,Savings,2024-06-08,585.98,Active
782,484,1,Savings,2024-10-09,741.85,Active
783,484,1,Payroll,2024-10-03,351.1,Active
784,485,4,Savings,2024-06-08,152.46,Active
785,486,7,Savings,2025-11-07,319.04,Active
786,486,7,Fixed Deposit,2025-11-11,2987.45,Dormant
787,486,7,Payroll,2025-11-13,194.29,Active
788,487,6,Savings,2025-08-05,8762.38,Active
789,487,6,Fixed Deposit,2025-07-11,23300.83,Active
790,487,6,Business,2025-08-02,36354.85,Active
791,488,13,Savings,2023-06-07,2397.08,Active
792,488,13,Payroll,2023-06-14,513.55,Active
793,489,14,Savings,2023-06-21,466.77,Active
794,490,11,Savings,2025-08-31,315.61,Dormant
795,490,11,Payroll,2025-09-21,719.56,Active
796,491,7,Savings,2024-12-24,1885.82,Active
797,491,7,Fixed Deposit,2024-11-26,3475.59,Active
798,492,10,Savings,2024-02-06,1456.95,Closed
799,492,10,Payroll,2024-02-04,553.29,Active
800,493,10,Savings,2026-01-05,5510.26,Active
801,493,10,Business,2025-12-10,5126.09,Active
802,494,17,Savings,2024-08-03,1277.78,Active
803,494,17,Fixed Deposit,2024-08-20,11882.18,Active
804,494,17,Business,2024-08-02,7599.63,Active
805,495,6,Savings,2025-06-27,2024.36,Active
806,496,1,Savings,2025-11-01,1433.22,Dormant
807,497,12,Savings,2025-09-13,618.97,Active
808,498,4,Savings,2025-05-25,1038.74,Active
809,498,4,Fixed Deposit,2025-06-19,2597.56,Active
810,498,4,Payroll,2025-06-16,348.37,Active
811,499,6,Savings,2024-10-27,1124.52,Active
812,500,5,Savings,2025-10-17,2550.39,Active
813,500,5,Payroll,2025-09-29,711.9,Active
814,501,7,Savings,2023-04-26,507.51,Active
815,502,18,Fixed Deposit,2023-03-14,3385.87,Dormant
816,503,7,Savings,2025-12-28,1912.9,Active
817,503,7,Fixed Deposit,2026-01-13,4177.23,Active
818,504,1,Savings,2023-09-20,1172.88,Active
819,504,1,Payroll,2023-10-02,215.2,Active
820,505,1,Savings,2024-02-24,540.91,Active
821,506,17,Savings,2023-03-21,2044.58,Active
822,506,17,Payroll,2023-03-23,664.47,Active
823,507,15,Savings,2026-01-09,191.56,Dormant
824,507,15,Payroll,2026-01-28,257.16,Active
825,508,10,Savings,2025-11-13,2434.72,Active
826,508,10,Business,2025-11-21,10426.31,Active
827,509,5,Savings,2023-09-01,351.58,Active
828,509,5,Payroll,2023-08-31,331.51,Active
829,510,10,Savings,2025-03-23,4691.56,Active
830,510,10,Business,2025-03-19,19838.19,Active
831,511,18,Savings,2025-02-09,703.81,Dormant
832,511,18,Business,2025-01-28,12424.52,Active
833,512,13,Savings,2025-05-07,600.34,Active
834,512,13,Fixed Deposit,2025-04-10,12140.39,Dormant
835,512,13,Payroll,2025-05-03,843.29,Active
836,513,2,Savings,2023-06-15,2320.67,Active
837,513,2,Business,2023-06-26,23565.92,Active
838,514,2,Savings,2023-07-28,2401.69,Active
839,514,2,Payroll,2023-08-01,1325.23,Active
840,515,2,Savings,2025-03-19,1364.6,Active
841,515,2,Business,2025-03-30,5349.84,Active
842,516,18,Savings,2025-07-21,2084.95,Active
843,516,18,Fixed Deposit,2025-07-15,7384.24,Active
844,516,18,Payroll,2025-07-09,1039.73,Active
845,517,18,Savings,2025-12-11,1176.93,Active
846,517,18,Business,2025-11-28,12788.34,Active
847,518,18,Savings,2024-03-16,453.31,Active
848,518,18,Payroll,2024-03-31,285.14,Active
849,519,17,Savings,2024-10-21,920.01,Active
850,519,17,Payroll,2024-10-31,1488.44,Active
851,520,12,Savings,2024-10-24,189.18,Dormant
852,521,9,Fixed Deposit,2025-11-16,4963.03,Dormant
853,521,9,Payroll,2025-11-19,544.85,Active
854,522,16,Savings,2024-11-22,559.43,Active
855,522,16,Payroll,2024-11-28,516.0,Active
856,523,6,Savings,2024-10-31,260.77,Active
857,523,6,Fixed Deposit,2024-10-12,817.46,Active
858,524,6,Savings,2025-03-31,2535.49,Dormant
859,525,2,Savings,2024-02-17,1329.07,Active
860,525,2,Payroll,2024-02-13,761.45,Active
861,526,7,Savings,2024-10-26,2770.64,Active
862,526,7,Fixed Deposit,2024-10-14,14396.71,Active
863,526,7,Business,2024-10-15,7055.95,Active
864,527,9,Savings,2024-06-28,677.35,Dormant
865,528,6,Savings,2024-01-03,322.24,Active
866,528,6,Fixed Deposit,2024-01-15,876.73,Active
867,529,1,Savings,2025-06-22,1646.66,Active
868,529,1,Fixed Deposit,2025-06-09,2782.67,Active
869,530,4,Savings,2024-12-02,3587.05,Active
870,530,4,Payroll,2024-12-23,1588.86,Active
871,531,9,Savings,2025-02-10,1098.02,Dormant
872,532,18,Savings,2025-10-01,3868.08,Active
873,532,18,Business,2025-09-12,12496.12,Active
874,533,1,Savings,2025-07-02,499.56,Active
875,534,4,Savings,2024-02-14,465.47,Active
876,534,4,Payroll,2024-02-12,328.34,Dormant
877,535,16,Savings,2023-04-29,1030.18,Active
878,535,16,Payroll,2023-05-07,770.04,Active
879,536,4,Savings,2025-07-07,289.44,Active
880,536,4,Payroll,2025-07-21,384.17,Active
881,537,10,Savings,2025-03-07,1216.41,Active
882,537,10,Payroll,2025-03-15,718.5,Active
883,538,16,Savings,2024-09-15,2229.35,Active
884,538,16,Business,2024-09-04,8949.85,Active
885,539,8,Savings,2024-09-22,1556.05,Closed
886,540,2,Savings,2025-05-30,867.97,Active
887,540,2,Payroll,2025-05-26,437.88,Active
888,541,4,Savings,2024-09-18,761.18,Active
889,541,4,Payroll,2024-09-23,701.05,Active
890,542,8,Savings,2024-11-15,263.02,Active
891,542,8,Fixed Deposit,2024-11-30,4936.44,Active
892,542,8,Payroll,2024-12-02,318.04,Active
893,543,3,Savings,2024-03-16,2663.52,Active
894,543,3,Payroll,2024-03-10,961.6,Closed
895,544,5,Savings,2026-01-05,2973.6,Active
896,544,5,Payroll,2026-01-24,886.16,Active
897,545,2,Savings,2025-04-11,272.17,Active
898,546,5,Savings,2025-07-12,2396.47,Dormant
899,546,5,Fixed Deposit,2025-06-23,14039.36,Active
900,546,5,Business,2025-07-14,11844.06,Active
901,547,2,Savings,2024-12-25,275.87,Active
902,547,2,Payroll,2024-11-29,193.04,Active
903,548,18,Savings,2024-02-05,1002.16,Active
904,548,18,Business,2024-02-06,11393.86,Dormant
905,549,4,Savings,2025-11-18,901.43,Active
906,550,5,Savings,2023-09-08,2996.56,Active
907,550,5,Business,2023-09-04,11917.7,Dormant
908,551,13,Savings,2024-04-06,3769.61,Active
909,551,13,Fixed Deposit,2024-04-13,9837.08,Active
910,552,3,Savings,2025-07-05,122.8,Active
911,552,3,Payroll,2025-07-19,174.75,Active
912,553,7,Savings,2025-05-02,907.18,Dormant
913,554,5,Savings,2024-03-25,1025.43,Active
914,554,5,Payroll,2024-03-29,1062.07,Active
915,555,7,Savings,2025-08-19,910.16,Active
916,556,18,Savings,2024-09-23,4306.9,Active
917,556,18,Business,2024-09-16,15432.89,Active
918,557,2,Savings,2024-11-08,1354.04,Active
919,558,6,Savings,2024-05-23,1482.99,Active
920,558,6,Fixed Deposit,2024-06-08,8354.15,Active
921,558,6,Payroll,2024-06-04,686.62,Active
922,559,10,Savings,2023-10-19,5845.74,Active
923,559,10,Fixed Deposit,2023-10-24,10659.3,Active
924,559,10,Business,2023-10-05,7215.13,Active
925,560,4,Savings,2024-02-07,1230.8,Dormant
926,560,4,Business,2024-01-23,4681.08,Active
927,561,4,Savings,2024-11-27,1999.28,Active
928,561,4,Business,2024-11-20,6025.5,Active
929,562,18,Savings,2024-05-25,400.48,Active
930,562,18,Fixed Deposit,2024-05-28,1067.88,Active
931,563,15,Savings,2024-06-20,1330.76,Active
932,563,15,Payroll,2024-06-03,657.02,Dormant
933,564,15,Savings,2023-11-18,358.37,Active
934,564,15,Fixed Deposit,2023-11-19,4729.74,Active
935,564,15,Payroll,2023-11-16,328.43,Active
936,565,5,Savings,2025-10-10,2055.46,Active
937,566,4,Savings,2025-06-09,743.05,Active
938,566,4,Business,2025-05-31,6281.35,Active
939,567,7,Savings,2024-03-15,4768.75,Active
940,568,18,Savings,2024-08-11,4412.74,Dormant
941,568,18,Business,2024-08-05,15519.51,Active
942,569,7,Savings,2023-07-16,1725.06,Closed
943,569,7,Fixed Deposit,2023-07-18,6775.08,Dormant
944,570,10,Savings,2024-07-26,1646.76,Active
945,570,10,Payroll,2024-07-19,1095.48,Active
946,571,2,Savings,2023-10-25,1126.17,Active
947,571,2,Payroll,2023-10-06,868.8,Dormant
948,572,7,Savings,2024-04-09,404.46,Active
949,572,7,Payroll,2024-03-22,389.88,Active
950,573,15,Savings,2023-03-29,473.25,Dormant
951,573,15,Fixed Deposit,2023-03-10,2352.55,Active
952,574,18,Savings,2024-11-20,516.83,Active
953,575,16,Savings,2024-05-17,1114.52,Dormant
954,575,16,Payroll,2024-05-31,707.27,Active
955,576,8,Savings,2024-07-05,252.3,Active
956,577,5,Fixed Deposit,2025-12-12,4524.19,Dormant
957,577,5,Payroll,2025-12-02,613.76,Closed
958,578,7,Savings,2025-03-06,604.87,Active
959,579,17,Savings,2024-05-30,159.79,Active
960,580,3,Savings,2024-11-17,1130.2,Active
961,581,16,Savings,2024-06-22,1122.28,Active
962,581,16,Fixed Deposit,2024-06-18,3512.09,Active
963,581,16,Business,2024-07-12,10471.77,Active
964,582,18,Savings,2025-07-01,374.95,Active
965,583,10,Savings,2023-09-10,752.42,Active
966,583,10,Fixed Deposit,2023-09-01,4676.95,Active
967,584,12,Savings,2024-09-27,704.17,Active
968,584,12,Business,2024-10-10,5634.65,Dormant
969,585,11,Savings,2025-03-22,2515.53,Active
970,585,11,Payroll,2025-03-17,1151.99,Active
971,586,18,Savings,2023-09-14,880.52,Active
972,586,18,Payroll,2023-09-15,808.09,Closed
973,587,11,Savings,2025-01-24,2509.84,Active
974,587,11,Fixed Deposit,2025-02-04,7557.55,Active
975,587,11,Payroll,2025-02-08,1223.93,Active
976,588,5,Savings,2024-03-25,670.83,Active
977,589,18,Savings,2024-09-04,438.37,Active
978,590,16,Savings,2025-07-01,3711.41,Active
979,590,16,Business,2025-06-21,7054.47,Active
980,591,1,Savings,2023-06-01,1413.76,Active
981,591,1,Payroll,2023-05-25,245.24,Active
982,592,4,Savings,2025-11-22,1014.01,Active
983,593,6,Savings,2024-07-28,352.18,Closed
984,594,6,Savings,2024-10-23,1115.42,Active
985,594,6,Business,2024-10-15,9219.16,Active
986,595,1,Savings,2025-12-17,870.41,Active
987,596,4,Savings,2025-03-23,2167.1,Active
988,596,4,Payroll,2025-03-14,1002.58,Active
989,597,11,Savings,2024-06-08,356.93,Active
990,598,7,Savings,2024-12-23,3257.05,Active
991,599,4,Savings,2024-06-10,2442.68,Active
992,599,4,Payroll,2024-06-14,1792.98,Active
993,600,8,Savings,2025-06-04,964.74,Active
994,601,4,Savings,2024-11-15,232.77,Dormant
995,602,15,Savings,2025-04-12,528.21,Active
996,602,15,Fixed Deposit,2025-04-20,5446.45,Active
997,602,15,Payroll,2025-04-29,512.98,Active
998,603,5,Savings,2024-07-29,277.77,Active
999,604,16,Savings,2025-10-04,833.15,Active
1000,604,16,Fixed Deposit,2025-10-01,7817.0,Dormant
1001,605,3,Savings,2023-07-12,1787.42,Closed
1002,605,3,Payroll,2023-07-11,807.45,Active
1003,606,3,Savings,2025-04-27,1823.43,Active
1004,606,3,Fixed Deposit,2025-05-14,11516.22,Active
1005,606,3,Business,2025-04-25,14824.21,Active
1006,607,14,Savings,2025-04-08,306.88,Active
1007,607,14,Fixed Deposit,2025-05-02,1315.56,Active
1008,608,7,Savings,2025-11-03,73.71,Active
1009,609,7,Savings,2023-04-27,383.51,Active
1010,610,16,Savings,2023-04-25,1474.59,Closed
1011,611,10,Savings,2025-12-26,1992.04,Active
1012,611,10,Fixed Deposit,2025-12-06,5870.05,Active
1013,611,10,Business,2025-12-08,11762.31,Active
1014,612,3,Savings,2023-11-10,416.26,Active
1015,613,2,Savings,2025-12-26,1133.22,Active
1016,613,2,Payroll,2026-01-08,864.69,Dormant
1017,614,8,Savings,2023-03-22,2011.8,Active
1018,614,8,Payroll,2023-03-26,1313.41,Active
1019,615,2,Savings,2023-04-10,4196.23,Active
1020,615,2,Business,2023-04-07,11120.26,Active
1021,616,18,Savings,2024-06-24,1296.54,Active
1022,616,18,Payroll,2024-06-27,834.11,Active
1023,617,6,Savings,2025-01-10,1144.19,Active
1024,618,5,Savings,2024-03-08,911.47,Active
1025,618,5,Fixed Deposit,2024-03-17,1745.93,Active
1026,619,8,Savings,2025-12-06,4409.53,Active
1027,619,8,Business,2025-12-19,13497.46,Active
1028,621,5,Savings,2024-04-10,268.22,Closed
1029,622,7,Savings,2025-09-05,307.37,Active
1030,623,3,Savings,2025-10-04,977.89,Dormant
1031,623,3,Payroll,2025-10-09,501.22,Active
1032,624,14,Savings,2026-01-01,334.45,Active
1033,625,3,Savings,2024-06-09,534.36,Active
1034,625,3,Payroll,2024-06-13,464.52,Active
1035,626,12,Savings,2024-09-26,2715.84,Active
1036,626,12,Payroll,2024-09-28,655.86,Active
1037,627,12,Savings,2025-06-08,602.35,Active
1038,627,12,Payroll,2025-06-16,699.4,Active
1039,628,11,Savings,2025-09-22,1288.14,Active
1040,628,11,Payroll,2025-09-18,844.45,Active
1041,629,7,Savings,2025-12-20,2840.23,Active
1042,630,5,Savings,2025-11-10,1125.07,Active
1043,630,5,Payroll,2025-11-14,877.28,Active
1044,631,10,Savings,2024-10-17,1617.51,Active
1045,632,4,Savings,2023-07-14,418.93,Active
1046,633,16,Savings,2025-07-17,1133.72,Dormant
1047,634,5,Savings,2023-09-23,1122.17,Active
1048,635,8,Savings,2025-08-20,919.76,Active
1049,636,1,Savings,2025-05-10,684.33,Active
1050,636,1,Payroll,2025-05-29,409.33,Active
1051,637,18,Savings,2024-04-19,3707.19,Active
1052,637,18,Business,2024-04-18,10496.36,Active
1053,638,5,Savings,2024-01-20,305.45,Dormant
1054,638,5,Fixed Deposit,2024-01-16,4179.8,Active
1055,638,5,Payroll,2024-01-17,805.37,Active
1056,639,1,Savings,2024-04-28,384.02,Active
1057,639,1,Payroll,2024-05-02,328.36,Closed
1058,640,2,Savings,2023-04-11,1510.1,Active
1059,640,2,Payroll,2023-04-05,750.64,Active
1060,641,4,Savings,2023-10-22,1025.25,Active
1061,642,13,Savings,2023-08-01,949.6,Active
1062,642,13,Payroll,2023-08-14,214.89,Active
1063,643,18,Savings,2025-12-29,1462.25,Active
1064,643,18,Payroll,2026-01-08,792.3,Active
1065,644,9,Savings,2023-04-07,1624.91,Active
1066,644,9,Business,2023-03-23,14865.53,Active
1067,645,3,Savings,2024-02-08,164.13,Active
1068,645,3,Fixed Deposit,2024-02-06,2332.1,Active
1069,645,3,Payroll,2024-02-09,267.89,Active
1070,646,4,Savings,2025-03-25,338.45,Closed
1071,646,4,Payroll,2025-03-31,416.6,Active
1072,647,2,Savings,2024-12-16,3840.12,Active
1073,647,2,Fixed Deposit,2025-01-14,7591.86,Closed
1074,647,2,Business,2025-01-02,11252.5,Active
1075,648,11,Savings,2023-07-26,611.84,Dormant
1076,649,18,Savings,2025-11-14,4032.61,Active
1077,649,18,Business,2025-11-25,6738.83,Active
1078,650,10,Savings,2025-06-28,703.31,Active
1079,650,10,Payroll,2025-06-10,732.68,Active
1080,651,8,Savings,2024-08-15,96.66,Active
1081,653,5,Savings,2024-08-04,2776.31,Active
1082,653,5,Payroll,2024-08-16,1033.07,Active
1083,654,7,Savings,2024-03-23,2277.99,Closed
1084,655,7,Savings,2023-08-03,766.18,Active
1085,656,2,Savings,2025-07-07,505.62,Active
1086,656,2,Fixed Deposit,2025-07-04,2563.05,Active
1087,657,2,Savings,2024-09-26,904.05,Dormant
1088,657,2,Fixed Deposit,2024-10-22,12127.74,Active
1089,657,2,Business,2024-10-03,2638.36,Active
1090,658,17,Savings,2024-04-26,1687.29,Active
1091,659,4,Savings,2025-04-11,786.63,Active
1092,660,12,Savings,2025-09-03,53.37,Active
1093,661,9,Savings,2024-04-16,2054.94,Active
1094,662,4,Savings,2025-02-11,1581.95,Active
1095,663,6,Savings,2025-06-09,1049.33,Active
1096,664,8,Savings,2025-08-07,1111.35,Active
1097,664,8,Fixed Deposit,2025-08-06,1916.68,Active
1098,665,5,Savings,2025-07-21,523.46,Dormant
1099,665,5,Payroll,2025-07-31,929.95,Active
1100,666,17,Savings,2025-10-01,221.01,Active
1101,667,1,Savings,2025-07-12,281.58,Active
1102,668,10,Savings,2025-04-12,1562.22,Dormant
1103,669,16,Savings,2025-09-08,410.58,Active
1104,669,16,Payroll,2025-09-20,236.74,Dormant
1105,670,10,Savings,2026-01-01,1867.49,Active
1106,670,10,Business,2026-01-04,9208.38,Active
1107,671,4,Payroll,2025-08-17,918.27,Active
1108,672,7,Savings,2025-01-29,2990.87,Active
1109,672,7,Business,2025-02-13,8299.12,Active
1110,673,18,Savings,2024-07-27,7531.42,Active
1111,673,18,Business,2024-07-18,15863.6,Active
1112,674,15,Savings,2024-08-12,1828.65,Active
1113,674,15,Business,2024-08-22,11747.56,Active
1114,675,4,Savings,2025-07-26,2288.03,Active
1115,675,4,Fixed Deposit,2025-08-02,7220.89,Active
1116,675,4,Business,2025-08-12,13045.43,Active
1117,676,2,Savings,2023-03-20,1947.89,Dormant
1118,677,17,Savings,2024-04-21,834.47,Active
1119,678,14,Savings,2024-03-12,4911.86,Active
1120,678,14,Fixed Deposit,2024-02-29,6084.45,Active
1121,678,14,Business,2024-03-12,13918.65,Active
1122,679,7,Savings,2025-12-24,958.0,Active
1123,679,7,Fixed Deposit,2025-12-23,2162.2,Active
1124,680,3,Savings,2025-03-30,894.09,Active
1125,680,3,Payroll,2025-04-16,255.32,Active
1126,681,17,Savings,2024-01-20,334.11,Active
1127,682,5,Savings,2025-11-08,1382.09,Active
1128,683,14,Savings,2025-02-14,139.85,Active
1129,683,14,Payroll,2025-03-10,261.08,Active
1130,684,5,Savings,2024-04-15,1131.87,Active
1131,685,4,Savings,2025-09-08,369.44,Closed
1132,685,4,Fixed Deposit,2025-08-31,1222.69,Active
1133,686,16,Savings,2024-04-26,1227.1,Dormant
1134,686,16,Fixed Deposit,2024-04-26,9953.89,Active
1135,686,16,Business,2024-03-30,7090.34,Active
1136,687,10,Savings,2025-08-30,2938.42,Active
1137,688,1,Savings,2024-09-24,1221.14,Active
1138,688,1,Fixed Deposit,2024-10-08,5691.67,Active
1139,689,18,Savings,2025-11-07,3705.81,Active
1140,689,18,Fixed Deposit,2025-11-07,7706.26,Active
1141,689,18,Payroll,2025-10-18,1574.57,Active
1142,690,6,Savings,2023-07-25,2901.03,Active
1143,690,6,Fixed Deposit,2023-07-13,9510.7,Active
1144,690,6,Business,2023-07-11,6484.12,Active
1145,691,5,Savings,2025-11-16,86.34,Active
1146,692,7,Savings,2024-12-29,86.97,Active
1147,693,11,Savings,2023-12-08,1619.2,Active
1148,693,11,Business,2023-11-18,6819.86,Active
1149,694,1,Savings,2025-07-25,2429.76,Active
1150,694,1,Business,2025-07-06,7575.56,Active
1151,695,2,Savings,2025-01-07,1155.82,Active
1152,695,2,Payroll,2025-01-27,238.03,Active
1153,696,5,Payroll,2025-02-22,442.44,Closed
1154,697,2,Savings,2023-03-27,3821.39,Active
1155,697,2,Fixed Deposit,2023-03-30,4977.93,Active
1156,697,2,Business,2023-04-06,13158.38,Active
1157,698,7,Savings,2025-06-10,2255.43,Closed
1158,698,7,Fixed Deposit,2025-05-29,5458.69,Active
1159,698,7,Payroll,2025-06-15,1252.86,Active
1160,699,3,Savings,2023-04-25,1041.32,Active
1161,699,3,Payroll,2023-04-26,724.03,Active
1162,700,15,Savings,2025-05-07,285.98,Active
1163,700,15,Fixed Deposit,2025-05-17,4146.41,Active
1164,702,18,Savings,2023-07-21,2516.91,Dormant
1165,703,3,Savings,2025-09-03,1859.64,Active
1166,703,3,Fixed Deposit,2025-08-22,9441.91,Active
1167,704,2,Savings,2025-10-27,671.09,Active
1168,705,10,Savings,2025-11-23,6143.59,Active
1169,705,10,Business,2025-12-05,26722.96,Active
1170,706,7,Savings,2025-05-04,2331.5,Active
1171,706,7,Business,2025-05-19,6814.15,Active
1172,707,2,Savings,2025-08-08,1506.01,Dormant
1173,708,2,Savings,2025-09-12,786.91,Active
1174,708,2,Fixed Deposit,2025-09-12,1615.18,Active
1175,709,16,Savings,2025-11-24,564.57,Active
1176,710,9,Savings,2025-10-13,843.68,Active
1177,710,9,Fixed Deposit,2025-11-02,3001.49,Active
1178,711,14,Savings,2025-06-04,1638.01,Active
1179,712,1,Savings,2025-07-06,528.57,Active
1180,713,17,Savings,2025-11-12,483.5,Active
1181,713,17,Payroll,2025-11-27,819.31,Active
1182,714,15,Savings,2025-06-24,970.71,Active
1183,714,15,Payroll,2025-06-03,1178.2,Active
1184,715,10,Savings,2025-12-22,580.17,Active
1185,715,10,Payroll,2026-01-10,346.37,Active
1186,716,1,Savings,2023-03-27,2551.95,Active
1187,716,1,Fixed Deposit,2023-04-04,4388.71,Dormant
1188,717,2,Savings,2025-03-09,1093.45,Active
1189,718,2,Savings,2023-08-02,656.66,Active
1190,719,11,Savings,2024-10-06,288.95,Active
1191,720,18,Savings,2025-12-24,672.35,Active
1192,720,18,Payroll,2025-12-26,438.63,Active
1193,721,14,Savings,2026-01-08,666.45,Active
1194,721,14,Payroll,2026-01-24,329.7,Active
1195,722,18,Savings,2025-12-15,1653.21,Active
1196,722,18,Fixed Deposit,2025-12-07,10295.57,Dormant
1197,722,18,Payroll,2025-12-03,1022.37,Active
1198,723,17,Savings,2025-08-03,656.59,Active
1199,723,17,Business,2025-08-20,5197.86,Active
1200,724,2,Savings,2024-08-04,3619.41,Active
1201,724,2,Business,2024-07-31,13448.76,Active
1202,725,8,Savings,2025-07-23,1257.78,Active
1203,726,12,Savings,2023-05-01,513.62,Active
1204,726,12,Fixed Deposit,2023-04-27,3120.57,Active
1205,726,12,Payroll,2023-05-13,332.75,Active
1206,727,14,Savings,2025-04-13,5765.38,Active
1207,727,14,Fixed Deposit,2025-04-18,13542.76,Active
1208,728,7,Savings,2025-08-08,1005.8,Closed
1209,728,7,Fixed Deposit,2025-08-20,4915.16,Active
1210,729,8,Savings,2024-06-09,1330.55,Active
1211,729,8,Payroll,2024-06-03,1008.25,Active
1212,730,2,Savings,2023-07-07,292.53,Active
1213,730,2,Payroll,2023-07-25,532.74,Active
1214,731,4,Savings,2025-04-13,3845.65,Active
1215,732,6,Savings,2025-05-28,3572.57,Active
1216,732,6,Business,2025-06-14,10003.59,Active
1217,733,11,Savings,2024-04-29,3020.57,Active
1218,733,11,Fixed Deposit,2024-04-14,4902.2,Active
1219,734,4,Savings,2024-12-20,567.93,Active
1220,734,4,Payroll,2024-12-16,730.75,Active
1221,735,3,Savings,2024-02-05,1149.44,Active
1222,735,3,Payroll,2024-02-01,853.41,Active
1223,736,17,Savings,2026-01-12,1035.31,Active
1224,736,17,Business,2026-01-05,12311.66,Active
1225,737,17,Savings,2025-12-21,1341.18,Active
1226,738,6,Savings,2023-04-07,1291.11,Active
1227,738,6,Payroll,2023-03-21,994.46,Active
1228,739,7,Savings,2025-12-02,6323.56,Active
1229,739,7,Fixed Deposit,2025-12-18,10851.69,Active
1230,739,7,Business,2025-11-26,10347.5,Active
1231,740,1,Savings,2023-09-10,314.72,Active
1232,740,1,Fixed Deposit,2023-09-19,3717.71,Active
1233,741,16,Savings,2024-07-27,448.07,Dormant
1234,741,16,Payroll,2024-07-21,706.44,Active
1235,742,9,Savings,2026-01-07,3526.98,Active
1236,742,9,Payroll,2025-12-28,799.12,Active
1237,743,10,Savings,2025-01-25,236.13,Active
1238,743,10,Fixed Deposit,2025-02-01,1047.36,Active
1239,744,6,Savings,2025-05-31,430.77,Active
1240,745,7,Savings,2023-12-15,422.8,Active
1241,746,4,Savings,2023-03-10,1152.18,Active
1242,747,14,Savings,2024-07-04,865.88,Active
1243,748,10,Fixed Deposit,2026-01-19,8104.59,Active
1244,748,10,Payroll,2025-12-28,1139.12,Active
1245,749,3,Savings,2024-03-28,3963.13,Active
1246,749,3,Fixed Deposit,2024-04-05,7378.36,Dormant
1247,749,3,Business,2024-04-08,14433.27,Active
1248,750,4,Savings,2025-10-21,1135.83,Active
1249,750,4,Payroll,2025-11-01,898.37,Active
1250,751,5,Savings,2024-11-06,1970.84,Dormant
1251,751,5,Payroll,2024-10-28,704.62,Dormant
1252,752,17,Savings,2024-09-21,1143.57,Active
1253,753,8,Savings,2025-02-08,1384.85,Active
1254,753,8,Payroll,2025-02-15,755.04,Active
1255,754,10,Savings,2025-01-13,1723.18,Active
1256,754,10,Payroll,2025-01-08,907.69,Closed
1257,755,2,Savings,2025-11-16,2285.31,Active
1258,755,2,Payroll,2025-11-23,836.68,Active
1259,756,4,Savings,2025-12-02,855.57,Active
1260,757,3,Savings,2025-01-27,572.65,Active
1261,757,3,Fixed Deposit,2025-01-18,3012.71,Active
1262,757,3,Payroll,2025-01-01,207.96,Active
1263,758,3,Savings,2023-11-04,2172.63,Active
1264,758,3,Fixed Deposit,2023-10-17,6194.22,Dormant
1265,758,3,Business,2023-10-29,6053.94,Active
1266,759,13,Savings,2024-03-11,1299.38,Dormant
1267,759,13,Fixed Deposit,2024-03-19,2074.14,Active
1268,760,16,Savings,2024-12-29,182.93,Active
1269,761,5,Savings,2023-04-11,1160.71,Active
1270,761,5,Business,2023-04-07,15180.03,Active
1271,762,7,Savings,2023-09-09,2074.45,Active
1272,762,7,Fixed Deposit,2023-08-25,13449.52,Active
1273,762,7,Payroll,2023-09-09,1409.38,Active
1274,763,12,Savings,2024-05-11,11257.76,Active
1275,763,12,Fixed Deposit,2024-05-28,24162.63,Active
1276,763,12,Business,2024-05-26,21620.26,Active
1277,764,10,Savings,2025-11-20,1793.82,Dormant
1278,765,2,Savings,2024-10-20,737.9,Active
1279,766,18,Savings,2025-02-08,1188.0,Active
1280,766,18,Payroll,2025-02-04,810.99,Active
1281,767,4,Savings,2025-02-27,277.62,Dormant
1282,767,4,Fixed Deposit,2025-03-09,3056.92,Active
1283,768,9,Savings,2025-08-13,559.85,Active
1284,768,9,Fixed Deposit,2025-08-11,5201.27,Active
1285,769,6,Savings,2023-08-05,467.11,Active
1286,770,6,Savings,2025-05-07,1181.57,Active
1287,771,1,Savings,2025-10-01,289.94,Active
1288,771,1,Fixed Deposit,2025-09-19,2595.84,Active
1289,772,4,Savings,2025-10-01,657.36,Active
1290,772,4,Payroll,2025-09-20,397.91,Active
1291,773,17,Savings,2024-04-19,77.85,Active
1292,774,7,Savings,2024-12-22,544.5,Active
1293,774,7,Fixed Deposit,2024-12-04,2673.12,Active
1294,775,14,Savings,2023-10-16,1902.02,Active
1295,776,9,Savings,2023-10-30,1180.15,Active
1296,777,2,Business,2025-08-27,14505.04,Active
1297,778,7,Savings,2024-03-27,968.32,Active
1298,779,1,Savings,2025-09-17,545.86,Active
1299,780,18,Savings,2025-10-14,2238.04,Active
1300,780,18,Payroll,2025-10-09,1572.28,Active
1301,781,3,Savings,2025-02-01,970.72,Active
1302,782,5,Savings,2025-05-18,470.36,Active
1303,782,5,Payroll,2025-06-05,212.62,Dormant
1304,783,9,Fixed Deposit,2025-09-18,3376.12,Active
1305,784,8,Savings,2025-10-03,699.23,Active
1306,784,8,Fixed Deposit,2025-10-19,2016.29,Active
1307,784,8,Payroll,2025-09-23,327.21,Dormant
1308,785,4,Savings,2025-02-01,2015.5,Dormant
1309,786,2,Savings,2023-09-07,157.57,Active
1310,786,2,Fixed Deposit,2023-09-16,960.41,Active
1311,787,16,Savings,2025-03-01,2077.38,Active
1312,787,16,Business,2025-02-19,15723.62,Dormant
1313,788,3,Savings,2024-10-04,1529.9,Active
1314,789,6,Savings,2023-10-25,534.88,Active
1315,790,10,Savings,2025-10-07,194.45,Active
1316,790,10,Payroll,2025-10-11,218.07,Active
1317,791,18,Savings,2024-12-02,1269.29,Active
1318,791,18,Fixed Deposit,2024-11-18,5364.86,Active
1319,792,1,Savings,2024-06-25,1460.95,Dormant
1320,793,4,Savings,2023-02-26,2076.19,Active
1321,794,4,Payroll,2024-02-16,468.05,Active
1322,795,18,Savings,2025-04-08,499.31,Active
1323,795,18,Payroll,2025-04-17,296.28,Dormant
1324,796,12,Savings,2023-09-07,349.64,Active
1325,796,12,Payroll,2023-09-11,722.37,Active
1326,797,13,Savings,2023-10-02,118.01,Active
1327,797,13,Fixed Deposit,2023-09-05,321.86,Active
1328,798,1,Savings,2025-12-29,1135.99,Active
1329,798,1,Payroll,2025-12-27,1039.46,Active
1330,799,14,Savings,2024-03-22,1648.09,Active
1331,800,2,Savings,2024-02-22,80.51,Active
1332,801,4,Savings,2025-03-27,485.71,Active
1333,802,12,Savings,2025-07-28,3649.83,Active
1334,802,12,Business,2025-07-09,6238.47,Active
1335,803,2,Savings,2024-10-06,1509.51,Active
1336,804,1,Savings,2024-09-17,653.04,Active
1337,804,1,Fixed Deposit,2024-10-16,3466.19,Active
1338,805,11,Savings,2025-08-03,1322.14,Active
1339,806,12,Savings,2024-01-31,3838.05,Active
1340,806,12,Business,2024-02-15,11496.21,Active
1341,807,3,Savings,2026-01-16,1921.84,Dormant
1342,808,1,Business,2025-11-16,2978.08,Active
1343,809,4,Savings,2023-09-16,900.23,Active
1344,810,7,Savings,2025-04-20,1241.64,Active
1345,811,12,Savings,2025-10-07,1655.29,Active
1346,811,12,Fixed Deposit,2025-10-29,11979.26,Active
1347,812,12,Savings,2024-09-17,1000.63,Closed
1348,812,12,Fixed Deposit,2024-09-12,2238.97,Active
1349,813,6,Savings,2025-08-13,2467.75,Active
1350,813,6,Business,2025-07-21,4187.36,Dormant
1351,814,18,Savings,2025-03-12,199.17,Active
1352,815,8,Savings,2026-01-02,375.03,Active
1353,815,8,Fixed Deposit,2026-01-20,7023.73,Active
1354,815,8,Payroll,2026-01-10,787.43,Active
1355,816,7,Savings,2023-03-15,375.74,Active
1356,816,7,Payroll,2023-03-06,358.2,Active
1357,817,7,Savings,2024-04-03,1885.94,Active
1358,817,7,Fixed Deposit,2024-03-14,2558.53,Active
1359,818,18,Savings,2025-06-01,3397.79,Active
1360,818,18,Business,2025-05-15,11274.75,Dormant
1361,819,18,Savings,2023-08-11,718.34,Active
1362,820,12,Savings,2024-03-10,366.38,Active
1363,821,11,Savings,2025-12-10,966.45,Active
1364,822,5,Savings,2025-01-07,2532.42,Active
1365,822,5,Fixed Deposit,2024-12-26,3223.42,Active
1366,822,5,Business,2025-01-10,7343.69,Active
1367,823,18,Savings,2025-09-24,752.84,Active
1368,824,2,Savings,2023-10-21,394.82,Active
1369,825,4,Savings,2024-04-20,93.61,Active
1370,826,9,Savings,2023-03-31,402.29,Active
1371,827,14,Savings,2024-12-23,835.75,Active
1372,827,14,Payroll,2025-01-02,649.22,Active
1373,828,1,Savings,2026-01-06,2665.42,Active
1374,828,1,Business,2026-01-04,8827.87,Active
1375,829,11,Savings,2025-01-17,328.48,Active
1376,830,9,Savings,2025-04-27,99.73,Active
1377,831,7,Savings,2024-09-02,1310.5,Active
1378,831,7,Payroll,2024-08-23,399.86,Active
1379,832,1,Savings,2025-08-23,1310.69,Active
1380,833,17,Savings,2023-09-25,2634.91,Active
1381,833,17,Payroll,2023-10-20,866.22,Active
1382,834,4,Savings,2026-01-01,1791.3,Active
1383,834,4,Payroll,2025-12-14,912.62,Active
1384,835,1,Savings,2024-09-04,495.2,Active
1385,836,10,Savings,2025-12-02,761.47,Active
1386,836,10,Fixed Deposit,2025-11-30,3374.77,Active
1387,837,5,Savings,2025-05-17,2191.2,Active
1388,837,5,Payroll,2025-05-16,676.24,Active
1389,838,1,Savings,2025-05-11,4147.45,Active
1390,838,1,Business,2025-05-13,5526.41,Active
1391,839,15,Savings,2023-07-07,953.23,Dormant
1392,839,15,Fixed Deposit,2023-07-15,13263.33,Active
1393,839,15,Business,2023-06-28,9549.03,Closed
1394,840,3,Savings,2026-01-12,751.18,Active
1395,841,2,Savings,2024-09-21,863.39,Active
1396,841,2,Payroll,2024-09-24,1170.61,Active
1397,842,1,Savings,2025-01-20,1468.64,Closed
1398,842,1,Payroll,2025-02-01,984.38,Active
1399,843,12,Savings,2023-10-12,1054.04,Dormant
1400,843,12,Payroll,2023-09-27,459.37,Active
1401,844,5,Savings,2025-07-19,750.53,Active
1402,845,5,Savings,2024-04-27,514.64,Closed
1403,845,5,Fixed Deposit,2024-05-08,2860.75,Active
1404,845,5,Payroll,2024-04-29,497.49,Active
1405,846,14,Savings,2024-08-28,1437.61,Active
1406,846,14,Fixed Deposit,2024-09-04,5976.61,Active
1407,847,13,Savings,2025-12-27,1299.85,Active
1408,848,10,Savings,2023-09-30,116.43,Active
1409,849,13,Savings,2025-03-29,2009.68,Active
1410,849,13,Business,2025-03-06,4704.39,Active
1411,850,8,Savings,2025-10-26,554.75,Active
1412,850,8,Payroll,2025-11-24,212.77,Active
1413,851,5,Savings,2023-10-25,524.41,Dormant
1414,852,13,Savings,2023-05-28,436.99,Active
1415,852,13,Fixed Deposit,2023-05-31,2058.2,Active
1416,853,16,Savings,2023-11-03,4030.08,Active
1417,853,16,Business,2023-10-28,12856.33,Active
1418,854,11,Savings,2025-01-21,1986.14,Active
1419,854,11,Business,2025-01-18,8399.51,Active
1420,855,4,Savings,2025-07-14,529.85,Active
1421,856,2,Savings,2025-12-30,962.78,Dormant
1422,857,17,Savings,2025-08-17,2484.06,Active
1423,857,17,Business,2025-08-03,2990.82,Active
1424,858,8,Savings,2024-05-06,1130.71,Active
1425,858,8,Payroll,2024-05-18,230.06,Dormant
1426,859,17,Savings,2024-05-21,706.5,Active
1427,860,12,Savings,2024-03-04,612.59,Active
1428,861,5,Savings,2023-10-08,6336.29,Active
1429,861,5,Business,2023-10-17,15369.3,Active
1430,862,12,Savings,2025-07-23,270.65,Active
1431,862,12,Payroll,2025-08-01,449.0,Active
1432,863,3,Savings,2025-02-12,593.28,Active
1433,864,6,Savings,2025-04-23,924.72,Active
1434,864,6,Payroll,2025-04-13,340.03,Active
1435,865,16,Savings,2025-05-26,3417.77,Active
1436,865,16,Payroll,2025-05-19,1945.46,Active
1437,866,5,Savings,2024-02-10,1862.79,Active
1438,866,5,Fixed Deposit,2024-02-21,12044.98,Active
1439,867,1,Savings,2025-11-28,1120.76,Active
1440,867,1,Fixed Deposit,2025-11-24,8965.48,Active
1441,868,14,Savings,2025-10-21,2757.5,Active
1442,868,14,Business,2025-10-20,6561.46,Active
1443,869,10,Savings,2024-10-17,196.96,Active
1444,870,7,Savings,2023-12-26,502.61,Active
1445,871,5,Savings,2025-10-02,616.62,Active
1446,872,4,Savings,2023-09-22,1749.24,Active
1447,872,4,Business,2023-09-17,6584.6,Active
1448,873,4,Savings,2025-08-22,83.33,Active
1449,874,2,Savings,2025-03-25,1110.85,Active
1450,874,2,Payroll,2025-03-26,377.47,Dormant
1451,875,17,Savings,2024-04-07,1145.18,Active
1452,876,7,Savings,2025-08-14,2956.09,Active
1453,877,16,Savings,2024-09-22,718.44,Active
1454,878,8,Payroll,2025-07-07,370.93,Active
1455,879,10,Savings,2024-11-20,565.52,Active
1456,879,10,Payroll,2024-12-14,431.1,Dormant
1457,880,3,Savings,2025-05-23,850.75,Active
1458,880,3,Payroll,2025-05-26,310.29,Dormant
1459,881,13,Savings,2023-06-30,850.4,Dormant
1460,881,13,Business,2023-07-04,8900.59,Active
1461,882,6,Savings,2024-05-22,1444.79,Dormant
1462,882,6,Payroll,2024-06-10,332.11,Active
1463,884,2,Savings,2025-02-10,1514.7,Active
1464,884,2,Fixed Deposit,2025-01-29,5357.17,Active
1465,885,11,Savings,2025-04-27,546.51,Active
1466,886,13,Savings,2024-08-02,1063.83,Active
1467,886,13,Payroll,2024-08-20,540.85,Active
1468,887,13,Savings,2024-09-17,1192.52,Active
1469,888,12,Savings,2025-08-14,1164.56,Active
1470,888,12,Payroll,2025-08-04,767.38,Closed
1471,889,7,Savings,2025-02-22,471.97,Active
1472,890,2,Savings,2024-10-11,2602.11,Active
1473,890,2,Payroll,2024-09-25,631.83,Active
1474,891,3,Savings,2024-03-22,3587.53,Dormant
1475,891,3,Business,2024-04-14,13648.33,Active
1476,892,3,Savings,2024-12-16,3191.36,Active
1477,893,4,Savings,2024-08-18,729.11,Active
1478,894,10,Savings,2024-06-21,2507.5,Active
1479,894,10,Fixed Deposit,2024-06-08,6752.41,Active
1480,895,10,Savings,2025-04-06,334.14,Active
1481,895,10,Payroll,2025-04-10,267.38,Active
1482,896,7,Savings,2025-12-19,3266.02,Active
1483,896,7,Payroll,2025-12-17,894.59,Active
1484,897,11,Savings,2023-06-16,584.28,Active
1485,898,11,Savings,2025-04-26,616.52,Active
1486,899,11,Savings,2024-11-22,1049.11,Active
1487,900,12,Business,2023-05-29,2986.62,Active
1488,901,3,Savings,2023-10-20,5363.84,Active
1489,901,3,Fixed Deposit,2023-10-27,9848.12,Active
1490,901,3,Business,2023-10-31,22197.97,Active
1491,902,7,Savings,2023-11-09,139.58,Active
1492,903,17,Savings,2025-01-08,63.06,Active
1493,904,8,Savings,2025-01-27,1610.01,Active
1494,905,5,Savings,2024-08-22,193.14,Active
1495,906,2,Savings,2023-07-24,1856.06,Active
1496,906,2,Fixed Deposit,2023-07-31,4741.27,Active
1497,906,2,Payroll,2023-07-05,1166.98,Active
1498,907,2,Savings,2024-11-17,394.86,Active
1499,907,2,Fixed Deposit,2024-10-23,5388.17,Active
1500,908,4,Savings,2024-06-19,992.19,Active
1501,909,16,Savings,2023-09-07,114.49,Active
1502,910,4,Savings,2025-09-02,1499.19,Active
1503,910,4,Fixed Deposit,2025-08-31,8375.12,Active
1504,911,4,Savings,2025-01-02,614.97,Active
1505,912,4,Savings,2025-03-23,542.64,Active
1506,913,6,Savings,2025-03-19,3321.39,Active
1507,913,6,Business,2025-03-04,7154.15,Active
1508,914,9,Savings,2025-01-22,3720.48,Active
1509,914,9,Business,2025-02-07,14834.7,Active
1510,915,18,Savings,2025-10-27,647.69,Active
1511,915,18,Payroll,2025-11-20,963.24,Active
1512,916,4,Savings,2025-05-13,744.36,Active
1513,917,4,Savings,2023-05-17,1309.79,Active
1514,918,14,Savings,2025-03-31,695.95,Active
1515,918,14,Payroll,2025-04-04,996.42,Active
1516,919,11,Savings,2024-12-17,1026.54,Active
1517,920,10,Savings,2024-06-25,1045.98,Closed
1518,920,10,Payroll,2024-06-19,439.49,Active
1519,921,17,Savings,2025-01-09,1639.66,Active
1520,921,17,Payroll,2025-01-29,1092.16,Active
1521,922,4,Savings,2023-11-03,983.85,Active
1522,923,2,Savings,2025-04-20,541.09,Closed
1523,923,2,Payroll,2025-04-11,263.45,Active
1524,924,2,Savings,2024-06-28,2199.63,Active
1525,924,2,Fixed Deposit,2024-07-05,3806.54,Active
1526,924,2,Payroll,2024-07-04,997.76,Active
1527,925,9,Savings,2024-12-12,858.04,Active
1528,926,10,Savings,2024-07-02,787.9,Active
1529,926,10,Payroll,2024-07-06,504.84,Active
1530,927,7,Savings,2025-06-14,2946.97,Dormant
1531,927,7,Fixed Deposit,2025-06-29,10546.05,Active
1532,927,7,Payroll,2025-07-07,616.69,Dormant
1533,928,3,Savings,2024-11-22,1807.11,Active
1534,928,3,Fixed Deposit,2024-11-20,13164.43,Dormant
1535,929,4,Savings,2025-07-03,662.25,Active
1536,930,3,Savings,2023-08-05,410.72,Closed
1537,931,15,Savings,2025-05-03,661.19,Active
1538,931,15,Fixed Deposit,2025-05-01,3354.91,Active
1539,931,15,Payroll,2025-04-20,323.59,Active
1540,932,15,Savings,2026-01-17,1052.43,Active
1541,933,3,Savings,2024-09-23,1533.38,Active
1542,934,17,Savings,2025-07-11,511.2,Active
1543,935,2,Savings,2024-10-23,213.33,Active
1544,935,2,Payroll,2024-11-10,446.81,Active
1545,936,18,Savings,2023-08-05,286.93,Active
1546,936,18,Fixed Deposit,2023-07-27,1408.61,Active
1547,937,12,Savings,2024-08-14,833.61,Active
1548,938,2,Savings,2025-06-24,1337.4,Active
1549,938,2,Fixed Deposit,2025-06-23,8333.47,Active
1550,939,7,Savings,2025-10-26,420.2,Active
1551,939,7,Payroll,2025-11-08,442.44,Active
1552,940,18,Savings,2023-07-17,2007.34,Closed
1553,940,18,Business,2023-07-01,8674.98,Active
1554,941,11,Savings,2025-08-19,771.59,Dormant
1555,942,2,Savings,2025-07-02,1341.01,Active
1556,942,2,Fixed Deposit,2025-06-16,3168.24,Active
1557,943,12,Savings,2023-12-26,999.77,Active
1558,943,12,Payroll,2023-11-28,799.14,Active
1559,944,17,Savings,2024-08-28,760.26,Active
1560,944,17,Payroll,2024-09-06,245.52,Dormant
1561,945,3,Savings,2024-06-17,1525.98,Active
1562,945,3,Fixed Deposit,2024-05-27,3655.44,Active
1563,945,3,Payroll,2024-06-12,1204.91,Active
1564,946,18,Savings,2024-01-29,1399.81,Active
1565,946,18,Payroll,2024-02-06,553.51,Active
1566,947,14,Savings,2023-12-20,161.01,Active
1567,948,7,Savings,2023-12-08,1202.46,Active
1568,949,3,Savings,2023-02-22,1958.88,Active
1569,949,3,Payroll,2023-02-21,902.94,Active
1570,950,1,Savings,2023-05-17,1291.65,Closed
1571,950,1,Business,2023-05-17,4498.38,Active
1572,951,13,Savings,2025-03-02,1502.2,Active
1573,951,13,Fixed Deposit,2025-02-21,5629.36,Active
1574,952,1,Savings,2025-09-09,515.8,Active
1575,953,4,Savings,2024-07-09,2340.13,Active
1576,954,13,Savings,2023-04-19,789.69,Closed
1577,955,13,Savings,2024-08-14,555.23,Active
1578,956,11,Savings,2025-11-09,1019.6,Active
1579,956,11,Fixed Deposit,2025-10-27,2252.86,Active
1580,957,2,Savings,2023-06-15,741.72,Active
1581,957,2,Payroll,2023-06-09,444.14,Active
1582,958,7,Savings,2023-10-05,1646.92,Active
1583,958,7,Payroll,2023-10-06,626.86,Active
1584,959,7,Savings,2024-07-26,952.79,Active
1585,959,7,Payroll,2024-08-09,424.01,Active
1586,960,8,Savings,2025-12-13,781.09,Active
1587,960,8,Payroll,2025-12-17,340.88,Active
1588,961,2,Savings,2023-07-26,656.92,Active
1589,962,4,Payroll,2024-07-14,772.23,Active
1590,963,15,Savings,2025-03-17,1183.3,Dormant
1591,963,15,Payroll,2025-03-31,834.61,Active
1592,964,5,Savings,2025-12-19,1098.56,Active
1593,964,5,Business,2025-12-27,3372.3,Active
1594,965,7,Savings,2025-05-14,551.05,Active
1595,965,7,Fixed Deposit,2025-05-08,3123.94,Active
1596,965,7,Business,2025-05-07,3557.85,Active
1597,966,9,Savings,2024-08-14,2921.14,Active
1598,966,9,Business,2024-08-02,10493.52,Active
1599,967,15,Savings,2023-02-21,389.67,Dormant
1600,968,16,Savings,2025-08-10,2601.84,Closed
1601,968,16,Fixed Deposit,2025-07-14,9620.49,Active
1602,969,9,Savings,2023-12-26,3338.64,Active
1603,969,9,Payroll,2023-12-20,1401.23,Active
1604,970,8,Savings,2025-12-26,1140.0,Active
1605,971,4,Savings,2023-12-14,4172.86,Active
1606,971,4,Business,2023-12-30,9058.33,Active
1607,972,11,Savings,2024-09-11,752.73,Active
1608,973,11,Savings,2025-05-01,2236.66,Active
1609,973,11,Business,2025-04-21,4485.35,Active
1610,975,7,Savings,2024-04-17,1435.0,Active
1611,976,9,Savings,2024-12-04,1052.76,Active
1612,977,2,Savings,2023-03-14,1426.56,Active
1613,978,13,Savings,2023-10-27,2267.0,Active
1614,978,13,Business,2023-10-27,5576.15,Active
1615,979,7,Savings,2025-02-15,880.53,Active
1616,980,17,Savings,2025-03-06,1089.21,Active
1617,981,5,Savings,2023-09-30,792.47,Active
1618,981,5,Payroll,2023-09-27,597.33,Active
1619,982,14,Savings,2025-05-28,2892.56,Active
1620,982,14,Fixed Deposit,2025-05-21,4772.99,Active
1621,983,11,Savings,2025-05-29,1666.58,Active
1622,984,14,Savings,2025-11-24,234.61,Active
1623,984,14,Fixed Deposit,2025-12-08,419.37,Active
1624,985,18,Savings,2024-06-05,1051.09,Active
1625,986,6,Savings,2024-02-07,699.16,Active
1626,987,16,Savings,2024-11-10,495.42,Active
1627,988,3,Savings,2024-10-07,1268.91,Active
1628,989,18,Savings,2024-12-26,653.9,Active
1629,990,10,Savings,2025-10-16,1155.46,Active
1630,991,5,Savings,2025-03-05,3574.21,Active
1631,991,5,Business,2025-03-13,4238.46,Active
1632,992,5,Savings,2025-01-07,3133.4,Active
1633,992,5,Fixed Deposit,2025-01-11,14692.01,Active
1634,993,9,Savings,2024-09-18,475.12,Active
1635,993,9,Payroll,2024-10-03,347.14,Active
1636,994,4,Savings,2025-11-17,883.14,Active
1637,994,4,Fixed Deposit,2025-10-22,3134.73,Active
1638,994,4,Payroll,2025-10-26,429.03,Active
1639,995,11,Savings,2023-11-28,832.9,Active
1640,996,4,Savings,2024-07-18,1165.97,Active
1641,997,6,Savings,2025-06-04,872.27,Active
1642,998,10,Savings,2025-05-09,645.06,Active
1643,999,3,Payroll,2025-10-12,895.06,Active
1644,1000,6,Savings,2025-02-06,430.79,Active
1645,1000,6,Payroll,2025-02-01,882.8,Active
1646,1001,14,Savings,2024-12-13,949.39,Closed
1647,1002,11,Savings,2025-10-03,223.75,Closed
1648,1002,11,Fixed Deposit,2025-10-23,3645.45,Active
1649,1002,11,Payroll,2025-10-13,207.87,Active
1650,1003,7,Savings,2025-09-26,1835.93,Active
1651,1003,7,Business,2025-09-08,11537.91,Active
1652,1004,5,Savings,2025-09-25,2235.98,Active
1653,1004,5,Payroll,2025-10-01,507.5,Active
1654,1005,8,Savings,2023-08-23,768.34,Active
1655,1005,8,Payroll,2023-08-22,706.96,Closed
1656,1006,8,Savings,2023-07-19,832.57,Active
1657,1007,6,Savings,2026-01-03,1623.09,Active
1658,1007,6,Fixed Deposit,2025-12-26,10865.61,Active
1659,1007,6,Payroll,2026-01-10,611.64,Active
1660,1008,3,Savings,2025-01-22,1988.61,Active
1661,1008,3,Business,2025-01-13,6925.69,Active
1662,1009,16,Savings,2025-07-02,418.43,Active
1663,1010,18,Savings,2024-06-26,505.19,Active
1664,1010,18,Fixed Deposit,2024-07-13,2037.53,Active
1665,1011,6,Savings,2023-08-04,1346.42,Active
1666,1012,10,Savings,2023-04-14,1495.08,Active
1667,1012,10,Business,2023-05-08,7143.19,Active
1668,1013,6,Savings,2024-11-11,2357.34,Active
1669,1013,6,Payroll,2024-10-29,801.09,Active
1670,1014,3,Savings,2024-06-04,2956.04,Closed
1671,1015,1,Savings,2026-01-07,387.43,Active
1672,1015,1,Fixed Deposit,2026-01-12,1242.68,Closed
1673,1016,5,Savings,2025-12-02,943.21,Active
1674,1017,18,Business,2025-10-02,6347.79,Active
1675,1018,15,Savings,2024-06-04,970.77,Active
1676,1018,15,Fixed Deposit,2024-05-18,11843.81,Active
1677,1019,2,Savings,2023-06-20,1391.01,Active
1678,1019,2,Fixed Deposit,2023-06-07,20087.81,Active
1679,1020,2,Savings,2023-08-26,1213.58,Active
1680,1020,2,Fixed Deposit,2023-08-29,4743.53,Active
1681,1021,7,Savings,2025-08-09,845.42,Dormant
1682,1021,7,Business,2025-08-22,5748.26,Active
1683,1022,3,Savings,2024-03-29,4476.6,Active
1684,1022,3,Business,2024-03-12,4930.97,Active
1685,1023,9,Savings,2025-01-07,335.54,Active
1686,1023,9,Fixed Deposit,2025-01-17,3630.77,Active
1687,1023,9,Payroll,2025-01-06,315.42,Dormant
1688,1024,2,Savings,2023-05-10,899.02,Closed
1689,1025,1,Savings,2024-12-25,2224.72,Active
1690,1026,7,Savings,2024-10-16,1908.34,Active
1691,1026,7,Business,2024-10-25,4941.06,Active
1692,1027,18,Savings,2023-09-08,546.03,Active
1693,1028,18,Savings,2024-02-05,726.79,Active
1694,1029,15,Savings,2026-01-10,1328.57,Active
1695,1030,7,Savings,2024-02-14,1396.99,Dormant
1696,1031,8,Savings,2024-08-02,5582.11,Active
1697,1032,6,Savings,2025-05-27,549.16,Active
1698,1032,6,Fixed Deposit,2025-06-03,3587.3,Active
1699,1033,9,Savings,2023-11-18,3133.47,Active
1700,1033,9,Business,2023-11-26,8940.81,Active
1701,1034,4,Fixed Deposit,2025-08-30,12622.42,Active
1702,1034,4,Business,2025-09-03,11606.16,Active
1703,1035,9,Savings,2024-01-22,1125.01,Active
1704,1036,5,Savings,2025-02-21,2486.72,Active
1705,1036,5,Payroll,2025-01-26,877.89,Active
1706,1037,4,Savings,2025-09-26,1247.01,Active
1707,1037,4,Fixed Deposit,2025-09-19,6940.36,Active
1708,1037,4,Payroll,2025-10-08,1145.87,Active
1709,1038,7,Savings,2023-09-11,644.24,Active
1710,1038,7,Payroll,2023-09-23,1318.28,Active
1711,1039,11,Savings,2023-12-28,310.83,Active
1712,1040,18,Savings,2024-06-11,898.56,Active
1713,1040,18,Fixed Deposit,2024-06-24,5481.6,Dormant
1714,1040,18,Payroll,2024-06-19,318.86,Active
1715,1041,17,Savings,2025-09-19,578.24,Active
1716,1042,3,Savings,2024-11-30,1223.86,Active
1717,1042,3,Payroll,2024-12-03,844.14,Active
1718,1043,18,Savings,2023-10-21,809.75,Closed
1719,1043,18,Payroll,2023-10-21,510.66,Active
1720,1044,17,Savings,2025-08-13,747.62,Active
1721,1044,17,Payroll,2025-08-10,595.02,Active
1722,1045,2,Savings,2025-03-27,807.89,Active
1723,1046,1,Savings,2023-06-24,2462.41,Active
1724,1046,1,Payroll,2023-06-10,1371.0,Active
1725,1047,10,Savings,2025-08-14,1588.01,Active
1726,1047,10,Business,2025-07-20,9497.7,Active
1727,1048,4,Savings,2024-12-01,748.1,Active
1728,1048,4,Fixed Deposit,2024-12-28,2670.56,Active
1729,1049,1,Savings,2023-12-24,120.08,Active
1730,1050,3,Savings,2025-03-17,62.17,Closed
1731,1051,13,Savings,2023-04-16,488.86,Active
1732,1051,13,Payroll,2023-04-22,1140.43,Active
1733,1052,18,Savings,2026-01-15,1477.32,Active
1734,1052,18,Payroll,2026-01-07,478.23,Active
1735,1053,8,Savings,2025-08-07,1594.08,Active
1736,1054,2,Savings,2024-09-09,2214.95,Active
1737,1054,2,Fixed Deposit,2024-08-28,11103.03,Active
1738,1055,7,Business,2025-08-25,7730.44,Active
1739,1056,8,Savings,2025-10-02,1099.88,Active
1740,1056,8,Fixed Deposit,2025-09-15,4129.66,Dormant
1741,1057,17,Savings,2024-12-08,2987.34,Active
1742,1057,17,Business,2024-12-16,11791.97,Active
1743,1058,11,Savings,2024-02-01,2365.33,Active
1744,1058,11,Fixed Deposit,2024-02-07,11124.83,Active
1745,1058,11,Business,2024-02-12,4256.36,Active
1746,1059,6,Savings,2024-10-30,529.67,Active
1747,1060,1,Business,2025-11-20,14212.32,Active
1748,1061,9,Savings,2024-05-18,649.52,Active
1749,1061,9,Fixed Deposit,2024-05-03,11166.96,Active
1750,1061,9,Business,2024-05-03,9436.48,Active
1751,1062,12,Savings,2024-03-28,1939.39,Active
1752,1063,15,Savings,2024-07-07,2935.02,Active
1753,1063,15,Payroll,2024-07-03,1225.95,Active
1754,1064,1,Savings,2023-08-15,85.72,Active
1755,1064,1,Fixed Deposit,2023-08-16,609.26,Active
1756,1065,18,Savings,2025-01-02,1706.12,Active
1757,1065,18,Fixed Deposit,2024-12-25,10793.71,Active
1758,1066,16,Fixed Deposit,2025-05-22,5278.36,Active
1759,1067,4,Savings,2024-06-30,3149.66,Dormant
1760,1067,4,Business,2024-06-28,5789.2,Active
1761,1068,13,Savings,2024-02-29,826.85,Active
1762,1069,8,Savings,2024-09-14,1624.55,Active
1763,1069,8,Payroll,2024-09-19,440.08,Active
1764,1070,13,Savings,2023-03-22,3636.22,Active
1765,1070,13,Business,2023-02-28,10425.81,Active
1766,1071,10,Savings,2025-03-10,2084.68,Active
1767,1071,10,Business,2025-03-08,9487.65,Active
1768,1072,4,Savings,2025-04-03,1048.14,Active
1769,1072,4,Payroll,2025-04-23,986.02,Active
1770,1073,5,Savings,2024-04-18,146.05,Closed
1771,1074,5,Fixed Deposit,2025-07-06,4681.36,Active
1772,1075,3,Savings,2023-06-29,837.08,Active
1773,1075,3,Fixed Deposit,2023-07-04,6996.55,Dormant
1774,1076,12,Savings,2025-08-05,238.93,Active
1775,1077,7,Savings,2025-01-28,2909.44,Active
1776,1078,8,Savings,2024-06-02,4104.75,Dormant
1777,1079,18,Savings,2023-06-09,640.95,Active
1778,1080,4,Savings,2023-12-03,1163.23,Active
1779,1082,7,Savings,2023-06-10,572.29,Active
1780,1083,8,Savings,2023-10-04,3223.54,Active
1781,1083,8,Business,2023-10-06,13026.14,Dormant
1782,1084,3,Savings,2025-08-14,274.05,Active
1783,1085,14,Savings,2025-04-11,2709.49,Active
1784,1086,3,Savings,2024-12-18,1114.36,Active
1785,1087,18,Savings,2025-03-07,2799.94,Closed
1786,1088,1,Savings,2024-08-17,2662.54,Active
1787,1088,1,Payroll,2024-08-26,1394.06,Active
1788,1089,7,Savings,2025-06-01,1924.07,Active
1789,1089,7,Payroll,2025-06-03,373.14,Active
1790,1090,12,Savings,2024-11-06,1763.2,Active
1791,1091,9,Savings,2024-04-02,735.5,Active
1792,1091,9,Payroll,2024-04-23,440.84,Active
1793,1092,2,Savings,2024-10-30,824.95,Dormant
1794,1093,11,Savings,2024-07-17,541.89,Active
1795,1094,3,Savings,2024-10-28,1501.11,Active
1796,1094,3,Business,2024-11-15,8391.36,Active
1797,1095,9,Savings,2023-02-14,114.39,Active
1798,1096,14,Savings,2025-03-06,90.32,Active
1799,1096,14,Fixed Deposit,2025-03-11,611.84,Active
1800,1097,6,Savings,2025-11-02,1830.36,Active
1801,1097,6,Payroll,2025-11-13,943.56,Active
1802,1098,8,Savings,2025-07-15,1275.88,Dormant
1803,1098,8,Payroll,2025-06-29,370.08,Active
1804,1099,13,Savings,2025-11-19,798.16,Dormant
1805,1099,13,Business,2025-11-28,7005.02,Active
1806,1100,6,Savings,2023-10-21,765.22,Active
1807,1100,6,Payroll,2023-10-20,559.5,Active
1808,1101,12,Savings,2025-11-19,503.95,Active
1809,1101,12,Payroll,2025-12-03,727.73,Active
1810,1102,4,Savings,2023-09-14,806.2,Active
1811,1103,18,Savings,2025-07-26,2274.05,Active
1812,1104,3,Savings,2024-08-26,1484.71,Active
1813,1105,3,Savings,2024-11-29,2700.0,Active
1814,1106,2,Savings,2024-02-02,591.28,Active
1815,1107,2,Savings,2025-10-04,117.38,Active
1816,1108,17,Savings,2024-01-25,2515.03,Active
1817,1108,17,Fixed Deposit,2024-02-05,20359.99,Active
1818,1108,17,Business,2024-02-08,9893.24,Active
1819,1109,4,Savings,2025-04-20,1588.73,Active
1820,1109,4,Payroll,2025-04-15,1221.7,Active
1821,1110,18,Savings,2025-03-15,626.29,Active
1822,1110,18,Payroll,2025-03-11,500.49,Active
1823,1111,18,Savings,2025-04-15,685.75,Active
1824,1112,5,Savings,2025-07-02,712.89,Active
1825,1112,5,Fixed Deposit,2025-07-18,4076.26,Active
1826,1113,13,Savings,2024-03-02,1284.94,Active
1827,1114,1,Savings,2025-03-27,1373.39,Active
1828,1114,1,Fixed Deposit,2025-03-20,2954.8,Active
1829,1114,1,Payroll,2025-03-23,695.57,Active
1830,1115,5,Savings,2024-04-22,1725.54,Active
1831,1115,5,Business,2024-04-20,4750.59,Active
1832,1116,9,Savings,2025-09-01,1591.24,Active
1833,1117,18,Savings,2024-07-04,2325.04,Active
1834,1118,2,Savings,2024-04-08,817.47,Dormant
1835,1118,2,Fixed Deposit,2024-04-08,2315.97,Active
1836,1119,9,Savings,2024-08-04,795.54,Active
1837,1120,4,Savings,2024-05-20,2490.1,Active
1838,1120,4,Fixed Deposit,2024-05-24,9848.51,Active
1839,1120,4,Payroll,2024-05-17,955.04,Active
1840,1121,8,Savings,2025-02-04,7557.87,Dormant
1841,1122,8,Savings,2024-05-06,629.74,Active
1842,1123,8,Savings,2023-03-03,778.13,Active
1843,1124,2,Savings,2024-04-13,1020.75,Active
1844,1125,1,Savings,2025-08-24,319.47,Active
1845,1125,1,Fixed Deposit,2025-08-27,2180.28,Active
1846,1126,18,Savings,2025-02-27,2492.29,Closed
1847,1126,18,Payroll,2025-03-07,1346.71,Active
1848,1127,8,Savings,2023-07-09,1475.86,Active
1849,1127,8,Payroll,2023-07-05,313.26,Active
1850,1128,1,Savings,2025-11-06,136.72,Active
1851,1129,5,Savings,2023-10-31,2822.01,Active
1852,1129,5,Fixed Deposit,2023-11-09,14936.9,Closed
1853,1129,5,Payroll,2023-11-17,755.49,Active
1854,1130,3,Savings,2024-02-14,1361.97,Active
1855,1131,18,Savings,2024-03-09,1353.4,Active
1856,1131,18,Payroll,2024-04-03,1193.03,Active
1857,1132,11,Savings,2023-10-16,251.61,Active
1858,1133,12,Savings,2025-04-30,1618.83,Active
1859,1133,12,Fixed Deposit,2025-05-07,2050.84,Active
1860,1133,12,Payroll,2025-05-15,493.51,Active
1861,1134,15,Savings,2025-11-27,1615.92,Active
1862,1134,15,Business,2025-11-22,16132.8,Active
1863,1135,6,Savings,2025-03-21,1019.92,Active
1864,1136,9,Savings,2024-09-30,1295.28,Active
1865,1136,9,Fixed Deposit,2024-10-25,5089.01,Dormant
1866,1137,13,Savings,2024-08-29,956.2,Active
1867,1138,18,Savings,2025-09-30,783.04,Dormant
1868,1138,18,Business,2025-09-14,5441.01,Active
1869,1139,8,Savings,2025-09-23,361.66,Active
1870,1139,8,Payroll,2025-09-18,242.33,Active
1871,1140,16,Savings,2024-12-08,782.28,Active
1872,1141,5,Savings,2023-07-19,530.94,Closed
1873,1142,10,Savings,2025-07-29,256.31,Active
1874,1143,15,Savings,2024-11-28,292.7,Closed
1875,1143,15,Payroll,2024-12-07,693.12,Active
1876,1144,18,Savings,2023-10-04,1463.92,Active
1877,1144,18,Payroll,2023-10-01,708.2,Active
1878,1145,11,Savings,2023-09-03,778.04,Active
1879,1146,15,Savings,2023-02-11,301.95,Active
1880,1147,1,Savings,2023-10-17,1962.21,Active
1881,1147,1,Fixed Deposit,2023-10-14,6394.05,Active
1882,1147,1,Payroll,2023-09-17,669.96,Dormant
1883,1148,4,Savings,2024-02-22,3566.28,Active
1884,1148,4,Fixed Deposit,2024-02-25,13867.96,Active
1885,1148,4,Business,2024-02-18,9229.49,Active
1886,1149,13,Savings,2025-09-14,1835.43,Active
1887,1149,13,Payroll,2025-09-15,1551.71,Active
1888,1150,11,Savings,2023-08-28,1023.17,Active
1889,1150,11,Payroll,2023-08-24,871.67,Active
1890,1151,16,Savings,2024-08-16,1204.44,Active
1891,1151,16,Payroll,2024-08-18,1081.51,Active
1892,1152,4,Savings,2025-06-01,1063.64,Active
1893,1152,4,Payroll,2025-05-18,830.61,Active
1894,1153,16,Savings,2026-01-11,1581.42,Active
1895,1153,16,Fixed Deposit,2025-12-30,4535.91,Active
1896,1153,16,Payroll,2026-01-22,439.9,Dormant
1897,1155,12,Savings,2023-07-27,305.64,Active
1898,1156,2,Savings,2023-04-26,191.5,Active
1899,1156,2,Payroll,2023-04-10,353.01,Active
1900,1158,13,Savings,2025-01-10,1153.77,Active
1901,1158,13,Payroll,2025-01-17,716.34,Active
1902,1159,12,Savings,2025-08-25,3453.13,Active
1903,1159,12,Fixed Deposit,2025-08-31,9762.36,Active
1904,1159,12,Business,2025-08-05,5564.39,Active
1905,1160,8,Savings,2025-08-11,4019.41,Active
1906,1160,8,Fixed Deposit,2025-08-13,10436.84,Active
1907,1160,8,Business,2025-07-28,26731.56,Active
1908,1161,5,Savings,2025-11-01,1130.99,Active
1909,1161,5,Payroll,2025-10-28,2028.12,Active
1910,1162,2,Savings,2024-09-16,2038.7,Active
1911,1162,2,Fixed Deposit,2024-09-16,12208.4,Active
1912,1163,2,Savings,2024-11-19,783.33,Active
1913,1163,2,Payroll,2024-12-05,1007.51,Dormant
1914,1164,3,Savings,2024-02-12,1648.38,Active
1915,1164,3,Business,2024-03-04,3065.87,Active
1916,1165,8,Savings,2025-05-22,3530.01,Active
1917,1165,8,Payroll,2025-05-01,610.46,Closed
1918,1166,12,Savings,2025-03-24,1148.9,Active
1919,1166,12,Business,2025-04-03,6617.5,Active
1920,1167,4,Savings,2023-06-26,2165.22,Active
1921,1167,4,Payroll,2023-06-10,1306.69,Dormant
1922,1168,11,Savings,2024-06-06,7194.76,Active
1923,1168,11,Business,2024-06-09,14900.83,Active
1924,1169,7,Payroll,2025-12-05,640.39,Dormant
1925,1171,9,Savings,2024-11-21,1963.31,Active
1926,1171,9,Payroll,2024-11-19,655.48,Active
1927,1172,7,Savings,2024-09-13,3003.5,Active
1928,1172,7,Payroll,2024-09-12,1686.2,Active
1929,1173,16,Savings,2025-09-06,389.34,Dormant
1930,1174,5,Savings,2025-05-01,6159.42,Active
1931,1175,4,Savings,2025-05-06,244.93,Active
1932,1175,4,Payroll,2025-04-28,422.17,Active
1933,1176,13,Savings,2025-01-06,1155.24,Active
1934,1176,13,Fixed Deposit,2025-01-15,1825.35,Active
1935,1177,13,Savings,2025-11-27,2071.94,Active
1936,1177,13,Payroll,2025-11-18,580.48,Active
1937,1178,11,Savings,2025-01-22,1236.29,Active
1938,1179,14,Savings,2024-07-03,1281.27,Active
1939,1180,17,Savings,2024-08-01,767.22,Active
1940,1181,6,Savings,2025-02-21,1068.62,Active
1941,1181,6,Payroll,2025-02-18,551.05,Dormant
1942,1184,13,Savings,2024-08-19,1654.35,Active
1943,1185,15,Savings,2024-02-06,4277.05,Active
1944,1185,15,Business,2024-01-29,10560.76,Active
1945,1186,7,Savings,2025-09-07,614.65,Active
1946,1187,5,Savings,2024-03-18,648.85,Active
1947,1187,5,Payroll,2024-04-08,309.53,Active
1948,1188,10,Savings,2024-01-09,1028.9,Active
1949,1188,10,Payroll,2023-12-21,794.14,Active
1950,1189,9,Savings,2024-04-19,896.41,Active
1951,1190,18,Savings,2025-05-30,758.23,Active
1952,1190,18,Fixed Deposit,2025-05-29,5048.0,Active
1953,1190,18,Payroll,2025-06-12,586.46,Active
1954,1191,10,Savings,2023-07-19,1519.58,Active
1955,1192,14,Savings,2025-04-18,497.15,Active
1956,1192,14,Payroll,2025-05-11,197.26,Active
1957,1193,1,Savings,2025-12-12,1396.67,Dormant
1958,1194,13,Savings,2024-10-20,1501.81,Active
1959,1195,13,Savings,2025-01-25,938.4,Active
1960,1196,14,Savings,2024-09-10,2269.6,Active
1961,1196,14,Fixed Deposit,2024-08-24,6621.67,Active
1962,1197,16,Savings,2025-07-02,2776.66,Active
1963,1197,16,Fixed Deposit,2025-07-17,14765.12,Closed
1964,1197,16,Business,2025-07-14,5580.22,Active
1965,1198,12,Savings,2024-04-11,1341.53,Active
1966,1199,8,Savings,2025-07-18,378.83,Active
1967,1200,2,Savings,2025-04-03,894.5,Active
1968,1200,2,Payroll,2025-04-06,743.67,Active
1969,1201,5,Savings,2024-08-05,97.92,Active
1970,1202,1,Savings,2024-01-08,2024.91,Active
1971,1202,1,Business,2024-01-19,6660.85,Active
1972,1203,4,Savings,2024-08-12,3505.86,Active
1973,1203,4,Business,2024-08-08,11518.87,Active
1974,1204,3,Savings,2024-01-03,249.77,Active
1975,1205,17,Savings,2024-04-01,708.31,Active
1976,1206,6,Savings,2025-12-05,128.48,Active
1977,1207,13,Savings,2024-06-27,446.29,Active
1978,1207,13,Payroll,2024-07-10,572.31,Active
1979,1208,14,Payroll,2024-03-28,1019.4,Active
1980,1209,4,Savings,2025-10-07,3173.68,Active
1981,1210,1,Savings,2023-08-05,2336.95,Active
1982,1210,1,Fixed Deposit,2023-07-16,8840.61,Active
1983,1210,1,Business,2023-07-15,7451.43,Active
1984,1211,13,Savings,2026-01-04,1606.25,Active
1985,1211,13,Payroll,2025-12-23,1261.21,Active
1986,1212,18,Savings,2025-12-25,347.7,Active
1987,1213,18,Savings,2025-11-18,1203.8,Active
1988,1213,18,Business,2025-11-09,5024.62,Active
1989,1214,11,Savings,2025-02-07,1454.9,Active
1990,1216,7,Savings,2025-03-18,373.12,Active
1991,1217,14,Savings,2025-06-18,1204.26,Active
1992,1217,14,Fixed Deposit,2025-06-17,8051.35,Active
1993,1217,14,Payroll,2025-06-30,519.08,Active
1994,1218,18,Savings,2025-10-24,1296.92,Active
1995,1218,18,Fixed Deposit,2025-10-19,3482.51,Active
1996,1218,18,Payroll,2025-10-25,875.94,Active
1997,1219,15,Fixed Deposit,2025-10-23,17362.09,Active
1998,1219,15,Business,2025-10-31,16396.31,Active
1999,1220,10,Savings,2025-12-15,1405.51,Closed
2000,1220,10,Payroll,2025-12-29,730.42,Active
2001,1221,1,Savings,2024-02-20,1062.63,Active
2002,1222,2,Savings,2024-09-17,597.69,Active
2003,1223,12,Savings,2025-05-24,1045.4,Active
2004,1223,12,Fixed Deposit,2025-06-08,3823.54,Active
2005,1223,12,Payroll,2025-05-22,614.4,Active
2006,1224,6,Savings,2025-07-03,645.64,Active
2007,1224,6,Payroll,2025-07-12,527.41,Dormant
2008,1225,8,Savings,2023-08-12,749.02,Dormant
2009,1225,8,Payroll,2023-08-02,343.65,Active
2010,1226,5,Savings,2023-12-09,514.2,Active
2011,1227,4,Savings,2024-05-14,699.46,Active
2012,1228,6,Savings,2025-10-10,2899.0,Active
2013,1228,6,Payroll,2025-09-23,1300.08,Active
2014,1229,2,Savings,2025-02-05,489.01,Active
2015,1231,4,Savings,2024-03-29,4719.45,Dormant
2016,1231,4,Business,2024-03-20,6227.1,Dormant
2017,1232,15,Savings,2024-01-18,1690.22,Active
2018,1233,2,Savings,2025-11-04,473.73,Active
2019,1233,2,Fixed Deposit,2025-10-18,2719.17,Active
2020,1233,2,Payroll,2025-10-25,936.11,Active
2021,1234,15,Savings,2024-02-13,361.04,Active
2022,1235,10,Savings,2025-11-28,1209.22,Active
2023,1236,15,Savings,2025-12-11,1684.27,Active
2024,1236,15,Fixed Deposit,2025-12-29,11850.34,Active
2025,1236,15,Payroll,2025-12-26,834.34,Active
2026,1237,12,Savings,2025-09-02,1226.36,Active
2027,1238,4,Savings,2024-06-06,2323.53,Active
2028,1238,4,Payroll,2024-06-01,691.66,Active
2029,1239,3,Savings,2024-07-27,4726.8,Active
2030,1240,15,Savings,2025-02-22,1334.66,Active
2031,1241,1,Savings,2024-11-09,1730.58,Dormant
2032,1241,1,Fixed Deposit,2024-11-17,9931.32,Closed
2033,1241,1,Payroll,2024-11-06,940.0,Active
2034,1242,15,Savings,2025-04-05,1015.37,Dormant
2035,1242,15,Payroll,2025-03-16,361.88,Active
2036,1243,13,Savings,2023-12-01,1800.11,Active
2037,1244,5,Savings,2025-01-01,299.62,Active
2038,1244,5,Fixed Deposit,2024-12-25,4326.94,Active
2039,1244,5,Payroll,2025-01-20,347.33,Closed
2040,1245,3,Savings,2023-08-19,112.45,Active
2041,1246,4,Fixed Deposit,2025-06-25,2857.41,Active
2042,1247,4,Savings,2025-11-06,3282.84,Dormant
2043,1247,4,Fixed Deposit,2025-11-04,5051.11,Active
2044,1247,4,Business,2025-11-01,5306.33,Closed
2045,1248,13,Savings,2025-11-01,905.87,Active
2046,1249,4,Savings,2024-12-30,205.86,Active
2047,1250,5,Savings,2025-03-14,226.54,Active
2048,1251,2,Savings,2024-08-07,3212.11,Active
2049,1251,2,Fixed Deposit,2024-09-04,15295.53,Active
2050,1252,6,Savings,2024-07-29,1187.84,Active
2051,1252,6,Business,2024-07-29,6845.13,Active
2052,1253,5,Savings,2023-10-25,834.26,Active
2053,1253,5,Payroll,2023-10-14,564.07,Active
2054,1254,18,Savings,2025-12-01,999.08,Active
2055,1254,18,Fixed Deposit,2025-11-15,3189.92,Active
2056,1255,4,Savings,2025-05-31,1803.53,Active
2057,1255,4,Fixed Deposit,2025-06-08,12621.73,Active
2058,1255,4,Business,2025-05-28,5458.32,Active
2059,1256,2,Savings,2025-03-01,1648.07,Active
2060,1256,2,Payroll,2025-02-26,1348.2,Active
2061,1257,9,Savings,2024-09-09,114.93,Active
2062,1258,15,Savings,2023-08-10,516.11,Active
2063,1259,2,Savings,2025-02-20,1330.22,Active
2064,1260,1,Savings,2024-07-21,220.74,Active
2065,1261,12,Savings,2025-12-07,469.39,Dormant
2066,1262,3,Savings,2024-02-11,639.96,Active
2067,1262,3,Fixed Deposit,2024-02-24,2626.01,Active
2068,1263,4,Savings,2024-03-05,2770.02,Active
2069,1263,4,Business,2024-02-23,7213.59,Active
2070,1264,15,Savings,2024-08-22,845.24,Dormant
2071,1265,9,Savings,2024-01-15,1343.18,Active
2072,1265,9,Fixed Deposit,2024-01-12,4161.89,Closed
2073,1265,9,Business,2024-01-14,5729.16,Active
2074,1266,7,Savings,2025-04-05,2280.48,Active
2075,1266,7,Business,2025-03-22,12517.87,Active
2076,1267,13,Savings,2024-01-14,604.63,Active
2077,1267,13,Payroll,2024-01-08,745.62,Active
2078,1268,17,Savings,2025-06-03,4203.3,Active
2079,1268,17,Fixed Deposit,2025-06-02,6698.44,Dormant
2080,1268,17,Payroll,2025-05-30,1096.29,Active
2081,1269,3,Savings,2025-08-09,1268.38,Active
2082,1270,12,Savings,2024-03-04,1046.29,Active
2083,1270,12,Payroll,2024-03-13,847.42,Closed
2084,1271,4,Savings,2024-08-12,1198.6,Active
2085,1271,4,Fixed Deposit,2024-09-04,2733.39,Active
2086,1271,4,Payroll,2024-08-13,267.57,Active
2087,1272,8,Savings,2024-05-10,334.06,Active
2088,1273,15,Savings,2025-09-13,3188.09,Active
2089,1273,15,Payroll,2025-09-15,1913.41,Active
2090,1274,15,Payroll,2024-05-05,1139.43,Active
2091,1275,5,Savings,2025-09-29,3756.36,Active
2092,1275,5,Fixed Deposit,2025-09-22,8113.01,Active
2093,1275,5,Business,2025-10-11,5846.98,Active
2094,1276,3,Savings,2025-01-19,2466.03,Active
2095,1276,3,Fixed Deposit,2025-01-10,10988.71,Dormant
2096,1276,3,Business,2024-12-27,6647.08,Active
2097,1277,1,Savings,2025-12-18,363.86,Active
2098,1278,4,Savings,2023-12-05,1310.47,Active
2099,1278,4,Payroll,2023-11-24,722.88,Active
2100,1279,15,Savings,2023-10-30,2429.65,Active
2101,1279,15,Fixed Deposit,2023-11-03,13181.59,Active
2102,1280,11,Savings,2025-01-11,1418.99,Active
2103,1280,11,Payroll,2025-01-05,1560.12,Active
2104,1281,16,Savings,2024-04-30,917.93,Active
2105,1281,16,Payroll,2024-05-08,798.44,Active
2106,1282,7,Savings,2025-04-17,3746.69,Active
2107,1282,7,Business,2025-03-21,5155.94,Active
2108,1283,9,Savings,2024-09-28,452.0,Active
2109,1284,7,Savings,2025-12-07,2035.43,Active
2110,1284,7,Payroll,2025-12-17,745.51,Active
2111,1285,7,Savings,2024-11-17,806.33,Active
2112,1285,7,Fixed Deposit,2024-11-27,10536.2,Dormant
2113,1286,3,Savings,2025-07-09,2104.75,Active
2114,1286,3,Fixed Deposit,2025-07-09,9347.58,Active
2115,1286,3,Business,2025-07-14,4967.07,Active
2116,1287,3,Savings,2026-01-14,1202.72,Active
2117,1288,11,Savings,2023-07-14,331.28,Active
2118,1289,9,Savings,2025-07-22,2299.45,Active
2119,1289,9,Business,2025-07-17,8013.14,Active
2120,1290,4,Savings,2025-03-14,1623.4,Active
2121,1290,4,Payroll,2025-02-27,1248.43,Active
2122,1291,11,Savings,2024-08-19,1064.31,Active
2123,1292,8,Savings,2024-01-30,3160.54,Active
2124,1292,8,Business,2024-02-01,11295.76,Closed
2125,1293,3,Savings,2025-01-31,436.52,Active
2126,1294,5,Savings,2026-01-13,458.44,Active
2127,1295,14,Savings,2024-05-22,2239.49,Active
2128,1295,14,Payroll,2024-05-22,595.49,Active
2129,1296,11,Savings,2025-03-12,1067.83,Active
2130,1296,11,Fixed Deposit,2025-03-10,8468.41,Active
2131,1298,17,Savings,2024-11-25,1239.88,Closed
2132,1298,17,Business,2024-12-03,2515.5,Dormant
2133,1299,4,Savings,2025-11-23,1772.85,Active
2134,1300,17,Savings,2026-01-21,3183.63,Active
2135,1300,17,Payroll,2026-01-26,689.54,Active
2136,1301,2,Savings,2025-05-09,323.96,Active
2137,1302,2,Savings,2025-03-08,1952.32,Active
2138,1302,2,Fixed Deposit,2025-02-11,7695.38,Dormant
2139,1302,2,Payroll,2025-02-28,943.97,Active
2140,1303,10,Savings,2025-11-07,1565.53,Active
2141,1303,10,Payroll,2025-10-21,601.88,Active
2142,1304,18,Savings,2024-09-10,2403.4,Active
2143,1304,18,Payroll,2024-09-02,1085.4,Active
2144,1305,4,Savings,2024-01-09,597.57,Active
2145,1305,4,Payroll,2024-01-26,660.36,Active
2146,1306,8,Savings,2025-04-09,1355.47,Dormant
2147,1306,8,Fixed Deposit,2025-04-13,4898.13,Active
2148,1307,5,Savings,2024-02-03,97.52,Dormant
2149,1308,1,Savings,2025-12-20,804.59,Dormant
2150,1308,1,Payroll,2025-12-17,463.95,Active
2151,1309,14,Savings,2023-05-31,1108.73,Active
2152,1310,5,Savings,2025-01-24,5830.96,Active
2153,1310,5,Fixed Deposit,2025-01-14,15271.69,Closed
2154,1310,5,Business,2025-01-22,13220.99,Dormant
2155,1311,10,Savings,2023-11-18,327.99,Active
2156,1312,18,Savings,2025-08-12,2685.04,Active
2157,1312,18,Fixed Deposit,2025-07-27,9554.91,Active
2158,1313,18,Savings,2024-06-16,726.84,Active
2159,1314,1,Savings,2026-01-06,888.16,Active
2160,1315,8,Savings,2025-07-05,778.31,Active
2161,1316,1,Savings,2025-06-03,205.79,Active
2162,1317,12,Savings,2025-07-05,568.88,Active
2163,1318,14,Savings,2024-08-20,926.26,Active
2164,1319,7,Savings,2024-12-29,710.15,Active
2165,1319,7,Fixed Deposit,2024-12-16,3006.42,Active
2166,1320,5,Savings,2025-01-30,670.38,Active
2167,1321,1,Savings,2025-08-20,421.21,Dormant
2168,1322,16,Savings,2024-05-16,2346.25,Active
2169,1323,5,Savings,2025-07-09,252.82,Active
2170,1324,12,Savings,2025-05-27,250.96,Active
2171,1325,3,Savings,2024-06-03,1303.3,Active
2172,1326,4,Savings,2024-01-14,278.16,Active
2173,1327,6,Savings,2025-11-29,2412.05,Active
2174,1327,6,Business,2025-11-19,3483.31,Active
2175,1328,3,Savings,2024-03-03,5232.6,Active
2176,1328,3,Business,2024-02-27,14662.18,Closed
2177,1329,15,Savings,2023-10-24,278.59,Active
2178,1329,15,Payroll,2023-10-17,174.76,Active
2179,1330,1,Savings,2024-08-29,392.13,Active
2180,1330,1,Payroll,2024-08-27,622.69,Active
2181,1331,10,Savings,2023-11-14,1015.87,Active
2182,1331,10,Fixed Deposit,2023-11-09,3260.48,Active
2183,1332,3,Savings,2023-05-15,1614.96,Active
2184,1333,17,Savings,2023-10-21,896.99,Active
2185,1333,17,Business,2023-11-09,1449.29,Active
2186,1334,3,Savings,2023-09-19,1144.25,Active
2187,1334,3,Fixed Deposit,2023-09-04,9199.44,Active
2188,1335,18,Savings,2023-09-04,1478.49,Active
2189,1335,18,Business,2023-09-08,8119.63,Active
2190,1336,8,Savings,2025-10-08,1537.02,Active
2191,1337,5,Savings,2024-12-12,580.18,Active
2192,1337,5,Payroll,2024-12-09,555.39,Active
2193,1338,9,Savings,2023-12-28,5658.02,Active
2194,1338,9,Business,2023-12-30,15127.0,Active
2195,1339,15,Savings,2024-05-15,50.44,Closed
2196,1339,15,Fixed Deposit,2024-05-15,152.2,Active
2197,1340,2,Savings,2024-09-07,4566.6,Active
2198,1340,2,Fixed Deposit,2024-09-20,15856.37,Active
2199,1341,3,Savings,2025-01-08,1111.26,Active
2200,1341,3,Payroll,2024-12-20,600.41,Active
2201,1342,18,Savings,2023-12-31,50.5,Active
2202,1343,2,Savings,2024-03-14,500.38,Active
2203,1343,2,Fixed Deposit,2024-03-21,3140.19,Active
2204,1343,2,Payroll,2024-03-17,482.85,Active
2205,1344,3,Savings,2024-05-01,852.07,Active
2206,1345,5,Savings,2024-09-10,4941.07,Active
2207,1345,5,Fixed Deposit,2024-09-28,9522.49,Active
2208,1345,5,Business,2024-09-07,4639.83,Active
2209,1346,17,Savings,2025-05-18,1223.41,Active
2210,1347,8,Savings,2025-02-08,990.24,Active
2211,1347,8,Fixed Deposit,2025-01-17,7786.0,Active
2212,1348,1,Savings,2025-01-19,1219.69,Active
2213,1348,1,Payroll,2025-01-15,767.43,Active
2214,1349,7,Savings,2024-08-06,739.73,Active
2215,1350,7,Savings,2024-08-29,2671.85,Active
2216,1351,13,Savings,2023-03-08,876.06,Active
2217,1351,13,Fixed Deposit,2023-02-24,3789.84,Active
2218,1352,4,Savings,2024-11-05,1337.26,Active
2219,1352,4,Payroll,2024-10-27,1689.8,Active
2220,1353,7,Savings,2025-11-10,663.35,Closed
2221,1354,11,Savings,2024-02-20,1873.91,Active
2222,1354,11,Business,2024-02-23,7824.06,Active
2223,1355,7,Fixed Deposit,2023-04-08,4347.22,Active
2224,1355,7,Payroll,2023-04-16,708.93,Active
2225,1356,10,Savings,2024-10-21,837.59,Active
2226,1356,10,Payroll,2024-11-09,689.66,Active
2227,1357,1,Savings,2023-05-31,474.38,Active
2228,1357,1,Payroll,2023-05-25,195.66,Active
2229,1358,4,Savings,2025-08-03,375.3,Active
2230,1359,13,Savings,2025-03-23,3186.24,Active
2231,1359,13,Business,2025-03-06,11313.45,Active
2232,1360,1,Savings,2024-06-13,1824.12,Active
2233,1360,1,Business,2024-05-17,5234.79,Active
2234,1361,1,Savings,2025-08-03,258.23,Active
2235,1362,18,Savings,2024-01-26,325.68,Active
2236,1362,18,Payroll,2024-02-02,526.62,Active
2237,1363,9,Savings,2024-06-01,1393.05,Active
2238,1363,9,Payroll,2024-06-04,381.41,Active
2239,1364,18,Savings,2024-01-11,1450.96,Active
2240,1364,18,Payroll,2024-01-25,944.85,Closed
2241,1365,2,Savings,2025-08-17,760.97,Active
2242,1365,2,Business,2025-08-16,8219.53,Dormant
2243,1366,10,Savings,2024-09-26,1680.84,Active
2244,1366,10,Business,2024-09-23,4126.44,Active
2245,1367,10,Savings,2026-01-13,1229.73,Active
2246,1368,17,Savings,2024-10-02,139.6,Active
2247,1369,5,Savings,2024-03-19,558.0,Active
2248,1370,1,Savings,2023-12-13,2813.62,Active
2249,1370,1,Payroll,2023-12-13,1481.82,Active
2250,1371,10,Savings,2025-12-30,2896.6,Active
2251,1371,10,Business,2026-01-04,3484.44,Active
2252,1372,3,Savings,2024-11-21,1259.19,Active
2253,1372,3,Fixed Deposit,2024-11-22,9749.97,Active
2254,1373,8,Savings,2025-12-14,1392.79,Active
2255,1373,8,Payroll,2025-12-13,918.75,Active
2256,1374,5,Savings,2024-05-14,1247.52,Active
2257,1374,5,Payroll,2024-05-09,985.97,Active
2258,1375,7,Savings,2023-08-02,408.82,Active
2259,1376,1,Savings,2025-04-18,3860.13,Closed
2260,1376,1,Business,2025-04-13,11203.84,Active
2261,1377,8,Savings,2025-11-01,2854.93,Dormant
2262,1377,8,Fixed Deposit,2025-11-14,3574.88,Active
2263,1378,5,Savings,2024-06-29,399.98,Active
2264,1378,5,Payroll,2024-06-28,329.14,Active
2265,1379,7,Savings,2024-04-24,1168.36,Active
2266,1380,15,Savings,2024-03-30,1464.79,Active
2267,1380,15,Business,2024-04-14,4045.19,Active
2268,1381,11,Savings,2025-09-28,3481.61,Active
2269,1381,11,Fixed Deposit,2025-10-08,10801.36,Dormant
2270,1381,11,Business,2025-09-24,16415.83,Active
2271,1382,5,Savings,2025-10-30,1867.95,Active
2272,1382,5,Fixed Deposit,2025-10-05,16904.64,Active
2273,1382,5,Payroll,2025-10-28,1604.33,Active
2274,1383,14,Savings,2025-06-28,2430.87,Active
2275,1383,14,Fixed Deposit,2025-07-10,4010.82,Active
2276,1384,11,Savings,2024-06-18,325.96,Active
2277,1385,10,Savings,2024-02-16,1730.57,Closed
2278,1386,7,Savings,2024-09-03,849.35,Active
2279,1386,7,Fixed Deposit,2024-09-02,2004.36,Active
2280,1386,7,Payroll,2024-08-30,262.46,Active
2281,1387,12,Savings,2023-10-13,1690.64,Closed
2282,1387,12,Business,2023-11-07,6956.42,Active
2283,1388,2,Savings,2025-01-05,1124.57,Dormant
2284,1389,6,Savings,2025-09-29,1153.38,Active
2285,1390,2,Savings,2025-08-07,1896.57,Dormant
2286,1391,13,Savings,2024-03-21,365.64,Dormant
2287,1392,6,Savings,2025-01-24,621.87,Active
2288,1393,7,Savings,2025-09-27,1238.51,Active
2289,1393,7,Fixed Deposit,2025-09-28,11643.98,Active
2290,1393,7,Payroll,2025-10-08,1055.16,Dormant
2291,1394,13,Savings,2025-01-06,1446.73,Active
2292,1395,7,Savings,2026-01-21,1658.15,Active
2293,1395,7,Payroll,2026-01-01,445.5,Active
2294,1396,3,Savings,2024-01-07,725.49,Active
2295,1396,3,Payroll,2023-12-16,424.25,Active
2296,1397,4,Savings,2024-03-15,778.54,Active
2297,1397,4,Business,2024-04-03,5468.16,Active
2298,1398,16,Savings,2025-08-25,634.45,Active
2299,1398,16,Payroll,2025-08-31,822.35,Active
2300,1399,3,Savings,2025-12-23,1007.65,Active
2301,1399,3,Fixed Deposit,2026-01-13,2338.76,Active
2302,1400,10,Savings,2025-10-24,523.02,Active
2303,1401,9,Payroll,2024-11-15,738.2,Active
2304,1402,17,Savings,2024-08-18,2780.14,Active
2305,1402,17,Business,2024-08-25,13621.81,Active
2306,1403,8,Savings,2024-05-21,801.93,Active
2307,1403,8,Fixed Deposit,2024-04-25,4337.0,Active
2308,1404,9,Savings,2026-01-01,1063.04,Active
2309,1404,9,Payroll,2025-12-19,534.62,Active
2310,1405,6,Savings,2025-09-17,77.4,Active
2311,1406,17,Savings,2024-10-21,1672.04,Active
2312,1406,17,Fixed Deposit,2024-11-11,9990.89,Active
2313,1406,17,Payroll,2024-11-12,696.87,Active
2314,1407,15,Savings,2024-04-19,105.61,Active
2315,1407,15,Fixed Deposit,2024-05-10,508.16,Active
2316,1408,3,Savings,2025-02-03,249.15,Active
2317,1409,5,Savings,2024-04-01,2306.13,Active
2318,1409,5,Payroll,2024-03-27,478.04,Active
2319,1410,1,Savings,2024-01-20,1776.55,Active
2320,1410,1,Payroll,2024-01-29,598.24,Active
2321,1411,7,Savings,2025-09-04,747.06,Active
2322,1411,7,Payroll,2025-08-12,392.11,Dormant
2323,1412,3,Payroll,2024-11-29,540.84,Active
2324,1413,1,Savings,2025-08-28,1486.8,Closed
2325,1414,1,Business,2025-12-16,16815.87,Active
2326,1415,4,Savings,2025-08-05,2339.28,Active
2327,1415,4,Business,2025-07-25,5148.1,Active
2328,1416,11,Savings,2024-05-22,469.26,Closed
2329,1416,11,Payroll,2024-05-05,695.5,Active
2330,1417,11,Savings,2023-12-08,479.27,Active
2331,1417,11,Payroll,2023-12-29,262.13,Active
2332,1418,2,Savings,2023-06-14,1844.69,Closed
2333,1419,1,Savings,2023-05-31,687.02,Active
2334,1420,7,Savings,2025-04-03,1656.67,Closed
2335,1421,6,Savings,2025-09-13,277.56,Active
2336,1422,1,Savings,2024-05-21,438.04,Active
2337,1423,14,Savings,2025-09-03,7589.04,Active
2338,1423,14,Business,2025-09-24,10520.94,Active
2339,1424,8,Savings,2025-07-29,606.75,Active
2340,1425,9,Savings,2024-12-31,1622.1,Active
2341,1426,10,Savings,2025-01-07,4011.74,Active
2342,1427,1,Savings,2024-12-01,2078.54,Active
2343,1427,1,Fixed Deposit,2024-11-20,6635.56,Active
2344,1428,3,Savings,2025-04-15,968.07,Active
2345,1428,3,Business,2025-04-14,3456.59,Active
2346,1429,3,Savings,2024-06-14,902.9,Dormant
2347,1430,12,Business,2025-06-04,8423.69,Active
2348,1431,6,Savings,2024-07-29,2224.55,Active
2349,1432,2,Savings,2024-08-17,273.03,Active
2350,1432,2,Fixed Deposit,2024-08-17,3461.26,Active
2351,1432,2,Payroll,2024-08-24,263.52,Active
2352,1433,7,Savings,2025-07-17,594.51,Active
2353,1434,1,Savings,2025-06-16,3992.33,Active
2354,1434,1,Business,2025-06-09,12455.77,Active
2355,1435,13,Savings,2023-09-24,1009.72,Active
2356,1435,13,Fixed Deposit,2023-10-08,7268.99,Active
2357,1435,13,Payroll,2023-09-21,729.52,Active
2358,1436,11,Savings,2024-02-23,518.9,Active
2359,1437,9,Savings,2025-12-02,1735.32,Active
2360,1438,5,Savings,2025-11-02,2027.44,Active
2361,1438,5,Payroll,2025-11-27,1448.12,Active
2362,1439,4,Savings,2023-03-23,2391.69,Active
2363,1439,4,Business,2023-04-14,10112.28,Active
2364,1440,9,Savings,2024-01-25,1623.44,Active
2365,1441,18,Savings,2025-12-22,757.32,Active
2366,1441,18,Business,2025-12-23,6849.37,Active
2367,1442,9,Savings,2025-12-13,1849.93,Active
2368,1443,2,Savings,2025-03-17,610.25,Closed
2369,1444,1,Savings,2026-01-16,1124.03,Active
2370,1444,1,Fixed Deposit,2026-01-29,8616.74,Active
2371,1444,1,Payroll,2026-01-13,1173.99,Active
2372,1445,13,Savings,2025-09-30,3253.19,Active
2373,1445,13,Fixed Deposit,2025-09-12,13557.51,Active
2374,1445,13,Business,2025-09-21,10140.14,Active
2375,1446,10,Savings,2025-08-07,990.32,Active
2376,1447,4,Savings,2024-06-01,772.57,Active
2377,1448,3,Savings,2023-06-18,369.67,Active
2378,1449,7,Savings,2025-11-15,2033.43,Active
2379,1449,7,Fixed Deposit,2025-11-18,16112.72,Active
2380,1449,7,Payroll,2025-11-29,1855.24,Active
2381,1450,4,Fixed Deposit,2025-03-02,10049.71,Active
2382,1450,4,Payroll,2025-02-17,1586.44,Active
2383,1451,6,Savings,2024-04-13,2114.77,Active
2384,1451,6,Fixed Deposit,2024-04-27,6768.31,Active
2385,1452,18,Savings,2023-06-10,750.84,Active
2386,1452,18,Payroll,2023-06-22,665.96,Dormant
2387,1453,8,Savings,2024-04-21,3015.17,Active
2388,1454,14,Savings,2024-10-08,3038.18,Active
2389,1454,14,Business,2024-10-17,19935.2,Active
2390,1455,10,Savings,2025-12-31,548.67,Active
2391,1455,10,Payroll,2025-12-18,747.11,Active
2392,1456,2,Savings,2025-10-05,532.1,Closed
2393,1456,2,Payroll,2025-10-05,667.77,Active
2394,1457,18,Savings,2024-04-17,2694.37,Active
2395,1457,18,Fixed Deposit,2024-05-05,7781.06,Closed
2396,1457,18,Payroll,2024-04-13,1553.69,Active
2397,1458,12,Savings,2024-08-09,1896.96,Closed
2398,1458,12,Business,2024-08-09,5465.23,Active
2399,1459,13,Savings,2025-02-24,1555.58,Active
2400,1460,13,Savings,2024-01-27,1580.77,Active
2401,1460,13,Fixed Deposit,2024-01-22,3177.55,Closed
2402,1461,17,Savings,2024-11-22,6032.07,Active
2403,1461,17,Business,2024-12-18,18970.74,Active
2404,1462,3,Savings,2024-06-14,165.02,Active
2405,1463,3,Savings,2024-07-23,3901.54,Active
2406,1464,6,Savings,2025-09-13,934.51,Active
2407,1465,8,Savings,2024-02-06,1214.97,Active
2408,1465,8,Payroll,2024-01-11,689.66,Active
2409,1466,9,Savings,2025-10-11,1274.2,Active
2410,1467,7,Savings,2024-07-18,896.0,Active
2411,1468,16,Savings,2024-03-26,453.74,Active
2412,1469,15,Savings,2024-10-16,2714.76,Active
2413,1469,15,Fixed Deposit,2024-10-18,13930.59,Active
2414,1469,15,Payroll,2024-10-29,2128.78,Active
2415,1470,4,Savings,2024-06-16,533.35,Active
2416,1470,4,Payroll,2024-06-19,702.45,Active
2417,1471,9,Savings,2024-01-04,638.18,Active
2418,1471,9,Payroll,2024-01-05,792.97,Active
2419,1472,15,Savings,2024-01-10,1900.36,Active
2420,1472,15,Business,2024-01-03,7073.27,Active
2421,1473,18,Savings,2025-02-27,2647.14,Active
2422,1473,18,Fixed Deposit,2025-02-13,11301.73,Active
2423,1473,18,Payroll,2025-02-24,1571.63,Active
2424,1474,15,Savings,2025-03-29,2519.83,Active
2425,1474,15,Fixed Deposit,2025-03-27,5367.96,Dormant
2426,1474,15,Business,2025-03-26,8232.43,Active
2427,1475,6,Savings,2023-11-03,1986.76,Active
2428,1475,6,Payroll,2023-10-19,1020.34,Active
2429,1476,2,Savings,2025-01-06,574.56,Active
2430,1478,1,Savings,2025-05-05,2136.89,Active
2431,1478,1,Fixed Deposit,2025-04-10,3171.92,Active
2432,1478,1,Payroll,2025-04-19,1256.31,Active
2433,1479,16,Savings,2024-10-25,1263.79,Active
2434,1480,12,Savings,2025-08-05,329.38,Active
2435,1481,17,Savings,2025-09-07,5518.14,Active
2436,1481,17,Business,2025-09-01,4145.32,Active
2437,1482,1,Savings,2026-01-04,1446.65,Active
2438,1482,1,Fixed Deposit,2026-01-03,12910.74,Active
2439,1483,7,Savings,2025-11-08,1649.81,Active
2440,1484,18,Savings,2025-01-25,1419.19,Active
2441,1485,11,Savings,2025-05-19,1766.38,Active
2442,1486,4,Savings,2025-06-20,1391.92,Active
2443,1486,4,Fixed Deposit,2025-07-15,14030.53,Closed
2444,1487,9,Savings,2025-06-02,643.14,Closed
2445,1488,15,Savings,2025-12-24,1503.52,Active
2446,1489,2,Savings,2023-11-14,646.35,Active
2447,1489,2,Fixed Deposit,2023-11-26,2392.92,Active
2448,1489,2,Payroll,2023-11-27,578.86,Active
2449,1490,7,Savings,2024-12-31,331.64,Active
2450,1491,17,Savings,2025-03-18,291.99,Active
2451,1492,8,Savings,2025-02-23,758.16,Active
2452,1492,8,Payroll,2025-02-25,1066.4,Active
2453,1493,5,Savings,2025-02-12,1856.96,Dormant
2454,1494,3,Savings,2025-05-21,2264.9,Active
2455,1495,18,Savings,2024-02-24,2744.75,Active
2456,1495,18,Business,2024-02-19,18529.17,Closed
2457,1496,4,Savings,2023-09-22,161.65,Active
2458,1496,4,Fixed Deposit,2023-10-02,421.77,Active
2459,1497,3,Savings,2024-08-03,1702.55,Closed
2460,1497,3,Fixed Deposit,2024-07-22,4360.28,Active
2461,1497,3,Payroll,2024-07-26,1325.08,Active
2462,1498,12,Savings,2025-05-08,126.4,Active
2463,1499,1,Savings,2025-01-08,1473.99,Dormant
2464,1500,6,Savings,2025-11-24,2354.28,Dormant
2465,1501,2,Savings,2025-12-12,926.22,Active
2466,1501,2,Payroll,2025-12-03,334.55,Active
2467,1502,11,Savings,2024-05-15,1678.42,Active
2468,1502,11,Payroll,2024-05-01,537.63,Active
2469,1503,14,Savings,2023-06-15,550.94,Active
2470,1504,10,Savings,2023-03-07,890.08,Active
2471,1504,10,Payroll,2023-03-17,553.45,Active
2472,1505,7,Savings,2023-12-17,674.42,Active
2473,1505,7,Payroll,2023-12-17,806.0,Active
2474,1506,11,Savings,2023-08-03,1576.43,Dormant
2475,1506,11,Fixed Deposit,2023-08-12,5022.88,Active
2476,1506,11,Business,2023-07-21,10398.47,Active
2477,1507,16,Savings,2024-12-29,958.88,Active
2478,1508,5,Savings,2024-11-11,763.36,Active
2479,1508,5,Payroll,2024-11-16,409.09,Active
2480,1509,4,Savings,2025-01-04,1451.63,Active
2481,1509,4,Payroll,2024-12-29,333.29,Closed
2482,1510,18,Savings,2025-12-14,1019.56,Active
2483,1511,8,Savings,2025-01-20,1752.79,Active
2484,1511,8,Payroll,2025-01-19,1346.77,Active
2485,1512,16,Savings,2023-11-10,3416.16,Active
2486,1513,11,Savings,2025-01-23,610.45,Active
2487,1515,2,Savings,2026-01-19,313.88,Active
2488,1515,2,Fixed Deposit,2025-12-31,2604.43,Active
2489,1516,8,Savings,2024-10-31,119.85,Active
2490,1517,7,Savings,2025-10-05,716.54,Active
2491,1517,7,Payroll,2025-10-23,890.02,Active
2492,1518,2,Savings,2023-11-30,1324.29,Active
2493,1518,2,Fixed Deposit,2023-11-23,5283.48,Active
2494,1518,2,Business,2023-12-08,12434.05,Active
2495,1519,14,Savings,2025-07-12,3256.01,Active
2496,1519,14,Fixed Deposit,2025-06-18,6152.01,Active
2497,1520,7,Savings,2024-10-08,2242.32,Active
2498,1520,7,Fixed Deposit,2024-09-27,14290.7,Active
2499,1520,7,Business,2024-10-10,12943.15,Active
2500,1521,12,Savings,2024-11-30,1413.46,Active
2501,1522,13,Savings,2024-04-29,1798.9,Active
2502,1522,13,Payroll,2024-04-29,850.03,Active
2503,1523,4,Savings,2025-02-23,2008.82,Active
2504,1523,4,Business,2025-02-27,15323.87,Active
2505,1524,6,Savings,2026-01-02,1996.91,Active
2506,1524,6,Payroll,2025-12-27,1048.54,Active
2507,1525,4,Savings,2023-03-05,3649.26,Active
2508,1525,4,Fixed Deposit,2023-02-28,21050.68,Active
2509,1525,4,Business,2023-03-08,4442.57,Active
2510,1527,9,Savings,2024-11-22,1042.37,Active
2511,1528,16,Savings,2024-12-15,1442.1,Active
2512,1528,16,Payroll,2024-12-12,647.12,Active
2513,1529,11,Savings,2025-11-24,5323.7,Active
2514,1529,11,Business,2025-12-04,8627.67,Active
2515,1530,13,Savings,2025-05-26,1516.31,Active
2516,1530,13,Fixed Deposit,2025-05-13,8713.52,Active
2517,1531,9,Savings,2024-07-03,1938.53,Active
2518,1531,9,Fixed Deposit,2024-07-15,8042.02,Active
2519,1531,9,Payroll,2024-07-18,737.02,Closed
2520,1532,14,Savings,2024-09-16,287.21,Active
2521,1532,14,Payroll,2024-09-08,668.71,Active
2522,1534,18,Savings,2023-11-12,542.43,Active
2523,1535,7,Savings,2024-07-17,818.44,Active
2524,1535,7,Fixed Deposit,2024-07-18,11929.56,Active
2525,1535,7,Business,2024-08-07,8696.4,Active
2526,1536,5,Savings,2024-02-24,1044.13,Active
2527,1536,5,Payroll,2024-02-10,668.38,Active
2528,1537,9,Savings,2024-10-11,449.27,Active
2529,1538,12,Savings,2023-12-26,3033.65,Active
2530,1538,12,Fixed Deposit,2024-01-16,7636.0,Active
2531,1538,12,Business,2023-12-31,4592.32,Active
2532,1539,4,Savings,2024-05-14,1106.41,Active
2533,1539,4,Fixed Deposit,2024-04-24,2451.57,Active
2534,1540,9,Savings,2025-07-13,3700.01,Active
2535,1540,9,Fixed Deposit,2025-07-10,19147.11,Active
2536,1540,9,Business,2025-06-24,15047.63,Active
2537,1541,6,Savings,2024-10-12,1952.29,Active
2538,1541,6,Payroll,2024-10-26,1507.29,Dormant
2539,1542,6,Savings,2024-10-29,2208.69,Active
2540,1542,6,Fixed Deposit,2024-10-19,9161.49,Active
2541,1542,6,Payroll,2024-10-03,1187.21,Active
2542,1543,18,Savings,2024-07-22,2465.32,Active
2543,1543,18,Fixed Deposit,2024-07-31,7817.44,Active
2544,1544,2,Savings,2024-10-31,196.96,Active
2545,1546,2,Savings,2025-01-22,1616.91,Active
2546,1546,2,Payroll,2025-02-04,909.53,Active
2547,1547,7,Fixed Deposit,2025-03-14,6317.07,Dormant
2548,1547,7,Payroll,2025-03-08,1063.49,Active
2549,1548,18,Savings,2025-08-30,1068.53,Active
2550,1548,18,Payroll,2025-09-09,826.82,Active
2551,1550,17,Savings,2024-10-29,452.41,Active
2552,1551,11,Savings,2023-09-29,260.78,Active
2553,1552,12,Savings,2023-08-12,756.97,Closed
2554,1552,12,Fixed Deposit,2023-08-23,6528.69,Closed
2555,1552,12,Business,2023-08-16,10835.68,Active
2556,1553,3,Savings,2024-06-12,2415.8,Dormant
2557,1553,3,Business,2024-05-24,8035.95,Active
2558,1554,14,Savings,2024-10-28,338.41,Active
2559,1555,3,Savings,2025-09-14,571.33,Active
2560,1555,3,Fixed Deposit,2025-09-19,1701.21,Active
2561,1556,4,Savings,2025-07-27,530.88,Dormant
2562,1556,4,Fixed Deposit,2025-07-29,6489.16,Dormant
2563,1556,4,Business,2025-08-04,8813.71,Active
2564,1557,5,Savings,2025-10-03,1046.81,Active
2565,1557,5,Payroll,2025-10-18,227.32,Active
2566,1558,4,Savings,2025-06-18,74.43,Active
2567,1559,2,Savings,2024-03-14,755.56,Active
2568,1560,4,Savings,2023-07-28,657.23,Active
2569,1561,8,Savings,2025-02-24,1003.9,Active
2570,1562,13,Savings,2023-06-24,3748.28,Active
2571,1562,13,Business,2023-07-03,18230.26,Active
2572,1563,3,Savings,2024-03-27,222.45,Active
2573,1564,18,Savings,2024-11-06,441.21,Active
2574,1564,18,Fixed Deposit,2024-10-13,4030.75,Active
2575,1565,8,Savings,2024-05-13,1371.04,Active
2576,1565,8,Payroll,2024-05-22,368.91,Active
2577,1566,13,Savings,2024-01-29,999.45,Active
2578,1566,13,Payroll,2024-01-09,726.12,Active
2579,1567,9,Savings,2024-02-06,254.02,Active
2580,1568,1,Savings,2023-08-22,4096.18,Active
2581,1568,1,Business,2023-08-13,12600.3,Active
2582,1569,11,Savings,2024-02-24,93.4,Active
2583,1570,12,Savings,2024-02-14,601.99,Active
2584,1570,12,Payroll,2024-02-11,1417.35,Active
2585,1571,5,Savings,2024-10-21,2140.92,Active
2586,1572,7,Savings,2025-12-07,2715.52,Active
2587,1572,7,Fixed Deposit,2025-11-29,7344.28,Active
2588,1573,1,Savings,2024-11-14,1136.53,Active
2589,1573,1,Payroll,2024-12-02,575.71,Active
2590,1574,10,Savings,2024-04-30,987.36,Active
2591,1574,10,Payroll,2024-04-28,643.3,Active
2592,1575,2,Savings,2023-03-08,981.01,Active
2593,1576,2,Savings,2024-08-11,2344.58,Active
2594,1576,2,Payroll,2024-09-07,1172.72,Active
2595,1577,11,Savings,2025-01-06,1555.11,Closed
2596,1577,11,Payroll,2025-01-10,446.0,Active
2597,1578,16,Savings,2024-08-06,2614.89,Active
2598,1578,16,Fixed Deposit,2024-08-17,19725.65,Active
2599,1578,16,Business,2024-08-12,7455.4,Active
2600,1579,9,Savings,2025-09-26,2892.31,Active
2601,1579,9,Business,2025-09-23,9518.97,Dormant
2602,1580,6,Savings,2024-06-18,692.98,Dormant
2603,1580,6,Payroll,2024-06-08,579.53,Active
2604,1581,18,Savings,2024-01-27,2083.33,Active
2605,1581,18,Business,2024-02-19,10141.4,Closed
2606,1582,6,Savings,2025-09-14,1679.39,Active
2607,1583,7,Savings,2025-06-17,795.07,Active
2608,1583,7,Fixed Deposit,2025-06-28,3189.12,Active
2609,1583,7,Payroll,2025-06-29,1193.61,Active
2610,1584,7,Savings,2025-02-25,949.93,Closed
2611,1585,8,Savings,2025-12-21,298.05,Active
2612,1585,8,Fixed Deposit,2025-12-14,851.26,Active
2613,1585,8,Payroll,2025-12-12,390.47,Active
2614,1586,18,Savings,2023-03-06,1133.42,Active
2615,1586,18,Fixed Deposit,2023-03-15,5062.54,Dormant
2616,1586,18,Payroll,2023-03-23,729.94,Active
2617,1587,2,Fixed Deposit,2025-03-13,7646.69,Active
2618,1587,2,Business,2025-03-12,7638.35,Active
2619,1588,7,Savings,2025-08-11,675.26,Active
2620,1589,3,Savings,2025-08-04,810.37,Active
2621,1590,14,Savings,2025-03-02,1009.56,Active
2622,1590,14,Payroll,2025-02-24,465.52,Active
2623,1591,6,Savings,2025-08-16,952.61,Active
2624,1591,6,Payroll,2025-08-13,311.73,Active
2625,1592,11,Savings,2024-05-18,949.72,Active
2626,1592,11,Payroll,2024-05-31,397.76,Active
2627,1593,4,Savings,2025-06-21,36.54,Active
2628,1594,4,Savings,2025-03-12,907.8,Active
2629,1594,4,Fixed Deposit,2025-03-21,3976.82,Dormant
2630,1594,4,Payroll,2025-02-26,464.16,Active
2631,1595,4,Savings,2026-01-01,1533.69,Dormant
2632,1596,18,Savings,2025-11-18,812.01,Active
2633,1596,18,Fixed Deposit,2025-11-21,4618.52,Active
2634,1596,18,Payroll,2025-11-23,352.88,Active
2635,1597,8,Savings,2024-06-17,657.7,Active
2636,1598,14,Savings,2025-12-01,398.37,Active
2637,1599,7,Savings,2025-03-18,1483.52,Active
2638,1599,7,Payroll,2025-03-03,581.65,Active
2639,1600,13,Savings,2024-04-08,1222.66,Active
2640,1600,13,Fixed Deposit,2024-03-29,17863.96,Active
2641,1601,18,Savings,2025-08-11,3276.4,Active
2642,1601,18,Payroll,2025-09-01,1745.91,Active
2643,1602,16,Savings,2025-12-19,3497.02,Active
2644,1602,16,Fixed Deposit,2025-11-29,7307.09,Active
2645,1603,5,Savings,2023-06-27,1341.98,Active
2646,1603,5,Business,2023-06-24,4849.65,Active
2647,1605,2,Savings,2025-03-09,2730.05,Active
2648,1605,2,Payroll,2025-03-05,844.18,Active
2649,1606,18,Savings,2025-10-07,1408.75,Active
2650,1607,6,Savings,2025-09-17,400.55,Active
2651,1607,6,Payroll,2025-10-07,885.24,Active
2652,1608,9,Savings,2024-10-16,3500.55,Active
2653,1608,9,Business,2024-09-27,16470.36,Active
2654,1609,18,Savings,2024-01-01,910.63,Dormant
2655,1610,3,Savings,2024-03-30,6831.27,Active
2656,1610,3,Business,2024-04-01,20886.56,Active
2657,1611,2,Savings,2023-09-11,814.72,Active
2658,1611,2,Payroll,2023-08-19,233.38,Active
2659,1612,10,Savings,2025-01-03,1082.97,Active
2660,1613,1,Savings,2025-03-28,8859.99,Active
2661,1613,1,Fixed Deposit,2025-03-21,26443.98,Dormant
2662,1614,14,Savings,2025-10-18,707.75,Active
2663,1614,14,Business,2025-10-20,9326.38,Active
2664,1615,1,Savings,2025-02-14,1631.21,Active
2665,1616,6,Savings,2025-10-02,146.01,Active
2666,1617,2,Payroll,2025-07-06,691.2,Active
2667,1618,12,Savings,2025-07-10,793.76,Active
2668,1619,10,Savings,2024-10-01,1379.63,Active
2669,1619,10,Payroll,2024-09-09,696.56,Active
2670,1620,1,Savings,2025-06-10,2541.68,Active
2671,1620,1,Business,2025-05-25,3578.6,Active
2672,1621,15,Savings,2025-08-28,280.27,Active
2673,1622,18,Savings,2025-09-18,3300.68,Active
2674,1623,1,Savings,2024-10-29,1791.61,Active
2675,1623,1,Fixed Deposit,2024-11-03,7352.67,Active
2676,1624,3,Savings,2024-12-12,854.0,Active
2677,1625,1,Savings,2024-01-25,677.81,Active
2678,1625,1,Fixed Deposit,2024-02-20,8217.01,Active
2679,1626,4,Savings,2023-08-17,4045.79,Active
2680,1626,4,Business,2023-08-30,22688.16,Active
2681,1627,17,Savings,2024-11-21,1227.15,Active
2682,1627,17,Payroll,2024-12-08,432.34,Dormant
2683,1628,10,Savings,2025-08-15,181.95,Active
2684,1629,7,Savings,2025-12-30,870.14,Active
2685,1629,7,Payroll,2025-12-12,1485.78,Active
2686,1630,8,Savings,2025-09-16,1856.01,Dormant
2687,1630,8,Payroll,2025-09-01,854.15,Active
2688,1631,5,Savings,2025-07-16,919.25,Active
2689,1631,5,Payroll,2025-07-19,516.72,Active
2690,1632,2,Savings,2025-06-30,8175.58,Dormant
2691,1632,2,Business,2025-06-22,24245.75,Active
2692,1633,7,Business,2023-07-21,8115.07,Active
2693,1634,3,Savings,2025-07-02,2072.65,Active
2694,1634,3,Payroll,2025-07-09,749.15,Active
2695,1635,11,Savings,2025-05-15,1557.3,Active
2696,1635,11,Fixed Deposit,2025-06-03,8846.62,Closed
2697,1635,11,Business,2025-05-24,6632.73,Active
2698,1636,8,Savings,2025-02-06,1875.11,Active
2699,1636,8,Fixed Deposit,2025-02-20,11128.51,Active
2700,1637,2,Savings,2024-06-19,599.73,Active
2701,1637,2,Fixed Deposit,2024-06-10,2621.3,Active
2702,1638,8,Savings,2025-07-10,977.76,Active
2703,1639,6,Savings,2025-06-04,3078.27,Active
2704,1639,6,Payroll,2025-05-28,752.38,Active
2705,1640,12,Savings,2024-01-28,597.8,Dormant
2706,1641,4,Savings,2024-02-12,1007.96,Active
2707,1642,15,Savings,2024-05-19,418.83,Active
2708,1643,2,Savings,2024-08-10,2260.66,Active
2709,1643,2,Payroll,2024-08-04,722.9,Active
2710,1644,9,Savings,2023-07-19,1304.24,Active
2711,1644,9,Fixed Deposit,2023-07-15,3362.6,Active
2712,1644,9,Payroll,2023-07-21,493.56,Closed
2713,1645,1,Business,2026-01-07,20874.72,Active
2714,1646,1,Savings,2024-07-04,1419.57,Closed
2715,1647,7,Savings,2025-12-31,1443.02,Active
2716,1647,7,Business,2025-12-31,9799.19,Active
2717,1648,3,Savings,2024-07-29,1925.55,Active
2718,1649,8,Savings,2024-01-13,395.11,Active
2719,1649,8,Fixed Deposit,2024-01-18,2026.82,Active
2720,1650,10,Savings,2023-03-28,1239.67,Active
2721,1651,18,Savings,2024-03-31,1402.0,Active
2722,1651,18,Payroll,2024-03-18,502.55,Active
2723,1652,17,Savings,2024-08-28,3769.15,Active
2724,1652,17,Business,2024-09-03,10117.03,Active
2725,1653,12,Savings,2024-05-22,226.53,Active
2726,1654,7,Savings,2024-10-09,669.54,Active
2727,1654,7,Fixed Deposit,2024-10-10,3525.89,Active
2728,1655,3,Savings,2025-10-25,1105.94,Active
2729,1656,10,Savings,2023-11-12,348.38,Active
2730,1657,5,Savings,2025-05-08,1946.37,Dormant
2731,1657,5,Business,2025-05-02,10386.29,Active
2732,1658,10,Savings,2024-06-19,1281.53,Active
2733,1659,1,Savings,2025-09-05,1229.65,Active
2734,1660,9,Savings,2025-10-31,1805.33,Active
2735,1660,9,Fixed Deposit,2025-11-12,7632.01,Active
2736,1661,6,Savings,2025-04-18,1937.95,Active
2737,1661,6,Fixed Deposit,2025-04-13,3710.17,Active
2738,1661,6,Payroll,2025-04-08,687.52,Active
2739,1662,4,Savings,2023-11-18,227.49,Active
2740,1662,4,Payroll,2023-12-10,311.83,Active
2741,1663,7,Savings,2025-09-05,524.92,Active
2742,1663,7,Payroll,2025-09-24,485.32,Active
2743,1664,10,Savings,2025-01-17,1733.89,Active
2744,1664,10,Business,2025-01-27,4300.04,Active
2745,1665,1,Savings,2025-02-06,1246.18,Active
2746,1665,1,Payroll,2025-02-21,534.32,Active
2747,1666,3,Savings,2025-03-26,821.55,Active
2748,1666,3,Payroll,2025-04-04,350.46,Active
2749,1667,15,Savings,2025-02-23,839.82,Active
2750,1668,6,Savings,2025-06-12,4383.91,Active
2751,1668,6,Fixed Deposit,2025-06-05,8826.93,Active
2752,1668,6,Business,2025-05-28,12988.68,Active
2753,1669,3,Savings,2024-11-26,1775.2,Active
2754,1670,12,Savings,2023-07-22,406.37,Active
2755,1670,12,Fixed Deposit,2023-07-17,4478.4,Active
2756,1671,2,Savings,2023-11-16,841.27,Active
2757,1672,9,Savings,2026-01-03,521.5,Active
2758,1672,9,Payroll,2025-12-11,303.42,Active
2759,1673,18,Savings,2024-03-30,2018.94,Dormant
2760,1674,15,Savings,2025-02-11,2285.67,Active
2761,1675,3,Savings,2025-09-27,2670.15,Active
2762,1675,3,Payroll,2025-09-28,1296.41,Active
2763,1676,4,Savings,2024-05-11,2267.42,Dormant
2764,1676,4,Business,2024-04-27,4862.49,Active
2765,1677,15,Savings,2025-03-26,296.47,Active
2766,1678,3,Savings,2025-08-31,1261.31,Active
2767,1679,16,Savings,2023-12-09,878.56,Active
2768,1681,3,Savings,2026-01-22,116.77,Active
2769,1682,4,Savings,2024-04-02,1684.51,Closed
2770,1683,12,Savings,2024-06-30,2494.92,Closed
2771,1683,12,Fixed Deposit,2024-07-06,16830.85,Active
2772,1684,9,Savings,2023-09-10,572.89,Active
2773,1684,9,Payroll,2023-09-17,725.39,Dormant
2774,1685,15,Savings,2023-04-11,2792.53,Active
2775,1685,15,Fixed Deposit,2023-04-20,9267.86,Active
2776,1685,15,Business,2023-04-12,8753.64,Active
2777,1686,3,Savings,2023-12-10,2032.31,Active
2778,1686,3,Fixed Deposit,2023-11-22,10693.62,Active
2779,1687,3,Savings,2024-06-11,538.79,Active
2780,1688,16,Savings,2024-10-12,3789.08,Active
2781,1688,16,Business,2024-09-25,12418.19,Active
2782,1689,9,Savings,2024-11-17,3552.21,Active
2783,1689,9,Fixed Deposit,2024-11-02,10733.41,Active
2784,1690,16,Savings,2025-07-31,341.33,Active
2785,1690,16,Fixed Deposit,2025-07-28,1055.39,Active
2786,1691,9,Savings,2024-01-30,863.58,Active
2787,1693,7,Savings,2025-03-26,226.2,Active
2788,1694,11,Savings,2025-05-05,4679.47,Active
2789,1694,11,Fixed Deposit,2025-05-02,12804.36,Active
2790,1695,16,Savings,2024-09-22,127.47,Active
2791,1696,7,Savings,2025-08-20,595.88,Active
2792,1696,7,Fixed Deposit,2025-09-04,3834.13,Active
2793,1697,11,Savings,2024-11-04,6039.88,Active
2794,1697,11,Fixed Deposit,2024-10-28,26647.33,Active
2795,1697,11,Business,2024-10-27,33553.98,Active
2796,1698,15,Savings,2025-05-03,4807.88,Active
2797,1698,15,Business,2025-04-27,7192.25,Active
2798,1699,18,Savings,2024-12-22,1056.41,Active
2799,1699,18,Payroll,2025-01-02,563.2,Active
2800,1700,8,Savings,2025-06-25,838.44,Dormant
2801,1701,3,Savings,2025-05-25,305.43,Active
2802,1702,13,Savings,2024-12-17,424.6,Active
2803,1703,18,Savings,2023-11-30,3048.98,Active
2804,1703,18,Payroll,2023-12-03,1377.94,Active
2805,1704,17,Savings,2023-06-06,781.02,Active
2806,1704,17,Fixed Deposit,2023-05-19,11631.87,Active
2807,1704,17,Business,2023-05-30,3541.16,Active
2808,1705,18,Savings,2025-10-02,2154.52,Active
2809,1705,18,Payroll,2025-09-30,695.71,Active
2810,1706,4,Savings,2024-10-23,569.6,Active
2811,1706,4,Business,2024-10-23,3642.21,Active
2812,1707,16,Savings,2023-04-24,3084.76,Active
2813,1707,16,Payroll,2023-04-23,913.81,Active
2814,1708,6,Savings,2024-07-21,1523.01,Active
2815,1708,6,Fixed Deposit,2024-06-30,9921.58,Closed
2816,1708,6,Business,2024-06-30,20200.26,Active
2817,1709,13,Savings,2025-10-08,2213.5,Active
2818,1709,13,Fixed Deposit,2025-10-11,22590.63,Active
2819,1709,13,Business,2025-10-10,7138.66,Active
2820,1710,16,Savings,2025-08-02,3133.93,Active
2821,1710,16,Fixed Deposit,2025-07-22,13734.08,Active
2822,1710,16,Business,2025-07-19,13014.47,Active
2823,1711,6,Savings,2025-12-02,777.12,Active
2824,1711,6,Fixed Deposit,2025-12-01,9106.44,Active
2825,1712,12,Savings,2024-02-16,1290.03,Active
2826,1712,12,Payroll,2024-01-22,575.48,Active
2827,1713,8,Business,2025-09-27,6139.15,Dormant
2828,1714,10,Savings,2023-10-12,327.03,Active
2829,1715,16,Savings,2023-11-29,2699.6,Active
2830,1715,16,Fixed Deposit,2023-12-02,5856.39,Active
2831,1715,16,Business,2023-12-14,6381.52,Active
2832,1716,1,Savings,2025-08-22,812.52,Active
2833,1716,1,Fixed Deposit,2025-08-09,14428.92,Active
2834,1716,1,Payroll,2025-08-05,1017.59,Active
2835,1717,7,Savings,2024-11-07,948.8,Active
2836,1717,7,Fixed Deposit,2024-11-22,3835.99,Active
2837,1717,7,Payroll,2024-11-18,294.44,Active
2838,1718,11,Savings,2024-06-07,769.62,Active
2839,1719,3,Savings,2025-05-27,2682.91,Active
2840,1719,3,Payroll,2025-05-22,945.74,Active
2841,1720,4,Savings,2025-04-20,1207.48,Active
2842,1721,13,Fixed Deposit,2026-01-11,10821.46,Active
2843,1721,13,Payroll,2026-01-19,1304.1,Active
2844,1722,6,Savings,2025-08-04,3673.06,Active
2845,1722,6,Business,2025-08-19,8443.97,Active
2846,1723,13,Savings,2024-01-30,1964.35,Active
2847,1723,13,Business,2024-01-15,6282.8,Active
2848,1724,3,Savings,2024-02-21,430.97,Active
2849,1725,12,Savings,2024-06-10,4121.97,Dormant
2850,1726,17,Savings,2023-03-29,1418.21,Active
2851,1726,17,Business,2023-03-27,7545.01,Active
2852,1727,3,Savings,2024-05-05,2101.03,Active
2853,1727,3,Fixed Deposit,2024-05-31,3054.3,Active
2854,1727,3,Payroll,2024-05-14,585.03,Active
2855,1728,9,Savings,2025-12-31,312.64,Active
2856,1729,6,Savings,2025-09-20,1333.9,Dormant
2857,1729,6,Payroll,2025-09-14,395.69,Active
2858,1730,18,Savings,2025-04-06,1269.05,Active
2859,1731,12,Savings,2024-06-23,765.71,Closed
2860,1732,14,Savings,2025-02-18,853.4,Active
2861,1732,14,Payroll,2025-03-01,178.79,Active
2862,1733,6,Savings,2025-03-13,214.23,Active
2863,1734,5,Savings,2025-07-25,490.27,Active
2864,1734,5,Fixed Deposit,2025-07-01,4286.93,Active
2865,1734,5,Payroll,2025-07-11,469.84,Active
2866,1735,2,Savings,2024-07-19,450.45,Active
2867,1735,2,Fixed Deposit,2024-07-21,3884.15,Active
2868,1737,3,Savings,2025-07-12,486.89,Active
2869,1737,3,Payroll,2025-06-20,309.73,Active
2870,1738,18,Savings,2025-08-27,2053.31,Active
2871,1738,18,Payroll,2025-08-28,1027.23,Active
2872,1739,9,Savings,2025-05-16,586.46,Closed
2873,1739,9,Fixed Deposit,2025-05-13,1261.75,Active
2874,1740,8,Savings,2025-02-27,1046.33,Active
2875,1740,8,Business,2025-03-11,10070.44,Active
2876,1741,7,Savings,2025-01-28,404.39,Active
2877,1742,7,Savings,2025-09-19,798.92,Active
2878,1743,5,Savings,2024-12-08,2103.03,Active
2879,1743,5,Business,2024-12-09,12185.61,Active
2880,1744,1,Savings,2025-06-22,1328.19,Active
2881,1744,1,Fixed Deposit,2025-07-04,8502.39,Active
2882,1744,1,Payroll,2025-07-04,697.73,Active
2883,1745,13,Savings,2025-12-17,550.22,Active
2884,1746,1,Savings,2024-11-15,514.05,Active
2885,1747,7,Savings,2024-08-17,4239.1,Active
2886,1747,7,Business,2024-08-08,4867.62,Active
2887,1748,10,Savings,2023-04-14,2129.8,Active
2888,1748,10,Fixed Deposit,2023-04-22,6543.6,Active
2889,1749,4,Savings,2025-01-28,1049.68,Active
2890,1750,18,Savings,2024-04-25,2592.2,Active
2891,1750,18,Fixed Deposit,2024-04-12,3707.77,Active
2892,1750,18,Payroll,2024-04-16,1211.85,Active
2893,1751,5,Savings,2024-04-25,128.62,Active
2894,1752,3,Savings,2024-09-27,1988.88,Active
2895,1753,4,Savings,2023-10-31,1963.58,Active
2896,1753,4,Payroll,2023-10-25,631.31,Active
2897,1754,13,Savings,2024-11-06,209.34,Active
2898,1755,6,Savings,2024-12-15,2631.29,Closed
2899,1755,6,Business,2025-01-03,2201.91,Active
2900,1756,17,Savings,2025-11-02,2412.25,Active
2901,1756,17,Payroll,2025-11-06,693.92,Active
2902,1757,10,Savings,2024-09-22,2658.09,Active
2903,1757,10,Business,2024-09-11,7955.37,Active
2904,1758,13,Savings,2024-02-27,256.03,Active
2905,1758,13,Fixed Deposit,2024-03-16,4107.18,Active
2906,1758,13,Payroll,2024-03-12,453.36,Active
2907,1759,18,Savings,2025-07-16,1065.39,Dormant
2908,1759,18,Payroll,2025-07-03,732.72,Active
2909,1760,9,Savings,2024-09-20,296.29,Active
2910,1761,8,Savings,2025-08-16,3001.42,Active
2911,1761,8,Payroll,2025-09-07,980.48,Active
2912,1762,8,Savings,2025-10-10,1086.39,Active
2913,1762,8,Fixed Deposit,2025-10-21,4983.02,Active
2914,1763,11,Savings,2025-05-16,653.87,Active
2915,1764,3,Savings,2023-08-31,3130.84,Active
2916,1764,3,Fixed Deposit,2023-08-26,17487.23,Active
2917,1765,13,Savings,2025-02-03,1262.81,Active
2918,1765,13,Payroll,2025-01-10,300.62,Active
2919,1766,13,Savings,2024-01-15,293.17,Active
2920,1766,13,Fixed Deposit,2024-01-17,2682.91,Active
2921,1767,12,Savings,2024-05-17,1177.59,Active
2922,1767,12,Payroll,2024-04-28,897.12,Active
2923,1768,9,Savings,2025-05-29,803.33,Active
2924,1769,18,Savings,2024-10-18,787.66,Active
2925,1769,18,Payroll,2024-10-19,1233.59,Active
2926,1770,18,Savings,2025-06-11,911.69,Active
2927,1770,18,Fixed Deposit,2025-05-25,3376.64,Active
2928,1771,9,Savings,2025-03-19,696.04,Active
2929,1773,15,Savings,2025-02-14,998.48,Active
2930,1773,15,Payroll,2025-01-22,743.85,Active
2931,1774,17,Savings,2023-09-22,1012.99,Closed
2932,1775,4,Savings,2024-05-19,321.98,Active
2933,1776,6,Savings,2025-08-14,811.06,Active
2934,1776,6,Fixed Deposit,2025-09-01,2394.24,Active
2935,1777,9,Savings,2024-03-22,675.79,Active
2936,1777,9,Fixed Deposit,2024-03-01,3077.89,Active
2937,1778,4,Savings,2023-08-08,599.98,Active
2938,1778,4,Fixed Deposit,2023-08-17,1502.13,Active
2939,1778,4,Payroll,2023-08-23,549.28,Active
2940,1779,6,Savings,2024-05-04,581.37,Active
2941,1779,6,Fixed Deposit,2024-05-07,4099.29,Active
2942,1779,6,Payroll,2024-05-04,887.22,Active
2943,1780,4,Savings,2023-03-01,3100.26,Active
2944,1780,4,Business,2023-03-02,9125.49,Active
2945,1781,16,Savings,2024-03-19,627.55,Active
2946,1783,2,Savings,2025-12-02,1350.73,Active
2947,1783,2,Payroll,2025-11-28,758.65,Active
2948,1784,4,Savings,2025-12-21,976.09,Active
2949,1784,4,Payroll,2025-12-26,690.21,Active
2950,1785,18,Savings,2025-05-02,1044.77,Closed
2951,1785,18,Business,2025-04-27,6168.21,Active
2952,1786,11,Savings,2025-11-22,2656.41,Dormant
2953,1786,11,Payroll,2025-11-27,1340.55,Active
2954,1787,7,Savings,2025-10-17,391.22,Active
2955,1787,7,Payroll,2025-10-09,767.75,Active
2956,1788,6,Savings,2024-05-19,1109.43,Active
2957,1789,7,Savings,2024-05-13,1311.08,Active
2958,1789,7,Business,2024-05-29,4760.0,Active
2959,1790,7,Savings,2026-01-10,1328.77,Active
2960,1790,7,Payroll,2025-12-31,1384.1,Active
2961,1791,17,Savings,2025-10-26,2833.42,Active
2962,1791,17,Fixed Deposit,2025-10-31,19085.99,Active
2963,1791,17,Business,2025-10-17,20124.42,Active
2964,1792,16,Savings,2024-09-17,357.95,Active
2965,1793,7,Savings,2024-05-03,4168.92,Active
2966,1793,7,Business,2024-04-17,11583.7,Active
2967,1794,2,Savings,2024-03-05,340.88,Active
2968,1795,18,Savings,2025-01-14,993.73,Active
2969,1795,18,Payroll,2025-01-19,529.13,Active
2970,1796,7,Savings,2024-10-30,2504.26,Active
2971,1796,7,Business,2024-10-30,7715.88,Active
2972,1797,4,Savings,2025-08-13,733.51,Active
2973,1797,4,Payroll,2025-08-02,815.91,Active
2974,1798,3,Savings,2023-02-09,2082.92,Active
2975,1799,5,Savings,2025-08-22,759.84,Active
2976,1800,7,Savings,2023-05-29,1758.33,Dormant
2977,1800,7,Fixed Deposit,2023-06-02,19774.85,Active
2978,1800,7,Business,2023-06-07,10131.78,Active
2979,1801,3,Savings,2025-12-18,1418.84,Active
2980,1801,3,Fixed Deposit,2025-12-11,8131.89,Active
2981,1802,17,Savings,2024-04-20,702.4,Active
2982,1802,17,Payroll,2024-03-29,195.55,Active
2983,1803,17,Savings,2024-10-25,634.76,Active
2984,1804,13,Savings,2025-12-17,637.41,Active
2985,1804,13,Payroll,2025-11-27,452.05,Active
2986,1805,12,Savings,2024-08-06,1376.36,Active
2987,1806,6,Savings,2025-04-29,2931.03,Active
2988,1806,6,Fixed Deposit,2025-05-10,15306.03,Closed
2989,1806,6,Business,2025-05-17,14436.6,Active
2990,1807,17,Savings,2024-02-28,1200.71,Active
2991,1807,17,Fixed Deposit,2024-02-29,5740.29,Active
2992,1808,7,Savings,2025-06-06,1074.52,Active
2993,1809,7,Savings,2025-11-18,85.81,Active
2994,1810,6,Savings,2025-01-17,821.03,Active
2995,1811,1,Savings,2025-07-06,1333.15,Dormant
2996,1811,1,Payroll,2025-07-14,379.3,Dormant
2997,1812,1,Savings,2025-03-03,161.28,Active
2998,1813,1,Savings,2024-04-18,231.84,Active
2999,1814,2,Savings,2024-01-15,970.8,Active
3000,1815,6,Savings,2025-06-23,452.83,Active
3001,1815,6,Payroll,2025-07-03,359.8,Dormant
3002,1817,17,Savings,2024-07-06,2369.74,Active
3003,1817,17,Payroll,2024-07-13,654.83,Active
3004,1818,4,Savings,2025-11-05,931.93,Active
3005,1819,18,Savings,2025-05-03,475.91,Active
3006,1819,18,Payroll,2025-04-29,1019.42,Active
3007,1820,6,Savings,2025-07-25,142.22,Closed
3008,1820,6,Fixed Deposit,2025-07-11,966.92,Active
3009,1821,1,Savings,2024-11-25,2548.57,Active
3010,1821,1,Fixed Deposit,2024-11-26,5709.21,Active
3011,1822,13,Savings,2024-03-11,4939.12,Active
3012,1822,13,Business,2024-02-24,7277.01,Active
3013,1823,18,Savings,2025-04-09,1483.42,Active
3014,1824,6,Savings,2024-10-12,1881.27,Dormant
3015,1824,6,Fixed Deposit,2024-10-03,7406.44,Active
3016,1824,6,Payroll,2024-10-23,1061.68,Active
3017,1825,16,Savings,2023-06-18,3173.76,Active
3018,1825,16,Fixed Deposit,2023-06-09,8364.67,Active
3019,1826,6,Savings,2025-06-25,2924.88,Active
3020,1826,6,Fixed Deposit,2025-07-18,10319.4,Dormant
3021,1826,6,Payroll,2025-06-28,1774.19,Active
3022,1827,2,Savings,2024-08-27,596.44,Active
3023,1827,2,Payroll,2024-08-12,220.85,Active
3024,1828,14,Savings,2025-04-22,1262.77,Active
3025,1829,14,Savings,2026-01-26,415.78,Closed
3026,1829,14,Payroll,2026-01-11,738.76,Active
3027,1830,8,Savings,2024-02-21,1244.64,Active
3028,1830,8,Payroll,2024-02-14,544.27,Active
3029,1831,1,Savings,2025-06-07,1508.46,Active
3030,1831,1,Payroll,2025-05-20,1210.36,Active
3031,1832,3,Savings,2024-07-07,419.25,Active
3032,1833,14,Savings,2025-09-21,1815.9,Active
3033,1833,14,Payroll,2025-10-02,465.49,Active
3034,1834,13,Savings,2023-12-24,1146.89,Active
3035,1834,13,Payroll,2024-01-05,1126.2,Active
3036,1835,8,Savings,2024-04-12,350.77,Active
3037,1835,8,Fixed Deposit,2024-04-12,4228.79,Active
3038,1836,7,Savings,2025-11-28,559.92,Active
3039,1837,11,Fixed Deposit,2025-08-19,11263.75,Dormant
3040,1837,11,Business,2025-08-14,12440.86,Dormant
3041,1838,3,Savings,2025-06-18,447.69,Active
3042,1838,3,Fixed Deposit,2025-06-22,8245.18,Dormant
3043,1838,3,Payroll,2025-06-23,534.14,Active
3044,1839,13,Savings,2025-06-06,68.51,Active
3045,1840,12,Savings,2024-07-14,1763.51,Active
3046,1840,12,Fixed Deposit,2024-07-22,11175.76,Active
3047,1840,12,Business,2024-07-18,11580.51,Active
3048,1841,7,Savings,2024-05-14,1143.69,Active
3049,1841,7,Payroll,2024-05-26,705.67,Active
3050,1842,1,Savings,2024-09-02,2414.93,Active
3051,1843,11,Savings,2024-02-19,1971.95,Active
3052,1843,11,Fixed Deposit,2024-02-23,7781.4,Dormant
3053,1843,11,Business,2024-02-08,10378.95,Active
3054,1844,8,Savings,2025-02-23,344.0,Active
3055,1845,4,Savings,2024-04-09,508.77,Active
3056,1845,4,Payroll,2024-04-22,567.48,Active
3057,1846,7,Savings,2024-07-23,381.0,Active
3058,1846,7,Fixed Deposit,2024-07-16,3412.12,Closed
3059,1847,4,Savings,2025-05-29,831.62,Active
3060,1848,15,Savings,2023-07-21,889.26,Dormant
3061,1849,8,Savings,2025-12-16,724.25,Active
3062,1849,8,Payroll,2025-12-31,606.42,Active
3063,1850,18,Savings,2024-05-29,1452.24,Active
3064,1850,18,Fixed Deposit,2024-06-03,10619.18,Active
3065,1850,18,Payroll,2024-06-18,902.18,Active
3066,1851,1,Savings,2025-06-18,739.57,Active
3067,1851,1,Payroll,2025-06-13,181.07,Active
3068,1852,1,Savings,2025-02-21,929.73,Active
3069,1853,9,Savings,2023-06-08,1751.75,Active
3070,1853,9,Payroll,2023-06-16,679.38,Active
3071,1854,10,Savings,2024-12-01,1532.36,Active
3072,1854,10,Fixed Deposit,2024-12-09,4592.76,Active
3073,1855,7,Savings,2023-04-02,262.4,Active
3074,1856,5,Savings,2024-01-23,789.42,Active
3075,1857,11,Savings,2024-07-08,3121.08,Active
3076,1857,11,Fixed Deposit,2024-07-06,9628.36,Active
3077,1857,11,Business,2024-07-17,5302.94,Active
3078,1858,10,Savings,2024-02-13,242.77,Active
3079,1859,15,Savings,2024-08-16,4985.05,Active
3080,1859,15,Fixed Deposit,2024-07-31,22561.68,Active
3081,1859,15,Business,2024-08-25,14792.97,Active
3082,1860,10,Savings,2023-08-24,1120.25,Closed
3083,1861,3,Savings,2023-03-14,1881.89,Active
3084,1861,3,Fixed Deposit,2023-03-22,8374.48,Dormant
3085,1861,3,Business,2023-03-16,9543.53,Active
3086,1862,6,Savings,2024-11-07,937.01,Active
3087,1863,14,Savings,2023-05-24,582.57,Active
3088,1863,14,Payroll,2023-05-26,255.71,Active
3089,1864,1,Savings,2025-05-14,818.8,Active
3090,1864,1,Fixed Deposit,2025-05-10,4945.17,Active
3091,1864,1,Payroll,2025-05-23,1442.58,Active
3092,1865,3,Savings,2025-04-05,1154.26,Dormant
3093,1865,3,Payroll,2025-03-25,508.2,Active
3094,1866,4,Savings,2023-12-03,463.56,Active
3095,1866,4,Payroll,2023-11-15,726.36,Active
3096,1867,17,Savings,2023-12-31,845.66,Active
3097,1868,4,Savings,2024-09-29,836.98,Active
3098,1868,4,Payroll,2024-10-09,337.96,Active
3099,1869,5,Savings,2025-10-24,2609.5,Active
3100,1869,5,Payroll,2025-11-09,740.87,Dormant
3101,1870,18,Savings,2025-12-10,1422.09,Closed
3102,1870,18,Payroll,2025-12-21,922.06,Active
3103,1871,7,Savings,2024-11-04,1310.76,Active
3104,1872,3,Savings,2023-06-09,3660.03,Active
3105,1872,3,Fixed Deposit,2023-06-09,19786.53,Active
3106,1872,3,Business,2023-05-17,18569.62,Active
3107,1873,6,Savings,2024-06-17,1884.83,Active
3108,1874,14,Savings,2024-12-04,95.63,Active
3109,1875,11,Savings,2025-03-08,565.05,Active
3110,1875,11,Payroll,2025-03-18,836.58,Active
3111,1876,6,Savings,2024-07-13,4812.07,Active
3112,1876,6,Business,2024-07-13,12861.29,Active
3113,1877,16,Savings,2025-05-07,2368.19,Active
3114,1877,16,Payroll,2025-05-10,858.03,Active
3115,1878,10,Savings,2024-01-27,440.77,Active
3116,1879,15,Savings,2024-04-13,1308.9,Active
3117,1880,14,Fixed Deposit,2023-11-02,4060.75,Active
3118,1881,6,Savings,2024-04-17,861.64,Active
3119,1881,6,Payroll,2024-04-15,261.93,Active
3120,1882,3,Savings,2025-05-07,443.83,Dormant
3121,1882,3,Payroll,2025-05-05,316.85,Active
3122,1883,6,Savings,2023-11-17,7130.15,Active
3123,1884,6,Savings,2025-08-06,659.2,Active
3124,1884,6,Payroll,2025-08-07,944.43,Active
3125,1885,6,Savings,2024-05-12,1460.49,Active
3126,1885,6,Business,2024-05-07,3362.16,Active
3127,1886,2,Savings,2025-12-24,1362.42,Active
3128,1886,2,Payroll,2025-12-12,850.71,Active
3129,1887,4,Savings,2023-07-29,3497.99,Active
3130,1887,4,Fixed Deposit,2023-08-05,25503.77,Active
3131,1888,18,Savings,2025-01-07,2378.12,Active
3132,1889,14,Savings,2024-08-17,2767.28,Closed
3133,1889,14,Fixed Deposit,2024-08-12,4486.91,Active
3134,1891,18,Savings,2025-08-06,1089.02,Active
3135,1892,13,Savings,2024-02-25,349.62,Active
3136,1892,13,Fixed Deposit,2024-02-07,1860.08,Active
3137,1893,2,Savings,2024-05-29,2212.08,Active
3138,1893,2,Payroll,2024-05-20,958.08,Active
3139,1894,2,Savings,2024-08-24,967.97,Active
3140,1895,14,Savings,2024-03-13,1146.83,Active
3141,1895,14,Fixed Deposit,2024-03-10,4076.0,Active
3142,1895,14,Payroll,2024-02-26,378.97,Active
3143,1896,13,Savings,2024-05-02,1028.3,Active
3144,1897,15,Savings,2024-07-17,1128.47,Active
3145,1897,15,Payroll,2024-07-12,734.03,Active
3146,1898,6,Savings,2024-11-10,2610.4,Active
3147,1899,1,Savings,2023-11-14,156.53,Active
3148,1900,14,Savings,2024-08-27,1226.42,Active
3149,1900,14,Payroll,2024-08-31,826.24,Dormant
3150,1901,12,Payroll,2025-05-19,332.11,Active
3151,1902,16,Savings,2023-12-12,1829.67,Active
3152,1902,16,Fixed Deposit,2024-01-08,2531.01,Active
3153,1903,18,Savings,2025-02-21,1621.08,Active
3154,1903,18,Fixed Deposit,2025-02-23,5638.08,Active
3155,1904,15,Savings,2024-10-13,3677.62,Active
3156,1904,15,Fixed Deposit,2024-10-17,15332.13,Active
3157,1904,15,Business,2024-10-21,13118.82,Active
3158,1905,18,Savings,2025-09-26,2143.27,Active
3159,1905,18,Payroll,2025-10-06,498.39,Active
3160,1906,1,Savings,2025-05-24,721.86,Active
3161,1906,1,Fixed Deposit,2025-06-13,5678.27,Active
3162,1907,11,Savings,2024-07-02,781.45,Active
3163,1907,11,Business,2024-07-02,13092.55,Active
3164,1908,7,Savings,2023-06-30,2468.7,Active
3165,1908,7,Payroll,2023-07-10,793.98,Active
3166,1909,15,Savings,2025-08-29,1077.02,Active
3167,1909,15,Fixed Deposit,2025-08-28,10776.09,Active
3168,1910,11,Savings,2025-02-16,1158.2,Active
3169,1910,11,Fixed Deposit,2025-03-01,2919.54,Active
3170,1911,12,Savings,2024-06-01,527.58,Active
3171,1912,4,Savings,2023-02-26,1065.14,Active
3172,1912,4,Payroll,2023-01-28,1309.91,Active
3173,1913,7,Savings,2024-07-02,718.8,Active
3174,1914,12,Savings,2024-11-05,184.39,Active
3175,1915,18,Savings,2024-04-10,1067.82,Active
3176,1915,18,Fixed Deposit,2024-03-28,4007.3,Active
3177,1916,8,Savings,2023-03-14,1000.69,Active
3178,1916,8,Payroll,2023-03-03,469.99,Active
3179,1917,17,Savings,2025-01-16,565.98,Active
3180,1918,5,Savings,2024-07-05,4063.4,Active
3181,1918,5,Fixed Deposit,2024-07-08,12109.67,Active
3182,1918,5,Business,2024-06-30,9376.48,Dormant
3183,1919,2,Savings,2025-09-11,902.55,Active
3184,1919,2,Fixed Deposit,2025-08-16,3899.03,Active
3185,1920,3,Savings,2024-10-15,1182.39,Active
3186,1921,17,Savings,2024-08-30,1545.93,Dormant
3187,1921,17,Payroll,2024-08-23,778.81,Active
3188,1922,10,Savings,2025-11-26,2055.0,Active
3189,1922,10,Payroll,2025-12-19,472.95,Active
3190,1923,8,Savings,2024-10-31,209.99,Active
3191,1924,5,Savings,2023-07-13,980.11,Active
3192,1925,16,Savings,2024-12-05,3416.16,Active
3193,1926,4,Savings,2025-11-01,889.0,Active
3194,1927,6,Savings,2024-06-26,1333.88,Active
3195,1928,2,Savings,2025-11-09,3960.73,Active
3196,1928,2,Fixed Deposit,2025-11-29,16715.49,Active
3197,1928,2,Business,2025-11-06,10424.09,Active
3198,1930,4,Savings,2025-08-21,1343.69,Dormant
3199,1930,4,Payroll,2025-08-28,535.91,Active
3200,1931,10,Savings,2024-10-08,4181.54,Dormant
3201,1931,10,Business,2024-10-17,3739.23,Active
3202,1932,14,Savings,2023-12-30,519.87,Active
3203,1933,4,Savings,2025-06-29,1644.77,Active
3204,1933,4,Business,2025-06-22,6282.64,Active
3205,1934,10,Savings,2023-04-13,2060.33,Active
3206,1934,10,Payroll,2023-04-11,833.91,Active
3207,1935,8,Savings,2025-01-19,147.32,Dormant
3208,1936,14,Savings,2023-07-11,2568.12,Active
3209,1936,14,Fixed Deposit,2023-07-04,4893.89,Active
3210,1936,14,Payroll,2023-06-25,1886.35,Active
3211,1937,17,Savings,2023-09-16,1129.57,Active
3212,1938,12,Savings,2026-01-03,503.39,Active
3213,1938,12,Fixed Deposit,2026-01-15,8093.47,Active
3214,1938,12,Payroll,2026-01-16,440.35,Active
3215,1939,1,Savings,2024-10-14,2398.96,Active
3216,1939,1,Business,2024-10-18,12759.84,Dormant
3217,1940,6,Savings,2024-08-12,2530.75,Active
3218,1941,3,Savings,2024-08-10,802.45,Active
3219,1941,3,Payroll,2024-08-08,384.68,Active
3220,1942,4,Savings,2025-10-31,1436.32,Active
3221,1942,4,Fixed Deposit,2025-10-16,8203.15,Active
3222,1942,4,Business,2025-10-31,5199.85,Active
3223,1943,2,Savings,2024-05-05,701.82,Active
3224,1943,2,Fixed Deposit,2024-04-30,1809.45,Active
3225,1945,5,Savings,2024-05-04,1098.94,Active
3226,1946,8,Savings,2024-09-06,3095.59,Active
3227,1946,8,Fixed Deposit,2024-09-22,10937.8,Closed
3228,1946,8,Business,2024-09-29,10428.68,Active
3229,1947,12,Savings,2024-11-30,566.52,Active
3230,1948,14,Savings,2024-10-24,3890.07,Active
3231,1948,14,Payroll,2024-10-04,934.01,Active
3232,1949,11,Savings,2025-07-17,708.33,Active
3233,1949,11,Fixed Deposit,2025-07-16,1615.16,Active
3234,1950,3,Savings,2023-03-07,2210.19,Active
3235,1950,3,Business,2023-03-15,3307.09,Active
3236,1951,11,Savings,2024-12-09,1117.82,Active
3237,1951,11,Fixed Deposit,2024-12-13,4345.68,Active
3238,1951,11,Business,2024-12-27,6201.4,Active
3239,1952,7,Savings,2025-03-08,340.94,Active
3240,1953,5,Savings,2024-10-25,1404.89,Active
3241,1954,5,Savings,2023-08-18,1082.66,Active
3242,1954,5,Fixed Deposit,2023-08-22,6880.5,Active
3243,1954,5,Business,2023-08-06,8297.52,Active
3244,1955,5,Savings,2024-12-10,1609.93,Dormant
3245,1955,5,Payroll,2024-12-07,497.73,Active
3246,1956,7,Savings,2024-10-31,2947.59,Dormant
3247,1956,7,Business,2024-11-14,7632.5,Active
3248,1957,11,Savings,2024-10-11,232.41,Active
3249,1958,2,Savings,2023-07-16,263.98,Active
3250,1958,2,Fixed Deposit,2023-07-02,518.54,Active
3251,1959,12,Savings,2023-12-06,3602.64,Active
3252,1959,12,Business,2023-12-01,6710.33,Active
3253,1960,18,Savings,2025-10-21,373.19,Active
3254,1961,16,Savings,2026-01-02,1355.24,Active
3255,1961,16,Business,2025-12-30,10477.78,Active
3256,1962,9,Savings,2024-11-14,1202.25,Active
3257,1963,4,Savings,2023-10-24,969.69,Closed
3258,1964,12,Savings,2025-11-13,980.01,Dormant
3259,1964,12,Payroll,2025-11-01,1129.2,Active
3260,1965,5,Savings,2025-05-20,3191.68,Active
3261,1965,5,Fixed Deposit,2025-05-21,12935.95,Active
3262,1965,5,Business,2025-06-06,3805.7,Active
3263,1966,14,Savings,2023-05-24,475.72,Active
3264,1966,14,Payroll,2023-05-21,1102.53,Active
3265,1967,5,Savings,2023-10-27,199.79,Active
3266,1967,5,Payroll,2023-10-14,358.94,Dormant
3267,1968,2,Savings,2025-11-05,1302.69,Dormant
3268,1968,2,Business,2025-11-13,10285.02,Active
3269,1969,4,Savings,2025-02-04,2693.67,Active
3270,1970,7,Savings,2025-10-21,1249.66,Active
3271,1971,15,Savings,2025-10-02,2426.38,Active
3272,1971,15,Payroll,2025-10-26,1013.24,Active
3273,1972,3,Savings,2023-03-25,890.9,Dormant
3274,1973,12,Savings,2024-05-25,2722.61,Active
3275,1973,12,Business,2024-05-02,12526.11,Active
3276,1974,18,Savings,2025-05-15,454.18,Active
3277,1975,7,Savings,2023-09-20,1330.72,Active
3278,1976,6,Savings,2024-10-11,815.98,Active
3279,1977,15,Savings,2024-05-18,1545.88,Active
3280,1978,8,Savings,2024-05-21,2084.09,Active
3281,1979,2,Savings,2023-11-12,1097.2,Active
3282,1980,17,Savings,2024-11-26,1480.99,Dormant
3283,1980,17,Payroll,2024-11-11,1183.66,Active
3284,1981,9,Savings,2024-02-07,3182.16,Active
3285,1981,9,Business,2024-02-15,10431.1,Active
3286,1982,2,Savings,2025-01-17,4322.1,Active
3287,1983,16,Savings,2024-07-23,95.73,Active
3288,1984,2,Savings,2024-11-06,2545.08,Active
3289,1984,2,Fixed Deposit,2024-11-08,28398.57,Active
3290,1984,2,Business,2024-11-07,21976.83,Dormant
3291,1985,9,Savings,2024-06-22,1133.08,Active
3292,1985,9,Payroll,2024-07-06,748.24,Active
3293,1986,11,Savings,2023-11-12,744.5,Active
3294,1987,14,Savings,2026-01-19,5726.77,Active
3295,1987,14,Business,2026-01-18,16929.63,Active
3296,1988,18,Savings,2024-10-31,663.46,Active
3297,1989,16,Savings,2025-11-19,526.71,Active
3298,1990,4,Savings,2025-12-15,2383.2,Active
3299,1990,4,Payroll,2025-11-19,1010.86,Active
3300,1991,6,Savings,2024-12-28,484.56,Active
3301,1991,6,Payroll,2024-12-07,534.75,Active
3302,1992,13,Savings,2025-03-22,414.88,Active
3303,1992,13,Fixed Deposit,2025-04-09,5917.84,Active
3304,1993,5,Savings,2024-10-07,636.88,Closed
3305,1994,14,Savings,2025-07-04,1868.71,Closed
3306,1995,10,Savings,2025-09-16,992.42,Closed
3307,1995,10,Fixed Deposit,2025-09-14,5129.48,Active
3308,1996,18,Savings,2025-12-30,950.3,Active
3309,1996,18,Payroll,2026-01-01,711.48,Active
3310,1997,3,Savings,2025-08-22,1586.23,Active
3311,1997,3,Payroll,2025-08-05,712.2,Active
3312,1998,6,Savings,2025-02-04,1729.25,Active
3313,1998,6,Fixed Deposit,2025-02-26,4348.47,Active
3314,1999,4,Savings,2025-05-29,2945.1,Active
3315,1999,4,Payroll,2025-05-24,938.11,Active
3316,2000,4,Savings,2025-10-06,924.88,Active
3317,2000,4,Fixed Deposit,2025-10-16,4163.51,Active
3318,2001,4,Savings,2025-01-26,1145.75,Active
3319,2002,1,Savings,2023-12-21,256.92,Active
3320,2003,18,Savings,2024-11-15,1608.23,Active
3321,2003,18,Fixed Deposit,2024-11-27,10465.43,Active
3322,2003,18,Business,2024-11-11,9805.36,Active
3323,2004,2,Savings,2023-09-28,3246.21,Active
3324,2004,2,Fixed Deposit,2023-09-11,7556.74,Active
3325,2005,18,Savings,2024-09-26,2068.63,Active
3326,2005,18,Payroll,2024-09-24,750.43,Active
3327,2006,9,Savings,2024-10-16,1153.38,Active
3328,2007,3,Savings,2025-12-29,287.66,Active
3329,2008,6,Savings,2026-01-13,782.95,Dormant
3330,2008,6,Fixed Deposit,2025-12-30,4826.88,Active
3331,2009,18,Savings,2025-12-10,51.02,Active
3332,2010,11,Savings,2025-01-24,3110.23,Active
3333,2010,11,Business,2025-01-24,8213.52,Active
3334,2011,1,Savings,2024-02-22,680.65,Active
3335,2012,1,Savings,2025-10-29,783.1,Dormant
3336,2012,1,Payroll,2025-10-27,255.29,Active
3337,2013,9,Savings,2024-09-21,131.96,Active
3338,2013,9,Fixed Deposit,2024-09-21,623.04,Active
3339,2014,9,Savings,2023-11-11,782.14,Active
3340,2015,1,Savings,2025-02-08,474.31,Active
3341,2015,1,Payroll,2025-01-16,869.09,Active
3342,2016,16,Savings,2024-02-26,540.95,Active
3343,2016,16,Payroll,2024-03-09,353.51,Active
3344,2017,1,Savings,2024-07-05,654.72,Closed
3345,2018,6,Savings,2025-07-09,1753.24,Active
3346,2019,5,Savings,2024-11-02,84.82,Active
3347,2019,5,Fixed Deposit,2024-11-08,297.12,Active
3348,2020,1,Savings,2025-07-03,2249.47,Dormant
3349,2021,6,Savings,2024-11-28,1709.2,Active
3350,2021,6,Payroll,2024-11-14,1415.94,Active
3351,2022,4,Savings,2024-03-28,670.67,Active
3352,2022,4,Payroll,2024-03-26,253.92,Active
3353,2023,16,Savings,2024-01-06,2489.71,Active
3354,2023,16,Business,2023-12-26,8538.17,Active
3355,2024,11,Savings,2023-08-15,292.24,Active
3356,2024,11,Payroll,2023-08-29,211.51,Active
3357,2025,2,Savings,2024-10-31,5788.0,Active
3358,2025,2,Fixed Deposit,2024-10-30,21925.7,Closed
3359,2025,2,Business,2024-11-05,6044.19,Active
3360,2026,11,Savings,2023-11-08,271.05,Active
3361,2027,3,Savings,2025-10-14,2401.86,Active
3362,2027,3,Fixed Deposit,2025-10-12,16005.02,Active
3363,2027,3,Business,2025-11-07,6807.47,Active
3364,2028,15,Savings,2023-04-04,3721.08,Active
3365,2028,15,Business,2023-04-19,12476.96,Dormant
3366,2029,3,Savings,2024-07-30,2008.06,Dormant
3367,2030,8,Savings,2024-07-14,1916.38,Active
3368,2030,8,Payroll,2024-07-21,2209.65,Active
3369,2031,1,Savings,2025-04-13,2853.5,Closed
3370,2031,1,Business,2025-05-06,10761.8,Active
3371,2032,14,Savings,2024-10-20,1051.88,Active
3372,2032,14,Payroll,2024-09-29,767.29,Active
3373,2033,8,Savings,2025-12-21,3230.72,Active
3374,2033,8,Fixed Deposit,2025-12-23,13614.95,Active
3375,2033,8,Payroll,2025-12-11,1272.04,Active
3376,2034,6,Savings,2024-01-03,1035.21,Active
3377,2034,6,Fixed Deposit,2024-01-17,2536.96,Active
3378,2034,6,Payroll,2024-01-03,294.9,Active
3379,2035,16,Savings,2024-01-12,1954.72,Active
3380,2035,16,Payroll,2024-01-23,515.28,Active
3381,2036,18,Savings,2026-01-04,2645.13,Active
3382,2036,18,Business,2025-12-21,4682.45,Active
3383,2037,13,Savings,2024-07-31,540.91,Active
3384,2037,13,Fixed Deposit,2024-07-26,2419.65,Active
3385,2038,9,Savings,2025-12-03,4750.35,Active
3386,2039,15,Savings,2026-01-16,2029.87,Active
3387,2039,15,Payroll,2025-12-31,796.85,Active
3388,2040,18,Savings,2025-06-13,341.13,Active
3389,2041,1,Savings,2024-04-14,725.01,Active
3390,2042,13,Savings,2025-07-21,315.62,Active
3391,2042,13,Fixed Deposit,2025-08-06,6343.02,Dormant
3392,2042,13,Payroll,2025-08-03,690.07,Active
3393,2043,2,Savings,2025-09-14,4066.2,Active
3394,2043,2,Fixed Deposit,2025-09-17,22319.48,Active
3395,2043,2,Business,2025-10-08,14908.06,Closed
3396,2044,1,Savings,2024-11-20,1603.82,Active
3397,2044,1,Fixed Deposit,2024-10-28,6741.43,Active
3398,2044,1,Payroll,2024-10-27,665.95,Active
3399,2045,3,Savings,2023-02-25,437.2,Active
3400,2045,3,Payroll,2023-03-06,308.29,Active
3401,2046,1,Savings,2025-02-22,312.94,Active
3402,2046,1,Fixed Deposit,2025-02-11,3032.65,Active
3403,2046,1,Payroll,2025-03-08,434.72,Active
3404,2047,18,Savings,2025-01-16,635.59,Active
3405,2048,9,Savings,2025-05-06,3086.18,Active
3406,2049,3,Savings,2025-06-07,593.0,Closed
3407,2050,3,Savings,2024-12-27,2641.31,Active
3408,2050,3,Payroll,2024-12-10,961.67,Active
3409,2051,11,Savings,2025-01-20,87.76,Active
3410,2052,12,Savings,2024-10-04,3625.65,Active
3411,2052,12,Business,2024-09-16,5993.55,Active
3412,2053,9,Savings,2023-10-04,2706.23,Active
3413,2053,9,Fixed Deposit,2023-10-02,7996.66,Active
3414,2053,9,Business,2023-09-24,11119.4,Active
3415,2054,7,Savings,2025-01-09,1267.13,Active
3416,2054,7,Fixed Deposit,2025-01-13,5309.63,Active
3417,2054,7,Business,2025-01-22,7844.22,Active
3418,2055,1,Savings,2025-11-12,1290.66,Active
3419,2055,1,Business,2025-11-15,12721.95,Dormant
3420,2056,6,Savings,2025-02-12,385.87,Active
3421,2056,6,Fixed Deposit,2025-02-18,4613.44,Active
3422,2057,2,Savings,2023-06-20,941.05,Closed
3423,2057,2,Fixed Deposit,2023-06-13,5422.69,Active
3424,2058,8,Savings,2024-01-15,3054.32,Active
3425,2058,8,Business,2024-01-18,16679.75,Active
3426,2059,14,Savings,2024-07-01,1040.81,Active
3427,2059,14,Payroll,2024-06-22,743.49,Active
3428,2060,12,Savings,2025-12-31,2069.96,Active
3429,2060,12,Business,2025-12-10,6872.03,Active
3430,2061,11,Savings,2023-06-18,726.13,Active
3431,2062,6,Savings,2025-01-30,903.88,Active
3432,2062,6,Fixed Deposit,2025-02-15,8211.58,Active
3433,2062,6,Payroll,2025-02-25,1096.92,Active
3434,2063,10,Savings,2023-09-22,1664.34,Active
3435,2064,1,Savings,2025-11-24,921.08,Active
3436,2065,3,Savings,2024-09-19,1352.84,Active
3437,2066,7,Savings,2025-02-17,994.64,Active
3438,2067,5,Savings,2025-08-13,1222.05,Dormant
3439,2068,14,Savings,2025-09-16,1471.62,Active
3440,2069,6,Savings,2024-02-02,363.24,Active
3441,2070,3,Savings,2024-08-05,1389.71,Active
3442,2071,18,Savings,2024-07-08,1209.93,Closed
3443,2071,18,Business,2024-07-12,9746.3,Closed
3444,2072,2,Savings,2025-08-02,678.46,Active
3445,2072,2,Fixed Deposit,2025-08-06,4943.73,Active
3446,2073,13,Savings,2023-09-08,1971.36,Active
3447,2073,13,Payroll,2023-09-06,915.89,Active
3448,2074,2,Savings,2024-12-13,917.45,Active
3449,2075,15,Savings,2023-04-12,1850.68,Active
3450,2075,15,Payroll,2023-04-14,633.16,Active
3451,2076,2,Savings,2025-04-03,360.0,Active
3452,2077,18,Savings,2024-12-22,1023.18,Active
3453,2078,3,Savings,2025-06-18,623.24,Active
3454,2078,3,Payroll,2025-06-15,913.43,Active
3455,2079,2,Savings,2023-12-10,1219.07,Active
3456,2079,2,Payroll,2023-12-05,497.56,Active
3457,2080,4,Savings,2023-06-07,81.98,Active
3458,2081,3,Savings,2025-11-20,1073.14,Active
3459,2081,3,Fixed Deposit,2025-11-11,4823.61,Active
3460,2082,13,Savings,2025-11-30,145.83,Active
3461,2082,13,Fixed Deposit,2025-11-23,630.61,Active
3462,2083,10,Savings,2023-05-01,311.56,Active
3463,2084,17,Savings,2023-08-06,880.79,Active
3464,2084,17,Fixed Deposit,2023-08-11,7015.95,Active
3465,2084,17,Payroll,2023-08-18,672.22,Active
3466,2085,3,Savings,2025-10-02,2039.24,Active
3467,2085,3,Business,2025-10-15,9325.81,Active
3468,2086,1,Savings,2024-04-14,2658.84,Active
3469,2086,1,Fixed Deposit,2024-03-26,11301.99,Active
3470,2086,1,Payroll,2024-04-03,980.22,Active
3471,2087,10,Savings,2024-06-18,1078.38,Active
3472,2087,10,Business,2024-06-16,11540.98,Active
3473,2088,13,Savings,2024-02-20,224.4,Active
3474,2088,13,Fixed Deposit,2024-02-26,2188.0,Active
3475,2089,16,Savings,2025-11-21,820.43,Active
3476,2089,16,Fixed Deposit,2025-11-15,6501.04,Active
3477,2089,16,Payroll,2025-11-29,373.97,Active
3478,2090,6,Savings,2024-08-17,263.61,Dormant
3479,2090,6,Fixed Deposit,2024-08-24,1333.32,Closed
3480,2091,4,Savings,2024-07-08,716.47,Active
3481,2092,4,Savings,2023-12-22,511.28,Active
3482,2093,16,Savings,2024-07-27,563.61,Active
3483,2094,18,Business,2025-11-25,15698.65,Active
3484,2095,8,Savings,2024-06-04,1793.0,Active
3485,2096,7,Savings,2024-05-25,2386.98,Dormant
3486,2096,7,Business,2024-05-20,11345.15,Active
3487,2097,18,Savings,2026-01-11,512.73,Active
3488,2098,1,Savings,2025-07-11,1560.55,Active
3489,2099,6,Savings,2025-07-29,2076.9,Dormant
3490,2099,6,Business,2025-07-21,2760.26,Active
3491,2100,1,Savings,2024-08-20,975.47,Active
3492,2100,1,Business,2024-08-30,6002.15,Active
3493,2101,5,Savings,2023-12-27,3615.67,Active
3494,2101,5,Business,2023-12-16,11319.34,Active
3495,2102,4,Savings,2025-06-05,1571.42,Active
3496,2103,17,Savings,2024-05-14,329.23,Active
3497,2104,11,Savings,2025-06-23,966.79,Active
3498,2105,3,Savings,2024-08-30,2129.04,Active
3499,2105,3,Business,2024-09-15,3438.4,Active
3500,2106,6,Savings,2024-03-03,2393.27,Active
3501,2106,6,Payroll,2024-03-03,528.14,Active
3502,2107,2,Savings,2025-10-07,1729.38,Active
3503,2108,5,Savings,2024-06-11,1481.0,Active
3504,2108,5,Payroll,2024-06-04,911.82,Active
3505,2109,1,Savings,2023-05-19,1229.48,Active
3506,2110,7,Savings,2024-08-06,2143.21,Active
3507,2110,7,Payroll,2024-07-09,714.26,Active
3508,2111,9,Savings,2023-03-22,1958.32,Active
3509,2112,16,Savings,2025-04-07,2647.6,Active
3510,2112,16,Fixed Deposit,2025-03-27,12574.92,Active
3511,2112,16,Payroll,2025-03-31,928.34,Active
3512,2113,2,Savings,2025-10-23,923.57,Active
3513,2114,4,Savings,2025-02-01,721.29,Active
3514,2114,4,Fixed Deposit,2025-01-29,5003.52,Dormant
3515,2114,4,Payroll,2025-01-22,838.06,Active
3516,2115,7,Savings,2024-07-31,1665.26,Active
3517,2115,7,Fixed Deposit,2024-08-03,8762.83,Active
3518,2115,7,Payroll,2024-07-19,1453.1,Active
3519,2116,3,Savings,2024-07-29,1432.2,Active
3520,2116,3,Fixed Deposit,2024-08-11,2376.32,Active
3521,2117,12,Savings,2024-09-03,42.71,Active
3522,2118,2,Savings,2025-01-23,2203.85,Closed
3523,2118,2,Payroll,2025-01-29,1624.7,Dormant
3524,2119,4,Savings,2024-07-27,1358.03,Active
3525,2120,3,Savings,2025-08-19,337.2,Active
3526,2121,4,Savings,2025-07-03,737.92,Active
3527,2121,4,Fixed Deposit,2025-06-25,2334.71,Active
3528,2121,4,Payroll,2025-07-22,301.19,Active
3529,2122,12,Savings,2025-05-30,253.82,Closed
3530,2122,12,Payroll,2025-06-21,190.09,Active
3531,2123,3,Savings,2025-11-21,2412.09,Active
3532,2124,8,Savings,2025-03-05,1480.08,Active
3533,2125,13,Savings,2024-12-01,1186.29,Active
3534,2125,13,Payroll,2024-12-09,795.07,Active
3535,2126,13,Savings,2025-10-11,2508.25,Dormant
3536,2127,9,Savings,2024-04-06,2935.29,Active
3537,2127,9,Fixed Deposit,2024-04-09,13306.97,Active
3538,2128,2,Savings,2025-06-10,11117.79,Active
3539,2129,11,Payroll,2025-02-27,751.13,Active
3540,2130,10,Savings,2024-07-31,920.3,Dormant
3541,2131,10,Payroll,2025-02-22,1560.94,Active
3542,2132,13,Savings,2023-06-18,794.95,Active
3543,2132,13,Fixed Deposit,2023-07-07,7589.65,Dormant
3544,2133,14,Savings,2023-10-27,1605.21,Active
3545,2134,3,Payroll,2023-02-21,781.75,Active
3546,2135,13,Savings,2024-07-13,3033.56,Active
3547,2136,3,Savings,2024-06-29,826.82,Active
3548,2136,3,Payroll,2024-06-10,556.63,Active
3549,2137,9,Savings,2023-12-27,5346.22,Active
3550,2137,9,Fixed Deposit,2023-12-20,25584.81,Dormant
3551,2139,10,Savings,2024-02-28,2867.18,Active
3552,2139,10,Business,2024-03-21,9426.39,Active
3553,2140,1,Savings,2025-03-26,1149.32,Active
3554,2140,1,Payroll,2025-03-23,545.75,Active
3555,2141,12,Savings,2026-01-09,747.28,Active
3556,2142,7,Savings,2024-03-12,2312.68,Active
3557,2143,14,Savings,2025-12-20,2878.37,Active
3558,2143,14,Payroll,2025-12-22,1089.14,Active
3559,2144,3,Savings,2025-08-24,1183.02,Active
3560,2145,13,Payroll,2025-01-18,656.65,Active
3561,2146,3,Savings,2025-08-05,459.84,Active
3562,2146,3,Fixed Deposit,2025-08-20,1365.39,Active
3563,2147,9,Savings,2024-11-24,651.53,Active
3564,2148,7,Savings,2025-11-28,1210.55,Active
3565,2149,2,Savings,2023-02-21,3350.13,Active
3566,2149,2,Payroll,2023-03-06,1514.71,Active
3567,2150,12,Savings,2026-01-15,775.33,Active
3568,2151,8,Savings,2024-09-01,469.81,Active
3569,2152,4,Savings,2025-11-29,882.54,Active
3570,2152,4,Fixed Deposit,2025-11-24,4950.48,Active
3571,2152,4,Payroll,2025-11-12,949.58,Active
3572,2153,4,Savings,2023-03-11,648.5,Active
3573,2153,4,Fixed Deposit,2023-03-18,3466.73,Active
3574,2154,10,Savings,2026-01-13,1999.19,Closed
3575,2155,2,Savings,2025-10-21,607.69,Active
3576,2155,2,Payroll,2025-11-05,845.65,Active
3577,2156,1,Savings,2024-03-02,2143.34,Active
3578,2156,1,Payroll,2024-02-23,1682.1,Active
3579,2157,8,Savings,2024-02-29,799.41,Active
3580,2158,6,Savings,2025-05-14,3353.1,Active
3581,2159,10,Savings,2024-12-03,2378.25,Active
3582,2159,10,Business,2024-12-19,4806.44,Active
3583,2160,15,Fixed Deposit,2024-01-15,4417.07,Active
3584,2160,15,Payroll,2024-01-13,755.51,Active
3585,2161,18,Savings,2024-10-24,1751.32,Active
3586,2161,18,Payroll,2024-10-31,595.09,Dormant
3587,2162,2,Savings,2025-03-16,3012.25,Active
3588,2163,2,Savings,2024-06-18,1223.89,Active
3589,2164,8,Savings,2025-12-13,907.31,Active
3590,2164,8,Business,2025-12-18,7627.83,Active
3591,2165,2,Savings,2025-01-05,512.63,Active
3592,2165,2,Fixed Deposit,2025-01-08,1861.56,Active
3593,2166,4,Savings,2023-02-20,1106.55,Active
3594,2166,4,Payroll,2023-02-08,915.11,Active
3595,2167,14,Savings,2025-10-22,689.58,Active
3596,2167,14,Fixed Deposit,2025-10-29,2978.44,Active
3597,2168,1,Savings,2025-02-17,1300.44,Active
3598,2168,1,Payroll,2025-03-06,1384.76,Dormant
3599,2169,2,Savings,2025-08-22,726.0,Active
3600,2170,3,Savings,2024-06-02,3948.34,Active
3601,2170,3,Fixed Deposit,2024-05-18,10406.28,Active
3602,2170,3,Payroll,2024-06-04,1116.53,Active
3603,2171,1,Savings,2024-09-22,1309.02,Active
3604,2172,4,Savings,2024-09-09,3046.53,Dormant
3605,2173,18,Savings,2023-07-17,629.76,Active
3606,2174,13,Savings,2023-05-20,1398.66,Active
3607,2174,13,Fixed Deposit,2023-05-18,9374.28,Dormant
3608,2174,13,Payroll,2023-05-16,1517.47,Active
3609,2175,3,Savings,2025-04-26,765.6,Active
3610,2175,3,Payroll,2025-04-22,333.36,Active
3611,2176,15,Savings,2025-03-11,620.91,Active
3612,2176,15,Fixed Deposit,2025-03-03,3584.43,Active
3613,2177,7,Fixed Deposit,2023-06-04,2552.72,Active
3614,2177,7,Payroll,2023-05-25,421.9,Active
3615,2178,9,Savings,2024-11-13,1618.25,Active
3616,2178,9,Payroll,2024-11-22,819.0,Dormant
3617,2179,18,Savings,2024-11-08,4646.26,Active
3618,2179,18,Business,2024-11-18,5273.42,Active
3619,2180,14,Savings,2024-08-04,106.69,Active
3620,2181,2,Savings,2025-11-11,142.65,Active
3621,2182,3,Savings,2024-06-13,1523.34,Dormant
3622,2182,3,Payroll,2024-06-09,1463.6,Active
3623,2183,6,Savings,2024-06-05,507.12,Active
3624,2184,15,Savings,2025-06-13,3471.85,Active
3625,2184,15,Payroll,2025-06-20,1165.84,Active
3626,2186,18,Savings,2023-05-10,832.12,Active
3627,2186,18,Business,2023-05-10,3783.89,Active
3628,2187,3,Savings,2024-07-16,237.92,Active
3629,2188,10,Savings,2024-10-05,322.93,Active
3630,2188,10,Payroll,2024-10-08,196.1,Active
3631,2189,2,Fixed Deposit,2025-09-27,18839.62,Active
3632,2189,2,Business,2025-09-21,5523.6,Active
3633,2190,9,Savings,2024-12-06,981.25,Active
3634,2191,18,Savings,2024-09-18,1539.39,Active
3635,2191,18,Payroll,2024-09-12,1349.48,Closed
3636,2192,11,Savings,2025-08-27,515.17,Active
3637,2193,15,Savings,2024-01-17,2046.71,Active
3638,2193,15,Payroll,2024-02-12,800.62,Active
3639,2194,18,Savings,2025-08-06,516.4,Active
3640,2195,1,Savings,2025-12-06,1161.13,Dormant
3641,2196,3,Savings,2025-01-05,2049.24,Active
3642,2196,3,Fixed Deposit,2024-12-19,5028.16,Active
3643,2197,4,Savings,2025-01-12,681.27,Active
3644,2198,5,Savings,2025-03-02,415.63,Active
3645,2198,5,Payroll,2025-02-14,461.11,Active
3646,2199,9,Savings,2025-02-22,423.47,Active
3647,2200,4,Savings,2024-05-05,504.98,Active
3648,2200,4,Fixed Deposit,2024-05-07,2285.81,Active
3649,2201,17,Savings,2024-02-16,4117.73,Active
3650,2202,12,Savings,2024-06-08,939.46,Active
3651,2202,12,Payroll,2024-06-04,268.14,Active
3652,2203,13,Savings,2025-09-27,3223.47,Active
3653,2203,13,Business,2025-10-12,15129.49,Active
3654,2204,2,Savings,2024-01-31,5703.01,Active
3655,2204,2,Business,2024-02-08,10364.31,Active
3656,2205,11,Savings,2025-08-08,222.33,Active
3657,2206,12,Savings,2024-03-31,784.37,Active
3658,2207,3,Savings,2024-10-18,1879.85,Active
3659,2207,3,Fixed Deposit,2024-10-01,5366.82,Active
3660,2207,3,Payroll,2024-10-14,998.12,Active
3661,2208,18,Savings,2025-02-07,685.45,Active
3662,2208,18,Payroll,2025-03-07,746.37,Active
3663,2209,10,Savings,2024-04-28,352.98,Active
3664,2210,17,Savings,2026-01-08,503.79,Active
3665,2211,5,Savings,2025-12-10,539.36,Dormant
3666,2211,5,Payroll,2025-11-27,223.89,Active
3667,2212,7,Savings,2025-03-11,2978.75,Active
3668,2212,7,Payroll,2025-03-19,1158.72,Active
3669,2213,8,Savings,2024-10-14,1646.18,Active
3670,2213,8,Payroll,2024-11-03,1828.54,Active
3671,2214,13,Savings,2024-05-17,795.85,Dormant
3672,2215,2,Savings,2024-11-11,116.78,Active
3673,2216,10,Savings,2025-12-19,4322.6,Active
3674,2216,10,Business,2025-12-18,14241.92,Active
3675,2217,2,Savings,2025-12-26,275.66,Active
3676,2218,11,Savings,2025-02-12,1229.62,Closed
3677,2218,11,Payroll,2025-02-19,471.19,Active
3678,2219,11,Savings,2025-12-01,618.77,Active
3679,2220,3,Savings,2026-01-16,2827.6,Closed
3680,2221,16,Savings,2024-10-20,582.37,Active
3681,2221,16,Payroll,2024-10-23,603.59,Active
3682,2222,2,Savings,2025-11-29,971.96,Active
3683,2225,8,Savings,2024-02-24,807.41,Active
3684,2226,7,Savings,2023-02-25,917.82,Active
3685,2226,7,Fixed Deposit,2023-03-17,8710.71,Active
3686,2226,7,Business,2023-02-24,9455.17,Active
3687,2227,4,Savings,2025-09-01,755.37,Active
3688,2228,8,Savings,2025-03-10,3172.97,Active
3689,2229,14,Savings,2025-08-06,1256.67,Active
3690,2230,5,Savings,2024-06-06,202.61,Active
3691,2231,2,Savings,2025-04-18,771.6,Active
3692,2232,14,Savings,2025-04-13,1127.95,Active
3693,2232,14,Payroll,2025-04-20,1218.96,Active
3694,2233,16,Savings,2023-09-16,823.64,Active
3695,2233,16,Payroll,2023-09-16,1004.56,Active
3696,2234,2,Savings,2024-11-08,1354.27,Active
3697,2234,2,Fixed Deposit,2024-11-07,12404.24,Active
3698,2234,2,Business,2024-10-19,14416.93,Active
3699,2235,2,Savings,2024-03-02,1879.73,Active
3700,2236,2,Fixed Deposit,2023-09-14,8916.05,Active
3701,2236,2,Payroll,2023-08-31,817.61,Active
3702,2237,1,Savings,2025-08-22,670.02,Active
3703,2238,1,Savings,2025-07-12,1366.15,Active
3704,2239,5,Fixed Deposit,2025-12-03,11594.14,Active
3705,2240,1,Savings,2025-10-22,156.34,Active
3706,2241,3,Savings,2025-07-24,1035.52,Active
3707,2242,11,Savings,2024-11-06,3483.4,Active
3708,2242,11,Payroll,2024-11-11,1574.27,Active
3709,2243,16,Savings,2024-07-26,823.98,Dormant
3710,2243,16,Payroll,2024-08-01,349.23,Active
3711,2244,3,Savings,2026-01-03,217.87,Active
3712,2245,8,Savings,2024-02-16,539.44,Active
3713,2246,11,Savings,2025-05-26,2104.52,Active
3714,2246,11,Fixed Deposit,2025-05-29,6242.12,Active
3715,2247,5,Savings,2024-04-02,1502.21,Active
3716,2247,5,Business,2024-04-08,8758.98,Active
3717,2248,17,Savings,2025-10-09,768.53,Active
3718,2248,17,Business,2025-10-17,8896.37,Active
3719,2249,18,Savings,2024-07-03,338.07,Active
3720,2250,2,Savings,2025-06-25,2157.69,Active
3721,2250,2,Payroll,2025-06-23,928.12,Active
3722,2251,9,Savings,2025-09-02,991.24,Active
3723,2251,9,Payroll,2025-08-24,309.61,Active
3724,2252,18,Savings,2025-10-17,3442.08,Active
3725,2252,18,Business,2025-10-29,17589.46,Dormant
3726,2253,18,Savings,2025-11-07,1106.29,Active
3727,2254,8,Savings,2025-10-05,1782.16,Active
3728,2254,8,Payroll,2025-09-22,438.9,Active
3729,2255,15,Savings,2025-02-16,5009.74,Active
3730,2256,7,Savings,2024-12-15,519.31,Active
3731,2257,16,Savings,2025-10-05,3456.79,Active
3732,2257,16,Business,2025-10-26,11881.96,Active
3733,2258,14,Savings,2025-11-01,1078.48,Active
3734,2259,16,Savings,2023-12-03,1173.56,Active
3735,2260,6,Savings,2024-06-22,1380.43,Dormant
3736,2260,6,Fixed Deposit,2024-07-01,7899.1,Active
3737,2260,6,Payroll,2024-06-11,842.01,Active
3738,2261,4,Savings,2025-07-30,278.98,Active
3739,2262,10,Savings,2025-12-15,1443.46,Active
3740,2262,10,Payroll,2025-12-01,1610.54,Active
3741,2263,8,Savings,2024-02-27,1662.13,Active
3742,2264,1,Savings,2024-07-21,874.33,Active
3743,2264,1,Fixed Deposit,2024-07-16,4847.38,Dormant
3744,2264,1,Payroll,2024-07-26,476.01,Active
3745,2265,7,Savings,2025-02-03,3914.47,Active
3746,2265,7,Payroll,2025-02-13,926.94,Active
3747,2266,4,Savings,2025-06-16,1694.72,Active
3748,2267,15,Savings,2024-02-08,2680.44,Active
3749,2267,15,Payroll,2024-03-02,673.42,Dormant
3750,2268,3,Savings,2024-10-24,3584.1,Active
3751,2268,3,Fixed Deposit,2024-10-19,13154.95,Dormant
3752,2268,3,Business,2024-10-20,6483.71,Active
3753,2269,8,Savings,2024-12-13,2260.08,Active
3754,2270,10,Savings,2025-11-16,491.9,Dormant
3755,2271,8,Savings,2023-09-29,654.28,Dormant
3756,2271,8,Payroll,2023-10-06,500.95,Active
3757,2272,8,Savings,2025-05-16,4009.36,Active
3758,2272,8,Business,2025-05-06,8717.21,Active
3759,2273,3,Savings,2024-05-09,532.34,Active
3760,2273,3,Payroll,2024-04-18,489.47,Active
3761,2274,12,Savings,2025-04-02,2015.69,Active
3762,2274,12,Business,2025-03-29,14656.23,Active
3763,2275,6,Savings,2024-08-20,249.2,Active
3764,2275,6,Payroll,2024-08-07,317.53,Active
3765,2276,17,Savings,2025-12-19,2476.72,Active
3766,2276,17,Business,2025-12-30,8697.19,Active
3767,2277,1,Savings,2025-08-11,443.47,Active
3768,2277,1,Fixed Deposit,2025-08-14,3337.03,Active
3769,2277,1,Payroll,2025-07-22,1112.96,Active
3770,2278,4,Savings,2025-08-06,881.46,Active
3771,2278,4,Fixed Deposit,2025-07-31,1986.52,Active
3772,2279,17,Savings,2023-06-12,1579.95,Active
3773,2280,7,Savings,2025-07-22,1580.57,Active
3774,2280,7,Payroll,2025-07-17,664.81,Active
3775,2281,9,Savings,2024-09-03,137.96,Active
3776,2282,15,Savings,2025-01-24,329.24,Active
3777,2283,7,Savings,2024-07-26,696.65,Active
3778,2283,7,Payroll,2024-08-08,308.57,Active
3779,2284,5,Savings,2025-03-25,1989.92,Active
3780,2284,5,Payroll,2025-03-27,551.53,Active
3781,2285,13,Savings,2023-03-10,268.12,Active
3782,2285,13,Payroll,2023-03-19,604.79,Active
3783,2286,9,Savings,2024-03-08,2223.87,Active
3784,2286,9,Payroll,2024-03-31,537.52,Active
3785,2287,5,Savings,2024-02-09,3976.81,Active
3786,2287,5,Business,2024-02-20,12966.26,Active
3787,2288,16,Savings,2024-03-13,2009.17,Active
3788,2288,16,Fixed Deposit,2024-02-28,3135.13,Active
3789,2289,4,Payroll,2025-11-11,653.35,Active
3790,2290,1,Savings,2023-06-09,1912.7,Active
3791,2291,11,Savings,2024-08-01,2419.98,Active
3792,2291,11,Payroll,2024-07-27,990.91,Dormant
3793,2292,18,Savings,2024-10-15,2902.77,Dormant
3794,2293,7,Savings,2024-09-04,3861.46,Active
3795,2294,16,Savings,2023-07-03,122.53,Active
3796,2295,11,Savings,2024-12-14,216.72,Active
3797,2296,10,Savings,2024-12-27,1741.45,Active
3798,2296,10,Fixed Deposit,2024-12-08,3768.57,Active
3799,2296,10,Payroll,2024-12-25,535.52,Dormant
3800,2297,3,Savings,2024-05-21,1029.24,Active
3801,2298,7,Savings,2024-12-01,2524.82,Active
3802,2298,7,Payroll,2024-12-12,1397.16,Active
3803,2299,7,Savings,2024-12-25,1258.49,Active
3804,2300,2,Savings,2025-05-07,749.14,Active
3805,2300,2,Fixed Deposit,2025-05-01,2639.89,Active
3806,2301,1,Savings,2026-01-06,547.93,Active
3807,2301,1,Payroll,2026-01-14,322.15,Active
3808,2302,10,Savings,2025-09-30,2278.56,Active
3809,2302,10,Fixed Deposit,2025-09-05,12363.4,Dormant
3810,2302,10,Payroll,2025-09-19,1257.9,Active
3811,2304,14,Savings,2025-06-17,3694.94,Active
3812,2305,3,Savings,2023-12-12,742.05,Dormant
3813,2306,1,Savings,2023-12-26,1806.16,Active
3814,2306,1,Fixed Deposit,2023-12-25,4623.99,Active
3815,2307,7,Savings,2025-05-13,433.35,Active
3816,2307,7,Fixed Deposit,2025-05-12,7645.58,Active
3817,2307,7,Payroll,2025-04-21,782.77,Active
3818,2308,17,Savings,2024-07-08,1342.9,Active
3819,2309,14,Savings,2024-10-17,1398.14,Active
3820,2310,2,Savings,2025-06-12,1035.41,Active
3821,2310,2,Payroll,2025-06-09,485.91,Active
3822,2311,14,Savings,2024-12-23,1699.43,Dormant
3823,2311,14,Business,2025-01-03,3301.79,Active
3824,2312,15,Savings,2025-12-06,2003.43,Active
3825,2312,15,Payroll,2025-11-19,626.61,Active
3826,2313,10,Savings,2025-07-29,632.73,Active
3827,2314,14,Savings,2025-06-18,1939.54,Active
3828,2314,14,Business,2025-06-03,5680.54,Active
3829,2315,3,Savings,2025-06-16,1564.19,Active
3830,2316,1,Savings,2024-02-24,761.9,Active
3831,2316,1,Payroll,2024-03-03,441.97,Active
3832,2317,11,Savings,2025-09-25,1230.53,Active
3833,2318,6,Savings,2025-07-03,1304.96,Active
3834,2319,4,Savings,2024-07-22,4099.89,Active
3835,2319,4,Business,2024-07-20,13760.53,Closed
3836,2320,12,Savings,2024-11-18,5197.01,Active
3837,2321,4,Savings,2025-04-14,1768.54,Active
3838,2321,4,Payroll,2025-04-15,800.01,Active
3839,2322,16,Savings,2025-07-28,2038.65,Active
3840,2322,16,Payroll,2025-07-08,601.34,Active
3841,2323,18,Savings,2024-09-15,547.54,Active
3842,2324,2,Savings,2024-04-12,441.23,Dormant
3843,2324,2,Fixed Deposit,2024-04-07,5567.53,Active
3844,2324,2,Payroll,2024-03-24,899.4,Active
3845,2325,3,Savings,2025-09-29,2489.07,Active
3846,2325,3,Payroll,2025-10-18,1014.36,Active
3847,2326,2,Savings,2024-01-22,590.33,Active
3848,2327,7,Savings,2024-08-07,872.08,Active
3849,2327,7,Payroll,2024-08-26,1334.06,Active
3850,2328,17,Savings,2025-10-01,956.0,Active
3851,2329,12,Savings,2024-03-22,229.66,Active
3852,2329,12,Fixed Deposit,2024-03-16,830.61,Active
3853,2330,11,Savings,2025-09-15,698.37,Active
3854,2331,7,Savings,2024-12-30,60.36,Active
3855,2332,6,Savings,2023-10-05,510.26,Active
3856,2333,5,Savings,2024-12-01,773.56,Active
3857,2334,11,Savings,2024-03-25,435.63,Dormant
3858,2335,10,Savings,2024-06-16,349.69,Active
3859,2336,7,Savings,2025-06-03,1641.29,Dormant
3860,2337,5,Savings,2025-12-29,962.32,Active
3861,2337,5,Fixed Deposit,2026-01-03,3412.94,Active
3862,2337,5,Payroll,2026-01-19,514.28,Active
3863,2338,15,Savings,2025-07-26,719.41,Active
3864,2339,10,Savings,2025-04-15,690.45,Active
3865,2339,10,Fixed Deposit,2025-04-24,2527.99,Active
3866,2339,10,Payroll,2025-04-10,242.54,Active
3867,2340,11,Savings,2024-08-14,1149.55,Active
3868,2341,8,Savings,2024-03-05,4139.86,Active
3869,2342,15,Savings,2025-10-11,1118.67,Active
3870,2342,15,Payroll,2025-10-17,633.26,Active
3871,2343,7,Savings,2025-11-09,1847.61,Active
3872,2344,7,Savings,2024-01-18,717.17,Active
3873,2344,7,Fixed Deposit,2024-01-30,966.46,Closed
3874,2345,14,Savings,2024-11-19,331.49,Active
3875,2345,14,Fixed Deposit,2024-11-20,2993.91,Active
3876,2346,1,Savings,2024-06-09,2128.93,Active
3877,2347,12,Savings,2025-03-09,1168.29,Active
3878,2348,3,Savings,2025-04-11,1293.93,Active
3879,2348,3,Payroll,2025-04-14,455.41,Dormant
3880,2349,4,Savings,2024-06-16,355.67,Active
3881,2350,2,Savings,2025-10-15,2278.43,Active
3882,2350,2,Fixed Deposit,2025-09-23,7070.95,Active
3883,2350,2,Business,2025-09-22,3180.47,Dormant
3884,2351,4,Savings,2024-08-20,557.69,Closed
3885,2352,11,Savings,2025-06-25,1434.48,Closed
3886,2353,11,Savings,2023-11-20,2450.05,Active
3887,2353,11,Fixed Deposit,2023-12-07,16376.71,Active
3888,2353,11,Business,2023-12-02,7718.29,Active
3889,2354,6,Savings,2023-07-01,1296.09,Active
3890,2354,6,Payroll,2023-06-21,1463.48,Active
3891,2355,12,Savings,2024-04-27,1988.46,Active
3892,2355,12,Fixed Deposit,2024-04-30,11279.59,Active
3893,2356,4,Savings,2023-06-05,718.67,Dormant
3894,2356,4,Fixed Deposit,2023-06-01,3351.71,Dormant
3895,2356,4,Payroll,2023-05-13,758.63,Active
3896,2357,10,Savings,2025-05-01,1535.55,Active
3897,2357,10,Fixed Deposit,2025-05-10,3239.5,Active
3898,2357,10,Payroll,2025-05-12,1065.92,Active
3899,2358,8,Savings,2023-07-10,3566.07,Active
3900,2358,8,Payroll,2023-07-29,1105.34,Active
3901,2359,18,Savings,2023-10-08,1399.98,Dormant
3902,2360,9,Savings,2025-11-29,662.53,Active
3903,2360,9,Fixed Deposit,2025-11-09,6769.34,Active
3904,2361,2,Savings,2024-06-22,310.24,Active
3905,2362,3,Savings,2023-10-03,1716.51,Active
3906,2362,3,Payroll,2023-09-30,805.39,Active
3907,2363,9,Savings,2025-05-28,179.78,Active
3908,2364,1,Savings,2024-04-04,1254.15,Dormant
3909,2365,11,Savings,2025-05-14,616.12,Active
3910,2366,11,Savings,2025-07-27,298.66,Dormant
3911,2367,6,Savings,2023-02-24,450.06,Active
3912,2368,6,Savings,2025-05-11,621.96,Active
3913,2368,6,Payroll,2025-04-17,328.51,Active
3914,2369,7,Savings,2024-07-28,8445.31,Active
3915,2369,7,Business,2024-07-16,22427.56,Active
3916,2370,2,Savings,2025-02-04,1279.28,Active
3917,2370,2,Payroll,2025-01-19,341.55,Active
3918,2371,8,Savings,2024-06-18,1068.92,Dormant
3919,2372,6,Savings,2024-10-25,736.43,Active
3920,2372,6,Payroll,2024-10-29,454.42,Active
3921,2373,3,Savings,2025-11-16,1002.34,Active
3922,2373,3,Payroll,2025-12-03,1362.92,Active
3923,2374,4,Savings,2025-03-23,522.4,Dormant
3924,2374,4,Payroll,2025-04-02,944.63,Active
3925,2375,18,Savings,2025-07-26,479.72,Active
3926,2376,16,Savings,2025-05-11,6233.85,Active
3927,2377,4,Savings,2023-02-09,506.66,Active
3928,2379,8,Savings,2025-08-29,490.14,Active
3929,2379,8,Payroll,2025-09-07,675.61,Active
3930,2380,5,Savings,2023-10-09,567.59,Active
3931,2381,12,Savings,2025-11-20,2102.35,Active
3932,2381,12,Fixed Deposit,2025-11-24,9759.69,Dormant
3933,2381,12,Payroll,2025-12-08,1074.76,Active
3934,2382,6,Savings,2025-02-09,402.81,Active
3935,2382,6,Payroll,2025-01-25,498.95,Active
3936,2383,10,Savings,2025-03-01,353.48,Active
3937,2384,6,Savings,2025-12-08,3382.64,Active
3938,2384,6,Payroll,2025-12-03,1726.63,Active
3939,2385,15,Savings,2025-12-31,809.9,Active
3940,2386,4,Fixed Deposit,2024-09-16,4186.27,Active
3941,2387,2,Savings,2023-06-18,1417.26,Active
3942,2388,8,Savings,2025-12-28,576.31,Active
3943,2388,8,Fixed Deposit,2026-01-05,2242.18,Active
3944,2388,8,Payroll,2026-01-09,330.86,Closed
3945,2389,18,Savings,2023-09-22,1808.56,Active
3946,2389,18,Fixed Deposit,2023-10-09,10113.62,Active
3947,2390,1,Savings,2025-01-22,359.43,Active
3948,2391,3,Savings,2023-02-25,1058.72,Active
3949,2391,3,Payroll,2023-03-15,309.02,Active
3950,2392,4,Savings,2025-06-21,941.27,Active
3951,2392,4,Fixed Deposit,2025-06-21,3876.43,Active
3952,2393,4,Savings,2024-02-17,2340.37,Active
3953,2393,4,Payroll,2024-02-19,973.46,Active
3954,2394,4,Savings,2025-04-06,1102.59,Active
3955,2395,3,Savings,2025-05-26,1138.65,Dormant
3956,2395,3,Payroll,2025-05-27,1119.79,Active
3957,2396,2,Savings,2025-08-30,1183.53,Active
3958,2397,8,Savings,2023-10-14,883.72,Active
3959,2398,1,Savings,2025-01-08,1986.88,Active
3960,2399,4,Savings,2025-05-15,577.59,Active
3961,2399,4,Business,2025-05-01,3087.06,Active
3962,2400,6,Savings,2024-01-05,1408.99,Active
3963,2401,3,Savings,2025-04-21,680.04,Active
3964,2401,3,Fixed Deposit,2025-04-05,11661.12,Active
3965,2403,2,Savings,2024-12-13,268.54,Active
3966,2404,14,Payroll,2024-09-28,205.7,Active
3967,2405,2,Savings,2024-02-25,2203.56,Active
3968,2405,2,Fixed Deposit,2024-02-18,12334.08,Active
3969,2406,8,Savings,2023-06-02,2106.4,Active
3970,2406,8,Fixed Deposit,2023-05-30,10130.38,Active
3971,2406,8,Payroll,2023-06-07,795.14,Active
3972,2407,14,Fixed Deposit,2025-07-09,6980.29,Active
3973,2407,14,Business,2025-07-01,12630.3,Closed
3974,2408,4,Savings,2025-12-29,1181.85,Active
3975,2409,14,Savings,2025-04-26,381.65,Active
3976,2410,8,Savings,2025-09-04,978.15,Closed
3977,2411,2,Savings,2023-12-13,1477.99,Active
3978,2412,13,Savings,2024-10-29,942.88,Active
3979,2413,17,Savings,2025-10-02,1425.74,Active
3980,2414,11,Savings,2025-04-04,553.56,Dormant
3981,2414,11,Payroll,2025-04-07,270.21,Dormant
3982,2415,12,Business,2025-09-02,4804.27,Active
3983,2416,2,Savings,2025-03-25,163.98,Closed
3984,2416,2,Fixed Deposit,2025-03-21,894.75,Active
3985,2417,2,Savings,2023-09-05,2117.83,Active
3986,2417,2,Fixed Deposit,2023-09-08,8151.22,Active
3987,2417,2,Payroll,2023-08-26,576.68,Active
3988,2418,13,Savings,2025-06-02,825.04,Active
3989,2419,2,Savings,2025-08-14,544.38,Active
3990,2419,2,Fixed Deposit,2025-08-05,4699.67,Closed
3991,2419,2,Payroll,2025-08-11,732.56,Active
3992,2420,15,Savings,2025-02-15,3037.94,Active
3993,2421,8,Savings,2023-12-16,492.57,Active
3994,2421,8,Payroll,2023-12-09,921.09,Active
3995,2422,14,Savings,2023-06-27,4362.6,Active
3996,2422,14,Fixed Deposit,2023-06-10,16443.05,Active
3997,2423,1,Savings,2024-01-19,4883.54,Active
3998,2424,13,Savings,2023-11-22,2226.78,Active
3999,2424,13,Fixed Deposit,2023-11-10,4592.29,Dormant
4000,2424,13,Business,2023-11-30,9842.49,Active
4001,2426,5,Savings,2023-03-31,1075.37,Active
4002,2426,5,Business,2023-03-29,7771.33,Closed
4003,2427,10,Savings,2025-07-07,2243.37,Active
4004,2427,10,Fixed Deposit,2025-07-18,12586.49,Active
4005,2427,10,Payroll,2025-07-08,1458.21,Active
4006,2428,5,Savings,2024-01-06,691.58,Dormant
4007,2428,5,Payroll,2024-01-08,365.35,Dormant
4008,2429,3,Savings,2024-03-12,400.13,Active
4009,2429,3,Fixed Deposit,2024-02-21,8112.43,Active
4010,2430,1,Savings,2024-05-01,2826.65,Active
4011,2430,1,Fixed Deposit,2024-04-22,8405.53,Active
4012,2430,1,Business,2024-05-02,14011.28,Dormant
4013,2431,8,Savings,2025-03-22,1002.88,Active
4014,2433,8,Savings,2025-07-18,96.95,Active
4015,2434,1,Savings,2023-04-30,304.07,Closed
4016,2434,1,Payroll,2023-05-19,195.81,Active
4017,2435,6,Savings,2024-10-13,864.4,Dormant
4018,2435,6,Fixed Deposit,2024-11-07,7186.64,Closed
4019,2436,9,Savings,2025-06-11,2268.5,Active
4020,2437,6,Savings,2024-09-30,123.19,Active
4021,2438,5,Savings,2023-08-04,4596.53,Dormant
4022,2438,5,Fixed Deposit,2023-08-09,26153.21,Active
4023,2438,5,Business,2023-08-13,10682.49,Active
4024,2439,17,Savings,2026-01-18,1276.25,Active
4025,2439,17,Payroll,2026-01-01,491.81,Active
4026,2440,18,Savings,2025-05-28,2346.36,Dormant
4027,2440,18,Payroll,2025-06-23,601.37,Active
4028,2441,18,Savings,2023-07-15,1714.78,Active
4029,2441,18,Fixed Deposit,2023-07-15,6941.58,Active
4030,2442,10,Savings,2023-06-23,587.02,Dormant
4031,2442,10,Payroll,2023-06-17,390.49,Active
4032,2443,16,Savings,2023-09-01,745.01,Active
4033,2444,7,Savings,2024-09-30,1671.37,Active
4034,2444,7,Fixed Deposit,2024-09-22,9280.05,Active
4035,2445,16,Savings,2025-11-10,1482.87,Active
4036,2445,16,Fixed Deposit,2025-12-04,5069.62,Active
4037,2445,16,Payroll,2025-11-30,559.99,Active
4038,2446,1,Savings,2025-05-23,1246.22,Active
4039,2446,1,Payroll,2025-05-03,1104.88,Active
4040,2447,18,Savings,2024-09-08,1615.93,Active
4041,2448,7,Savings,2024-08-30,1487.84,Active
4042,2449,4,Savings,2025-02-09,4210.65,Active
4043,2449,4,Fixed Deposit,2025-02-12,14379.72,Active
4044,2449,4,Business,2025-02-07,12800.59,Active
4045,2450,5,Savings,2023-12-26,1369.72,Dormant
4046,2450,5,Fixed Deposit,2024-01-12,9684.56,Active
4047,2450,5,Payroll,2023-12-31,479.35,Active
4048,2451,9,Savings,2023-12-30,3208.6,Active
4049,2451,9,Fixed Deposit,2024-01-03,6776.66,Closed
4050,2451,9,Payroll,2023-12-23,1525.91,Active
4051,2452,5,Savings,2025-08-14,896.99,Active
4052,2453,4,Savings,2025-01-01,1489.5,Active
4053,2453,4,Fixed Deposit,2024-12-26,12254.9,Active
4054,2453,4,Payroll,2024-12-06,1083.99,Active
4055,2454,5,Savings,2025-07-22,2797.76,Active
4056,2454,5,Payroll,2025-07-22,613.03,Active
4057,2455,4,Savings,2024-09-02,893.57,Active
4058,2455,4,Business,2024-09-21,9104.28,Closed
4059,2456,6,Savings,2024-09-15,1858.39,Active
4060,2457,12,Savings,2026-01-23,808.32,Active
4061,2458,14,Savings,2025-11-24,668.12,Active
4062,2459,3,Savings,2025-12-12,2227.21,Active
4063,2459,3,Payroll,2025-12-05,995.88,Active
4064,2460,1,Savings,2024-10-07,325.99,Dormant
4065,2461,6,Savings,2025-12-08,2615.3,Active
4066,2462,10,Savings,2024-05-11,5448.98,Active
4067,2462,10,Business,2024-05-22,15682.44,Active
4068,2463,5,Savings,2025-03-05,1181.27,Active
4069,2463,5,Payroll,2025-03-15,222.41,Active
4070,2464,8,Savings,2024-06-11,442.38,Active
4071,2464,8,Payroll,2024-06-14,288.45,Active
4072,2465,18,Savings,2025-04-12,1038.38,Active
4073,2466,13,Savings,2025-05-20,508.59,Active
4074,2466,13,Payroll,2025-05-07,297.68,Closed
4075,2467,7,Savings,2023-12-16,2017.41,Active
4076,2468,18,Savings,2025-12-21,294.71,Active
4077,2469,1,Savings,2023-12-19,477.3,Active
4078,2470,2,Savings,2026-01-03,380.11,Active
4079,2471,9,Savings,2025-04-29,2025.72,Active
4080,2471,9,Payroll,2025-05-05,1011.58,Active
4081,2473,13,Savings,2025-03-18,1267.62,Dormant
4082,2473,13,Fixed Deposit,2025-04-06,4798.03,Active
4083,2474,3,Savings,2023-05-03,1152.33,Active
4084,2474,3,Fixed Deposit,2023-05-09,8407.0,Active
4085,2475,17,Savings,2023-07-20,3414.61,Dormant
4086,2475,17,Fixed Deposit,2023-07-13,6830.28,Dormant
4087,2475,17,Payroll,2023-07-12,1048.98,Closed
4088,2476,17,Savings,2024-10-02,2520.27,Active
4089,2476,17,Fixed Deposit,2024-10-09,9649.05,Active
4090,2476,17,Business,2024-09-28,12114.72,Active
4091,2477,5,Savings,2025-08-02,680.99,Dormant
4092,2478,18,Savings,2025-10-30,710.4,Active
4093,2478,18,Payroll,2025-10-24,365.73,Active
4094,2479,10,Savings,2025-08-31,755.47,Dormant
4095,2480,13,Savings,2024-05-26,775.15,Active
4096,2481,14,Savings,2025-08-30,941.47,Active
4097,2481,14,Payroll,2025-08-31,604.37,Active
4098,2482,16,Savings,2025-03-21,64.08,Active
4099,2482,16,Fixed Deposit,2025-03-09,1056.17,Dormant
4100,2483,4,Savings,2024-01-19,2690.61,Active
4101,2483,4,Business,2024-01-19,14947.75,Active
4102,2484,17,Savings,2024-11-24,226.82,Active
4103,2484,17,Fixed Deposit,2024-11-27,1359.27,Active
4104,2484,17,Payroll,2024-11-27,243.02,Dormant
4105,2485,8,Savings,2025-03-06,730.18,Active
4106,2485,8,Business,2025-03-02,2937.64,Active
4107,2486,18,Savings,2024-04-20,690.86,Active
4108,2487,18,Savings,2024-12-13,2384.03,Active
4109,2487,18,Business,2024-12-20,13101.77,Dormant
4110,2488,18,Savings,2024-07-21,2220.59,Active
4111,2489,1,Savings,2023-07-15,6171.64,Active
4112,2489,1,Business,2023-07-10,6021.77,Dormant
4113,2490,8,Savings,2025-08-14,1515.06,Active
4114,2490,8,Fixed Deposit,2025-08-20,3419.41,Active
4115,2491,8,Savings,2025-05-31,3244.28,Active
4116,2492,1,Savings,2025-08-14,599.87,Active
4117,2492,1,Fixed Deposit,2025-08-23,3355.76,Active
4118,2493,9,Savings,2026-01-01,429.47,Dormant
4119,2494,2,Savings,2024-04-29,647.92,Active
4120,2494,2,Payroll,2024-05-11,712.14,Active
4121,2495,4,Business,2024-07-09,6884.21,Active
4122,2496,1,Savings,2024-09-28,1205.33,Active
4123,2496,1,Fixed Deposit,2024-09-19,4357.18,Active
4124,2496,1,Payroll,2024-10-08,520.37,Active
4125,2497,11,Savings,2023-06-01,530.6,Active
4126,2497,11,Payroll,2023-06-07,671.63,Active
4127,2498,8,Savings,2025-12-22,427.06,Closed
4128,2498,8,Fixed Deposit,2025-12-12,3164.98,Active
4129,2499,3,Savings,2025-03-18,1233.65,Active
4130,2499,3,Payroll,2025-03-04,778.88,Closed
4131,2501,4,Savings,2024-05-24,3781.33,Active
4132,2501,4,Business,2024-06-02,8758.34,Active
4133,2502,18,Savings,2025-09-21,885.05,Active
4134,2502,18,Payroll,2025-09-23,413.04,Active
4135,2503,14,Savings,2025-05-30,1657.94,Active
4136,2504,16,Savings,2026-01-01,1985.57,Active
4137,2504,16,Fixed Deposit,2026-01-06,6305.1,Active
4138,2504,16,Payroll,2026-01-24,987.13,Active
4139,2505,2,Savings,2023-08-18,400.56,Active
4140,2506,11,Savings,2024-10-17,236.53,Active
4141,2507,11,Savings,2024-10-01,1342.19,Active
4142,2508,3,Savings,2023-05-19,1294.43,Dormant
4143,2508,3,Fixed Deposit,2023-05-21,7869.79,Active
4144,2508,3,Payroll,2023-05-01,385.44,Active
4145,2509,2,Savings,2025-08-08,1123.62,Active
4146,2510,11,Savings,2024-04-14,2593.95,Active
4147,2510,11,Fixed Deposit,2024-04-15,4236.98,Active
4148,2511,7,Savings,2024-07-03,4732.23,Active
4149,2511,7,Business,2024-06-24,8895.02,Active
4150,2512,18,Savings,2025-07-24,459.74,Dormant
4151,2513,4,Savings,2025-12-07,584.71,Active
4152,2513,4,Payroll,2025-12-10,899.29,Active
4153,2514,10,Savings,2024-11-18,2290.56,Active
4154,2514,10,Payroll,2024-10-28,724.5,Active
4155,2515,18,Savings,2023-01-07,57.58,Active
4156,2516,16,Savings,2025-04-29,1135.73,Active
4157,2517,7,Savings,2024-12-17,3029.25,Active
4158,2517,7,Business,2024-12-29,13084.36,Active
4159,2518,1,Savings,2024-05-15,693.0,Active
4160,2518,1,Fixed Deposit,2024-05-02,1681.87,Active
4161,2519,10,Savings,2025-07-28,966.38,Active
4162,2520,9,Savings,2023-12-09,4192.52,Active
4163,2520,9,Business,2023-12-07,5709.28,Active
4164,2521,5,Savings,2024-12-26,759.48,Active
4165,2522,15,Savings,2025-10-07,1173.53,Active
4166,2522,15,Business,2025-10-10,5663.68,Active
4167,2523,16,Savings,2025-06-14,669.72,Dormant
4168,2524,4,Savings,2025-06-04,129.55,Dormant
4169,2525,15,Savings,2024-02-29,519.04,Active
4170,2526,6,Savings,2024-01-02,1057.19,Active
4171,2526,6,Payroll,2024-01-06,899.83,Active
4172,2527,4,Savings,2025-09-25,588.23,Active
4173,2528,13,Savings,2025-07-22,2099.88,Active
4174,2529,4,Savings,2025-04-22,1335.86,Active
4175,2529,4,Payroll,2025-04-10,246.4,Active
4176,2530,6,Savings,2024-10-10,531.04,Active
4177,2531,10,Fixed Deposit,2025-04-23,1839.4,Active
4178,2532,8,Savings,2025-03-06,1085.66,Active
4179,2532,8,Payroll,2025-03-06,705.18,Active
4180,2533,5,Savings,2025-06-15,786.48,Active
4181,2533,5,Payroll,2025-06-17,931.79,Active
4182,2534,16,Savings,2025-06-07,1857.21,Active
4183,2534,16,Fixed Deposit,2025-05-27,3055.68,Active
4184,2534,16,Payroll,2025-06-14,599.9,Active
4185,2535,18,Savings,2024-07-12,692.04,Active
4186,2536,2,Savings,2023-08-16,4564.09,Active
4187,2536,2,Fixed Deposit,2023-09-10,18164.33,Active
4188,2536,2,Business,2023-08-27,16408.74,Active
4189,2537,5,Savings,2023-12-15,2296.01,Active
4190,2537,5,Payroll,2023-12-30,585.94,Active
4191,2538,14,Savings,2024-03-02,2776.6,Closed
4192,2538,14,Payroll,2024-03-12,823.27,Active
4193,2539,16,Savings,2024-06-25,5330.81,Active
4194,2539,16,Fixed Deposit,2024-06-06,16927.28,Closed
4195,2539,16,Business,2024-06-08,13655.15,Dormant
4196,2540,16,Savings,2024-12-16,549.62,Active
4197,2540,16,Payroll,2024-12-14,215.75,Active
4198,2541,9,Savings,2024-01-26,684.23,Active
4199,2542,2,Savings,2025-05-22,2945.93,Closed
4200,2542,2,Fixed Deposit,2025-05-11,11112.38,Closed
4201,2542,2,Business,2025-06-06,10591.89,Active
4202,2543,4,Savings,2023-11-07,1591.2,Active
4203,2543,4,Payroll,2023-11-22,2017.93,Active
4204,2544,5,Savings,2023-05-03,1011.74,Active
4205,2544,5,Fixed Deposit,2023-05-24,3679.59,Closed
4206,2544,5,Payroll,2023-05-17,486.2,Active
4207,2545,18,Savings,2025-12-07,1421.31,Active
4208,2546,13,Savings,2023-10-25,4049.67,Active
4209,2546,13,Payroll,2023-10-21,1783.01,Active
4210,2547,18,Savings,2025-10-12,2568.06,Active
4211,2547,18,Payroll,2025-10-08,588.83,Active
4212,2548,17,Savings,2025-06-20,343.04,Active
4213,2549,4,Business,2024-07-04,7699.82,Active
4214,2550,5,Savings,2024-04-17,1045.2,Active
4215,2551,3,Savings,2025-01-12,2004.36,Active
4216,2551,3,Business,2025-01-15,13557.98,Active
4217,2552,3,Savings,2024-11-04,2111.51,Active
4218,2552,3,Fixed Deposit,2024-10-11,7399.51,Active
4219,2552,3,Payroll,2024-11-01,637.76,Active
4220,2553,6,Savings,2025-03-15,226.62,Active
4221,2553,6,Payroll,2025-02-20,295.84,Dormant
4222,2554,5,Savings,2023-03-17,396.34,Active
4223,2555,15,Savings,2025-12-30,1345.98,Active
4224,2555,15,Fixed Deposit,2025-12-16,4207.67,Active
4225,2555,15,Payroll,2025-12-05,642.26,Dormant
4226,2556,7,Savings,2023-12-22,1338.9,Active
4227,2556,7,Payroll,2023-12-31,816.89,Active
4228,2557,14,Savings,2024-04-10,3932.35,Active
4229,2557,14,Fixed Deposit,2024-04-10,28666.34,Active
4230,2557,14,Business,2024-04-10,7044.16,Active
4231,2558,18,Savings,2024-03-09,629.08,Active
4232,2558,18,Payroll,2024-02-24,311.23,Active
4233,2559,2,Savings,2023-05-15,608.25,Active
4234,2559,2,Payroll,2023-05-13,884.2,Active
4235,2560,11,Savings,2025-12-14,1772.96,Active
4236,2560,11,Payroll,2025-12-30,1689.74,Active
4237,2561,4,Savings,2024-07-31,253.66,Active
4238,2561,4,Payroll,2024-08-06,332.35,Active
4239,2562,5,Savings,2024-05-21,2595.4,Active
4240,2563,5,Savings,2025-06-13,1656.68,Active
4241,2563,5,Payroll,2025-06-20,367.55,Dormant
4242,2564,12,Savings,2025-06-11,2557.67,Active
4243,2564,12,Business,2025-06-16,9254.28,Active
4244,2565,18,Savings,2025-09-27,946.8,Active
4245,2566,7,Savings,2025-09-27,312.51,Dormant
4246,2567,12,Savings,2025-01-16,2062.64,Active
4247,2567,12,Fixed Deposit,2025-01-28,10619.59,Closed
4248,2567,12,Payroll,2025-02-06,924.1,Dormant
4249,2568,5,Savings,2024-02-22,920.83,Active
4250,2568,5,Payroll,2024-02-07,698.8,Active
4251,2569,9,Savings,2025-09-07,2499.27,Active
4252,2569,9,Fixed Deposit,2025-09-03,12733.29,Active
4253,2569,9,Payroll,2025-09-05,1222.88,Active
4254,2570,13,Savings,2025-05-06,2164.31,Active
4255,2570,13,Business,2025-04-23,6296.52,Active
4256,2571,4,Savings,2024-10-19,3467.03,Active
4257,2571,4,Payroll,2024-10-22,1737.94,Active
4258,2572,3,Savings,2024-11-29,966.29,Active
4259,2573,15,Savings,2025-05-13,2241.38,Active
4260,2573,15,Payroll,2025-05-11,669.85,Closed
4261,2574,14,Savings,2025-07-11,472.37,Active
4262,2575,18,Savings,2025-11-29,272.43,Active
4263,2576,12,Savings,2025-02-16,496.35,Active
4264,2576,12,Payroll,2025-02-28,604.47,Active
4265,2577,5,Savings,2024-08-19,777.21,Active
4266,2577,5,Fixed Deposit,2024-09-03,5486.77,Active
4267,2577,5,Payroll,2024-08-27,371.99,Active
4268,2578,13,Savings,2023-10-22,672.18,Active
4269,2578,13,Payroll,2023-10-16,356.88,Active
4270,2579,7,Savings,2025-12-18,955.53,Active
4271,2580,1,Savings,2025-03-30,1148.78,Active
4272,2580,1,Business,2025-04-07,8157.03,Active
4273,2581,7,Savings,2025-05-13,1977.84,Active
4274,2581,7,Payroll,2025-05-14,1009.32,Active
4275,2582,10,Savings,2024-02-21,457.69,Active
4276,2582,10,Payroll,2024-02-12,379.41,Active
4277,2583,8,Savings,2024-03-15,540.04,Active
4278,2584,5,Savings,2025-10-08,653.75,Active
4279,2584,5,Fixed Deposit,2025-10-20,5672.55,Active
4280,2584,5,Payroll,2025-10-02,1157.53,Active
4281,2586,16,Savings,2023-06-16,975.88,Active
4282,2587,4,Savings,2025-04-07,339.05,Active
4283,2587,4,Payroll,2025-04-14,327.21,Active
4284,2588,13,Savings,2025-07-10,439.1,Active
4285,2589,5,Savings,2024-01-05,302.31,Active
4286,2590,11,Savings,2024-06-11,1046.65,Active
4287,2591,4,Savings,2024-07-11,3369.7,Active
4288,2591,4,Fixed Deposit,2024-07-11,5077.67,Dormant
4289,2592,4,Savings,2025-10-13,2574.91,Active
4290,2592,4,Business,2025-10-15,9270.28,Active
4291,2593,5,Savings,2025-11-28,626.77,Active
4292,2594,2,Savings,2023-06-02,1321.75,Dormant
4293,2594,2,Payroll,2023-05-11,694.55,Active
4294,2596,18,Savings,2024-08-31,567.11,Active
4295,2597,2,Savings,2024-06-16,3314.22,Active
4296,2597,2,Payroll,2024-06-30,1849.74,Active
4297,2598,15,Savings,2025-03-16,5201.67,Active
4298,2599,2,Savings,2025-11-14,2933.89,Active
4299,2599,2,Fixed Deposit,2025-11-24,11087.18,Dormant
4300,2600,3,Savings,2023-12-24,635.16,Active
4301,2600,3,Payroll,2023-12-17,437.28,Active
4302,2601,6,Savings,2025-10-05,1239.69,Active
4303,2601,6,Payroll,2025-10-11,636.25,Active
4304,2602,6,Savings,2026-01-19,4245.99,Active
4305,2602,6,Fixed Deposit,2026-01-14,12384.92,Active
4306,2602,6,Business,2026-01-16,14310.77,Active
4307,2603,18,Savings,2025-10-27,896.62,Active
4308,2604,1,Savings,2024-07-21,256.21,Active
4309,2604,1,Payroll,2024-06-29,207.24,Active
4310,2605,1,Savings,2025-12-20,1934.59,Active
4311,2605,1,Payroll,2025-12-07,1161.54,Active
4312,2606,2,Savings,2025-01-11,1835.25,Active
4313,2607,10,Savings,2025-03-06,1124.59,Active
4314,2607,10,Payroll,2025-03-16,404.26,Active
4315,2608,14,Fixed Deposit,2023-08-26,4303.48,Active
4316,2609,14,Savings,2024-10-26,579.82,Active
4317,2609,14,Payroll,2024-11-03,404.46,Active
4318,2610,2,Savings,2025-12-25,311.07,Active
4319,2610,2,Payroll,2025-12-18,452.18,Active
4320,2611,3,Savings,2025-09-27,1456.49,Dormant
4321,2612,2,Savings,2025-01-04,2178.09,Active
4322,2613,1,Savings,2024-02-15,723.2,Active
4323,2613,1,Fixed Deposit,2024-02-10,843.07,Active
4324,2614,1,Fixed Deposit,2023-09-04,2522.29,Active
4325,2614,1,Payroll,2023-09-15,451.08,Active
4326,2615,3,Savings,2025-11-25,529.84,Active
4327,2616,17,Savings,2024-09-13,415.93,Active
4328,2617,14,Savings,2024-02-22,2004.15,Active
4329,2617,14,Fixed Deposit,2024-02-06,10611.17,Active
4330,2618,4,Savings,2025-03-08,1512.74,Active
4331,2619,18,Savings,2024-09-19,1542.0,Closed
4332,2619,18,Fixed Deposit,2024-10-02,4382.09,Active
4333,2619,18,Payroll,2024-10-08,630.73,Active
4334,2620,11,Savings,2025-12-18,443.31,Active
4335,2621,10,Savings,2024-09-28,2019.19,Active
4336,2621,10,Business,2024-10-07,6235.36,Active
4337,2622,1,Savings,2025-10-01,652.08,Dormant
4338,2622,1,Payroll,2025-10-11,640.74,Active
4339,2623,7,Savings,2024-08-07,1025.39,Dormant
4340,2623,7,Fixed Deposit,2024-08-31,6088.81,Dormant
4341,2623,7,Payroll,2024-08-04,1230.82,Active
4342,2624,7,Savings,2025-07-05,309.39,Active
4343,2624,7,Payroll,2025-07-25,711.25,Active
4344,2625,4,Savings,2025-09-16,577.13,Active
4345,2626,10,Savings,2024-03-20,2398.45,Closed
4346,2626,10,Business,2024-03-21,15801.35,Closed
4347,2627,7,Savings,2024-03-14,688.45,Active
4348,2628,8,Savings,2024-08-28,1284.45,Active
4349,2628,8,Fixed Deposit,2024-08-27,5368.3,Active
4350,2628,8,Payroll,2024-08-11,681.86,Active
4351,2629,2,Savings,2024-12-18,933.03,Active
4352,2630,3,Savings,2023-08-05,3251.87,Active
4353,2630,3,Payroll,2023-08-12,1472.19,Active
4354,2632,3,Savings,2023-11-05,1130.68,Active
4355,2632,3,Business,2023-11-15,4377.81,Active
4356,2633,18,Savings,2025-11-01,581.24,Active
4357,2634,16,Savings,2025-01-08,1323.64,Active
4358,2635,11,Savings,2024-02-04,698.91,Active
4359,2636,7,Savings,2024-01-24,1720.36,Active
4360,2636,7,Payroll,2024-01-22,793.46,Active
4361,2637,14,Savings,2025-05-10,2718.35,Active
4362,2637,14,Fixed Deposit,2025-05-10,19996.97,Active
4363,2637,14,Business,2025-04-17,20217.2,Active
4364,2638,5,Savings,2025-11-22,986.55,Active
4365,2639,2,Savings,2025-03-10,2224.67,Active
4366,2639,2,Payroll,2025-02-22,713.69,Active
4367,2640,2,Savings,2023-06-07,2048.29,Active
4368,2640,2,Fixed Deposit,2023-06-25,3420.77,Active
4369,2641,11,Savings,2024-11-01,1317.18,Active
4370,2641,11,Payroll,2024-11-22,438.23,Active
4371,2642,17,Savings,2023-02-21,120.9,Active
4372,2643,10,Savings,2023-12-03,592.98,Active
4373,2644,6,Savings,2024-06-15,668.69,Active
4374,2644,6,Fixed Deposit,2024-06-16,1976.9,Active
4375,2645,3,Savings,2024-11-03,763.16,Dormant
4376,2646,1,Savings,2023-09-19,340.28,Active
4377,2647,18,Fixed Deposit,2025-03-09,3016.11,Active
4378,2647,18,Payroll,2025-04-05,567.5,Active
4379,2648,13,Savings,2025-11-30,3447.49,Active
4380,2648,13,Fixed Deposit,2025-11-15,13277.27,Active
4381,2649,5,Savings,2023-08-25,826.3,Active
4382,2649,5,Business,2023-08-26,8285.44,Dormant
4383,2650,14,Savings,2025-12-30,2898.02,Active
4384,2651,17,Savings,2025-03-14,812.57,Dormant
4385,2652,18,Savings,2024-05-03,605.14,Closed
4386,2652,18,Fixed Deposit,2024-05-06,3903.97,Closed
4387,2653,6,Savings,2025-11-02,1788.14,Active
4388,2653,6,Payroll,2025-10-18,600.52,Active
4389,2654,10,Savings,2024-09-27,874.07,Active
4390,2655,6,Savings,2025-12-02,3445.89,Active
4391,2655,6,Payroll,2025-12-06,1075.44,Active
4392,2656,3,Savings,2024-01-05,629.23,Active
4393,2656,3,Business,2024-01-01,2515.21,Active
4394,2657,11,Savings,2025-05-24,850.48,Active
4395,2658,11,Savings,2025-01-19,4943.23,Active
4396,2659,7,Savings,2024-05-12,868.65,Active
4397,2659,7,Fixed Deposit,2024-04-28,4915.78,Dormant
4398,2659,7,Business,2024-05-05,9831.91,Active
4399,2660,16,Savings,2025-03-27,3558.35,Active
4400,2661,2,Savings,2024-12-02,1982.53,Active
4401,2662,2,Savings,2023-05-19,487.35,Dormant
4402,2663,14,Savings,2026-01-03,917.88,Active
4403,2663,14,Payroll,2025-12-09,1547.44,Active
4404,2664,3,Savings,2024-02-20,1049.67,Active
4405,2665,12,Savings,2023-11-23,914.64,Active
4406,2665,12,Fixed Deposit,2023-11-03,3717.52,Active
4407,2665,12,Payroll,2023-12-02,275.84,Active
4408,2666,9,Savings,2024-04-05,689.31,Dormant
4409,2667,4,Fixed Deposit,2026-01-04,7514.0,Active
4410,2667,4,Business,2025-12-23,6948.12,Active
4411,2668,5,Savings,2025-01-27,1026.31,Active
4412,2668,5,Fixed Deposit,2025-02-09,5402.3,Dormant
4413,2669,1,Savings,2024-09-01,1668.14,Active
4414,2669,1,Fixed Deposit,2024-08-27,3862.83,Active
4415,2669,1,Payroll,2024-09-26,1141.98,Active
4416,2670,6,Savings,2023-01-26,520.84,Dormant
4417,2670,6,Payroll,2023-02-09,675.6,Active
4418,2671,8,Savings,2024-02-16,70.81,Active
4419,2671,8,Fixed Deposit,2024-02-18,284.85,Active
4420,2672,14,Savings,2023-08-12,1691.35,Active
4421,2672,14,Payroll,2023-08-04,727.82,Active
4422,2673,2,Savings,2023-05-05,253.81,Active
4423,2673,2,Payroll,2023-05-07,249.95,Active
4424,2674,1,Savings,2023-09-22,355.62,Active
4425,2675,6,Savings,2024-11-05,1325.22,Active
4426,2675,6,Business,2024-11-05,7748.73,Active
4427,2676,2,Savings,2023-09-24,1157.47,Active
4428,2676,2,Fixed Deposit,2023-09-11,2546.91,Active
4429,2677,4,Savings,2024-03-03,469.85,Active
4430,2678,3,Savings,2023-03-02,1361.39,Active
4431,2678,3,Payroll,2023-02-22,713.64,Active
4432,2679,11,Savings,2023-05-01,138.07,Closed
4433,2680,14,Savings,2025-12-31,143.56,Active
4434,2681,1,Savings,2024-05-03,828.87,Active
4435,2682,10,Savings,2024-10-24,2127.82,Active
4436,2682,10,Business,2024-10-17,7062.42,Active
4437,2683,5,Savings,2023-12-26,580.13,Active
4438,2683,5,Payroll,2023-12-26,326.97,Active
4439,2684,16,Savings,2025-07-01,3987.23,Active
4440,2684,16,Business,2025-07-04,11910.47,Active
4441,2685,18,Savings,2024-01-27,3299.88,Active
4442,2685,18,Fixed Deposit,2024-01-02,10760.68,Active
4443,2686,18,Savings,2025-12-08,3586.2,Active
4444,2686,18,Fixed Deposit,2025-11-22,12402.28,Active
4445,2686,18,Business,2025-11-17,13361.32,Active
4446,2687,6,Savings,2023-09-24,937.29,Active
4447,2687,6,Payroll,2023-10-13,866.79,Active
4448,2688,1,Savings,2025-02-15,546.19,Active
4449,2689,16,Savings,2026-01-14,1464.13,Active
4450,2689,16,Fixed Deposit,2026-01-17,5396.92,Active
4451,2689,16,Business,2026-01-26,2463.74,Active
4452,2690,14,Savings,2025-10-25,1519.48,Active
4453,2690,14,Payroll,2025-10-24,700.95,Active
4454,2691,4,Payroll,2023-03-11,681.79,Closed
4455,2692,9,Savings,2025-04-23,2471.68,Active
4456,2692,9,Payroll,2025-03-31,788.08,Active
4457,2693,18,Savings,2025-07-30,319.7,Dormant
4458,2693,18,Payroll,2025-08-04,497.16,Active
4459,2694,18,Savings,2023-12-06,343.71,Active
4460,2695,12,Savings,2025-09-19,1149.08,Active
4461,2695,12,Fixed Deposit,2025-09-14,2688.56,Active
4462,2695,12,Payroll,2025-09-30,595.3,Dormant
4463,2696,15,Savings,2024-04-18,257.4,Active
4464,2696,15,Fixed Deposit,2024-04-24,2631.72,Active
4465,2697,18,Savings,2023-07-12,2324.75,Closed
4466,2697,18,Business,2023-07-05,7325.71,Active
4467,2698,7,Savings,2024-06-14,4692.3,Active
4468,2698,7,Fixed Deposit,2024-07-08,25241.55,Active
4469,2698,7,Business,2024-06-16,13076.08,Dormant
4470,2699,8,Savings,2025-05-02,2039.43,Active
4471,2699,8,Business,2025-05-01,5172.51,Active
4472,2700,8,Savings,2025-04-27,3142.5,Active
4473,2700,8,Payroll,2025-04-18,921.04,Active
4474,2701,16,Savings,2024-01-18,375.42,Active
4475,2702,8,Savings,2025-05-06,936.32,Active
4476,2702,8,Payroll,2025-04-18,754.29,Active
4477,2703,5,Savings,2024-12-25,943.47,Active
4478,2704,5,Savings,2025-04-23,1062.19,Active
4479,2704,5,Payroll,2025-05-11,709.71,Active
4480,2705,5,Savings,2023-11-02,260.45,Active
4481,2706,5,Savings,2024-09-11,76.9,Active
4482,2707,10,Savings,2025-01-19,2439.49,Dormant
4483,2708,8,Savings,2024-09-20,1449.11,Closed
4484,2708,8,Fixed Deposit,2024-09-16,1877.91,Active
4485,2708,8,Payroll,2024-09-17,429.67,Active
4486,2709,8,Savings,2025-09-11,850.81,Active
4487,2710,13,Savings,2024-07-28,1319.36,Active
4488,2710,13,Payroll,2024-08-08,436.69,Active
4489,2711,1,Savings,2025-04-12,3197.57,Active
4490,2711,1,Fixed Deposit,2025-04-08,13127.31,Active
4491,2712,3,Payroll,2025-01-11,859.58,Active
4492,2713,12,Savings,2025-06-22,3040.17,Closed
4493,2713,12,Fixed Deposit,2025-06-27,7721.03,Active
4494,2713,12,Business,2025-07-01,8358.81,Active
4495,2714,14,Savings,2024-12-23,1137.36,Dormant
4496,2715,18,Savings,2024-12-06,655.67,Active
4497,2715,18,Payroll,2024-12-06,266.52,Active
4498,2716,12,Savings,2023-12-21,2116.28,Dormant
4499,2716,12,Fixed Deposit,2023-11-23,12988.14,Active
4500,2717,18,Savings,2023-11-27,579.57,Active
4501,2717,18,Payroll,2023-12-16,535.03,Active
4502,2718,1,Savings,2024-08-19,1296.66,Active
4503,2718,1,Fixed Deposit,2024-08-28,4512.85,Active
4504,2718,1,Payroll,2024-08-25,471.82,Active
4505,2719,18,Savings,2024-04-25,1575.05,Closed
4506,2719,18,Business,2024-05-14,6934.21,Active
4507,2720,6,Savings,2025-04-01,323.59,Active
4508,2721,1,Savings,2024-07-14,583.46,Active
4509,2721,1,Payroll,2024-07-17,594.76,Active
4510,2722,7,Savings,2025-12-27,2839.35,Active
4511,2722,7,Business,2025-12-09,14564.58,Active
4512,2723,12,Savings,2025-10-28,1480.82,Active
4513,2724,2,Savings,2025-03-17,813.65,Active
4514,2724,2,Payroll,2025-03-11,297.87,Active
4515,2725,17,Savings,2023-05-18,1439.34,Active
4516,2726,11,Savings,2024-06-26,865.05,Active
4517,2727,8,Savings,2024-08-13,465.97,Active
4518,2727,8,Fixed Deposit,2024-08-16,4630.17,Active
4519,2727,8,Payroll,2024-08-12,530.59,Active
4520,2728,5,Savings,2025-12-06,842.55,Active
4521,2729,1,Savings,2024-10-08,369.1,Active
4522,2729,1,Payroll,2024-11-01,516.8,Active
4523,2730,1,Savings,2025-10-13,967.31,Active
4524,2730,1,Payroll,2025-09-28,237.8,Active
4525,2731,5,Savings,2025-10-04,220.62,Active
4526,2732,6,Savings,2025-04-12,739.83,Active
4527,2732,6,Payroll,2025-04-02,852.55,Dormant
4528,2733,1,Savings,2025-01-23,1972.27,Active
4529,2733,1,Fixed Deposit,2025-01-03,11133.07,Active
4530,2733,1,Payroll,2025-01-02,915.7,Active
4531,2734,18,Savings,2024-08-26,1267.18,Active
4532,2735,3,Savings,2024-08-27,1716.68,Active
4533,2735,3,Fixed Deposit,2024-09-09,7631.97,Active
4534,2736,8,Savings,2025-02-24,1163.96,Dormant
4535,2736,8,Fixed Deposit,2025-02-17,2794.19,Active
4536,2737,4,Savings,2025-07-02,2326.58,Active
4537,2738,7,Savings,2025-09-28,4477.5,Active
4538,2739,14,Savings,2025-12-08,1115.15,Active
4539,2740,17,Savings,2025-01-10,2423.04,Active
4540,2740,17,Business,2025-01-22,5412.48,Dormant
4541,2741,7,Savings,2024-07-02,3186.72,Active
4542,2742,1,Savings,2025-01-25,4205.65,Active
4543,2742,1,Business,2025-01-10,6682.9,Active
4544,2743,6,Savings,2023-08-17,1224.0,Active
4545,2744,2,Savings,2025-09-01,279.04,Active
4546,2745,9,Savings,2025-05-04,488.93,Active
4547,2745,9,Fixed Deposit,2025-05-22,4222.23,Active
4548,2746,5,Savings,2024-09-26,2389.19,Closed
4549,2746,5,Fixed Deposit,2024-09-08,17170.61,Active
4550,2746,5,Payroll,2024-09-19,1510.06,Dormant
4551,2747,6,Savings,2025-06-14,1153.19,Active
4552,2748,15,Savings,2023-07-05,1374.51,Active
4553,2749,6,Savings,2024-03-27,2154.82,Dormant
4554,2750,7,Savings,2024-09-28,2647.22,Dormant
4555,2750,7,Fixed Deposit,2024-10-10,7145.09,Dormant
4556,2751,6,Savings,2025-12-19,889.6,Active
4557,2751,6,Fixed Deposit,2025-12-09,7275.31,Active
4558,2751,6,Payroll,2025-12-10,792.57,Active
4559,2752,3,Savings,2023-06-29,2501.93,Active
4560,2752,3,Business,2023-06-24,3695.2,Active
4561,2753,1,Payroll,2026-01-12,832.65,Dormant
4562,2754,15,Savings,2025-06-06,576.67,Active
4563,2755,18,Savings,2023-08-09,802.28,Active
4564,2755,18,Fixed Deposit,2023-08-28,4096.74,Dormant
4565,2755,18,Payroll,2023-08-14,508.96,Dormant
4566,2756,1,Savings,2025-06-29,973.8,Active
4567,2757,12,Savings,2025-05-10,2520.27,Active
4568,2757,12,Fixed Deposit,2025-05-15,15631.54,Active
4569,2758,3,Savings,2024-03-05,1669.48,Active
4570,2759,15,Savings,2024-04-23,1333.65,Dormant
4571,2759,15,Business,2024-05-09,5381.78,Active
4572,2760,5,Savings,2025-10-23,3563.97,Active
4573,2761,3,Savings,2024-06-29,431.95,Active
4574,2761,3,Fixed Deposit,2024-07-22,2927.2,Active
4575,2762,12,Savings,2024-01-13,1705.33,Active
4576,2762,12,Payroll,2024-01-13,889.27,Active
4577,2763,8,Savings,2025-09-29,3942.34,Active
4578,2764,14,Savings,2025-10-25,1419.97,Active
4579,2764,14,Business,2025-11-05,3652.22,Closed
4580,2765,16,Savings,2025-01-05,774.41,Closed
4581,2766,14,Savings,2025-03-06,1106.83,Active
4582,2767,18,Savings,2025-08-13,372.68,Active
4583,2767,18,Payroll,2025-08-30,284.27,Active
4584,2768,1,Savings,2025-01-01,1436.84,Active
4585,2768,1,Fixed Deposit,2025-01-03,4801.25,Active
4586,2768,1,Payroll,2025-01-05,933.82,Active
4587,2769,3,Savings,2024-11-21,1563.24,Active
4588,2769,3,Payroll,2024-11-27,304.52,Active
4589,2770,6,Savings,2024-12-21,3043.06,Active
4590,2770,6,Business,2024-12-24,5035.94,Active
4591,2771,9,Savings,2025-10-05,381.4,Closed
4592,2772,9,Savings,2026-01-08,701.59,Active
4593,2773,3,Savings,2023-03-28,2365.95,Active
4594,2774,7,Savings,2024-10-09,654.98,Active
4595,2775,8,Savings,2024-07-18,1284.74,Active
4596,2775,8,Fixed Deposit,2024-08-11,18618.15,Active
4597,2776,1,Savings,2025-12-17,585.03,Active
4598,2776,1,Payroll,2025-12-09,548.54,Active
4599,2777,10,Savings,2025-07-25,511.61,Active
4600,2779,2,Savings,2024-09-24,231.51,Closed
4601,2780,14,Savings,2025-09-10,1238.85,Active
4602,2781,3,Savings,2024-05-16,692.62,Active
4603,2781,3,Payroll,2024-04-22,235.4,Active
4604,2782,16,Savings,2024-03-01,1096.06,Active
4605,2782,16,Payroll,2024-02-29,824.41,Active
4606,2783,2,Savings,2025-07-27,1521.9,Active
4607,2784,7,Savings,2025-12-09,4635.89,Active
4608,2784,7,Business,2025-11-30,7916.84,Active
4609,2785,3,Savings,2024-09-29,1528.69,Active
4610,2785,3,Fixed Deposit,2024-10-10,3765.8,Active
4611,2786,1,Savings,2025-06-09,71.0,Active
4612,2787,18,Savings,2024-08-19,464.68,Dormant
4613,2788,7,Savings,2023-05-22,628.67,Active
4614,2789,17,Savings,2025-12-16,1478.97,Active
4615,2790,8,Savings,2024-09-28,690.54,Active
4616,2790,8,Fixed Deposit,2024-09-15,7773.5,Active
4617,2790,8,Business,2024-09-18,9712.31,Active
4618,2791,5,Savings,2025-10-08,1025.5,Active
4619,2791,5,Payroll,2025-09-25,719.48,Active
4620,2792,10,Savings,2025-06-23,3383.71,Active
4621,2792,10,Business,2025-06-30,5190.38,Active
4622,2793,7,Savings,2025-11-30,2330.73,Active
4623,2793,7,Payroll,2025-12-21,1080.15,Active
4624,2794,11,Savings,2024-11-29,571.18,Active
4625,2795,2,Savings,2024-02-17,713.6,Active
4626,2795,2,Fixed Deposit,2024-02-08,9351.54,Active
4627,2795,2,Payroll,2024-02-23,620.57,Active
4628,2796,7,Savings,2023-12-13,2462.28,Active
4629,2796,7,Fixed Deposit,2023-12-18,29988.41,Active
4630,2796,7,Business,2023-12-16,14884.52,Active
4631,2797,4,Savings,2025-06-22,1661.68,Active
4632,2797,4,Payroll,2025-05-23,878.1,Active
4633,2798,5,Business,2025-11-29,11612.72,Active
4634,2799,15,Savings,2024-12-18,225.76,Active
4635,2800,6,Savings,2024-03-29,879.99,Active
4636,2800,6,Fixed Deposit,2024-04-13,4095.59,Active
4637,2800,6,Payroll,2024-03-30,404.53,Active
4638,2801,10,Savings,2024-03-30,674.58,Active
4639,2801,10,Payroll,2024-03-25,253.47,Active
4640,2802,18,Savings,2023-07-22,1238.18,Active
4641,2802,18,Payroll,2023-07-13,744.14,Active
4642,2803,7,Savings,2025-11-03,2803.86,Closed
4643,2803,7,Fixed Deposit,2025-11-14,11749.35,Active
4644,2804,7,Savings,2023-09-30,522.32,Active
4645,2805,2,Savings,2024-05-25,1546.95,Active
4646,2805,2,Payroll,2024-05-23,818.67,Active
4647,2806,6,Savings,2025-10-04,2522.83,Active
4648,2806,6,Business,2025-10-15,2101.58,Active
4649,2807,2,Savings,2024-05-08,402.97,Active
4650,2807,2,Payroll,2024-04-16,551.75,Active
4651,2808,14,Savings,2025-07-20,985.65,Active
4652,2809,5,Savings,2024-09-06,1186.29,Active
4653,2810,3,Savings,2023-10-18,2907.07,Active
4654,2811,1,Savings,2024-09-12,2330.39,Active
4655,2811,1,Fixed Deposit,2024-09-18,7167.73,Active
4656,2811,1,Payroll,2024-09-21,1227.53,Active
4657,2812,1,Savings,2024-10-04,1049.72,Active
4658,2812,1,Fixed Deposit,2024-10-13,15866.09,Active
4659,2813,5,Savings,2025-03-18,2367.25,Active
4660,2813,5,Payroll,2025-03-04,516.49,Active
4661,2814,7,Savings,2023-04-17,912.99,Active
4662,2815,11,Savings,2024-08-15,1032.75,Active
4663,2815,11,Payroll,2024-08-12,259.16,Active
4664,2816,8,Savings,2026-01-03,444.15,Active
4665,2816,8,Payroll,2025-12-09,201.85,Active
4666,2817,6,Savings,2025-03-26,1386.38,Active
4667,2818,16,Savings,2024-11-07,2328.16,Active
4668,2818,16,Business,2024-11-11,8810.9,Active
4669,2819,1,Savings,2024-09-16,2097.91,Active
4670,2820,4,Savings,2025-07-17,1548.72,Active
4671,2820,4,Payroll,2025-08-04,686.84,Active
4672,2821,17,Savings,2025-07-26,613.57,Active
4673,2821,17,Payroll,2025-07-25,1037.35,Active
4674,2822,10,Savings,2024-07-07,2207.34,Active
4675,2822,10,Payroll,2024-06-26,797.0,Active
4676,2823,13,Savings,2025-12-01,1255.75,Active
4677,2823,13,Payroll,2025-12-02,588.67,Active
4678,2824,18,Savings,2024-01-30,1992.69,Active
4679,2824,18,Business,2024-01-29,4859.09,Dormant
4680,2825,3,Savings,2025-07-12,720.81,Active
4681,2825,3,Payroll,2025-07-09,370.64,Active
4682,2826,15,Savings,2024-12-15,4420.26,Active
4683,2826,15,Business,2024-12-27,15096.07,Active
4684,2827,8,Savings,2023-07-04,582.47,Active
4685,2827,8,Fixed Deposit,2023-07-14,4931.87,Active
4686,2828,10,Savings,2025-05-03,497.46,Active
4687,2829,16,Savings,2023-11-10,1834.02,Active
4688,2829,16,Payroll,2023-11-06,1238.75,Active
4689,2830,10,Savings,2024-08-18,74.47,Active
4690,2831,1,Savings,2023-06-21,998.04,Closed
4691,2831,1,Payroll,2023-06-12,257.83,Dormant
4692,2832,4,Savings,2023-06-25,2428.76,Active
4693,2832,4,Fixed Deposit,2023-06-22,11337.12,Active
4694,2833,7,Savings,2024-07-12,365.94,Active
4695,2834,9,Savings,2025-11-08,2017.77,Active
4696,2834,9,Fixed Deposit,2025-11-12,7578.07,Active
4697,2835,11,Savings,2023-03-22,1567.57,Active
4698,2835,11,Fixed Deposit,2023-03-08,6333.58,Active
4699,2836,2,Savings,2025-12-02,1641.74,Active
4700,2837,12,Savings,2024-12-11,1126.17,Active
4701,2837,12,Payroll,2024-11-28,544.36,Active
4702,2838,18,Savings,2024-09-01,1406.26,Active
4703,2838,18,Business,2024-09-22,4577.2,Active
4704,2839,2,Savings,2023-06-20,2960.69,Active
4705,2839,2,Payroll,2023-06-01,1243.74,Active
4706,2840,8,Savings,2025-08-18,2281.92,Active
4707,2840,8,Fixed Deposit,2025-08-13,4177.19,Closed
4708,2840,8,Business,2025-08-24,3595.13,Active
4709,2841,9,Savings,2025-01-02,292.61,Active
4710,2841,9,Payroll,2024-12-16,530.95,Active
4711,2842,18,Savings,2024-03-16,445.53,Active
4712,2842,18,Fixed Deposit,2024-03-10,2931.44,Dormant
4713,2842,18,Payroll,2024-03-15,543.18,Active
4714,2843,2,Savings,2023-04-22,4337.31,Active
4715,2844,3,Savings,2023-05-06,582.98,Dormant
4716,2845,1,Savings,2023-09-06,859.2,Active
4717,2846,18,Savings,2023-12-07,303.53,Active
4718,2846,18,Payroll,2023-12-16,468.95,Active
4719,2847,1,Savings,2024-06-08,1830.78,Active
4720,2848,4,Savings,2025-03-26,948.71,Dormant
4721,2849,15,Savings,2024-11-05,213.27,Closed
4722,2849,15,Fixed Deposit,2024-11-15,398.0,Active
4723,2850,3,Savings,2025-05-30,1234.78,Active
4724,2850,3,Payroll,2025-06-14,575.12,Active
4725,2851,3,Savings,2024-05-15,646.72,Dormant
4726,2852,9,Savings,2025-07-28,757.2,Active
4727,2852,9,Payroll,2025-07-25,564.9,Active
4728,2853,2,Savings,2025-06-20,724.25,Active
4729,2854,1,Savings,2024-12-08,1052.03,Dormant
4730,2855,2,Savings,2025-01-23,1298.43,Closed
4731,2855,2,Fixed Deposit,2025-01-07,2721.95,Active
4732,2856,7,Savings,2024-03-03,1705.48,Active
4733,2856,7,Fixed Deposit,2024-02-15,6679.81,Active
4734,2856,7,Payroll,2024-02-28,731.93,Active
4735,2857,18,Savings,2025-02-09,258.26,Active
4736,2858,5,Savings,2025-06-27,2340.23,Active
4737,2858,5,Payroll,2025-07-14,981.94,Active
4738,2859,17,Savings,2025-11-06,2131.12,Active
4739,2859,17,Business,2025-11-16,16583.17,Active
4740,2860,9,Savings,2025-11-12,2437.74,Active
4741,2860,9,Payroll,2025-11-17,1501.65,Active
4742,2861,17,Savings,2024-02-10,290.4,Dormant
4743,2862,12,Savings,2025-10-17,545.08,Active
4744,2863,3,Savings,2023-06-28,575.22,Active
4745,2864,9,Savings,2024-09-16,4539.29,Dormant
4746,2865,5,Savings,2025-09-05,600.47,Active
4747,2866,8,Savings,2023-09-22,830.71,Active
4748,2866,8,Payroll,2023-09-24,2052.33,Active
4749,2867,12,Savings,2025-01-24,1486.2,Active
4750,2868,10,Savings,2023-03-06,499.58,Active
4751,2869,11,Savings,2025-10-25,638.49,Active
4752,2869,11,Payroll,2025-10-22,687.98,Active
4753,2870,2,Savings,2024-11-30,1004.57,Dormant
4754,2871,11,Savings,2024-07-02,1185.18,Active
4755,2872,3,Savings,2025-10-19,3648.06,Active
4756,2872,3,Fixed Deposit,2025-10-20,7363.56,Active
4757,2872,3,Business,2025-10-21,8057.74,Active
4758,2873,10,Savings,2024-04-21,629.2,Active
4759,2874,2,Savings,2025-10-02,1006.1,Active
4760,2875,18,Savings,2024-03-26,1709.65,Closed
4761,2875,18,Fixed Deposit,2024-03-18,3817.31,Active
4762,2876,10,Savings,2025-05-20,614.75,Active
4763,2876,10,Payroll,2025-05-19,552.74,Active
4764,2877,5,Savings,2023-03-21,472.38,Active
4765,2877,5,Business,2023-03-31,8168.18,Active
4766,2878,13,Savings,2024-03-15,3892.33,Active
4767,2878,13,Fixed Deposit,2024-02-25,14317.97,Active
4768,2878,13,Payroll,2024-03-11,1881.76,Active
4769,2879,5,Savings,2024-03-18,616.69,Active
4770,2880,6,Savings,2024-02-07,599.31,Dormant
4771,2881,2,Savings,2024-08-06,1118.72,Active
4772,2882,3,Savings,2025-01-16,2461.25,Active
4773,2882,3,Payroll,2025-01-20,1257.97,Active
4774,2883,7,Savings,2024-09-13,481.5,Active
4775,2884,3,Fixed Deposit,2024-06-08,5572.52,Active
4776,2885,16,Savings,2024-06-10,1391.75,Active
4777,2886,2,Savings,2024-07-20,1182.76,Active
4778,2887,8,Savings,2023-06-07,795.96,Active
4779,2887,8,Business,2023-05-28,5068.69,Active
4780,2888,13,Savings,2025-06-18,851.09,Active
4781,2889,12,Savings,2024-11-26,790.39,Active
4782,2889,12,Payroll,2024-11-24,1310.15,Active
4783,2890,1,Savings,2025-07-30,1006.85,Active
4784,2891,5,Savings,2025-11-08,647.09,Active
4785,2891,5,Fixed Deposit,2025-11-18,2953.75,Active
4786,2892,11,Savings,2025-04-14,1013.22,Dormant
4787,2893,12,Savings,2024-10-26,661.49,Active
4788,2894,9,Savings,2023-07-24,2240.23,Active
4789,2894,9,Fixed Deposit,2023-07-29,6786.62,Active
4790,2894,9,Business,2023-07-09,7116.33,Closed
4791,2895,6,Savings,2025-11-01,342.8,Active
4792,2896,18,Savings,2024-05-25,831.09,Active
4793,2896,18,Payroll,2024-05-15,1041.78,Active
4794,2897,4,Savings,2023-12-22,2226.11,Active
4795,2898,10,Savings,2025-11-25,1335.92,Active
4796,2899,17,Savings,2025-03-25,1557.21,Active
4797,2899,17,Fixed Deposit,2025-03-15,12636.17,Active
4798,2899,17,Business,2025-03-28,12868.02,Active
4799,2900,6,Savings,2025-01-31,447.78,Active
4800,2901,18,Savings,2025-07-06,2482.0,Dormant
4801,2901,18,Fixed Deposit,2025-07-11,16750.48,Active
4802,2901,18,Business,2025-07-05,12509.27,Active
4803,2902,12,Savings,2025-04-24,130.79,Active
4804,2903,3,Savings,2024-05-26,826.38,Active
4805,2903,3,Payroll,2024-05-27,267.3,Active
4806,2904,1,Savings,2025-01-24,90.75,Active
4807,2905,16,Savings,2025-06-26,1980.17,Active
4808,2906,1,Savings,2025-08-11,884.78,Active
4809,2907,9,Savings,2025-02-04,3130.61,Active
4810,2907,9,Fixed Deposit,2025-02-02,7498.21,Active
4811,2907,9,Payroll,2025-02-28,1266.4,Active
4812,2908,8,Savings,2025-08-31,937.63,Dormant
4813,2909,8,Savings,2023-12-29,4876.3,Active
4814,2909,8,Fixed Deposit,2023-12-22,26993.32,Dormant
4815,2909,8,Business,2023-12-11,18609.4,Dormant
4816,2910,13,Savings,2025-12-17,33.31,Active
4817,2910,13,Fixed Deposit,2025-12-04,504.25,Active
4818,2911,7,Savings,2025-10-20,713.19,Active
4819,2912,1,Savings,2025-01-27,101.96,Active
4820,2913,3,Savings,2025-11-21,860.86,Active
4821,2914,1,Savings,2025-07-19,339.19,Active
4822,2914,1,Payroll,2025-07-16,615.88,Active
4823,2915,1,Savings,2025-12-10,1073.07,Closed
4824,2915,1,Payroll,2025-12-02,315.18,Active
4825,2916,8,Savings,2023-09-13,1373.86,Active
4826,2917,7,Savings,2025-01-14,844.94,Active
4827,2918,5,Savings,2025-09-27,684.41,Active
4828,2919,6,Savings,2023-07-10,1180.49,Active
4829,2919,6,Fixed Deposit,2023-07-28,4774.25,Active
4830,2919,6,Payroll,2023-07-18,476.38,Active
4831,2920,2,Savings,2023-10-18,1028.33,Active
4832,2921,2,Savings,2025-01-14,3189.83,Active
4833,2921,2,Business,2025-01-30,16255.23,Dormant
4834,2922,8,Fixed Deposit,2025-11-08,371.28,Active
4835,2923,12,Savings,2025-11-26,475.75,Active
4836,2923,12,Payroll,2025-11-03,408.44,Active
4837,2924,12,Savings,2025-10-18,395.75,Active
4838,2925,18,Savings,2025-06-04,1365.49,Active
4839,2925,18,Payroll,2025-06-09,583.27,Active
4840,2926,8,Savings,2025-03-31,121.59,Active
4841,2926,8,Fixed Deposit,2025-03-11,477.15,Active
4842,2927,18,Savings,2025-08-08,845.67,Active
4843,2927,18,Business,2025-08-20,4655.78,Active
4844,2928,15,Savings,2024-05-26,641.24,Active
4845,2928,15,Fixed Deposit,2024-05-13,2788.19,Active
4846,2929,2,Savings,2024-03-16,989.83,Active
4847,2929,2,Fixed Deposit,2024-03-22,2515.71,Active
4848,2930,13,Savings,2023-02-10,1141.69,Active
4849,2930,13,Fixed Deposit,2023-01-29,9049.24,Active
4850,2930,13,Business,2023-02-01,8438.83,Active
4851,2931,7,Savings,2025-05-17,1974.95,Active
4852,2931,7,Payroll,2025-05-29,917.79,Dormant
4853,2932,7,Savings,2023-03-21,1462.47,Dormant
4854,2933,14,Savings,2024-01-06,656.28,Active
4855,2934,5,Savings,2024-09-14,2922.54,Active
4856,2935,12,Savings,2024-02-21,2049.76,Active
4857,2935,12,Fixed Deposit,2024-02-14,7328.86,Active
4858,2935,12,Payroll,2024-02-25,570.79,Active
4859,2936,18,Savings,2025-04-29,1278.13,Active
4860,2936,18,Business,2025-05-22,5826.02,Active
4861,2937,5,Savings,2025-03-23,1293.02,Active
4862,2937,5,Fixed Deposit,2025-03-22,11755.71,Active
4863,2937,5,Payroll,2025-03-20,844.22,Active
4864,2938,1,Savings,2023-11-30,3316.76,Closed
4865,2938,1,Business,2023-12-01,14312.88,Active
4866,2939,8,Savings,2024-05-25,2665.66,Dormant
4867,2939,8,Payroll,2024-06-07,1278.99,Active
4868,2940,3,Savings,2024-07-21,2013.11,Active
4869,2940,3,Business,2024-07-07,2230.12,Active
4870,2941,9,Savings,2024-08-12,3355.03,Active
4871,2941,9,Fixed Deposit,2024-07-22,8675.23,Active
4872,2942,1,Savings,2025-01-05,1218.1,Closed
4873,2943,2,Savings,2024-08-29,103.33,Active
4874,2944,15,Savings,2025-05-30,341.7,Active
4875,2945,14,Savings,2025-02-20,1276.88,Active
4876,2946,12,Savings,2025-07-21,1238.33,Dormant
4877,2946,12,Payroll,2025-08-07,336.2,Active
4878,2947,6,Savings,2025-02-27,2408.26,Active
4879,2947,6,Business,2025-02-12,3100.74,Active
4880,2948,13,Savings,2025-06-24,1342.27,Active
4881,2948,13,Payroll,2025-06-07,625.79,Active
4882,2949,18,Savings,2025-02-01,313.38,Active
4883,2950,14,Savings,2023-08-14,1678.07,Active
4884,2950,14,Payroll,2023-08-04,564.95,Dormant
4885,2951,7,Business,2025-11-11,3384.38,Active
4886,2952,1,Savings,2025-06-17,824.39,Active
4887,2952,1,Fixed Deposit,2025-07-12,5131.54,Active
4888,2953,7,Savings,2023-11-16,1110.83,Active
4889,2953,7,Payroll,2023-11-16,914.67,Active
4890,2954,4,Savings,2023-10-17,3424.83,Active
4891,2954,4,Fixed Deposit,2023-11-04,24033.98,Active
4892,2954,4,Business,2023-11-05,12207.98,Active
4893,2955,10,Savings,2025-09-06,991.28,Active
4894,2956,18,Savings,2025-07-23,3678.48,Closed
4895,2956,18,Business,2025-07-28,9217.4,Active
4896,2957,5,Savings,2025-09-10,1705.62,Active
4897,2958,18,Savings,2024-02-23,350.8,Active
4898,2958,18,Payroll,2024-03-06,438.42,Active
4899,2959,9,Savings,2025-07-17,395.18,Active
4900,2961,11,Savings,2024-09-23,3106.94,Active
4901,2961,11,Fixed Deposit,2024-09-12,10668.06,Active
4902,2962,2,Savings,2023-09-05,1215.3,Active
4903,2963,1,Savings,2025-01-20,3942.13,Active
4904,2963,1,Business,2025-01-20,7695.45,Active
4905,2964,1,Savings,2024-05-21,3561.08,Active
4906,2965,2,Savings,2024-08-01,202.1,Active
4907,2965,2,Fixed Deposit,2024-07-26,1048.53,Active
4908,2966,14,Savings,2024-06-15,1609.57,Active
4909,2967,14,Savings,2024-08-01,519.92,Active
4910,2967,14,Payroll,2024-07-16,990.29,Dormant
4911,2968,3,Savings,2024-01-05,954.15,Active
4912,2969,14,Savings,2025-09-11,425.45,Active
4913,2969,14,Payroll,2025-09-01,133.66,Active
4914,2970,6,Savings,2024-07-08,2707.2,Active
4915,2970,6,Business,2024-07-05,5117.05,Active
4916,2971,18,Savings,2024-10-21,101.25,Active
4917,2972,16,Savings,2023-03-05,122.3,Active
4918,2973,8,Savings,2023-11-02,1310.4,Dormant
4919,2974,6,Savings,2024-03-22,1317.78,Active
4920,2974,6,Payroll,2024-03-13,797.01,Active
4921,2975,3,Savings,2025-06-22,513.32,Active
4922,2975,3,Fixed Deposit,2025-06-15,2944.3,Active
4923,2976,4,Savings,2024-05-24,244.14,Active
4924,2977,5,Savings,2024-09-23,3435.45,Dormant
4925,2977,5,Payroll,2024-10-10,1398.31,Active
4926,2979,1,Savings,2025-06-23,1404.24,Active
4927,2980,12,Savings,2024-02-16,1011.54,Active
4928,2980,12,Fixed Deposit,2024-03-01,4238.29,Active
4929,2980,12,Payroll,2024-02-26,1021.67,Active
4930,2981,1,Savings,2024-02-21,1029.59,Closed
4931,2982,14,Savings,2023-11-07,1145.03,Active
4932,2983,12,Savings,2025-08-15,977.04,Active
4933,2984,14,Savings,2024-12-03,1818.96,Active
4934,2984,14,Business,2024-12-10,6969.45,Closed
4935,2985,6,Savings,2025-01-10,351.23,Active
4936,2986,1,Savings,2023-11-21,3296.14,Active
4937,2986,1,Fixed Deposit,2023-11-12,14497.18,Active
4938,2986,1,Business,2023-10-30,5349.13,Active
4939,2987,1,Savings,2024-03-25,1232.94,Active
4940,2988,4,Savings,2025-05-26,4651.35,Active
4941,2988,4,Business,2025-06-02,9441.04,Active
4942,2989,16,Payroll,2025-08-10,420.06,Active
4943,2990,5,Savings,2025-10-09,1343.36,Active
4944,2990,5,Payroll,2025-10-19,713.06,Dormant
4945,2991,13,Savings,2025-10-31,1053.38,Active
4946,2992,1,Savings,2023-07-28,688.6,Active
4947,2992,1,Payroll,2023-07-31,259.76,Active
4948,2993,1,Payroll,2025-11-29,1520.21,Active
4949,2994,12,Savings,2024-05-12,1062.86,Active
4950,2994,12,Payroll,2024-05-11,513.62,Active
4951,2995,7,Savings,2024-12-11,1781.89,Dormant
4952,2996,10,Savings,2024-08-01,280.42,Active
4953,2997,8,Savings,2024-10-16,889.98,Active
4954,2997,8,Fixed Deposit,2024-10-26,4134.97,Active
4955,2998,3,Savings,2024-10-08,432.87,Active
4956,2998,3,Payroll,2024-10-03,660.06,Active
4957,2999,11,Savings,2024-04-05,2208.19,Dormant
4958,2999,11,Business,2024-03-30,10122.12,Active
4959,3000,5,Savings,2024-09-26,834.39,Active
4960,3000,5,Business,2024-10-03,10484.63,Active
4961,3002,7,Savings,2024-01-03,418.45,Active
4962,3003,10,Savings,2025-02-17,193.92,Active
4963,3004,13,Savings,2024-01-15,1203.69,Active
4964,3004,13,Fixed Deposit,2024-01-05,5018.23,Active
4965,3005,8,Savings,2023-10-03,1212.82,Active
4966,3005,8,Fixed Deposit,2023-09-24,3233.83,Active
4967,3005,8,Payroll,2023-10-10,431.19,Active
4968,3006,5,Savings,2025-10-24,4091.91,Closed
4969,3006,5,Business,2025-11-07,13299.73,Dormant
4970,3007,2,Savings,2023-10-24,1338.19,Active
4971,3007,2,Business,2023-10-22,6309.45,Active
4972,3008,11,Savings,2025-09-02,779.4,Active
4973,3009,11,Savings,2025-03-29,874.06,Active
4974,3009,11,Fixed Deposit,2025-03-19,1152.69,Active
4975,3010,7,Savings,2025-05-14,1493.65,Active
4976,3011,6,Savings,2024-10-26,1104.48,Active
4977,3011,6,Business,2024-10-05,5997.34,Active
4978,3012,11,Savings,2024-06-26,1292.88,Active
4979,3012,11,Fixed Deposit,2024-06-10,7234.25,Dormant
4980,3013,10,Savings,2024-04-28,1201.18,Active
4981,3013,10,Payroll,2024-05-20,1075.52,Active
4982,3014,13,Savings,2025-08-01,452.7,Active
4983,3015,9,Savings,2024-04-14,2070.36,Active
4984,3015,9,Payroll,2024-04-25,540.26,Active
4985,3016,6,Savings,2024-05-24,1101.32,Active
4986,3017,2,Savings,2025-01-01,2771.62,Dormant
4987,3017,2,Fixed Deposit,2025-01-18,9770.66,Active
4988,3017,2,Business,2025-01-14,15119.86,Active
4989,3018,5,Savings,2024-06-06,2621.98,Active
4990,3018,5,Payroll,2024-06-05,1329.49,Active
4991,3019,7,Savings,2025-06-01,1719.4,Dormant
4992,3019,7,Payroll,2025-05-19,1040.45,Active
4993,3020,6,Savings,2025-09-16,1298.82,Active
4994,3020,6,Fixed Deposit,2025-08-21,17534.03,Active
4995,3020,6,Business,2025-09-15,13160.23,Active
4996,3021,12,Savings,2025-12-27,1148.14,Active
4997,3022,15,Savings,2025-04-27,707.02,Active
4998,3023,18,Savings,2023-02-22,2017.72,Dormant
4999,3024,18,Savings,2025-06-14,2690.4,Active
5000,3024,18,Business,2025-05-29,7062.16,Active
5001,3025,15,Savings,2023-05-19,6042.17,Active
5002,3025,15,Fixed Deposit,2023-04-19,15060.0,Closed
5003,3025,15,Business,2023-04-25,18380.16,Dormant
5004,3026,6,Savings,2024-04-19,1440.62,Active
5005,3026,6,Business,2024-04-23,4584.38,Active
5006,3027,14,Savings,2025-04-12,852.35,Active
5007,3028,8,Savings,2025-07-20,1230.82,Dormant
5008,3028,8,Payroll,2025-07-12,745.16,Active
5009,3029,11,Savings,2025-02-12,1131.09,Active
5010,3030,8,Savings,2024-12-25,2096.9,Dormant
5011,3030,8,Business,2024-12-20,2809.38,Active
5012,3031,4,Savings,2025-09-05,2016.98,Active
5013,3031,4,Fixed Deposit,2025-08-26,6483.84,Active
5014,3031,4,Business,2025-08-17,3832.59,Active
5015,3032,13,Savings,2024-09-04,926.81,Active
5016,3033,13,Savings,2024-03-02,1179.29,Active
5017,3033,13,Payroll,2024-03-04,613.48,Active
5018,3034,11,Savings,2025-03-31,95.84,Active
5019,3035,5,Savings,2025-03-18,750.13,Active
5020,3035,5,Payroll,2025-03-24,766.9,Active
5021,3036,7,Savings,2025-06-09,775.43,Active
5022,3036,7,Fixed Deposit,2025-06-03,6398.27,Active
5023,3037,17,Savings,2025-06-24,1043.41,Active
5024,3037,17,Payroll,2025-06-04,406.97,Active
5025,3038,9,Savings,2025-08-18,366.53,Active
5026,3039,10,Savings,2025-05-09,481.96,Active
5027,3039,10,Payroll,2025-04-18,540.02,Active
5028,3040,12,Savings,2025-07-13,1568.17,Active
5029,3041,18,Savings,2025-06-11,694.47,Active
5030,3042,4,Savings,2024-10-17,1817.62,Closed
5031,3043,2,Savings,2024-03-03,649.42,Active
5032,3044,5,Savings,2025-03-05,674.76,Active
5033,3045,6,Savings,2023-08-30,1559.92,Active
5034,3045,6,Payroll,2023-08-28,378.23,Active
5035,3046,4,Savings,2025-03-29,3140.92,Active
5036,3046,4,Payroll,2025-04-10,1687.91,Active
5037,3047,4,Savings,2024-08-25,3410.74,Active
5038,3047,4,Fixed Deposit,2024-08-31,13307.45,Dormant
5039,3047,4,Business,2024-08-21,9909.22,Active
5040,3048,6,Savings,2024-07-08,705.0,Active
5041,3048,6,Payroll,2024-07-31,1397.32,Active
5042,3049,18,Savings,2025-05-22,1894.6,Active
5043,3049,18,Payroll,2025-06-11,1356.67,Active
5044,3050,14,Savings,2025-12-20,299.12,Active
5045,3050,14,Payroll,2025-12-19,326.29,Active
5046,3052,5,Savings,2025-02-01,474.51,Closed
5047,3053,8,Savings,2024-11-28,410.04,Active
5048,3053,8,Fixed Deposit,2024-11-11,3863.05,Active
5049,3054,1,Savings,2024-05-24,358.03,Dormant
5050,3055,2,Savings,2024-08-22,418.46,Active
5051,3055,2,Payroll,2024-08-22,1041.31,Closed
5052,3056,15,Savings,2024-03-23,684.58,Active
5053,3057,5,Savings,2025-03-20,174.21,Active
5054,3059,2,Savings,2024-05-21,1567.96,Active
5055,3059,2,Payroll,2024-06-09,975.7,Dormant
5056,3060,11,Savings,2025-10-04,467.55,Active
5057,3062,2,Savings,2024-09-21,272.8,Active
5058,3063,11,Savings,2024-10-08,3864.32,Dormant
5059,3063,11,Fixed Deposit,2024-10-17,11864.8,Active
5060,3063,11,Payroll,2024-10-22,949.59,Dormant
5061,3064,6,Savings,2025-05-03,2678.06,Active
5062,3065,5,Savings,2025-07-02,305.39,Active
5063,3066,5,Savings,2025-06-29,1045.66,Active
5064,3066,5,Payroll,2025-06-16,603.32,Active
5065,3067,3,Savings,2023-04-12,832.46,Active
5066,3067,3,Payroll,2023-04-08,615.59,Active
5067,3068,2,Savings,2025-09-09,4968.96,Active
5068,3069,13,Savings,2023-11-15,857.65,Active
5069,3069,13,Payroll,2023-11-03,837.68,Active
5070,3070,12,Savings,2025-06-05,2057.13,Active
5071,3070,12,Business,2025-05-23,4872.5,Active
5072,3071,18,Savings,2025-06-14,1886.25,Active
5073,3072,18,Savings,2025-08-06,1347.98,Active
5074,3073,4,Savings,2025-04-25,870.05,Active
5075,3073,4,Fixed Deposit,2025-05-21,7312.51,Active
5076,3073,4,Payroll,2025-04-30,1186.66,Active
5077,3074,13,Savings,2025-06-29,316.86,Active
5078,3075,15,Savings,2023-09-12,737.06,Active
5079,3075,15,Payroll,2023-09-23,163.81,Active
5080,3076,11,Savings,2025-09-14,587.67,Active
5081,3077,14,Savings,2025-07-09,4998.66,Active
5082,3078,3,Savings,2025-02-15,2739.83,Active
5083,3078,3,Fixed Deposit,2025-03-07,2949.49,Active
5084,3078,3,Payroll,2025-02-13,908.27,Active
5085,3079,1,Savings,2024-05-17,3454.55,Closed
5086,3079,1,Business,2024-05-08,10448.23,Closed
5087,3080,3,Savings,2025-04-22,741.92,Active
5088,3080,3,Business,2025-04-26,9123.55,Active
5089,3082,14,Savings,2025-09-19,1356.18,Active
5090,3082,14,Payroll,2025-09-19,522.69,Active
5091,3083,14,Savings,2025-11-25,1281.83,Active
5092,3083,14,Business,2025-12-17,10291.73,Active
5093,3084,13,Savings,2023-11-13,1143.43,Active
5094,3084,13,Payroll,2023-11-26,708.22,Active
5095,3085,10,Savings,2024-12-05,1252.43,Active
5096,3085,10,Business,2024-11-18,4518.88,Active
5097,3086,2,Savings,2025-10-18,1027.35,Active
5098,3087,5,Savings,2024-08-10,972.84,Dormant
5099,3088,7,Savings,2025-10-07,224.34,Active
5100,3088,7,Payroll,2025-10-20,496.43,Active
5101,3089,4,Savings,2025-07-27,431.5,Active
5102,3089,4,Payroll,2025-08-02,645.34,Active
5103,3090,2,Savings,2024-11-06,587.84,Active
5104,3090,2,Payroll,2024-11-26,480.12,Dormant
5105,3091,4,Savings,2025-05-22,1839.56,Active
5106,3092,1,Savings,2024-01-17,600.0,Active
5107,3093,5,Savings,2025-07-19,1204.42,Active
5108,3093,5,Payroll,2025-07-08,990.88,Active
5109,3094,10,Savings,2023-12-18,349.92,Active
5110,3094,10,Payroll,2023-12-17,219.37,Active
5111,3095,2,Savings,2024-11-30,4038.27,Active
5112,3095,2,Business,2024-11-20,12878.63,Dormant
5113,3096,3,Savings,2023-05-10,2455.06,Active
5114,3096,3,Payroll,2023-05-05,938.51,Active
5115,3097,9,Savings,2025-04-05,1554.86,Active
5116,3097,9,Business,2025-04-04,4150.29,Active
5117,3098,13,Savings,2025-04-11,515.44,Active
5118,3099,18,Savings,2024-01-16,934.45,Active
5119,3101,9,Savings,2023-04-24,3301.76,Active
5120,3101,9,Fixed Deposit,2023-04-24,13335.32,Active
5121,3101,9,Business,2023-04-30,9210.9,Active
5122,3102,4,Savings,2024-07-17,534.94,Active
5123,3103,16,Savings,2024-01-13,1149.17,Active
5124,3103,16,Fixed Deposit,2024-01-18,3125.82,Active
5125,3104,15,Savings,2025-08-30,892.16,Active
5126,3105,11,Payroll,2025-04-21,1234.71,Active
5127,3106,18,Savings,2024-03-09,3475.45,Active
5128,3106,18,Fixed Deposit,2024-03-04,11753.12,Active
5129,3106,18,Payroll,2024-03-10,2132.71,Active
5130,3107,9,Savings,2025-12-02,335.14,Active
5131,3108,2,Savings,2024-08-19,3929.17,Active
5132,3108,2,Fixed Deposit,2024-08-12,7519.15,Active
5133,3108,2,Business,2024-08-10,3620.43,Active
5134,3109,13,Savings,2024-06-24,1313.9,Active
5135,3109,13,Payroll,2024-06-02,1252.12,Active
5136,3110,2,Savings,2024-07-11,2387.39,Active
5137,3110,2,Business,2024-07-07,18759.75,Active
5138,3111,12,Savings,2023-08-13,876.51,Active
5139,3112,10,Savings,2023-07-19,2439.69,Active
5140,3112,10,Fixed Deposit,2023-08-02,4234.42,Active
5141,3112,10,Payroll,2023-08-04,1763.6,Active
5142,3113,11,Savings,2026-01-18,2529.79,Active
5143,3114,15,Savings,2024-10-14,738.23,Dormant
5144,3114,15,Payroll,2024-10-17,353.67,Active
5145,3115,3,Savings,2023-04-13,1134.58,Active
5146,3116,1,Savings,2025-09-21,1770.79,Active
5147,3116,1,Fixed Deposit,2025-09-29,9800.89,Active
5148,3117,1,Savings,2025-08-13,749.32,Active
5149,3118,9,Savings,2023-09-27,743.29,Active
5150,3118,9,Fixed Deposit,2023-09-20,4199.63,Active
5151,3119,10,Savings,2025-08-27,1048.06,Active
5152,3120,7,Savings,2025-02-20,1019.27,Dormant
5153,3121,8,Savings,2025-04-27,2857.21,Active
5154,3121,8,Payroll,2025-04-25,618.43,Active
5155,3122,13,Savings,2025-05-01,494.84,Active
5156,3122,13,Fixed Deposit,2025-05-15,2424.34,Dormant
5157,3122,13,Payroll,2025-04-29,545.41,Active
5158,3123,4,Savings,2025-11-09,1083.34,Active
5159,3124,4,Savings,2025-06-24,215.8,Active
5160,3125,4,Savings,2024-08-01,791.35,Active
5161,3126,18,Savings,2025-07-03,1810.94,Active
5162,3127,9,Savings,2025-05-30,622.51,Dormant
5163,3128,1,Fixed Deposit,2025-08-15,6200.64,Active
5164,3129,6,Savings,2024-09-19,1246.95,Dormant
5165,3130,1,Savings,2025-12-31,322.09,Active
5166,3130,1,Fixed Deposit,2026-01-24,3381.74,Active
5167,3131,4,Savings,2025-09-22,1065.49,Active
5168,3131,4,Payroll,2025-09-14,340.88,Active
5169,3132,3,Savings,2025-11-16,980.77,Active
5170,3133,3,Savings,2023-05-10,74.85,Dormant
5171,3134,2,Savings,2024-09-12,586.25,Active
5172,3135,1,Savings,2024-01-12,1444.49,Active
5173,3136,12,Savings,2025-11-17,3712.4,Active
5174,3136,12,Business,2025-11-04,8317.04,Active
5175,3137,18,Savings,2025-01-20,542.57,Dormant
5176,3137,18,Payroll,2025-01-29,1019.92,Active
5177,3138,14,Savings,2025-09-22,766.91,Active
5178,3139,4,Savings,2023-03-09,260.67,Active
5179,3140,6,Savings,2023-06-22,3402.56,Active
5180,3141,12,Savings,2025-02-27,3591.31,Active
5181,3141,12,Business,2025-02-28,14528.9,Active
5182,3142,4,Fixed Deposit,2023-07-16,8592.27,Closed
5183,3142,4,Payroll,2023-07-10,1184.28,Active
5184,3143,3,Payroll,2024-10-03,1663.86,Active
5185,3144,10,Savings,2024-04-10,774.18,Active
5186,3145,12,Fixed Deposit,2024-09-14,8975.41,Active
5187,3145,12,Payroll,2024-09-22,950.97,Dormant
5188,3146,2,Savings,2024-05-11,534.17,Dormant
5189,3147,18,Savings,2025-05-10,1596.79,Active
5190,3147,18,Fixed Deposit,2025-05-02,6439.49,Active
5191,3148,16,Savings,2025-11-20,1057.41,Active
5192,3148,16,Fixed Deposit,2025-12-01,1259.23,Active
5193,3149,6,Savings,2025-08-06,1918.74,Active
5194,3150,3,Savings,2025-11-16,1282.18,Active
5195,3151,8,Savings,2025-12-01,1905.09,Active
5196,3151,8,Business,2025-11-10,5743.51,Closed
5197,3152,8,Savings,2024-10-13,1362.65,Active
5198,3152,8,Payroll,2024-10-14,931.76,Active
5199,3153,3,Savings,2025-02-10,772.54,Active
5200,3154,8,Savings,2025-02-24,1500.8,Active
5201,3154,8,Payroll,2025-03-11,515.34,Active
5202,3155,6,Savings,2024-11-14,4289.77,Active
5203,3155,6,Business,2024-11-04,16442.2,Active
5204,3157,10,Savings,2025-11-13,5426.7,Active
5205,3157,10,Fixed Deposit,2025-11-20,15001.76,Active
5206,3158,6,Savings,2025-04-28,264.68,Active
5207,3159,2,Savings,2026-01-08,452.85,Active
5208,3159,2,Payroll,2025-12-26,467.4,Active
5209,3160,8,Savings,2024-06-20,315.32,Active
5210,3160,8,Payroll,2024-06-12,241.83,Active
5211,3161,4,Savings,2026-01-18,190.08,Active
5212,3162,14,Savings,2023-06-07,1314.71,Active
5213,3163,9,Savings,2023-01-23,780.92,Active
5214,3164,7,Savings,2023-03-04,927.19,Dormant
5215,3164,7,Fixed Deposit,2023-03-06,3313.22,Active
5216,3164,7,Payroll,2023-03-03,337.08,Active
5217,3165,5,Savings,2025-01-11,1209.59,Active
5218,3166,2,Savings,2024-08-05,595.46,Active
5219,3166,2,Payroll,2024-07-23,611.73,Active
5220,3167,10,Savings,2023-12-31,1327.54,Active
5221,3168,2,Savings,2024-12-26,164.06,Closed
5222,3169,16,Savings,2024-07-28,705.62,Active
5223,3170,15,Savings,2026-01-02,466.95,Active
5224,3171,14,Savings,2024-10-17,409.44,Active
5225,3173,2,Savings,2024-10-24,442.6,Active
5226,3174,11,Savings,2024-08-17,1594.58,Active
5227,3174,11,Fixed Deposit,2024-08-04,10028.98,Active
5228,3174,11,Payroll,2024-08-04,864.17,Active
5229,3175,17,Savings,2024-02-02,1741.85,Active
5230,3175,17,Payroll,2024-01-07,758.44,Active
5231,3176,17,Savings,2026-01-17,1215.71,Closed
5232,3177,2,Savings,2024-04-24,1257.59,Active
5233,3177,2,Fixed Deposit,2024-04-16,2683.78,Active
5234,3177,2,Payroll,2024-04-28,1225.23,Active
5235,3178,8,Savings,2024-12-01,2171.83,Active
5236,3178,8,Business,2024-11-13,2808.45,Active
5237,3180,6,Savings,2025-05-15,1723.75,Active
5238,3180,6,Fixed Deposit,2025-05-05,6528.08,Active
5239,3180,6,Payroll,2025-05-13,552.82,Dormant
5240,3181,1,Savings,2025-08-22,2692.34,Closed
5241,3181,1,Payroll,2025-08-28,1277.3,Active
5242,3182,16,Savings,2025-07-02,6758.36,Active
5243,3182,16,Business,2025-06-12,17773.0,Active
5244,3183,6,Savings,2025-06-09,1515.67,Active
5245,3183,6,Payroll,2025-06-12,963.14,Active
5246,3184,8,Savings,2024-08-14,917.0,Active
5247,3185,18,Savings,2024-12-01,4596.88,Active
5248,3185,18,Business,2024-11-19,13402.03,Active
5249,3186,13,Savings,2025-01-01,1409.17,Active
5250,3187,2,Savings,2024-09-21,1273.6,Closed
5251,3187,2,Payroll,2024-10-01,478.12,Closed
5252,3188,16,Savings,2024-05-31,453.34,Active
5253,3189,6,Savings,2023-10-03,1958.25,Active
5254,3189,6,Business,2023-10-14,30148.9,Active
5255,3190,18,Savings,2025-07-21,477.01,Dormant
5256,3190,18,Payroll,2025-07-11,874.13,Active
5257,3192,4,Savings,2023-12-14,1849.66,Active
5258,3192,4,Fixed Deposit,2023-12-10,7529.06,Dormant
5259,3193,3,Savings,2025-04-24,1637.57,Active
5260,3193,3,Payroll,2025-04-13,718.7,Closed
5261,3194,12,Savings,2023-03-14,198.76,Active
5262,3195,13,Payroll,2025-08-09,437.07,Dormant
5263,3196,18,Savings,2025-09-28,770.38,Active
5264,3196,18,Fixed Deposit,2025-09-26,4178.1,Active
5265,3196,18,Payroll,2025-10-12,793.0,Active
5266,3197,17,Savings,2025-03-09,235.98,Active
5267,3198,4,Savings,2024-08-22,4355.64,Dormant
5268,3198,4,Fixed Deposit,2024-08-04,11626.11,Active
5269,3199,1,Savings,2023-05-04,840.62,Dormant
5270,3199,1,Payroll,2023-05-16,239.85,Active
5271,3200,7,Savings,2024-12-10,399.6,Active
5272,3201,3,Savings,2025-07-20,3360.91,Active
5273,3201,3,Fixed Deposit,2025-07-14,8881.61,Active
5274,3202,4,Savings,2025-03-21,775.5,Active
5275,3203,8,Savings,2024-11-14,681.45,Active
5276,3203,8,Fixed Deposit,2024-11-22,3753.99,Active
5277,3204,4,Savings,2025-08-30,2055.54,Active
5278,3204,4,Fixed Deposit,2025-08-31,6534.66,Active
5279,3204,4,Payroll,2025-08-28,1196.66,Active
5280,3205,13,Savings,2025-03-13,729.01,Active
5281,3206,6,Savings,2023-07-27,1856.34,Active
5282,3206,6,Payroll,2023-07-08,469.3,Active
5283,3207,1,Savings,2025-01-28,855.81,Closed
5284,3207,1,Payroll,2025-01-08,715.33,Active
5285,3208,1,Savings,2024-03-08,2877.86,Dormant
5286,3208,1,Payroll,2024-03-13,1022.12,Active
5287,3209,16,Savings,2024-01-15,2104.72,Active
5288,3209,16,Business,2023-12-25,4800.82,Active
5289,3210,18,Savings,2025-03-18,501.54,Active
5290,3210,18,Payroll,2025-03-08,813.95,Active
5291,3211,3,Savings,2025-08-08,2049.35,Active
5292,3211,3,Fixed Deposit,2025-07-25,10858.48,Active
5293,3211,3,Payroll,2025-07-30,1526.14,Active
5294,3212,10,Savings,2025-08-28,792.73,Active
5295,3212,10,Business,2025-08-29,7439.73,Active
5296,3213,10,Savings,2025-11-04,1451.87,Active
5297,3213,10,Payroll,2025-11-21,1317.74,Active
5298,3214,6,Savings,2024-12-05,1682.4,Active
5299,3214,6,Business,2024-11-30,9536.28,Active
5300,3215,11,Savings,2023-10-29,388.93,Active
5301,3215,11,Payroll,2023-11-03,251.64,Active
5302,3216,12,Savings,2025-02-15,1835.47,Dormant
5303,3217,4,Savings,2023-09-23,448.08,Active
5304,3217,4,Fixed Deposit,2023-09-15,2219.18,Dormant
5305,3218,4,Payroll,2024-09-08,537.73,Active
5306,3219,7,Savings,2025-09-04,405.97,Dormant
5307,3219,7,Payroll,2025-09-04,183.73,Active
5308,3220,11,Savings,2024-11-29,707.63,Active
5309,3221,2,Savings,2023-06-09,796.21,Active
5310,3222,1,Savings,2025-07-07,995.73,Closed
5311,3222,1,Payroll,2025-07-09,681.13,Active
5312,3224,14,Savings,2024-11-29,2150.99,Active
5313,3224,14,Payroll,2024-11-17,920.69,Active
5314,3225,5,Savings,2025-05-07,1181.86,Active
5315,3225,5,Payroll,2025-05-19,1756.55,Active
5316,3226,3,Savings,2023-08-21,893.65,Active
5317,3227,13,Savings,2025-12-12,36.57,Active
5318,3228,4,Savings,2024-09-29,2687.44,Active
5319,3229,7,Savings,2025-04-13,3333.75,Active
5320,3230,18,Savings,2024-05-26,1306.32,Active
5321,3230,18,Business,2024-05-27,6617.86,Active
5322,3231,6,Savings,2024-09-14,126.21,Active
5323,3232,3,Savings,2025-07-06,926.28,Active
5324,3233,13,Savings,2024-09-08,2903.65,Active
5325,3234,5,Savings,2025-01-12,1526.18,Active
5326,3234,5,Payroll,2025-01-04,1045.47,Active
5327,3235,6,Savings,2025-11-23,144.49,Active
5328,3236,17,Savings,2023-12-27,752.62,Active
5329,3236,17,Payroll,2023-12-26,962.96,Active
5330,3237,8,Savings,2024-08-15,671.7,Dormant
5331,3237,8,Payroll,2024-09-01,789.61,Active
5332,3238,1,Savings,2025-09-08,930.1,Active
5333,3239,7,Savings,2024-06-28,823.97,Active
5334,3239,7,Fixed Deposit,2024-07-22,1988.3,Active
5335,3240,11,Savings,2025-12-04,1018.95,Active
5336,3241,1,Savings,2025-06-11,616.91,Active
5337,3242,2,Savings,2024-08-19,188.12,Dormant
5338,3244,7,Savings,2024-10-01,2682.9,Active
5339,3244,7,Business,2024-09-08,10067.87,Active
5340,3245,5,Savings,2024-11-23,55.34,Active
5341,3246,4,Savings,2023-12-10,1020.81,Active
5342,3247,11,Savings,2025-04-18,383.23,Active
5343,3247,11,Payroll,2025-05-07,384.77,Active
5344,3248,1,Savings,2025-01-05,1076.63,Active
5345,3248,1,Fixed Deposit,2024-12-26,7619.27,Active
5346,3249,4,Savings,2024-01-22,610.75,Active
5347,3250,13,Savings,2025-02-07,1086.01,Active
5348,3250,13,Payroll,2025-02-06,470.53,Active
5349,3251,9,Savings,2025-10-29,1795.42,Active
5350,3251,9,Payroll,2025-10-12,926.24,Dormant
5351,3252,13,Savings,2024-09-28,940.45,Active
5352,3252,13,Business,2024-09-28,2693.18,Active
5353,3253,14,Business,2025-12-15,2753.86,Active
5354,3254,1,Savings,2025-09-16,1690.04,Active
5355,3255,8,Savings,2024-06-05,1249.91,Active
5356,3255,8,Fixed Deposit,2024-06-07,5282.1,Active
5357,3256,13,Savings,2025-12-30,710.33,Active
5358,3256,13,Fixed Deposit,2026-01-09,4934.36,Active
5359,3257,11,Savings,2023-03-09,242.59,Active
5360,3258,14,Savings,2025-04-23,831.2,Active
5361,3258,14,Fixed Deposit,2025-04-03,9089.48,Active
5362,3259,9,Savings,2024-01-23,1478.63,Dormant
5363,3259,9,Payroll,2024-01-19,594.77,Active
5364,3260,10,Savings,2023-08-21,465.21,Active
5365,3260,10,Payroll,2023-09-11,254.68,Active
5366,3261,1,Savings,2025-03-23,777.03,Dormant
5367,3261,1,Payroll,2025-03-25,502.86,Active
5368,3262,4,Savings,2024-12-13,2168.52,Active
5369,3262,4,Fixed Deposit,2024-11-29,20155.18,Active
5370,3262,4,Business,2024-12-11,17023.66,Active
5371,3263,18,Savings,2025-09-21,646.06,Dormant
5372,3264,4,Savings,2023-12-17,2598.44,Active
5373,3264,4,Fixed Deposit,2024-01-06,6043.24,Active
5374,3264,4,Business,2023-12-18,7679.03,Active
5375,3265,17,Savings,2025-06-12,2659.47,Active
5376,3265,17,Business,2025-05-30,10187.17,Active
5377,3266,5,Savings,2025-09-03,1919.62,Closed
5378,3267,10,Savings,2024-12-25,290.11,Active
5379,3268,12,Savings,2025-07-02,1672.75,Active
5380,3268,12,Fixed Deposit,2025-07-10,10497.79,Active
5381,3268,12,Payroll,2025-07-04,772.95,Active
5382,3269,2,Savings,2025-04-11,1605.71,Active
5383,3270,12,Savings,2024-04-13,532.93,Active
5384,3271,4,Savings,2025-08-30,1356.21,Active
5385,3271,4,Payroll,2025-08-28,1082.47,Active
5386,3272,16,Savings,2025-11-27,3347.27,Closed
5387,3272,16,Fixed Deposit,2025-12-04,8042.46,Active
5388,3272,16,Business,2025-12-12,7991.71,Active
5389,3273,8,Savings,2025-06-24,840.97,Active
5390,3274,18,Savings,2025-06-07,280.43,Active
5391,3275,8,Savings,2025-01-13,788.53,Active
5392,3275,8,Payroll,2024-12-25,366.48,Active
5393,3276,12,Savings,2024-10-17,809.65,Dormant
5394,3277,2,Savings,2024-12-30,259.33,Active
5395,3277,2,Payroll,2024-12-28,493.96,Dormant
5396,3278,18,Savings,2023-09-26,904.48,Active
5397,3279,9,Savings,2025-11-14,1049.79,Active
5398,3280,13,Savings,2025-11-16,915.95,Active
5399,3281,4,Savings,2025-11-30,3684.93,Dormant
5400,3282,8,Savings,2025-12-11,895.03,Active
5401,3282,8,Fixed Deposit,2025-12-11,2466.22,Active
5402,3282,8,Payroll,2025-12-07,689.0,Active
5403,3283,18,Savings,2024-08-26,1795.16,Active
5404,3283,18,Fixed Deposit,2024-09-08,9652.01,Active
5405,3283,18,Business,2024-08-16,2577.79,Dormant
5406,3284,1,Savings,2024-09-25,457.39,Active
5407,3284,1,Fixed Deposit,2024-10-21,5551.87,Active
5408,3284,1,Payroll,2024-10-19,793.49,Active
5409,3285,7,Savings,2024-12-26,2243.97,Active
5410,3286,5,Savings,2024-03-29,1003.03,Active
5411,3286,5,Payroll,2024-03-24,260.09,Active
5412,3287,18,Savings,2025-07-10,2001.32,Active
5413,3287,18,Fixed Deposit,2025-07-05,5507.86,Active
5414,3288,7,Savings,2023-10-09,1300.86,Active
5415,3288,7,Payroll,2023-10-27,333.53,Active
5416,3289,9,Savings,2023-12-04,164.66,Active
5417,3290,7,Savings,2024-04-25,541.25,Active
5418,3291,18,Savings,2024-10-23,978.77,Active
5419,3291,18,Fixed Deposit,2024-11-17,6500.88,Active
5420,3291,18,Payroll,2024-11-06,822.44,Active
5421,3292,12,Savings,2025-03-11,707.49,Active
5422,3292,12,Payroll,2025-03-21,331.88,Active
5423,3294,8,Savings,2023-04-03,853.04,Active
5424,3294,8,Payroll,2023-04-04,205.35,Active
5425,3296,15,Savings,2024-06-12,2092.19,Active
5426,3296,15,Fixed Deposit,2024-06-22,5148.89,Active
5427,3296,15,Payroll,2024-06-05,596.69,Active
5428,3297,1,Savings,2023-12-01,1983.3,Active
5429,3297,1,Business,2023-12-02,3113.82,Active
5430,3298,4,Savings,2024-02-19,707.95,Active
5431,3299,1,Savings,2024-01-28,935.91,Dormant
5432,3300,6,Savings,2025-01-02,2001.8,Active
5433,3301,9,Savings,2025-06-28,2533.6,Active
5434,3301,9,Payroll,2025-06-06,697.12,Active
5435,3302,12,Savings,2024-08-20,895.99,Active
5436,3303,11,Savings,2024-09-02,1843.35,Active
5437,3304,11,Savings,2025-07-17,322.55,Active
5438,3305,3,Savings,2025-02-18,439.16,Active
5439,3306,14,Savings,2024-12-05,912.28,Dormant
5440,3306,14,Fixed Deposit,2024-12-18,7880.76,Dormant
5441,3307,6,Savings,2025-09-11,4868.72,Active
5442,3307,6,Business,2025-08-22,10027.59,Active
5443,3308,6,Savings,2024-09-24,1139.12,Active
5444,3309,1,Savings,2024-09-26,1317.51,Dormant
5445,3310,10,Savings,2023-10-01,1488.69,Active
5446,3311,18,Savings,2024-03-16,774.06,Dormant
5447,3312,2,Savings,2023-10-15,2329.65,Active
5448,3313,11,Savings,2024-04-24,1326.62,Active
5449,3313,11,Payroll,2024-04-11,629.02,Active
5450,3314,9,Savings,2024-07-24,1850.22,Active
5451,3314,9,Business,2024-07-02,2608.8,Active
5452,3315,2,Savings,2024-10-05,317.97,Active
5453,3315,2,Payroll,2024-10-30,831.46,Active
5454,3316,11,Savings,2024-12-24,1069.65,Active
5455,3317,1,Savings,2024-05-02,340.54,Active
5456,3317,1,Payroll,2024-05-25,257.91,Active
5457,3318,12,Savings,2024-08-25,707.68,Active
5458,3319,12,Savings,2025-05-06,687.64,Active
5459,3319,12,Payroll,2025-05-07,361.19,Active
5460,3320,14,Savings,2025-09-16,515.16,Active
5461,3320,14,Fixed Deposit,2025-08-25,4331.28,Active
5462,3321,16,Savings,2024-04-24,3495.16,Active
5463,3321,16,Business,2024-04-18,10659.08,Active
5464,3322,3,Savings,2025-07-27,4805.42,Active
5465,3322,3,Business,2025-08-23,11109.39,Active
5466,3323,3,Savings,2024-05-01,534.35,Active
5467,3324,13,Savings,2024-11-07,3355.93,Active
5468,3324,13,Business,2024-12-03,13128.61,Active
5469,3325,10,Savings,2024-05-31,621.02,Active
5470,3325,10,Payroll,2024-06-08,258.27,Active
5471,3326,11,Savings,2025-08-23,422.9,Active
5472,3326,11,Payroll,2025-08-23,401.19,Active
5473,3327,16,Savings,2025-05-15,921.2,Dormant
5474,3327,16,Business,2025-05-13,6779.66,Active
5475,3328,1,Savings,2025-11-18,162.21,Active
5476,3329,13,Savings,2023-03-12,551.22,Active
5477,3329,13,Payroll,2023-03-20,341.33,Dormant
5478,3330,3,Savings,2025-08-21,1525.36,Active
5479,3331,7,Savings,2024-07-10,201.75,Active
5480,3332,5,Savings,2025-11-27,270.26,Active
5481,3333,11,Savings,2025-05-29,650.95,Active
5482,3333,11,Fixed Deposit,2025-05-17,3850.45,Active
5483,3333,11,Payroll,2025-05-12,930.55,Active
5484,3334,1,Business,2025-04-15,2984.02,Active
5485,3335,1,Savings,2025-08-22,322.83,Active
5486,3336,1,Savings,2024-10-29,1762.54,Active
5487,3336,1,Fixed Deposit,2024-10-10,11942.53,Active
5488,3336,1,Payroll,2024-10-16,648.78,Active
5489,3337,16,Savings,2024-11-20,1185.34,Active
5490,3337,16,Payroll,2024-12-08,1015.79,Active
5491,3338,6,Savings,2024-01-11,1861.67,Active
5492,3339,9,Savings,2023-09-29,6294.91,Active
5493,3339,9,Fixed Deposit,2023-09-05,30265.98,Active
5494,3339,9,Business,2023-09-07,29587.85,Active
5495,3340,13,Savings,2025-08-23,522.64,Active
5496,3341,11,Savings,2023-12-13,2254.42,Active
5497,3341,11,Payroll,2023-12-27,1132.19,Active
5498,3342,1,Savings,2025-03-30,915.93,Active
5499,3343,2,Savings,2025-11-27,847.21,Active
5500,3343,2,Fixed Deposit,2025-11-13,3104.54,Dormant
5501,3343,2,Payroll,2025-12-05,304.31,Active
5502,3344,7,Savings,2025-10-20,612.56,Active
5503,3344,7,Payroll,2025-10-27,441.84,Dormant
5504,3345,3,Savings,2024-09-05,1418.4,Active
5505,3346,1,Savings,2025-04-22,780.61,Active
5506,3346,1,Payroll,2025-05-17,627.28,Active
5507,3347,12,Savings,2025-02-08,1216.81,Dormant
5508,3348,1,Savings,2024-01-05,2050.43,Active
5509,3349,1,Savings,2025-02-24,3647.92,Active
5510,3349,1,Business,2025-02-20,14778.3,Active
5511,3350,8,Payroll,2024-03-05,930.04,Active
5512,3351,1,Savings,2023-01-19,762.76,Active
5513,3351,1,Payroll,2023-01-30,441.77,Active
5514,3352,18,Savings,2025-11-16,1500.79,Active
5515,3352,18,Fixed Deposit,2025-11-20,6267.0,Dormant
5516,3352,18,Payroll,2025-11-14,593.86,Active
5517,3353,2,Payroll,2024-11-30,1322.24,Active
5518,3354,17,Savings,2023-09-28,967.72,Active
5519,3354,17,Payroll,2023-09-17,639.37,Active
5520,3355,8,Savings,2024-04-24,2137.94,Active
5521,3355,8,Payroll,2024-05-04,1313.77,Active
5522,3356,11,Savings,2025-10-19,1080.65,Active
5523,3356,11,Fixed Deposit,2025-09-25,3540.71,Active
5524,3356,11,Business,2025-10-25,5656.53,Active
5525,3357,4,Savings,2023-11-22,427.68,Active
5526,3357,4,Payroll,2023-11-03,1183.48,Active
5527,3358,10,Savings,2023-08-31,487.95,Active
5528,3359,14,Savings,2025-10-05,1313.9,Closed
5529,3360,14,Business,2024-02-28,9532.16,Active
5530,3361,10,Savings,2025-08-14,1346.28,Active
5531,3361,10,Business,2025-08-03,6812.36,Active
5532,3362,4,Savings,2025-05-01,983.24,Active
5533,3364,9,Savings,2024-10-28,4439.78,Active
5534,3364,9,Business,2024-10-07,8845.17,Active
5535,3365,9,Savings,2025-11-06,1067.69,Active
5536,3365,9,Fixed Deposit,2025-12-01,8610.05,Active
5537,3365,9,Payroll,2025-12-02,946.76,Active
5538,3366,7,Savings,2025-06-24,2385.42,Active
5539,3366,7,Payroll,2025-06-20,1137.83,Active
5540,3367,4,Savings,2023-04-25,166.0,Active
5541,3368,3,Savings,2025-01-28,1073.67,Active
5542,3369,3,Savings,2023-08-20,1570.51,Active
5543,3369,3,Fixed Deposit,2023-08-06,7047.82,Active
5544,3369,3,Payroll,2023-08-13,411.15,Active
5545,3370,11,Savings,2025-10-24,2641.99,Active
5546,3371,4,Savings,2023-06-29,660.05,Active
5547,3371,4,Business,2023-06-29,4233.61,Active
5548,3372,17,Savings,2024-04-15,4105.49,Active
5549,3372,17,Fixed Deposit,2024-03-30,7335.41,Active
5550,3372,17,Business,2024-03-28,7516.81,Active
5551,3373,15,Savings,2025-06-24,712.32,Active
5552,3373,15,Payroll,2025-06-19,468.15,Active
5553,3374,16,Savings,2024-06-26,1903.4,Active
5554,3374,16,Payroll,2024-06-16,1381.27,Closed
5555,3375,12,Savings,2024-06-27,2314.47,Active
5556,3376,5,Savings,2023-08-12,638.03,Active
5557,3376,5,Payroll,2023-08-20,998.51,Active
5558,3377,15,Savings,2024-02-23,700.19,Active
5559,3377,15,Payroll,2024-03-19,477.23,Active
5560,3378,5,Savings,2024-03-30,984.28,Active
5561,3379,14,Savings,2023-03-04,839.72,Active
5562,3379,14,Fixed Deposit,2023-03-04,1168.0,Active
5563,3380,8,Savings,2024-07-21,777.61,Active
5564,3380,8,Payroll,2024-07-10,174.95,Active
5565,3381,4,Savings,2025-08-26,299.8,Active
5566,3381,4,Fixed Deposit,2025-09-07,3910.77,Active
5567,3383,3,Savings,2025-12-30,760.77,Active
5568,3384,5,Savings,2025-11-11,515.98,Active
5569,3385,7,Savings,2023-11-16,1287.19,Active
5570,3386,15,Savings,2024-09-17,310.2,Active
5571,3387,6,Savings,2023-06-21,3996.78,Active
5572,3387,6,Fixed Deposit,2023-07-04,14564.81,Active
5573,3387,6,Business,2023-07-17,10959.12,Active
5574,3388,7,Savings,2025-06-26,3358.04,Dormant
5575,3388,7,Payroll,2025-06-05,966.42,Active
5576,3389,13,Savings,2025-07-24,3131.15,Active
5577,3389,13,Payroll,2025-08-09,1264.53,Active
5578,3390,6,Savings,2025-07-11,2397.9,Dormant
5579,3390,6,Payroll,2025-07-07,759.96,Active
5580,3391,1,Savings,2026-01-05,801.5,Active
5581,3392,8,Savings,2024-03-28,2122.15,Active
5582,3392,8,Business,2024-04-04,12447.15,Active
5583,3393,13,Savings,2025-11-24,838.02,Active
5584,3393,13,Payroll,2025-11-28,423.63,Active
5585,3394,4,Savings,2024-07-01,7668.53,Active
5586,3394,4,Fixed Deposit,2024-07-14,19045.83,Active
5587,3394,4,Business,2024-06-27,22103.74,Active
5588,3395,1,Savings,2025-11-08,738.34,Closed
5589,3396,5,Savings,2025-01-26,366.65,Active
5590,3397,13,Savings,2025-12-01,1451.74,Active
5591,3397,13,Payroll,2025-11-30,1222.98,Active
5592,3398,4,Savings,2023-06-19,999.14,Active
5593,3399,8,Savings,2023-03-22,3795.36,Dormant
5594,3399,8,Fixed Deposit,2023-03-14,13636.16,Active
5595,3400,5,Savings,2025-11-13,3218.39,Active
5596,3400,5,Fixed Deposit,2025-10-19,12890.29,Active
5597,3400,5,Payroll,2025-10-25,683.56,Active
5598,3401,8,Savings,2025-04-04,1429.34,Active
5599,3402,15,Savings,2025-04-17,3292.51,Active
5600,3402,15,Fixed Deposit,2025-04-30,8711.57,Active
5601,3402,15,Payroll,2025-04-21,1345.64,Active
5602,3403,11,Savings,2023-12-05,545.09,Active
5603,3403,11,Payroll,2023-12-25,210.87,Closed
5604,3404,18,Savings,2025-12-27,942.65,Active
5605,3405,18,Savings,2023-12-25,2675.05,Active
5606,3406,10,Savings,2024-08-23,1480.59,Active
5607,3407,12,Savings,2025-04-23,3235.07,Active
5608,3407,12,Fixed Deposit,2025-05-08,13300.2,Active
5609,3407,12,Business,2025-04-24,4839.78,Active
5610,3408,3,Savings,2024-08-13,588.61,Active
5611,3408,3,Fixed Deposit,2024-08-23,3803.52,Active
5612,3408,3,Payroll,2024-09-03,982.61,Closed
5613,3409,15,Savings,2023-12-11,1004.44,Dormant
5614,3409,15,Payroll,2023-12-31,263.71,Active
5615,3410,9,Savings,2025-11-30,674.54,Active
5616,3410,9,Payroll,2025-11-30,883.13,Active
5617,3411,1,Savings,2025-09-09,1161.75,Active
5618,3411,1,Fixed Deposit,2025-09-04,8637.06,Active
5619,3411,1,Payroll,2025-09-10,552.76,Active
5620,3412,4,Savings,2024-09-03,3415.97,Active
5621,3412,4,Fixed Deposit,2024-09-12,17127.31,Dormant
5622,3413,5,Savings,2025-08-13,2114.13,Active
5623,3413,5,Payroll,2025-07-25,620.9,Active
5624,3414,3,Savings,2024-02-05,1190.6,Active
5625,3415,4,Savings,2025-05-21,4292.24,Active
5626,3415,4,Fixed Deposit,2025-06-05,10696.2,Active
5627,3415,4,Business,2025-05-22,4087.71,Active
5628,3416,4,Savings,2023-10-09,675.06,Active
5629,3416,4,Fixed Deposit,2023-10-19,7030.33,Active
5630,3417,14,Savings,2024-05-01,416.69,Active
5631,3417,14,Payroll,2024-04-04,133.33,Active
5632,3418,6,Savings,2025-05-17,441.8,Active
5633,3418,6,Payroll,2025-05-11,412.94,Dormant
5634,3419,12,Savings,2024-12-27,2054.84,Active
5635,3420,7,Savings,2025-03-12,1467.11,Active
5636,3420,7,Payroll,2025-03-09,431.1,Active
5637,3422,11,Savings,2025-10-31,3271.51,Active
5638,3422,11,Fixed Deposit,2025-11-12,8888.57,Active
5639,3422,11,Business,2025-11-05,5077.05,Active
5640,3423,7,Savings,2025-09-02,3095.65,Active
5641,3423,7,Payroll,2025-09-02,1402.86,Dormant
5642,3424,1,Savings,2026-01-03,1143.46,Active
5643,3425,6,Savings,2023-08-23,879.74,Active
5644,3426,3,Savings,2024-06-25,511.46,Active
5645,3426,3,Payroll,2024-07-17,497.01,Active
5646,3427,18,Savings,2025-07-06,3250.14,Active
5647,3427,18,Fixed Deposit,2025-06-21,12677.24,Active
5648,3427,18,Business,2025-06-25,12215.41,Dormant
5649,3428,12,Savings,2025-03-29,3583.33,Active
5650,3428,12,Payroll,2025-04-12,920.41,Active
5651,3429,11,Savings,2024-04-06,3082.9,Active
5652,3429,11,Fixed Deposit,2024-03-19,14848.94,Active
5653,3429,11,Business,2024-03-14,13377.47,Dormant
5654,3430,3,Savings,2025-02-04,750.35,Active
5655,3430,3,Payroll,2025-01-26,473.79,Active
5656,3431,13,Savings,2025-09-28,195.29,Active
5657,3432,7,Savings,2025-09-20,539.37,Active
5658,3432,7,Fixed Deposit,2025-10-11,8543.18,Active
5659,3433,8,Savings,2023-10-08,2158.44,Active
5660,3433,8,Payroll,2023-10-08,1327.78,Dormant
5661,3434,4,Savings,2024-09-13,1071.24,Active
5662,3434,4,Payroll,2024-09-11,1097.27,Active
5663,3435,18,Savings,2024-10-31,605.54,Active
5664,3435,18,Fixed Deposit,2024-11-06,4216.66,Dormant
5665,3435,18,Payroll,2024-11-11,490.49,Active
5666,3436,4,Savings,2025-01-22,4008.91,Active
5667,3436,4,Business,2025-02-08,9910.3,Active
5668,3437,3,Savings,2025-10-26,3451.8,Dormant
5669,3437,3,Fixed Deposit,2025-10-20,13085.54,Active
5670,3438,16,Savings,2025-03-01,1953.14,Active
5671,3438,16,Payroll,2025-02-13,477.68,Active
5672,3439,17,Savings,2025-08-06,1078.7,Active
5673,3440,5,Savings,2024-04-10,819.54,Active
5674,3441,9,Savings,2024-06-10,242.1,Active
5675,3441,9,Fixed Deposit,2024-05-30,687.34,Active
5676,3442,11,Savings,2025-07-22,2042.82,Active
5677,3443,8,Savings,2025-11-26,799.03,Active
5678,3443,8,Payroll,2025-11-02,925.85,Active
5679,3444,4,Savings,2025-12-06,1962.14,Dormant
5680,3445,2,Savings,2023-11-21,3765.93,Dormant
5681,3445,2,Business,2023-11-04,6585.85,Active
5682,3446,11,Savings,2023-09-04,1763.47,Active
5683,3446,11,Business,2023-09-03,6377.86,Active
5684,3447,10,Savings,2025-04-27,1994.5,Active
5685,3447,10,Payroll,2025-04-27,645.34,Active
5686,3448,1,Savings,2025-02-01,1231.32,Active
5687,3448,1,Fixed Deposit,2025-02-22,4699.78,Closed
5688,3448,1,Payroll,2025-02-02,1715.37,Active
5689,3449,17,Savings,2025-08-27,5382.05,Active
5690,3449,17,Fixed Deposit,2025-08-04,9094.13,Active
5691,3449,17,Business,2025-08-03,11338.98,Active
5692,3450,11,Savings,2025-11-17,582.53,Active
5693,3451,14,Savings,2025-09-18,565.84,Active
5694,3452,5,Savings,2025-11-22,1455.81,Active
5695,3452,5,Payroll,2025-12-01,870.48,Active
5696,3453,9,Savings,2023-04-01,48.54,Active
5697,3454,8,Savings,2024-07-06,1450.84,Active
5698,3454,8,Payroll,2024-08-04,671.39,Active
5699,3455,9,Savings,2024-01-11,92.27,Active
5700,3456,5,Savings,2025-09-08,2190.14,Active
5701,3457,11,Savings,2023-10-19,1038.04,Closed
5702,3457,11,Payroll,2023-10-17,853.18,Active
5703,3458,3,Savings,2025-12-21,984.8,Active
5704,3458,3,Payroll,2026-01-05,388.52,Closed
5705,3459,14,Savings,2025-03-04,1553.35,Active
5706,3460,3,Savings,2023-08-22,428.16,Active
5707,3461,11,Savings,2024-10-15,323.83,Active
5708,3462,7,Savings,2024-11-03,938.84,Active
5709,3463,4,Fixed Deposit,2025-01-27,5215.61,Active
5710,3464,16,Savings,2025-06-29,526.58,Active
5711,3464,16,Fixed Deposit,2025-07-01,1876.67,Active
5712,3465,12,Savings,2024-11-15,1267.41,Active
5713,3466,6,Savings,2024-06-13,605.42,Dormant
5714,3468,1,Savings,2023-05-29,428.27,Active
5715,3468,1,Payroll,2023-06-15,252.97,Active
5716,3469,5,Payroll,2024-05-17,782.78,Active
5717,3470,18,Savings,2023-09-04,4278.86,Active
5718,3470,18,Business,2023-08-31,17950.9,Active
5719,3471,2,Savings,2025-04-04,3679.99,Active
5720,3472,5,Savings,2024-05-17,1509.8,Active
5721,3472,5,Fixed Deposit,2024-04-23,3505.96,Active
5722,3472,5,Business,2024-05-03,3808.08,Active
5723,3473,6,Savings,2023-03-04,2457.44,Active
5724,3473,6,Payroll,2023-03-07,1308.68,Active
5725,3474,1,Savings,2025-01-18,1373.28,Active
5726,3474,1,Fixed Deposit,2025-01-07,4304.7,Active
5727,3475,12,Savings,2024-05-25,641.5,Active
5728,3475,12,Payroll,2024-05-25,135.56,Active
5729,3476,9,Savings,2025-05-10,262.77,Active
5730,3477,1,Savings,2023-09-07,771.07,Active
5731,3477,1,Business,2023-09-18,9363.1,Active
5732,3478,2,Savings,2023-03-05,1757.31,Active
5733,3478,2,Fixed Deposit,2023-03-18,9698.17,Active
5734,3479,10,Savings,2025-01-17,834.62,Active
5735,3481,17,Savings,2025-08-04,1188.22,Active
5736,3481,17,Business,2025-08-07,8203.71,Active
5737,3482,15,Savings,2025-07-05,1704.47,Active
5738,3483,14,Savings,2024-12-21,2481.91,Active
5739,3483,14,Payroll,2024-12-10,1359.97,Active
5740,3484,15,Savings,2024-12-10,3520.51,Active
5741,3484,15,Business,2024-11-28,7575.9,Active
5742,3485,11,Savings,2025-06-28,837.36,Active
5743,3485,11,Payroll,2025-07-02,520.27,Active
5744,3486,3,Savings,2024-07-23,4800.76,Active
5745,3486,3,Business,2024-07-13,13664.14,Active
5746,3487,4,Savings,2025-04-29,395.54,Active
5747,3487,4,Payroll,2025-05-01,392.05,Active
5748,3488,16,Savings,2025-08-29,1285.57,Active
5749,3488,16,Fixed Deposit,2025-08-17,9641.95,Dormant
5750,3488,16,Payroll,2025-09-01,773.68,Active
5751,3489,13,Savings,2024-03-02,1540.89,Active
5752,3490,3,Savings,2025-09-20,2669.73,Active
5753,3490,3,Business,2025-09-27,6965.54,Active
5754,3491,18,Savings,2025-10-14,1117.75,Dormant
5755,3491,18,Payroll,2025-10-15,922.17,Active
5756,3492,18,Savings,2025-10-10,506.1,Active
5757,3493,5,Savings,2025-03-24,4586.57,Active
5758,3493,5,Fixed Deposit,2025-03-24,4730.73,Active
5759,3493,5,Business,2025-04-03,9253.46,Dormant
5760,3494,5,Savings,2025-09-08,3489.55,Active
5761,3494,5,Business,2025-08-24,4575.01,Active
5762,3495,18,Savings,2025-05-01,1221.55,Active
5763,3495,18,Fixed Deposit,2025-04-28,5786.59,Active
5764,3495,18,Payroll,2025-05-07,847.49,Active
5765,3496,11,Savings,2025-02-23,1991.93,Active
5766,3497,18,Payroll,2025-11-26,378.55,Active
5767,3498,11,Savings,2023-10-20,530.05,Active
5768,3498,11,Payroll,2023-10-06,333.32,Active
5769,3499,8,Savings,2023-05-14,332.68,Closed
5770,3499,8,Fixed Deposit,2023-05-15,3925.66,Active
5771,3499,8,Payroll,2023-05-27,790.03,Active
5772,3500,17,Savings,2024-12-16,1281.72,Active
5773,3501,4,Savings,2024-04-13,471.64,Active
5774,3502,17,Savings,2025-05-19,1692.75,Active
5775,3502,17,Payroll,2025-06-15,795.25,Active
5776,3503,6,Savings,2025-10-19,823.38,Active
5777,3504,7,Savings,2025-08-12,1512.56,Dormant
5778,3505,10,Savings,2024-02-14,532.5,Active
5779,3506,2,Savings,2023-07-11,711.52,Active
5780,3508,12,Savings,2025-01-16,2265.22,Active
5781,3508,12,Payroll,2025-01-06,1481.44,Active
5782,3509,11,Savings,2024-02-06,844.73,Active
5783,3510,9,Savings,2024-05-18,704.53,Active
5784,3511,7,Savings,2023-04-14,1403.19,Active
5785,3512,3,Savings,2024-06-13,2297.72,Active
5786,3512,3,Payroll,2024-06-11,825.52,Active
5787,3513,11,Savings,2025-04-06,2343.33,Active
5788,3513,11,Fixed Deposit,2025-03-18,15952.96,Active
5789,3513,11,Business,2025-03-13,14612.65,Active
5790,3514,3,Savings,2024-07-06,1536.83,Active
5791,3514,3,Payroll,2024-06-27,1363.75,Dormant
5792,3515,6,Savings,2025-01-28,3338.49,Active
5793,3516,12,Savings,2024-06-10,2092.71,Active
5794,3516,12,Payroll,2024-05-26,1018.67,Active
5795,3517,3,Savings,2024-09-18,1166.71,Active
5796,3517,3,Payroll,2024-09-14,848.01,Active
5797,3518,6,Savings,2024-04-30,669.79,Active
5798,3518,6,Payroll,2024-04-17,318.0,Active
5799,3519,3,Savings,2025-02-26,2187.56,Active
5800,3519,3,Fixed Deposit,2025-02-23,5639.03,Active
5801,3519,3,Business,2025-03-06,8381.36,Active
5802,3520,1,Savings,2025-07-27,988.63,Active
5803,3520,1,Payroll,2025-07-18,836.74,Active
5804,3521,13,Savings,2023-09-24,522.17,Active
5805,3521,13,Fixed Deposit,2023-09-22,2814.29,Active
5806,3521,13,Payroll,2023-09-24,574.07,Active
5807,3522,7,Savings,2025-08-30,950.3,Active
5808,3522,7,Fixed Deposit,2025-09-09,6380.32,Active
5809,3522,7,Payroll,2025-09-06,534.94,Active
5810,3523,18,Savings,2025-09-11,2009.36,Active
5811,3523,18,Fixed Deposit,2025-09-10,4378.99,Active
5812,3523,18,Payroll,2025-08-27,834.58,Active
5813,3524,13,Savings,2024-01-24,658.87,Active
5814,3525,5,Savings,2023-06-25,5784.41,Active
5815,3525,5,Business,2023-06-08,10464.33,Dormant
5816,3526,4,Savings,2024-04-13,681.22,Active
5817,3526,4,Fixed Deposit,2024-04-29,8554.71,Active
5818,3527,14,Savings,2025-02-11,396.09,Active
5819,3527,14,Payroll,2025-02-09,832.32,Active
5820,3528,14,Savings,2024-05-01,1960.69,Active
5821,3528,14,Payroll,2024-05-18,1337.04,Active
5822,3529,3,Savings,2025-12-12,547.24,Dormant
5823,3530,6,Savings,2024-04-10,1836.37,Active
5824,3530,6,Business,2024-04-14,10331.3,Active
5825,3531,1,Savings,2025-09-01,392.68,Active
5826,3531,1,Payroll,2025-09-09,937.79,Active
5827,3532,10,Savings,2025-01-31,599.99,Active
5828,3533,13,Savings,2025-07-25,380.71,Active
5829,3533,13,Payroll,2025-07-20,357.06,Active
5830,3534,8,Savings,2025-10-28,813.7,Active
5831,3535,15,Savings,2024-01-15,454.12,Active
5832,3536,3,Savings,2025-10-03,514.89,Active
5833,3536,3,Fixed Deposit,2025-10-13,2382.14,Active
5834,3537,1,Savings,2024-12-20,2996.64,Active
5835,3537,1,Fixed Deposit,2025-01-11,8109.95,Active
5836,3538,8,Savings,2024-01-17,618.97,Active
5837,3538,8,Fixed Deposit,2024-01-25,4858.54,Active
5838,3538,8,Business,2024-01-27,8606.61,Active
5839,3539,12,Savings,2024-10-11,1633.88,Active
5840,3540,3,Savings,2025-09-25,445.81,Active
5841,3541,18,Savings,2023-07-21,353.06,Active
5842,3542,15,Savings,2024-06-13,4389.92,Active
5843,3542,15,Business,2024-06-15,13399.24,Active
5844,3543,8,Savings,2024-04-13,1164.86,Active
5845,3544,18,Savings,2025-05-04,878.83,Active
5846,3547,6,Savings,2023-08-12,604.11,Active
5847,3547,6,Payroll,2023-08-28,274.65,Dormant
5848,3548,10,Savings,2024-07-29,923.41,Active
5849,3549,10,Savings,2025-12-15,980.46,Active
5850,3550,18,Savings,2024-12-14,931.09,Active
5851,3550,18,Payroll,2025-01-12,878.17,Active
5852,3551,1,Savings,2025-02-28,648.51,Active
5853,3551,1,Payroll,2025-03-08,431.61,Active
5854,3552,10,Savings,2023-12-20,1432.48,Active
5855,3552,10,Payroll,2024-01-01,1413.25,Active
5856,3553,4,Savings,2024-11-23,982.91,Closed
5857,3553,4,Business,2024-10-30,8217.99,Active
5858,3554,1,Savings,2025-03-25,1289.94,Active
5859,3554,1,Fixed Deposit,2025-03-18,8193.83,Active
5860,3555,7,Savings,2025-12-23,1796.82,Active
5861,3555,7,Payroll,2025-12-08,623.53,Active
5862,3556,10,Savings,2025-01-23,1934.6,Active
5863,3556,10,Payroll,2025-02-02,1499.89,Active
5864,3557,4,Savings,2025-11-25,664.03,Dormant
5865,3558,12,Savings,2024-09-11,1163.69,Active
5866,3558,12,Fixed Deposit,2024-09-28,11729.46,Active
5867,3558,12,Business,2024-09-23,15175.93,Active
5868,3559,4,Savings,2025-07-02,766.42,Active
5869,3559,4,Payroll,2025-07-13,458.79,Active
5870,3560,6,Savings,2025-01-29,1257.88,Active
5871,3561,3,Savings,2023-08-12,880.75,Active
5872,3562,6,Savings,2025-04-16,2030.31,Active
5873,3562,6,Business,2025-04-21,5784.84,Active
5874,3563,14,Savings,2024-05-26,2095.67,Active
5875,3564,8,Savings,2025-02-09,939.53,Active
5876,3565,2,Savings,2025-04-08,2522.47,Active
5877,3565,2,Business,2025-03-27,6210.88,Active
5878,3566,4,Savings,2023-01-16,1347.44,Active
5879,3567,9,Savings,2025-10-18,1881.26,Active
5880,3568,16,Savings,2025-04-12,3478.93,Closed
5881,3568,16,Business,2025-04-22,4302.24,Active
5882,3569,4,Savings,2023-11-12,283.94,Active
5883,3569,4,Fixed Deposit,2023-11-10,1193.7,Active
5884,3569,4,Payroll,2023-11-11,378.71,Active
5885,3570,18,Savings,2024-07-06,1415.51,Active
5886,3571,11,Savings,2025-06-11,2443.4,Dormant
5887,3571,11,Business,2025-06-23,4841.97,Dormant
5888,3572,9,Savings,2025-05-04,1369.49,Active
5889,3573,3,Savings,2024-06-29,377.8,Active
5890,3573,3,Fixed Deposit,2024-06-28,6389.41,Active
5891,3574,18,Savings,2024-12-13,716.53,Active
5892,3574,18,Payroll,2024-12-03,201.57,Active
5893,3575,3,Savings,2024-03-29,114.84,Dormant
5894,3576,16,Savings,2023-08-05,4341.86,Active
5895,3576,16,Business,2023-07-20,14721.7,Active
5896,3577,10,Savings,2025-05-01,697.62,Active
5897,3578,18,Savings,2023-11-09,1630.1,Active
5898,3578,18,Fixed Deposit,2023-11-18,7702.49,Active
5899,3578,18,Business,2023-11-19,12913.47,Active
5900,3579,9,Savings,2025-01-15,306.08,Active
5901,3579,9,Payroll,2025-01-06,634.04,Active
5902,3581,3,Savings,2025-03-09,652.16,Active
5903,3581,3,Payroll,2025-03-01,1253.09,Active
5904,3582,4,Savings,2023-10-19,853.14,Active
5905,3583,5,Savings,2025-10-12,1177.8,Active
5906,3583,5,Payroll,2025-11-06,436.24,Active
5907,3584,4,Savings,2024-01-08,54.96,Active
5908,3585,6,Savings,2025-12-24,1324.06,Active
5909,3585,6,Fixed Deposit,2026-01-11,1846.39,Dormant
5910,3586,16,Savings,2025-08-08,225.46,Active
5911,3587,18,Savings,2024-12-27,1164.66,Active
5912,3588,1,Savings,2025-04-23,2140.02,Active
5913,3588,1,Fixed Deposit,2025-05-12,3804.64,Closed
5914,3588,1,Payroll,2025-05-19,670.21,Active
5915,3589,18,Savings,2023-02-26,144.13,Active
5916,3589,18,Fixed Deposit,2023-03-02,2373.32,Active
5917,3589,18,Payroll,2023-02-25,218.29,Closed
5918,3590,12,Savings,2025-01-30,446.26,Active
5919,3591,1,Savings,2023-02-14,1988.34,Dormant
5920,3591,1,Fixed Deposit,2023-02-27,4831.61,Active
5921,3591,1,Business,2023-02-11,7662.65,Active
5922,3592,10,Savings,2025-04-22,1769.37,Active
5923,3592,10,Business,2025-04-10,5800.61,Active
5924,3593,3,Savings,2025-08-30,608.88,Active
5925,3593,3,Business,2025-09-03,5341.91,Active
5926,3594,6,Savings,2024-09-11,403.6,Active
5927,3594,6,Payroll,2024-08-20,646.13,Active
5928,3595,10,Savings,2024-09-16,1593.88,Active
5929,3596,16,Savings,2025-09-08,1863.15,Active
5930,3597,3,Savings,2025-10-17,1018.06,Active
5931,3598,7,Savings,2025-12-23,389.52,Active
5932,3598,7,Payroll,2025-12-21,517.16,Active
5933,3599,12,Savings,2025-04-06,956.87,Dormant
5934,3599,12,Payroll,2025-03-28,340.4,Active
5935,3600,8,Savings,2024-10-12,4556.86,Active
5936,3600,8,Business,2024-09-25,14144.48,Active
5937,3601,4,Savings,2023-09-12,757.41,Active
5938,3601,4,Payroll,2023-09-14,622.98,Active
5939,3602,7,Savings,2025-06-10,690.71,Active
5940,3602,7,Payroll,2025-05-29,657.05,Active
5941,3603,3,Savings,2025-05-29,87.22,Active
5942,3604,12,Savings,2024-06-01,382.18,Dormant
5943,3605,12,Savings,2025-11-25,1980.16,Active
5944,3606,12,Savings,2024-07-02,1957.49,Active
5945,3607,18,Savings,2025-04-04,825.96,Closed
5946,3608,2,Savings,2025-06-11,1515.24,Active
5947,3608,2,Fixed Deposit,2025-06-20,15807.96,Active
5948,3609,13,Fixed Deposit,2023-05-04,4411.61,Active
5949,3610,1,Savings,2024-11-24,3929.13,Active
5950,3610,1,Business,2024-12-15,6548.51,Closed
5951,3611,2,Savings,2024-10-05,875.11,Active
5952,3612,4,Savings,2024-10-03,991.96,Active
5953,3612,4,Payroll,2024-10-26,1013.49,Active
5954,3613,7,Savings,2023-09-09,947.38,Active
5955,3614,3,Savings,2024-11-15,297.26,Active
5956,3614,3,Fixed Deposit,2024-11-07,2713.01,Active
5957,3615,5,Savings,2023-12-29,150.9,Active
5958,3615,5,Fixed Deposit,2023-12-25,581.9,Closed
5959,3616,7,Savings,2025-11-25,1728.71,Active
5960,3616,7,Payroll,2025-12-08,1661.94,Active
5961,3617,17,Savings,2024-04-25,662.13,Active
5962,3617,17,Fixed Deposit,2024-05-04,2929.87,Active
5963,3618,12,Savings,2025-01-18,2965.98,Active
5964,3618,12,Payroll,2025-01-21,1398.93,Active
5965,3619,2,Savings,2024-07-15,922.77,Active
5966,3619,2,Payroll,2024-07-06,500.65,Active
5967,3620,2,Savings,2024-10-16,1327.65,Active
5968,3620,2,Business,2024-10-15,2859.51,Active
5969,3621,6,Savings,2025-08-31,738.15,Active
5970,3621,6,Fixed Deposit,2025-08-20,5193.01,Active
5971,3622,6,Savings,2024-03-16,474.34,Active
5972,3623,2,Savings,2024-08-04,885.91,Active
5973,3623,2,Business,2024-08-03,5567.96,Active
5974,3624,7,Savings,2025-11-25,2145.25,Active
5975,3625,8,Savings,2025-11-10,5561.83,Active
5976,3625,8,Fixed Deposit,2025-11-20,21111.14,Active
5977,3625,8,Business,2025-12-07,15074.78,Active
5978,3626,9,Savings,2024-06-16,3151.65,Active
5979,3626,9,Payroll,2024-06-13,695.72,Active
5980,3627,11,Savings,2025-10-27,848.35,Active
5981,3628,2,Savings,2025-08-24,1204.2,Active
5982,3629,11,Savings,2025-07-17,2701.71,Active
5983,3629,11,Payroll,2025-06-22,778.88,Active
5984,3630,2,Savings,2024-07-27,2838.55,Active
5985,3630,2,Fixed Deposit,2024-08-16,4707.83,Active
5986,3631,18,Payroll,2025-08-01,261.3,Active
5987,3632,17,Savings,2023-11-13,4670.57,Active
5988,3632,17,Fixed Deposit,2023-11-20,28179.36,Closed
5989,3632,17,Business,2023-11-03,12426.6,Active
5990,3633,3,Payroll,2025-05-29,286.77,Active
5991,3634,3,Savings,2023-05-16,982.54,Active
5992,3634,3,Fixed Deposit,2023-05-22,4510.7,Active
5993,3634,3,Payroll,2023-05-03,705.47,Active
5994,3635,7,Savings,2025-05-21,808.0,Active
5995,3636,6,Savings,2024-08-08,2328.78,Active
5996,3636,6,Fixed Deposit,2024-08-29,4394.02,Active
5997,3637,6,Savings,2026-01-15,1338.9,Active
5998,3637,6,Payroll,2026-01-05,424.91,Dormant
5999,3638,11,Savings,2025-06-09,886.43,Active
6000,3639,15,Savings,2024-12-10,2210.17,Active
6001,3639,15,Payroll,2024-12-10,939.43,Active
6002,3640,14,Savings,2023-11-28,1152.39,Active
6003,3641,16,Savings,2024-04-07,809.93,Active
6004,3642,5,Savings,2023-11-18,1165.34,Active
6005,3642,5,Business,2023-12-02,8198.37,Active
6006,3643,7,Savings,2024-08-03,627.01,Active
6007,3643,7,Payroll,2024-08-05,305.73,Dormant
6008,3644,6,Savings,2024-04-11,2050.38,Active
6009,3644,6,Payroll,2024-04-15,1730.02,Active
6010,3645,12,Savings,2024-07-16,457.89,Active
6011,3645,12,Fixed Deposit,2024-07-27,3375.32,Active
6012,3645,12,Payroll,2024-07-10,628.8,Active
6013,3646,10,Savings,2024-10-12,615.95,Active
6014,3647,1,Savings,2025-03-08,896.61,Active
6015,3647,1,Business,2025-03-02,4720.3,Active
6016,3648,13,Fixed Deposit,2023-10-14,16543.6,Active
6017,3648,13,Payroll,2023-11-11,1557.67,Active
6018,3649,1,Savings,2025-04-11,2976.22,Active
6019,3649,1,Business,2025-04-02,4662.79,Active
6020,3650,8,Savings,2024-05-22,2367.1,Active
6021,3651,13,Savings,2023-10-04,1624.03,Active
6022,3651,13,Fixed Deposit,2023-10-01,3635.15,Active
6023,3651,13,Payroll,2023-10-13,1029.72,Active
6024,3652,5,Savings,2025-01-23,364.99,Closed
6025,3653,9,Savings,2025-07-01,1604.38,Closed
6026,3653,9,Fixed Deposit,2025-07-07,3232.16,Active
6027,3653,9,Payroll,2025-07-03,449.39,Active
6028,3654,14,Savings,2025-06-12,5103.25,Active
6029,3654,14,Fixed Deposit,2025-06-12,25649.22,Active
6030,3654,14,Business,2025-06-04,16761.73,Active
6031,3655,8,Savings,2025-08-29,478.17,Active
6032,3656,11,Fixed Deposit,2025-01-28,4084.78,Active
6033,3657,2,Savings,2025-08-06,48.63,Active
6034,3658,16,Savings,2025-06-22,3588.77,Active
6035,3658,16,Business,2025-06-26,4572.53,Dormant
6036,3659,1,Savings,2024-11-30,2584.58,Active
6037,3659,1,Payroll,2024-11-22,1150.72,Active
6038,3660,1,Savings,2025-08-21,2314.08,Active
6039,3660,1,Business,2025-08-17,2495.59,Active
6040,3661,3,Savings,2025-12-07,2421.85,Dormant
6041,3661,3,Fixed Deposit,2025-12-02,7486.27,Active
6042,3661,3,Business,2025-12-07,5769.21,Active
6043,3662,11,Savings,2025-03-02,1516.54,Active
6044,3662,11,Payroll,2025-02-24,924.12,Active
6045,3663,1,Fixed Deposit,2025-10-06,9603.42,Active
6046,3664,16,Savings,2025-01-12,633.85,Active
6047,3665,9,Savings,2023-07-25,2378.59,Active
6048,3665,9,Business,2023-07-16,7147.94,Active
6049,3666,5,Savings,2024-03-20,1310.64,Closed
6050,3666,5,Payroll,2024-03-26,404.22,Active
6051,3667,10,Savings,2024-04-12,1335.11,Active
6052,3668,4,Savings,2023-10-25,549.63,Active
6053,3669,12,Savings,2024-10-03,197.45,Closed
6054,3670,3,Savings,2025-11-21,576.54,Active
6055,3670,3,Fixed Deposit,2025-11-22,2333.32,Dormant
6056,3671,3,Savings,2025-07-26,245.11,Active
6057,3672,17,Savings,2025-09-12,1963.18,Closed
6058,3673,8,Savings,2023-11-19,469.26,Closed
6059,3674,9,Savings,2025-09-01,665.09,Active
6060,3675,1,Savings,2023-06-10,2324.77,Active
6061,3675,1,Payroll,2023-06-03,1179.49,Dormant
6062,3676,3,Savings,2025-12-01,1873.92,Active
6063,3676,3,Payroll,2025-12-13,1044.71,Active
6064,3677,5,Savings,2025-08-29,769.35,Active
6065,3677,5,Payroll,2025-09-02,316.99,Active
6066,3678,18,Savings,2024-05-13,686.8,Active
6067,3678,18,Business,2024-04-23,2040.2,Active
6068,3679,16,Savings,2024-07-08,3784.22,Active
6069,3679,16,Business,2024-07-01,9038.87,Active
6070,3680,5,Savings,2025-08-28,669.11,Active
6071,3681,4,Savings,2025-11-28,894.04,Active
6072,3681,4,Payroll,2025-11-29,295.06,Dormant
6073,3682,10,Savings,2025-03-30,3722.85,Active
6074,3682,10,Fixed Deposit,2025-04-04,21444.3,Active
6075,3682,10,Business,2025-03-28,7938.94,Active
6076,3683,4,Savings,2023-03-27,1920.94,Active
6077,3684,7,Savings,2025-10-11,880.71,Active
6078,3684,7,Business,2025-10-12,6001.29,Active
6079,3685,2,Savings,2025-07-03,431.54,Active
6080,3686,16,Savings,2024-11-10,1184.06,Active
6081,3686,16,Payroll,2024-11-10,629.1,Active
6082,3687,10,Savings,2023-09-26,31.5,Active
6083,3687,10,Fixed Deposit,2023-10-21,440.22,Active
6084,3688,4,Fixed Deposit,2023-05-21,4050.04,Closed
6085,3689,8,Savings,2025-08-22,396.61,Active
6086,3690,13,Savings,2023-09-15,895.98,Active
6087,3691,2,Savings,2025-04-24,580.25,Active
6088,3691,2,Payroll,2025-05-04,248.42,Active
6089,3692,9,Savings,2025-07-04,472.77,Active
6090,3693,18,Savings,2024-03-15,1187.46,Active
6091,3694,18,Savings,2023-06-02,1768.07,Active
6092,3694,18,Payroll,2023-05-26,490.51,Active
6093,3695,11,Savings,2023-05-06,483.49,Active
6094,3696,5,Savings,2024-04-17,383.47,Active
6095,3697,10,Savings,2025-04-01,1931.03,Active
6096,3697,10,Fixed Deposit,2025-03-23,7792.86,Active
6097,3697,10,Payroll,2025-04-15,422.71,Active
6098,3698,8,Savings,2023-06-06,3680.59,Active
6099,3698,8,Business,2023-06-13,17753.45,Active
6100,3699,3,Savings,2023-08-11,2595.33,Active
6101,3699,3,Payroll,2023-07-24,1217.98,Active
6102,3700,2,Savings,2025-12-05,360.1,Active
6103,3700,2,Fixed Deposit,2025-12-27,1619.76,Active
6104,3701,11,Savings,2023-03-23,1424.82,Dormant
6105,3701,11,Business,2023-04-07,10603.23,Active
6106,3702,13,Savings,2024-05-01,191.19,Active
6107,3703,9,Savings,2025-12-07,359.65,Active
6108,3704,12,Savings,2023-12-18,1811.52,Active
6109,3705,4,Savings,2023-08-24,2009.81,Active
6110,3705,4,Payroll,2023-08-22,1076.99,Active
6111,3706,13,Savings,2025-06-03,1339.32,Active
6112,3707,1,Savings,2025-11-18,419.31,Active
6113,3707,1,Fixed Deposit,2025-11-18,4540.39,Active
6114,3708,1,Savings,2024-08-25,272.01,Active
6115,3708,1,Payroll,2024-08-23,585.42,Active
6116,3709,18,Savings,2024-04-23,897.48,Closed
6117,3710,7,Savings,2024-10-15,876.01,Active
6118,3711,10,Savings,2024-07-17,439.5,Active
6119,3712,18,Savings,2023-09-21,2944.13,Active
6120,3712,18,Payroll,2023-09-19,1245.68,Active
6121,3713,5,Savings,2024-06-30,1019.7,Active
6122,3713,5,Fixed Deposit,2024-07-17,5075.49,Active
6123,3713,5,Payroll,2024-07-20,1055.41,Active
6124,3714,13,Savings,2025-12-09,880.49,Active
6125,3714,13,Payroll,2025-11-22,425.96,Active
6126,3715,5,Savings,2024-01-18,2323.69,Closed
6127,3716,7,Savings,2025-03-23,4428.46,Active
6128,3716,7,Fixed Deposit,2025-03-06,19044.59,Active
6129,3717,15,Savings,2024-06-24,393.87,Active
6130,3718,3,Savings,2025-05-04,1019.29,Dormant
6131,3719,4,Savings,2025-05-14,1232.58,Active
6132,3720,2,Savings,2024-08-03,316.7,Active
6133,3721,7,Savings,2023-08-03,783.06,Active
6134,3721,7,Payroll,2023-08-24,1026.2,Active
6135,3722,8,Savings,2025-04-21,1028.92,Active
6136,3722,8,Business,2025-04-24,12182.2,Active
6137,3723,4,Savings,2024-04-13,5626.71,Active
6138,3723,4,Business,2024-04-20,11693.11,Active
6139,3724,6,Savings,2025-07-16,1994.33,Active
6140,3724,6,Payroll,2025-07-03,1226.03,Active
6141,3725,3,Savings,2024-02-12,614.45,Active
6142,3725,3,Payroll,2024-02-26,417.7,Active
6143,3726,16,Savings,2025-05-27,914.97,Active
6144,3727,10,Savings,2024-02-08,320.98,Active
6145,3728,14,Savings,2025-12-15,1085.91,Active
6146,3728,14,Payroll,2025-12-02,548.43,Active
6147,3729,15,Savings,2025-06-01,280.89,Active
6148,3730,17,Savings,2023-08-11,4453.12,Active
6149,3730,17,Business,2023-08-26,9764.66,Closed
6150,3731,4,Savings,2025-08-13,693.07,Active
6151,3731,4,Payroll,2025-08-15,1157.36,Active
6152,3732,3,Fixed Deposit,2025-10-21,11885.8,Active
6153,3732,3,Business,2025-10-08,8693.96,Active
6154,3733,3,Savings,2025-12-02,1355.85,Dormant
6155,3734,4,Savings,2024-04-19,304.77,Active
6156,3735,4,Savings,2025-01-27,802.85,Active
6157,3736,13,Savings,2025-05-25,154.79,Active
6158,3736,13,Fixed Deposit,2025-05-18,400.49,Active
6159,3737,7,Savings,2025-03-18,332.34,Dormant
6160,3738,4,Savings,2024-04-15,1979.17,Closed
6161,3738,4,Payroll,2024-05-07,1202.74,Active
6162,3739,7,Savings,2025-09-29,2169.97,Active
6163,3739,7,Fixed Deposit,2025-09-28,8810.32,Active
6164,3739,7,Payroll,2025-09-25,1156.23,Active
6165,3740,15,Savings,2025-01-23,1878.3,Active
6166,3741,18,Savings,2023-08-30,1404.7,Active
6167,3741,18,Fixed Deposit,2023-09-04,6935.81,Active
6168,3742,16,Savings,2024-10-16,785.55,Closed
6169,3743,7,Savings,2025-05-12,887.39,Dormant
6170,3743,7,Fixed Deposit,2025-05-06,2597.52,Active
6171,3744,13,Savings,2024-04-24,1958.74,Closed
6172,3744,13,Fixed Deposit,2024-05-10,11892.54,Active
6173,3745,4,Savings,2025-12-08,3974.52,Active
6174,3745,4,Fixed Deposit,2025-11-30,10806.26,Active
6175,3745,4,Business,2025-12-09,14754.05,Active
6176,3746,2,Savings,2025-04-02,402.37,Active
6177,3746,2,Payroll,2025-04-04,251.76,Active
6178,3747,7,Savings,2025-04-10,342.95,Active
6179,3748,1,Savings,2025-10-12,594.79,Active
6180,3748,1,Fixed Deposit,2025-09-29,2172.08,Active
6181,3749,9,Savings,2024-07-28,1813.32,Active
6182,3749,9,Fixed Deposit,2024-07-21,17829.66,Active
6183,3749,9,Payroll,2024-08-04,761.53,Active
6184,3750,1,Savings,2024-06-24,3570.24,Active
6185,3750,1,Fixed Deposit,2024-07-05,7271.97,Active
6186,3750,1,Payroll,2024-07-09,715.81,Active
6187,3751,13,Savings,2025-09-18,588.74,Active
6188,3752,4,Savings,2025-02-02,1296.39,Active
6189,3753,7,Savings,2026-01-10,1090.77,Active
6190,3754,5,Savings,2026-01-22,3185.17,Active
6191,3755,2,Savings,2024-01-02,335.49,Active
6192,3755,2,Fixed Deposit,2023-12-29,1399.32,Dormant
6193,3756,10,Savings,2025-07-31,2560.42,Active
6194,3756,10,Business,2025-07-23,3706.03,Active
6195,3757,9,Savings,2025-02-27,3261.08,Dormant
6196,3758,7,Savings,2025-04-19,1299.76,Active
6197,3758,7,Payroll,2025-05-04,677.51,Active
6198,3759,4,Savings,2023-05-11,776.44,Active
6199,3760,14,Savings,2024-08-28,221.67,Active
6200,3761,7,Savings,2023-06-06,994.26,Dormant
6201,3761,7,Business,2023-05-28,14110.86,Active
6202,3762,2,Savings,2025-08-31,179.14,Active
6203,3763,16,Savings,2025-04-02,4214.83,Active
6204,3763,16,Business,2025-03-26,6999.54,Active
6205,3764,17,Savings,2023-10-26,906.11,Active
6206,3765,1,Savings,2025-11-08,830.18,Active
6207,3766,6,Savings,2023-07-07,1834.26,Active
6208,3766,6,Payroll,2023-07-18,713.58,Active
6209,3767,5,Savings,2026-01-10,1228.29,Closed
6210,3767,5,Payroll,2025-12-28,675.51,Active
6211,3768,12,Savings,2024-11-15,1061.24,Active
6212,3769,14,Savings,2024-10-10,261.87,Active
6213,3770,3,Savings,2023-04-04,3295.74,Active
6214,3771,10,Savings,2023-05-23,1152.69,Active
6215,3771,10,Payroll,2023-05-22,432.72,Dormant
6216,3772,15,Savings,2025-02-14,2433.26,Active
6217,3772,15,Business,2025-02-27,9864.48,Active
6218,3773,1,Savings,2025-05-30,1844.14,Active
6219,3773,1,Payroll,2025-06-08,840.45,Active
6220,3774,4,Savings,2025-01-17,961.59,Active
6221,3775,4,Savings,2024-03-17,4387.35,Active
6222,3776,3,Savings,2023-04-14,1256.86,Closed
6223,3776,3,Fixed Deposit,2023-04-28,8518.74,Active
6224,3777,15,Savings,2025-07-09,471.31,Active
6225,3778,4,Savings,2025-06-14,1876.49,Active
6226,3778,4,Payroll,2025-06-26,664.8,Active
6227,3779,18,Savings,2026-01-09,1514.84,Active
6228,3779,18,Business,2025-12-28,9326.66,Active
6229,3780,13,Savings,2024-09-14,402.88,Active
6230,3781,3,Savings,2025-07-26,1161.47,Active
6231,3781,3,Fixed Deposit,2025-07-12,9913.74,Active
6232,3781,3,Payroll,2025-07-13,1036.85,Active
6233,3782,17,Savings,2025-06-14,528.45,Active
6234,3783,18,Savings,2024-11-15,940.13,Active
6235,3783,18,Business,2024-11-23,3880.14,Active
6236,3784,11,Savings,2025-01-28,300.09,Active
6237,3784,11,Payroll,2025-01-28,513.49,Active
6238,3785,18,Savings,2024-11-01,397.35,Active
6239,3785,18,Fixed Deposit,2024-11-03,1052.08,Active
6240,3786,11,Savings,2024-05-05,176.62,Active
6241,3787,13,Savings,2023-06-20,954.3,Active
6242,3788,13,Savings,2023-11-01,983.28,Active
6243,3789,8,Savings,2025-11-08,909.56,Active
6244,3790,11,Savings,2025-03-20,684.04,Dormant
6245,3790,11,Fixed Deposit,2025-03-28,4130.8,Closed
6246,3792,17,Savings,2025-04-06,2007.02,Active
6247,3793,18,Savings,2025-12-14,452.96,Active
6248,3794,9,Savings,2024-04-18,680.96,Active
6249,3794,9,Fixed Deposit,2024-05-06,7998.56,Active
6250,3794,9,Payroll,2024-04-21,1393.82,Active
6251,3795,18,Savings,2024-12-04,1313.9,Active
6252,3795,18,Fixed Deposit,2024-12-11,10905.96,Active
6253,3796,6,Savings,2023-04-12,668.89,Active
6254,3796,6,Payroll,2023-04-27,536.88,Active
6255,3797,1,Savings,2024-02-10,1879.78,Active
6256,3798,2,Savings,2025-10-14,187.3,Active
6257,3798,2,Payroll,2025-10-19,401.16,Active
6258,3799,7,Savings,2025-06-12,921.54,Active
6259,3799,7,Fixed Deposit,2025-05-15,8835.02,Active
6260,3800,2,Savings,2025-04-26,2012.42,Active
6261,3800,2,Fixed Deposit,2025-04-19,14153.48,Active
6262,3801,7,Savings,2023-11-30,2161.48,Active
6263,3801,7,Payroll,2023-11-15,1323.72,Active
6264,3802,18,Savings,2024-01-01,1195.45,Active
6265,3802,18,Fixed Deposit,2024-01-18,7559.01,Active
6266,3803,12,Savings,2023-01-16,1437.43,Active
6267,3803,12,Payroll,2023-02-09,442.93,Active
6268,3804,16,Savings,2024-10-09,267.42,Active
6269,3804,16,Fixed Deposit,2024-10-19,2046.22,Active
6270,3804,16,Payroll,2024-10-08,364.79,Active
6271,3805,18,Savings,2024-08-13,656.06,Active
6272,3806,10,Savings,2024-10-01,86.38,Active
6273,3807,5,Savings,2025-09-24,95.75,Dormant
6274,3807,5,Fixed Deposit,2025-09-15,710.14,Active
6275,3808,18,Savings,2025-11-15,273.54,Active
6276,3808,18,Payroll,2025-11-18,430.53,Closed
6277,3809,3,Savings,2023-06-21,978.42,Active
6278,3809,3,Fixed Deposit,2023-06-05,1168.68,Active
6279,3809,3,Payroll,2023-06-15,495.1,Active
6280,3810,13,Savings,2025-01-20,1143.21,Active
6281,3811,2,Savings,2024-11-22,3370.33,Active
6282,3811,2,Fixed Deposit,2024-11-28,8719.85,Active
6283,3812,4,Savings,2025-05-19,4133.38,Active
6284,3812,4,Business,2025-05-16,5397.92,Active
6285,3813,15,Savings,2023-12-11,1432.9,Active
6286,3813,15,Business,2023-11-15,2315.38,Dormant
6287,3814,14,Savings,2025-10-20,561.04,Active
6288,3815,4,Savings,2025-02-17,774.9,Active
6289,3816,7,Savings,2024-11-11,483.65,Active
6290,3817,11,Savings,2024-08-24,159.82,Active
6291,3817,11,Fixed Deposit,2024-09-09,959.02,Active
6292,3818,1,Savings,2025-09-06,460.69,Dormant
6293,3818,1,Payroll,2025-08-28,681.22,Active
6294,3819,13,Savings,2024-01-30,1817.29,Active
6295,3819,13,Payroll,2024-02-17,814.98,Active
6296,3820,12,Savings,2025-02-10,818.0,Active
6297,3821,6,Savings,2024-11-14,2524.45,Active
6298,3821,6,Payroll,2024-11-12,544.55,Active
6299,3822,7,Savings,2025-03-31,1752.12,Active
6300,3822,7,Payroll,2025-03-27,556.32,Active
6301,3823,11,Savings,2024-05-29,4836.17,Active
6302,3823,11,Business,2024-06-23,6940.62,Active
6303,3824,14,Savings,2024-05-05,2899.39,Active
6304,3825,14,Savings,2025-03-21,672.47,Active
6305,3825,14,Payroll,2025-04-01,1355.89,Active
6306,3826,13,Savings,2025-07-02,2971.23,Active
6307,3827,9,Savings,2025-09-18,2068.82,Active
6308,3828,4,Savings,2025-03-04,2008.88,Active
6309,3828,4,Payroll,2025-03-08,766.46,Active
6310,3829,8,Savings,2025-02-09,3539.31,Active
6311,3829,8,Business,2025-02-04,5714.09,Active
6312,3830,6,Savings,2025-01-01,568.58,Active
6313,3830,6,Payroll,2025-01-11,464.3,Active
6314,3831,9,Savings,2023-12-04,579.89,Active
6315,3831,9,Fixed Deposit,2023-12-12,3007.0,Active
6316,3832,16,Savings,2024-08-18,776.9,Active
6317,3832,16,Fixed Deposit,2024-08-06,17700.78,Active
6318,3832,16,Payroll,2024-08-03,2009.51,Dormant
6319,3833,13,Savings,2023-06-06,1008.42,Active
6320,3834,1,Savings,2025-01-04,2012.44,Active
6321,3834,1,Payroll,2024-12-22,669.27,Active
6322,3835,8,Savings,2025-10-04,701.97,Dormant
6323,3835,8,Payroll,2025-10-12,558.06,Active
6324,3836,7,Savings,2024-11-30,678.94,Active
6325,3836,7,Fixed Deposit,2024-12-01,3144.69,Active
6326,3837,7,Savings,2023-10-30,687.96,Active
6327,3838,4,Savings,2024-06-28,327.38,Dormant
6328,3839,9,Savings,2024-09-06,673.08,Active
6329,3840,13,Savings,2024-02-12,2319.64,Active
6330,3840,13,Fixed Deposit,2024-01-31,7204.94,Active
6331,3840,13,Payroll,2024-02-13,940.32,Active
6332,3842,1,Savings,2024-09-16,2485.02,Active
6333,3842,1,Fixed Deposit,2024-09-08,13856.81,Active
6334,3842,1,Payroll,2024-09-01,610.13,Active
6335,3843,11,Savings,2023-12-14,1107.73,Active
6336,3844,7,Business,2025-01-30,5318.98,Active
6337,3845,2,Savings,2025-12-29,1502.79,Active
6338,3845,2,Fixed Deposit,2025-12-31,3005.23,Active
6339,3846,5,Savings,2024-04-20,1651.21,Active
6340,3846,5,Fixed Deposit,2024-04-05,3889.39,Active
6341,3847,1,Savings,2024-12-25,2912.63,Active
6342,3848,3,Savings,2024-10-02,1281.92,Active
6343,3848,3,Fixed Deposit,2024-09-23,5047.48,Active
6344,3848,3,Payroll,2024-09-22,479.69,Active
6345,3849,7,Savings,2025-03-02,2617.66,Active
6346,3849,7,Fixed Deposit,2025-02-17,4123.04,Active
6347,3849,7,Payroll,2025-02-12,610.64,Closed
6348,3850,10,Savings,2023-02-10,1067.79,Dormant
6349,3850,10,Payroll,2023-02-09,770.26,Active
6350,3851,2,Savings,2025-04-27,2370.1,Active
6351,3852,5,Savings,2025-07-11,587.44,Closed
6352,3852,5,Payroll,2025-06-27,148.45,Active
6353,3853,14,Savings,2023-06-28,461.97,Dormant
6354,3854,18,Savings,2024-10-13,719.45,Active
6355,3854,18,Fixed Deposit,2024-10-18,3755.79,Active
6356,3855,11,Savings,2025-05-11,400.61,Active
6357,3856,13,Savings,2023-10-14,186.45,Active
6358,3856,13,Payroll,2023-10-02,443.86,Active
6359,3857,16,Fixed Deposit,2024-02-02,9601.08,Active
6360,3857,16,Business,2024-01-29,4498.19,Active
6361,3858,5,Savings,2023-08-11,949.27,Active
6362,3859,17,Savings,2024-12-25,841.9,Active
6363,3859,17,Fixed Deposit,2024-12-22,2973.96,Active
6364,3860,12,Payroll,2025-01-01,1823.85,Active
6365,3861,18,Savings,2026-01-15,1053.51,Active
6366,3861,18,Payroll,2026-01-14,744.2,Active
6367,3862,6,Savings,2024-02-13,2672.44,Dormant
6368,3862,6,Payroll,2024-02-20,588.4,Active
6369,3863,7,Savings,2023-09-24,1542.43,Dormant
6370,3863,7,Business,2023-10-05,13004.83,Active
6371,3864,3,Savings,2025-01-24,974.55,Active
6372,3865,8,Savings,2024-11-01,326.29,Active
6373,3866,7,Savings,2024-07-29,740.5,Active
6374,3867,15,Savings,2024-08-20,693.03,Active
6375,3867,15,Payroll,2024-09-05,373.01,Active
6376,3868,1,Savings,2023-08-03,391.09,Active
6377,3869,1,Savings,2024-10-11,1650.44,Active
6378,3870,5,Savings,2025-10-11,1135.67,Active
6379,3870,5,Fixed Deposit,2025-10-25,6152.2,Closed
6380,3870,5,Payroll,2025-10-21,900.62,Active
6381,3871,14,Savings,2024-03-30,682.0,Active
6382,3871,14,Fixed Deposit,2024-03-17,1448.19,Active
6383,3872,4,Savings,2025-10-19,382.42,Active
6384,3873,14,Savings,2025-10-14,88.85,Active
6385,3873,14,Fixed Deposit,2025-09-26,1116.54,Active
6386,3874,2,Savings,2023-09-25,1043.98,Active
6387,3875,3,Savings,2025-02-04,3009.18,Active
6388,3876,1,Savings,2025-04-16,662.81,Active
6389,3877,12,Savings,2024-11-17,2470.56,Active
6390,3877,12,Payroll,2024-11-20,429.86,Active
6391,3878,5,Savings,2024-07-07,998.17,Active
6392,3878,5,Payroll,2024-06-26,792.2,Active
6393,3879,9,Payroll,2024-08-21,553.79,Dormant
6394,3880,12,Savings,2024-12-22,938.56,Active
6395,3880,12,Fixed Deposit,2024-12-15,4758.12,Active
6396,3881,7,Savings,2024-12-17,794.12,Active
6397,3882,12,Savings,2024-07-18,224.84,Active
6398,3883,12,Savings,2025-03-03,575.62,Closed
6399,3884,5,Savings,2024-07-26,793.59,Active
6400,3885,6,Savings,2023-03-23,347.37,Active
6401,3885,6,Payroll,2023-03-01,367.32,Active
6402,3886,1,Savings,2025-09-28,207.94,Active
6403,3887,2,Savings,2024-11-28,1923.61,Closed
6404,3887,2,Fixed Deposit,2024-11-20,9474.83,Active
6405,3887,2,Payroll,2024-10-30,1253.71,Active
6406,3888,17,Savings,2024-01-27,841.96,Active
6407,3889,1,Savings,2025-06-21,1291.37,Active
6408,3890,6,Savings,2025-11-09,4495.93,Active
6409,3890,6,Business,2025-11-30,14595.2,Active
6410,3891,17,Savings,2024-07-29,1118.44,Active
6411,3891,17,Business,2024-07-21,13796.2,Active
6412,3892,3,Savings,2025-12-04,3608.29,Active
6413,3892,3,Business,2025-11-22,14346.58,Active
6414,3893,6,Savings,2025-02-07,695.27,Active
6415,3893,6,Business,2025-02-05,12329.56,Active
6416,3894,2,Savings,2024-06-20,3614.86,Active
6417,3894,2,Fixed Deposit,2024-07-06,11650.48,Active
6418,3894,2,Payroll,2024-07-10,835.18,Active
6419,3895,18,Savings,2024-01-28,3487.97,Active
6420,3896,13,Savings,2025-01-15,5895.81,Dormant
6421,3896,13,Business,2025-01-19,4754.46,Active
6422,3897,1,Savings,2025-05-06,758.51,Active
6423,3897,1,Payroll,2025-05-22,831.72,Active
6424,3898,8,Savings,2025-01-05,1525.73,Active
6425,3898,8,Business,2024-12-14,7871.14,Active
6426,3899,6,Savings,2024-05-10,2303.77,Active
6427,3899,6,Payroll,2024-05-13,2032.02,Active
6428,3900,11,Savings,2024-04-07,1925.27,Active
6429,3900,11,Fixed Deposit,2024-04-17,3267.1,Active
6430,3900,11,Payroll,2024-03-22,553.54,Closed
6431,3901,18,Savings,2024-12-17,2818.01,Active
6432,3901,18,Fixed Deposit,2024-12-19,3589.27,Active
6433,3901,18,Payroll,2024-12-19,1299.48,Active
6434,3902,6,Savings,2024-10-31,1141.48,Active
6435,3902,6,Fixed Deposit,2024-11-09,3340.97,Active
6436,3902,6,Payroll,2024-10-26,542.68,Active
6437,3903,2,Savings,2024-11-07,2661.79,Active
6438,3903,2,Payroll,2024-10-21,855.74,Active
6439,3904,11,Savings,2025-11-18,3822.13,Active
6440,3905,2,Savings,2025-06-27,4184.93,Active
6441,3906,6,Savings,2024-03-08,1622.95,Active
6442,3907,9,Savings,2025-07-04,739.1,Active
6443,3907,9,Payroll,2025-07-13,464.87,Active
6444,3908,3,Savings,2025-06-21,108.4,Active
6445,3909,7,Savings,2025-08-06,1043.59,Dormant
6446,3909,7,Fixed Deposit,2025-08-18,2561.05,Active
6447,3910,5,Savings,2024-01-03,683.51,Active
6448,3910,5,Payroll,2023-12-10,704.41,Active
6449,3911,1,Savings,2024-12-11,556.21,Active
6450,3911,1,Fixed Deposit,2024-11-24,1568.99,Active
6451,3912,5,Savings,2025-11-16,1764.06,Active
6452,3912,5,Fixed Deposit,2025-10-31,6479.64,Closed
6453,3912,5,Payroll,2025-11-27,531.28,Dormant
6454,3913,9,Savings,2026-01-07,700.74,Closed
6455,3914,4,Savings,2025-07-24,2507.01,Dormant
6456,3914,4,Payroll,2025-07-24,767.35,Dormant
6457,3915,2,Savings,2025-07-10,443.32,Active
6458,3916,13,Savings,2025-12-12,223.85,Active
6459,3916,13,Fixed Deposit,2025-12-18,1675.42,Active
6460,3916,13,Payroll,2025-12-03,292.61,Active
6461,3917,1,Savings,2025-12-06,2097.21,Active
6462,3917,1,Fixed Deposit,2025-12-20,2360.44,Active
6463,3918,1,Savings,2024-06-26,8809.34,Active
6464,3919,3,Savings,2025-03-11,2587.51,Active
6465,3919,3,Business,2025-02-28,29137.8,Active
6466,3920,12,Savings,2025-09-10,564.22,Active
6467,3921,3,Savings,2023-04-03,436.81,Active
6468,3921,3,Fixed Deposit,2023-04-28,3685.09,Active
6469,3922,4,Savings,2025-09-22,47.03,Dormant
6470,3923,1,Savings,2023-07-24,1492.97,Active
6471,3923,1,Fixed Deposit,2023-07-31,13893.98,Active
6472,3923,1,Business,2023-07-24,9231.86,Active
6473,3924,5,Savings,2024-03-12,398.2,Active
6474,3924,5,Fixed Deposit,2024-03-24,1679.44,Active
6475,3925,7,Savings,2024-04-27,856.62,Active
6476,3926,8,Savings,2025-10-15,443.34,Active
6477,3927,8,Savings,2023-07-02,813.47,Active
6478,3928,1,Savings,2024-05-17,697.32,Active
6479,3928,1,Fixed Deposit,2024-05-18,6165.39,Active
6480,3928,1,Payroll,2024-05-15,516.26,Active
6481,3929,3,Savings,2025-09-14,757.26,Active
6482,3930,2,Savings,2024-10-23,2492.7,Active
6483,3930,2,Fixed Deposit,2024-11-02,8450.57,Dormant
6484,3931,6,Savings,2023-10-22,1553.15,Active
6485,3931,6,Fixed Deposit,2023-10-22,19362.84,Active
6486,3932,18,Savings,2025-06-04,809.39,Active
6487,3932,18,Payroll,2025-06-14,596.7,Active
6488,3933,11,Savings,2024-10-04,3901.85,Active
6489,3934,9,Savings,2024-08-27,1417.94,Active
6490,3935,8,Business,2025-10-17,11534.11,Active
6491,3936,13,Savings,2025-05-08,4935.01,Closed
6492,3937,18,Savings,2025-07-10,1413.06,Active
6493,3937,18,Business,2025-07-02,8279.72,Active
6494,3938,10,Savings,2024-05-19,1772.54,Active
6495,3938,10,Payroll,2024-06-02,631.91,Active
6496,3939,2,Savings,2025-05-03,267.73,Active
6497,3940,6,Savings,2024-02-26,964.91,Active
6498,3940,6,Payroll,2024-02-16,331.9,Active
6499,3941,2,Savings,2025-11-01,877.18,Active
6500,3942,11,Savings,2024-03-30,1057.72,Active
6501,3942,11,Fixed Deposit,2024-03-29,3989.86,Active
6502,3943,6,Savings,2025-10-02,629.02,Active
6503,3944,5,Savings,2025-01-18,3875.08,Active
6504,3945,2,Savings,2025-07-21,810.39,Active
6505,3946,5,Savings,2024-12-02,1370.74,Closed
6506,3946,5,Fixed Deposit,2024-12-08,20783.13,Active
6507,3946,5,Business,2024-11-26,13212.1,Active
6508,3947,2,Savings,2025-01-28,74.46,Active
6509,3948,18,Savings,2024-05-31,465.31,Dormant
6510,3949,7,Savings,2025-05-21,8026.13,Active
6511,3949,7,Business,2025-05-18,11269.78,Active
6512,3951,1,Savings,2025-10-28,2820.87,Active
6513,3951,1,Fixed Deposit,2025-10-16,6288.36,Active
6514,3952,2,Savings,2025-10-05,297.7,Active
6515,3953,1,Savings,2023-06-23,2229.36,Active
6516,3953,1,Fixed Deposit,2023-06-07,5691.25,Active
6517,3953,1,Payroll,2023-06-14,740.09,Active
6518,3954,4,Savings,2025-12-13,1300.61,Active
6519,3954,4,Fixed Deposit,2025-11-30,4735.66,Active
6520,3955,8,Savings,2023-11-17,1982.03,Active
6521,3955,8,Fixed Deposit,2023-11-21,8879.07,Active
6522,3955,8,Payroll,2023-11-16,992.03,Active
6523,3956,8,Savings,2023-11-26,428.93,Active
6524,3956,8,Fixed Deposit,2023-11-07,5371.95,Active
6525,3957,11,Savings,2026-01-11,737.77,Active
6526,3957,11,Fixed Deposit,2026-01-01,3583.88,Active
6527,3958,12,Savings,2025-08-18,359.16,Dormant
6528,3958,12,Fixed Deposit,2025-09-01,6551.16,Active
6529,3959,3,Savings,2025-01-06,535.62,Active
6530,3960,15,Savings,2023-03-18,909.58,Active
6531,3961,1,Savings,2024-05-20,827.81,Active
6532,3962,4,Savings,2023-06-28,717.65,Active
6533,3963,12,Savings,2023-09-02,2357.39,Active
6534,3963,12,Fixed Deposit,2023-09-16,3198.73,Closed
6535,3964,4,Savings,2025-04-29,860.24,Active
6536,3965,12,Savings,2023-11-13,3110.39,Active
6537,3965,12,Business,2023-11-01,17931.15,Active
6538,3966,16,Savings,2024-02-20,3670.92,Active
6539,3967,14,Savings,2024-03-31,3123.93,Active
6540,3967,14,Payroll,2024-04-02,607.92,Active
6541,3968,8,Savings,2023-11-04,1704.7,Active
6542,3968,8,Business,2023-11-19,2977.45,Active
6543,3969,4,Savings,2023-05-20,4167.54,Dormant
6544,3969,4,Fixed Deposit,2023-05-23,8770.82,Active
6545,3969,4,Business,2023-05-22,15651.84,Closed
6546,3970,18,Savings,2025-10-17,1455.64,Active
6547,3970,18,Business,2025-10-07,7408.04,Active
6548,3971,1,Savings,2024-10-07,176.94,Active
6549,3972,6,Savings,2023-12-30,1462.54,Active
6550,3973,1,Savings,2025-12-17,260.63,Active
6551,3974,16,Savings,2025-10-21,157.23,Active
6552,3974,16,Fixed Deposit,2025-10-14,1610.09,Active
6553,3975,5,Savings,2025-08-20,3853.29,Active
6554,3976,7,Savings,2025-06-18,2177.8,Active
6555,3977,9,Fixed Deposit,2023-05-04,4343.94,Active
6556,3977,9,Payroll,2023-05-04,578.15,Active
6557,3978,9,Savings,2025-07-19,538.66,Active
6558,3978,9,Fixed Deposit,2025-08-01,2307.9,Active
6559,3978,9,Payroll,2025-07-12,221.11,Active
6560,3979,18,Savings,2025-01-22,1813.4,Active
6561,3980,9,Savings,2023-11-26,1753.73,Active
6562,3980,9,Payroll,2023-12-13,586.81,Active
6563,3981,6,Savings,2025-05-15,501.96,Active
6564,3982,3,Savings,2023-08-14,605.13,Active
6565,3983,1,Savings,2025-06-25,851.54,Active
6566,3983,1,Payroll,2025-07-22,402.49,Active
6567,3984,14,Savings,2023-05-20,1144.81,Dormant
6568,3984,14,Fixed Deposit,2023-05-28,8065.63,Active
6569,3986,12,Savings,2024-10-15,1213.99,Active
6570,3986,12,Business,2024-10-21,4470.02,Active
6571,3987,12,Savings,2024-09-06,925.66,Active
6572,3988,1,Savings,2024-01-11,188.24,Active
6573,3989,8,Savings,2024-04-08,1060.42,Active
6574,3990,1,Savings,2024-02-06,2603.17,Active
6575,3990,1,Business,2024-02-05,10416.39,Closed
6576,3991,16,Savings,2025-04-06,1066.43,Active
6577,3991,16,Fixed Deposit,2025-04-13,5095.58,Dormant
6578,3992,4,Savings,2025-03-21,2109.53,Active
6579,3992,4,Payroll,2025-03-12,1344.16,Active
6580,3993,4,Savings,2024-05-26,90.74,Active
6581,3994,16,Savings,2026-01-07,1424.61,Active
6582,3995,4,Savings,2025-05-22,2107.9,Active
6583,3995,4,Payroll,2025-05-23,1210.97,Active
6584,3996,3,Savings,2024-07-20,963.57,Active
6585,3996,3,Payroll,2024-08-12,895.81,Active
6586,3997,17,Savings,2025-07-06,4495.96,Active
6587,3997,17,Business,2025-06-29,19808.98,Active
6588,3998,4,Savings,2024-08-24,3627.44,Active
6589,3998,4,Business,2024-08-30,14422.63,Active
6590,3999,9,Savings,2025-05-18,1215.2,Closed
6591,3999,9,Payroll,2025-05-23,404.34,Active
6592,4000,5,Savings,2024-07-03,1283.84,Active
6593,4000,5,Fixed Deposit,2024-07-02,8993.95,Active
6594,4000,5,Payroll,2024-06-13,1319.45,Active
6595,4001,14,Savings,2024-10-29,2415.17,Active
6596,4001,14,Business,2024-10-18,6070.15,Active
6597,4002,10,Savings,2025-06-21,627.99,Dormant
6598,4002,10,Fixed Deposit,2025-06-07,2560.77,Active
6599,4003,1,Savings,2024-05-03,182.99,Active
6600,4003,1,Payroll,2024-05-03,283.4,Active
6601,4004,1,Savings,2023-03-21,1140.53,Active
6602,4004,1,Fixed Deposit,2023-04-04,16167.51,Active
6603,4005,6,Savings,2025-04-01,952.0,Active
6604,4005,6,Payroll,2025-03-25,472.72,Active
6605,4006,13,Savings,2025-05-24,861.72,Active
6606,4007,17,Savings,2024-02-28,200.28,Active
6607,4008,4,Savings,2025-08-07,996.91,Active
6608,4008,4,Fixed Deposit,2025-08-16,5646.26,Active
6609,4009,5,Savings,2024-08-11,667.14,Active
6610,4009,5,Fixed Deposit,2024-09-02,3052.95,Active
6611,4009,5,Payroll,2024-08-13,741.78,Active
6612,4010,8,Savings,2023-08-16,1909.53,Active
6613,4010,8,Fixed Deposit,2023-08-09,3490.29,Active
6614,4011,4,Savings,2024-05-06,967.15,Active
6615,4012,15,Savings,2024-01-19,1035.0,Active
6616,4012,15,Fixed Deposit,2024-01-15,4639.68,Closed
6617,4013,10,Savings,2024-04-09,1465.5,Active
6618,4013,10,Payroll,2024-03-22,814.5,Active
6619,4014,12,Savings,2025-05-27,2440.35,Active
6620,4014,12,Payroll,2025-05-21,540.35,Active
6621,4015,10,Savings,2025-06-21,4710.92,Active
6622,4016,15,Savings,2024-11-10,525.48,Active
6623,4017,1,Savings,2025-09-21,243.6,Active
6624,4018,5,Savings,2024-02-18,115.16,Active
6625,4019,4,Savings,2025-05-07,1061.28,Closed
6626,4019,4,Payroll,2025-04-17,339.38,Active
6627,4020,3,Savings,2025-09-26,783.53,Active
6628,4021,17,Savings,2025-04-24,365.78,Active
6629,4022,9,Savings,2025-12-20,13664.62,Active
6630,4023,4,Savings,2025-05-22,1309.39,Active
6631,4023,4,Payroll,2025-06-12,722.58,Active
6632,4024,4,Savings,2026-01-17,692.05,Active
6633,4024,4,Payroll,2026-01-25,666.17,Active
6634,4025,10,Savings,2024-10-03,1246.69,Active
6635,4025,10,Fixed Deposit,2024-09-13,4523.17,Active
6636,4026,11,Savings,2023-10-19,4147.16,Active
6637,4026,11,Fixed Deposit,2023-10-03,9368.15,Closed
6638,4026,11,Business,2023-10-23,12999.83,Active
6639,4027,18,Savings,2023-10-12,332.95,Active
6640,4028,18,Savings,2023-11-01,1213.09,Active
6641,4028,18,Payroll,2023-11-17,918.68,Active
6642,4029,15,Savings,2023-11-22,2430.1,Active
6643,4029,15,Fixed Deposit,2023-11-12,16143.11,Dormant
6644,4030,11,Savings,2023-07-15,725.76,Active
6645,4030,11,Fixed Deposit,2023-07-02,4634.22,Closed
6646,4030,11,Business,2023-07-23,2520.64,Active
6647,4031,9,Savings,2024-07-21,3738.05,Closed
6648,4031,9,Fixed Deposit,2024-07-07,13348.67,Active
6649,4031,9,Business,2024-07-08,13453.4,Active
6650,4032,10,Savings,2025-05-13,1969.52,Active
6651,4032,10,Payroll,2025-05-23,909.12,Active
6652,4033,10,Savings,2025-06-18,536.25,Active
6653,4033,10,Fixed Deposit,2025-07-07,3789.14,Active
6654,4034,6,Savings,2025-01-20,1542.83,Closed
6655,4034,6,Business,2025-01-24,16610.36,Active
6656,4035,8,Savings,2023-06-20,1143.71,Active
6657,4036,6,Savings,2025-10-01,625.43,Active
6658,4037,15,Savings,2023-07-18,1803.17,Active
6659,4038,18,Savings,2024-04-11,1077.73,Active
6660,4038,18,Fixed Deposit,2024-04-17,14479.21,Active
6661,4038,18,Business,2024-04-08,7850.38,Active
6662,4039,3,Savings,2025-05-27,816.18,Active
6663,4039,3,Fixed Deposit,2025-06-15,4435.98,Active
6664,4040,14,Savings,2023-10-19,1071.86,Active
6665,4040,14,Payroll,2023-10-27,382.31,Active
6666,4041,8,Savings,2025-05-05,515.02,Active
6667,4041,8,Payroll,2025-05-18,498.68,Active
6668,4042,14,Savings,2024-04-24,911.16,Active
6669,4042,14,Fixed Deposit,2024-04-12,11826.4,Active
6670,4042,14,Payroll,2024-04-16,741.25,Active
6671,4044,5,Savings,2024-07-06,3678.73,Active
6672,4044,5,Fixed Deposit,2024-06-24,10792.99,Active
6673,4044,5,Business,2024-06-24,13346.54,Active
6674,4045,8,Savings,2025-11-27,3015.05,Active
6675,4045,8,Payroll,2025-11-19,1217.03,Active
6676,4046,6,Savings,2025-09-27,839.54,Active
6677,4047,18,Savings,2023-08-17,533.79,Active
6678,4048,9,Savings,2024-09-22,524.28,Active
6679,4049,10,Savings,2023-09-27,1359.42,Active
6680,4050,4,Savings,2023-12-25,2877.46,Active
6681,4050,4,Payroll,2023-12-24,1216.64,Active
6682,4051,1,Savings,2025-11-05,1486.4,Active
6683,4051,1,Fixed Deposit,2025-11-16,2582.31,Active
6684,4052,16,Savings,2024-04-25,2622.08,Active
6685,4052,16,Payroll,2024-04-21,1623.4,Active
6686,4053,8,Savings,2025-02-18,555.64,Dormant
6687,4054,4,Savings,2025-02-23,3476.54,Dormant
6688,4055,2,Savings,2023-08-20,741.48,Active
6689,4056,5,Savings,2023-03-31,8386.71,Active
6690,4057,2,Savings,2025-07-05,950.93,Active
6691,4057,2,Payroll,2025-07-02,689.0,Active
6692,4058,3,Savings,2024-12-17,446.88,Dormant
6693,4058,3,Payroll,2024-12-25,352.18,Active
6694,4059,3,Savings,2023-12-10,1602.96,Active
6695,4059,3,Business,2023-12-08,15237.28,Active
6696,4060,2,Savings,2025-07-13,3171.01,Active
6697,4060,2,Business,2025-07-17,11888.12,Active
6698,4061,3,Payroll,2023-09-27,1136.24,Dormant
6699,4062,18,Savings,2025-01-11,766.13,Active
6700,4062,18,Fixed Deposit,2024-12-22,2194.33,Active
6701,4064,10,Savings,2023-12-12,1565.6,Dormant
6702,4064,10,Fixed Deposit,2023-12-17,2755.73,Active
6703,4064,10,Payroll,2023-12-07,876.9,Active
6704,4065,11,Savings,2024-03-29,635.03,Active
6705,4065,11,Fixed Deposit,2024-03-30,3120.99,Active
6706,4066,5,Savings,2026-01-16,2054.89,Active
6707,4067,10,Savings,2024-09-24,1134.83,Active
6708,4067,10,Payroll,2024-09-29,1167.15,Active
6709,4068,14,Savings,2026-01-06,943.81,Active
6710,4069,8,Savings,2024-05-06,318.31,Active
6711,4069,8,Fixed Deposit,2024-05-01,2425.52,Active
6712,4070,6,Savings,2025-08-16,727.59,Active
6713,4070,6,Fixed Deposit,2025-08-08,13860.36,Active
6714,4071,18,Business,2025-08-14,25914.56,Active
6715,4072,5,Savings,2023-06-11,3944.28,Dormant
6716,4072,5,Business,2023-05-29,12979.84,Active
6717,4073,4,Savings,2025-06-06,1025.3,Active
6718,4073,4,Payroll,2025-06-20,995.21,Active
6719,4075,9,Savings,2023-03-01,914.39,Active
6720,4076,3,Savings,2025-01-03,107.53,Active
6721,4076,3,Fixed Deposit,2025-01-11,1646.15,Active
6722,4077,2,Savings,2025-01-04,1111.27,Active
6723,4078,17,Savings,2024-10-17,746.32,Active
6724,4078,17,Payroll,2024-11-11,430.2,Active
6725,4079,17,Savings,2025-07-15,149.16,Active
6726,4080,16,Savings,2025-03-21,2646.71,Active
6727,4080,16,Payroll,2025-04-10,1680.49,Active
6728,4081,3,Savings,2023-12-01,3221.4,Active
6729,4082,3,Savings,2025-03-28,1173.27,Active
6730,4082,3,Fixed Deposit,2025-04-16,9040.33,Active
6731,4082,3,Payroll,2025-03-20,814.81,Active
6732,4083,1,Savings,2023-04-12,545.48,Active
6733,4083,1,Payroll,2023-04-02,798.08,Active
6734,4084,7,Savings,2025-06-07,222.54,Active
6735,4085,6,Savings,2023-07-14,197.96,Active
6736,4086,6,Savings,2025-03-20,1376.42,Active
6737,4086,6,Business,2025-03-21,14850.47,Active
6738,4087,6,Savings,2023-12-22,2556.63,Active
6739,4088,17,Savings,2025-11-14,2518.17,Closed
6740,4088,17,Fixed Deposit,2025-11-17,3638.19,Active
6741,4089,14,Savings,2024-12-13,907.75,Active
6742,4089,14,Fixed Deposit,2024-12-27,5157.71,Active
6743,4090,12,Savings,2025-09-26,773.16,Active
6744,4090,12,Business,2025-09-13,6611.82,Active
6745,4092,12,Savings,2025-08-30,467.29,Active
6746,4092,12,Fixed Deposit,2025-08-13,5438.08,Active
6747,4093,4,Savings,2025-05-27,435.49,Active
6748,4093,4,Fixed Deposit,2025-06-05,1534.32,Closed
6749,4094,6,Savings,2025-06-01,2623.74,Active
6750,4094,6,Fixed Deposit,2025-06-13,8301.22,Active
6751,4095,11,Savings,2024-01-15,2005.81,Active
6752,4095,11,Payroll,2024-01-31,1381.15,Active
6753,4096,15,Savings,2024-11-10,1993.29,Closed
6754,4097,2,Savings,2023-09-12,2855.34,Active
6755,4097,2,Business,2023-09-20,6392.98,Active
6756,4098,7,Savings,2025-07-16,568.64,Active
6757,4098,7,Payroll,2025-07-23,490.76,Active
6758,4099,3,Savings,2024-02-27,329.47,Active
6759,4099,3,Fixed Deposit,2024-02-12,4556.27,Active
6760,4100,16,Savings,2024-08-12,813.89,Active
6761,4102,8,Savings,2024-08-28,1425.34,Active
6762,4103,10,Savings,2024-01-08,1651.18,Active
6763,4104,3,Savings,2025-12-27,1803.78,Active
6764,4104,3,Fixed Deposit,2025-12-14,7058.09,Active
6765,4105,1,Savings,2025-10-28,833.9,Active
6766,4106,4,Savings,2023-08-12,363.11,Active
6767,4107,11,Savings,2024-09-19,5424.59,Active
6768,4107,11,Business,2024-10-10,24738.14,Active
6769,4108,18,Payroll,2025-07-10,401.48,Active
6770,4109,4,Savings,2023-12-01,1968.24,Active
6771,4110,10,Savings,2025-11-22,3377.46,Active
6772,4111,12,Savings,2024-01-05,1965.29,Active
6773,4111,12,Payroll,2023-12-29,1179.59,Active
6774,4112,18,Savings,2024-12-22,1267.11,Active
6775,4113,3,Savings,2024-01-17,3299.79,Active
6776,4113,3,Business,2024-01-18,3688.79,Active
6777,4114,12,Savings,2024-11-25,1535.55,Active
6778,4115,7,Savings,2024-11-09,1495.9,Active
6779,4115,7,Payroll,2024-11-04,563.33,Dormant
6780,4116,18,Savings,2024-08-13,428.4,Active
6781,4116,18,Fixed Deposit,2024-07-27,1750.32,Active
6782,4116,18,Payroll,2024-08-09,265.75,Active
6783,4117,2,Savings,2025-09-28,1650.93,Active
6784,4117,2,Business,2025-09-19,2477.68,Active
6785,4118,5,Savings,2024-02-17,1305.79,Active
6786,4118,5,Payroll,2024-02-25,489.81,Closed
6787,4119,10,Savings,2023-11-16,276.92,Closed
6788,4120,4,Savings,2025-01-26,245.61,Active
6789,4121,15,Savings,2024-12-05,1075.26,Active
6790,4122,3,Savings,2024-05-04,2562.89,Active
6791,4122,3,Fixed Deposit,2024-04-25,6316.87,Active
6792,4122,3,Business,2024-05-17,5177.75,Active
6793,4123,5,Savings,2025-06-06,1320.67,Active
6794,4123,5,Payroll,2025-06-16,1218.34,Dormant
6795,4124,1,Savings,2025-08-01,1672.81,Active
6796,4124,1,Fixed Deposit,2025-07-29,2620.07,Active
6797,4124,1,Payroll,2025-07-20,1105.35,Active
6798,4125,16,Savings,2026-01-05,111.68,Active
6799,4126,16,Savings,2024-01-14,373.43,Active
6800,4126,16,Payroll,2024-01-12,354.9,Active
6801,4127,4,Savings,2024-01-17,524.23,Active
6802,4127,4,Payroll,2024-01-07,553.69,Active
6803,4128,3,Savings,2025-12-22,2004.95,Dormant
6804,4128,3,Business,2026-01-06,5718.54,Active
6805,4129,18,Savings,2024-07-05,3204.11,Active
6806,4129,18,Business,2024-06-30,10279.77,Active
6807,4130,16,Savings,2024-01-31,1637.87,Active
6808,4130,16,Payroll,2024-01-30,356.09,Active
6809,4131,6,Savings,2024-11-12,3923.65,Active
6810,4131,6,Business,2024-11-25,13186.84,Active
6811,4132,10,Savings,2023-05-01,596.94,Active
6812,4133,1,Savings,2025-08-06,2147.27,Active
6813,4134,17,Savings,2025-04-05,363.59,Active
6814,4134,17,Fixed Deposit,2025-04-11,5522.1,Active
6815,4135,18,Savings,2025-10-21,4401.62,Active
6816,4136,14,Savings,2024-07-23,1755.92,Active
6817,4136,14,Fixed Deposit,2024-07-02,5573.59,Closed
6818,4137,3,Savings,2025-07-05,2051.59,Active
6819,4137,3,Payroll,2025-07-25,1152.96,Active
6820,4138,7,Savings,2025-10-03,1589.53,Active
6821,4139,1,Savings,2023-11-20,385.78,Active
6822,4140,1,Savings,2024-02-18,2182.84,Active
6823,4140,1,Business,2024-02-02,4282.31,Active
6824,4141,11,Savings,2023-02-28,953.06,Active
6825,4141,11,Payroll,2023-03-06,315.92,Active
6826,4142,14,Savings,2025-08-18,488.05,Active
6827,4142,14,Payroll,2025-08-23,482.04,Active
6828,4143,18,Savings,2024-09-27,675.45,Active
6829,4144,3,Savings,2023-12-06,583.3,Active
6830,4145,11,Savings,2024-07-21,1009.33,Active
6831,4145,11,Payroll,2024-07-28,899.22,Active
6832,4146,14,Payroll,2025-10-29,944.76,Active
6833,4147,16,Savings,2024-02-23,1993.51,Active
6834,4147,16,Fixed Deposit,2024-03-02,4305.65,Active
6835,4148,4,Savings,2024-08-29,816.54,Active
6836,4149,4,Savings,2025-02-01,2109.31,Active
6837,4149,4,Payroll,2025-02-23,1548.72,Active
6838,4150,4,Savings,2024-11-13,2424.32,Active
6839,4150,4,Payroll,2024-10-19,574.87,Active
6840,4151,10,Savings,2023-02-07,1393.22,Active
6841,4152,1,Savings,2025-03-22,2307.95,Active
6842,4152,1,Business,2025-03-20,13780.88,Active
6843,4153,11,Savings,2025-07-31,306.36,Dormant
6844,4154,2,Savings,2024-11-18,2786.44,Dormant
6845,4154,2,Business,2024-11-05,7076.83,Active
6846,4155,4,Savings,2025-10-23,1069.31,Closed
6847,4155,4,Payroll,2025-10-22,725.81,Active
6848,4156,9,Savings,2025-06-22,323.54,Dormant
6849,4157,4,Savings,2025-10-05,1100.5,Active
6850,4157,4,Payroll,2025-10-03,794.36,Closed
6851,4158,5,Savings,2025-10-31,3277.66,Active
6852,4158,5,Payroll,2025-11-16,805.6,Active
6853,4159,7,Savings,2023-12-25,560.6,Active
6854,4160,9,Savings,2025-03-15,1753.6,Dormant
6855,4160,9,Payroll,2025-02-22,816.99,Active
6856,4161,5,Savings,2025-08-24,641.0,Closed
6857,4162,10,Savings,2024-12-02,592.87,Closed
6858,4163,2,Savings,2025-07-31,1027.45,Active
6859,4164,12,Savings,2024-02-29,1436.82,Dormant
6860,4164,12,Fixed Deposit,2024-02-28,2136.22,Active
6861,4164,12,Payroll,2024-03-14,999.08,Active
6862,4165,11,Savings,2024-01-02,1196.55,Active
6863,4166,17,Savings,2025-09-26,691.82,Active
6864,4166,17,Payroll,2025-09-09,804.45,Active
6865,4167,18,Savings,2025-07-21,1506.46,Active
6866,4167,18,Payroll,2025-07-31,1184.54,Active
6867,4168,14,Savings,2023-11-28,2371.74,Active
6868,4168,14,Payroll,2023-11-30,1132.95,Active
6869,4169,4,Savings,2024-01-06,2325.93,Active
6870,4169,4,Fixed Deposit,2024-01-01,16014.75,Active
6871,4170,5,Savings,2026-01-06,3274.11,Active
6872,4170,5,Business,2026-01-07,5492.18,Active
6873,4171,18,Savings,2024-06-07,512.04,Active
6874,4172,17,Savings,2025-08-19,1514.36,Active
6875,4172,17,Payroll,2025-07-29,666.5,Active
6876,4173,10,Savings,2025-02-15,1809.44,Active
6877,4173,10,Payroll,2025-02-10,993.81,Active
6878,4174,1,Savings,2025-04-07,226.01,Active
6879,4174,1,Fixed Deposit,2025-04-03,2136.75,Active
6880,4174,1,Payroll,2025-03-15,334.97,Active
6881,4175,5,Savings,2025-08-21,1228.73,Active
6882,4176,11,Savings,2025-01-09,495.07,Active
6883,4177,16,Savings,2025-12-29,4907.74,Active
6884,4177,16,Business,2025-12-08,20607.54,Active
6885,4178,2,Savings,2024-09-06,1869.03,Active
6886,4178,2,Business,2024-08-20,4014.25,Active
6887,4179,3,Savings,2025-05-28,1617.02,Dormant
6888,4179,3,Fixed Deposit,2025-05-19,7443.76,Active
6889,4180,9,Savings,2023-10-27,2561.32,Active
6890,4180,9,Fixed Deposit,2023-11-02,6257.09,Active
6891,4180,9,Business,2023-10-25,5008.93,Active
6892,4181,1,Savings,2024-05-28,1375.29,Active
6893,4182,4,Savings,2023-04-08,139.25,Active
6894,4182,4,Payroll,2023-04-21,202.69,Active
6895,4183,17,Savings,2025-07-11,598.19,Active
6896,4183,17,Fixed Deposit,2025-06-25,3473.7,Closed
6897,4183,17,Payroll,2025-07-14,781.65,Active
6898,4184,9,Savings,2023-07-23,1259.78,Active
6899,4184,9,Payroll,2023-07-16,467.67,Active
6900,4185,9,Savings,2025-08-05,591.42,Active
6901,4185,9,Payroll,2025-08-05,574.72,Active
6902,4186,11,Savings,2024-10-18,3184.58,Active
6903,4186,11,Business,2024-10-15,8375.74,Dormant
6904,4187,7,Savings,2025-02-13,1111.6,Active
6905,4187,7,Fixed Deposit,2025-02-11,5555.28,Active
6906,4187,7,Payroll,2025-02-21,1195.49,Active
6907,4188,7,Savings,2024-03-26,1034.74,Active
6908,4188,7,Payroll,2024-03-13,408.72,Active
6909,4189,11,Savings,2024-08-25,1324.54,Active
6910,4189,11,Business,2024-08-30,5070.63,Active
6911,4190,3,Savings,2025-09-18,1925.5,Active
6912,4190,3,Payroll,2025-09-23,571.17,Active
6913,4191,17,Savings,2025-01-28,490.46,Active
6914,4192,18,Savings,2024-12-27,2456.42,Active
6915,4192,18,Payroll,2024-12-25,1699.84,Active
6916,4193,8,Savings,2025-03-17,808.35,Active
6917,4193,8,Payroll,2025-03-26,1150.34,Closed
6918,4194,2,Savings,2025-04-12,745.12,Dormant
6919,4195,13,Savings,2024-11-25,1183.66,Active
6920,4197,10,Savings,2024-09-20,278.17,Active
6921,4197,10,Payroll,2024-09-21,287.69,Active
6922,4198,1,Savings,2023-08-16,3454.11,Active
6923,4198,1,Business,2023-08-18,7345.49,Active
6924,4199,4,Savings,2025-04-29,788.32,Active
6925,4200,15,Savings,2024-04-24,986.37,Dormant
6926,4201,14,Savings,2025-03-01,1418.43,Dormant
6927,4202,18,Savings,2024-10-15,1003.55,Active
6928,4203,4,Savings,2025-11-07,1599.52,Active
6929,4203,4,Fixed Deposit,2025-11-29,3881.53,Dormant
6930,4204,1,Savings,2024-08-16,566.98,Active
6931,4204,1,Payroll,2024-08-17,296.66,Active
6932,4205,7,Savings,2024-06-14,7496.09,Closed
6933,4205,7,Fixed Deposit,2024-05-30,25410.86,Dormant
6934,4205,7,Business,2024-05-28,11815.56,Active
6935,4206,8,Savings,2026-01-10,3259.44,Active
6936,4206,8,Payroll,2026-01-22,1868.68,Active
6937,4207,9,Savings,2024-12-31,258.14,Closed
6938,4208,16,Savings,2025-08-14,1475.58,Active
6939,4209,10,Savings,2024-04-28,775.84,Active
6940,4209,10,Fixed Deposit,2024-04-10,2754.05,Active
6941,4210,11,Savings,2025-05-27,576.07,Active
6942,4211,1,Savings,2025-04-12,2265.77,Active
6943,4212,7,Savings,2024-08-28,444.73,Active
6944,4213,5,Savings,2024-12-30,1340.71,Active
6945,4214,11,Savings,2026-01-03,491.56,Active
6946,4214,11,Business,2025-12-25,4665.21,Active
6947,4215,18,Savings,2024-11-20,1139.14,Active
6948,4216,4,Savings,2024-06-23,2167.58,Active
6949,4216,4,Fixed Deposit,2024-06-24,11173.96,Active
6950,4217,15,Savings,2024-11-07,1602.51,Active
6951,4217,15,Fixed Deposit,2024-11-01,5439.58,Active
6952,4217,15,Payroll,2024-10-23,538.34,Active
6953,4218,6,Savings,2024-04-20,952.04,Active
6954,4219,4,Savings,2024-06-05,2861.79,Active
6955,4219,4,Fixed Deposit,2024-05-10,15022.4,Closed
6956,4219,4,Business,2024-05-12,3829.48,Active
6957,4220,5,Savings,2023-09-26,80.29,Active
6958,4221,16,Savings,2024-02-07,1375.17,Active
6959,4221,16,Fixed Deposit,2024-01-26,3450.39,Active
6960,4222,18,Savings,2025-05-12,1834.94,Active
6961,4222,18,Fixed Deposit,2025-05-04,31991.13,Active
6962,4222,18,Business,2025-05-26,31027.89,Active
6963,4223,14,Savings,2024-03-05,623.92,Active
6964,4224,7,Savings,2024-03-16,636.51,Active
6965,4224,7,Payroll,2024-03-29,612.66,Active
6966,4225,9,Savings,2023-08-03,2605.69,Active
6967,4226,7,Savings,2024-11-14,458.75,Dormant
6968,4227,1,Savings,2024-09-24,548.72,Active
6969,4228,16,Savings,2024-10-12,1299.56,Active
6970,4229,1,Savings,2023-09-24,525.57,Active
6971,4230,3,Savings,2023-08-31,261.23,Closed
6972,4230,3,Payroll,2023-09-11,564.73,Active
6973,4231,2,Savings,2025-04-20,469.26,Active
6974,4231,2,Payroll,2025-04-23,602.31,Active
6975,4232,2,Savings,2025-12-03,224.14,Closed
6976,4232,2,Payroll,2025-12-03,246.87,Active
6977,4233,15,Savings,2025-02-08,999.95,Active
6978,4233,15,Payroll,2025-02-02,650.44,Active
6979,4234,18,Savings,2025-09-21,288.92,Active
6980,4235,2,Savings,2023-11-22,918.68,Active
6981,4235,2,Payroll,2023-12-12,834.6,Active
6982,4236,6,Savings,2025-06-18,1539.96,Active
6983,4236,6,Business,2025-06-30,7201.64,Active
6984,4237,5,Savings,2025-03-14,938.17,Active
6985,4239,3,Savings,2025-02-10,3586.47,Active
6986,4239,3,Fixed Deposit,2025-02-14,8626.32,Active
6987,4239,3,Payroll,2025-03-01,1390.37,Active
6988,4240,14,Payroll,2025-03-26,964.91,Dormant
6989,4241,16,Savings,2025-10-26,1798.03,Active
6990,4241,16,Business,2025-11-04,13906.79,Active
6991,4242,16,Savings,2025-04-22,406.03,Active
6992,4242,16,Payroll,2025-04-08,323.76,Active
6993,4243,3,Savings,2025-12-03,1092.92,Active
6994,4243,3,Fixed Deposit,2025-11-21,3299.46,Active
6995,4244,2,Savings,2024-12-20,927.23,Active
6996,4245,8,Savings,2025-05-30,1834.16,Active
6997,4245,8,Payroll,2025-05-21,639.74,Active
6998,4247,1,Savings,2023-08-30,517.29,Active
6999,4249,4,Savings,2024-09-05,6675.96,Active
7000,4249,4,Business,2024-09-14,25455.76,Active
7001,4250,5,Savings,2024-08-06,2533.17,Active
7002,4250,5,Payroll,2024-08-13,1084.92,Active
7003,4251,5,Savings,2023-08-11,2639.11,Active
7004,4251,5,Payroll,2023-08-31,879.87,Closed
7005,4252,6,Savings,2025-04-08,1014.6,Active
7006,4253,3,Savings,2024-07-01,2359.78,Active
7007,4254,9,Savings,2025-09-23,1014.33,Active
7008,4254,9,Fixed Deposit,2025-10-01,11457.38,Active
7009,4254,9,Payroll,2025-10-06,1408.56,Active
7010,4255,4,Savings,2024-04-19,588.11,Active
7011,4256,18,Savings,2025-10-24,1619.96,Dormant
7012,4256,18,Fixed Deposit,2025-10-25,5180.66,Active
7013,4257,10,Savings,2024-05-01,1635.24,Active
7014,4258,8,Savings,2025-02-23,1278.58,Active
7015,4258,8,Fixed Deposit,2025-02-20,6595.19,Active
7016,4259,4,Savings,2023-08-22,1049.61,Active
7017,4260,6,Savings,2023-09-18,1793.06,Active
7018,4260,6,Fixed Deposit,2023-09-11,2991.84,Active
7019,4260,6,Payroll,2023-09-03,670.7,Active
7020,4261,16,Savings,2024-10-10,934.1,Active
7021,4262,9,Savings,2024-07-08,1871.53,Active
7022,4262,9,Payroll,2024-06-24,952.42,Active
7023,4263,12,Savings,2023-05-09,727.7,Active
7024,4263,12,Payroll,2023-05-04,789.7,Active
7025,4264,3,Savings,2024-12-21,3404.02,Active
7026,4264,3,Fixed Deposit,2025-01-08,6041.03,Active
7027,4264,3,Business,2024-12-27,13709.4,Active
7028,4265,12,Savings,2023-05-18,315.21,Active
7029,4266,6,Savings,2024-08-01,758.0,Active
7030,4267,17,Savings,2024-05-04,315.16,Active
7031,4267,17,Payroll,2024-05-01,327.9,Active
7032,4268,13,Savings,2025-10-02,2447.5,Active
7033,4268,13,Fixed Deposit,2025-10-24,3885.64,Active
7034,4268,13,Payroll,2025-10-21,979.76,Active
7035,4269,9,Savings,2025-10-21,631.13,Active
7036,4269,9,Payroll,2025-10-16,996.75,Active
7037,4270,17,Savings,2023-06-24,630.32,Dormant
7038,4270,17,Payroll,2023-06-29,653.03,Active
7039,4271,6,Savings,2023-10-17,5374.9,Active
7040,4271,6,Business,2023-10-12,24910.98,Active
7041,4272,13,Savings,2025-01-20,1498.32,Active
7042,4272,13,Payroll,2025-01-26,557.22,Active
7043,4273,5,Savings,2025-10-02,710.24,Active
7044,4275,13,Savings,2024-08-04,3416.03,Dormant
7045,4275,13,Fixed Deposit,2024-09-03,6596.55,Active
7046,4276,6,Savings,2025-07-03,1772.98,Dormant
7047,4276,6,Payroll,2025-07-08,1284.95,Active
7048,4277,18,Savings,2025-09-27,843.86,Active
7049,4277,18,Payroll,2025-10-06,910.55,Dormant
7050,4278,15,Savings,2024-07-03,2645.6,Dormant
7051,4278,15,Business,2024-06-28,7139.54,Active
7052,4279,1,Savings,2024-06-15,2710.58,Active
7053,4279,1,Business,2024-06-15,12476.57,Active
7054,4280,8,Savings,2025-05-16,2219.85,Active
7055,4280,8,Fixed Deposit,2025-06-09,13072.27,Dormant
7056,4280,8,Payroll,2025-05-22,653.69,Active
7057,4281,3,Savings,2024-02-23,545.42,Active
7058,4282,3,Savings,2024-02-14,811.76,Active
7059,4283,6,Savings,2025-06-20,579.18,Active
7060,4283,6,Payroll,2025-05-27,674.55,Active
7061,4284,1,Savings,2024-06-24,338.37,Active
7062,4285,8,Savings,2024-06-04,1541.0,Active
7063,4285,8,Payroll,2024-06-06,814.76,Active
7064,4286,6,Savings,2024-03-08,749.58,Active
7065,4286,6,Payroll,2024-03-14,639.57,Active
7066,4287,16,Savings,2023-12-20,1145.43,Active
7067,4288,4,Savings,2024-12-15,1445.77,Active
7068,4288,4,Fixed Deposit,2024-12-01,4998.04,Active
7069,4288,4,Payroll,2024-11-17,774.77,Dormant
7070,4289,2,Savings,2024-02-19,610.05,Active
7071,4289,2,Fixed Deposit,2024-02-04,6646.37,Active
7072,4289,2,Payroll,2024-02-07,591.69,Active
7073,4290,5,Savings,2025-04-20,936.92,Active
7074,4290,5,Fixed Deposit,2025-04-04,6462.62,Active
7075,4290,5,Business,2025-04-09,3944.42,Active
7076,4291,8,Savings,2025-07-14,1785.1,Active
7077,4291,8,Payroll,2025-08-01,652.64,Active
7078,4292,13,Savings,2023-06-12,704.03,Active
7079,4293,7,Savings,2023-12-04,644.81,Active
7080,4293,7,Fixed Deposit,2023-11-22,9348.74,Active
7081,4293,7,Payroll,2023-11-21,476.47,Active
7082,4294,15,Savings,2024-12-30,1789.0,Active
7083,4294,15,Fixed Deposit,2025-01-13,15083.0,Active
7084,4294,15,Business,2025-01-16,9557.27,Active
7085,4295,9,Savings,2024-03-20,1623.27,Active
7086,4295,9,Payroll,2024-04-03,811.66,Active
7087,4296,15,Payroll,2023-09-09,1112.77,Active
7088,4297,7,Savings,2024-07-01,617.62,Dormant
7089,4298,1,Savings,2023-09-18,581.87,Active
7090,4299,2,Savings,2023-11-24,219.2,Dormant
7091,4300,15,Savings,2024-03-22,2643.2,Active
7092,4300,15,Payroll,2024-04-09,903.46,Active
7093,4301,6,Savings,2023-08-03,4441.88,Dormant
7094,4301,6,Business,2023-08-14,8027.78,Active
7095,4302,12,Savings,2025-09-07,1311.27,Active
7096,4302,12,Fixed Deposit,2025-09-18,3670.61,Active
7097,4302,12,Payroll,2025-09-12,750.17,Active
7098,4303,18,Savings,2025-03-15,1207.7,Active
7099,4303,18,Payroll,2025-03-24,1473.49,Active
7100,4304,4,Savings,2023-05-29,903.8,Active
7101,4304,4,Payroll,2023-06-20,299.65,Active
7102,4305,5,Savings,2025-04-09,621.84,Active
7103,4305,5,Payroll,2025-04-14,627.32,Active
7104,4306,3,Savings,2024-06-14,769.15,Active
7105,4306,3,Business,2024-06-25,5518.6,Active
7106,4307,14,Savings,2025-03-30,460.39,Dormant
7107,4308,14,Savings,2025-01-29,2312.28,Active
7108,4309,7,Payroll,2024-05-28,351.47,Active
7109,4310,13,Savings,2024-05-19,3005.71,Active
7110,4311,14,Savings,2024-12-09,638.97,Active
7111,4311,14,Payroll,2024-12-14,310.55,Active
7112,4312,2,Savings,2025-12-30,1157.75,Active
7113,4313,9,Savings,2024-07-12,1279.63,Active
7114,4313,9,Payroll,2024-07-14,684.16,Active
7115,4314,3,Savings,2023-12-07,1551.14,Dormant
7116,4315,18,Savings,2023-05-26,378.29,Active
7117,4316,9,Savings,2024-03-25,912.24,Active
7118,4316,9,Payroll,2024-03-24,296.43,Active
7119,4317,4,Savings,2024-09-18,1327.66,Active
7120,4317,4,Fixed Deposit,2024-09-18,17836.56,Active
7121,4317,4,Business,2024-10-13,13815.89,Active
7122,4318,15,Savings,2025-02-17,1385.29,Active
7123,4318,15,Payroll,2025-03-04,615.01,Active
7124,4319,18,Savings,2024-03-10,820.03,Dormant
7125,4320,2,Savings,2025-08-01,1843.88,Active
7126,4320,2,Fixed Deposit,2025-07-20,7209.67,Active
7127,4320,2,Payroll,2025-08-07,1557.0,Active
7128,4321,18,Savings,2025-09-15,660.97,Active
7129,4321,18,Payroll,2025-10-05,862.57,Active
7130,4322,7,Savings,2025-01-05,551.14,Active
7131,4323,3,Savings,2024-02-16,303.6,Active
7132,4324,6,Savings,2024-11-14,3226.2,Active
7133,4324,6,Fixed Deposit,2024-11-27,7658.22,Active
7134,4324,6,Payroll,2024-11-24,998.73,Active
7135,4325,1,Savings,2025-08-10,733.96,Active
7136,4325,1,Payroll,2025-07-27,909.61,Active
7137,4326,12,Savings,2025-06-30,1828.55,Closed
7138,4326,12,Payroll,2025-06-19,1536.2,Active
7139,4327,11,Savings,2025-06-11,1632.43,Active
7140,4328,10,Savings,2025-03-13,1047.33,Active
7141,4328,10,Payroll,2025-03-03,567.07,Active
7142,4329,3,Savings,2025-06-03,443.29,Active
7143,4329,3,Payroll,2025-05-06,514.0,Dormant
7144,4331,16,Savings,2025-09-13,2347.69,Active
7145,4331,16,Business,2025-09-16,9522.02,Dormant
7146,4332,10,Savings,2024-05-09,994.86,Active
7147,4332,10,Payroll,2024-05-12,810.14,Active
7148,4333,11,Savings,2024-01-13,929.37,Dormant
7149,4333,11,Payroll,2024-02-01,432.3,Active
7150,4335,1,Savings,2025-11-08,1157.42,Active
7151,4336,8,Savings,2024-10-06,1329.05,Active
7152,4336,8,Business,2024-09-24,12638.91,Active
7153,4337,6,Savings,2024-12-23,280.31,Active
7154,4338,15,Savings,2025-06-09,2236.62,Closed
7155,4339,2,Savings,2025-01-13,515.26,Active
7156,4340,3,Savings,2025-05-19,2840.14,Active
7157,4340,3,Payroll,2025-06-07,876.28,Dormant
7158,4341,5,Savings,2025-10-03,817.62,Active
7159,4342,11,Savings,2023-03-16,634.79,Dormant
7160,4343,6,Savings,2025-12-05,693.3,Active
7161,4343,6,Fixed Deposit,2025-12-15,7440.16,Active
7162,4343,6,Payroll,2025-11-30,1369.89,Closed
7163,4344,3,Savings,2024-05-18,517.57,Active
7164,4344,3,Payroll,2024-05-13,323.72,Active
7165,4345,5,Savings,2025-10-29,1947.15,Active
7166,4345,5,Fixed Deposit,2025-11-21,7407.66,Active
7167,4345,5,Business,2025-11-09,11585.13,Active
7168,4346,5,Savings,2023-04-21,3423.26,Active
7169,4346,5,Business,2023-04-24,12483.85,Active
7170,4347,2,Savings,2024-11-09,8098.39,Active
7171,4347,2,Business,2024-10-18,9822.24,Active
7172,4348,7,Savings,2025-11-20,618.53,Closed
7173,4349,4,Savings,2025-02-15,1771.63,Active
7174,4349,4,Fixed Deposit,2025-03-12,11478.68,Dormant
7175,4350,11,Savings,2025-06-18,851.12,Active
7176,4351,16,Savings,2023-05-14,1179.56,Active
7177,4351,16,Payroll,2023-04-29,388.16,Active
7178,4352,13,Savings,2025-10-02,1094.04,Active
7179,4352,13,Payroll,2025-09-09,802.92,Active
7180,4353,10,Savings,2023-06-08,525.22,Active
7181,4354,11,Savings,2025-02-12,1291.74,Active
7182,4355,16,Savings,2025-02-05,800.03,Dormant
7183,4355,16,Business,2025-01-30,6261.26,Active
7184,4356,4,Savings,2023-10-26,2324.8,Active
7185,4356,4,Payroll,2023-10-08,1150.29,Active
7186,4357,15,Savings,2025-04-10,1317.42,Active
7187,4357,15,Payroll,2025-04-17,689.64,Active
7188,4358,14,Savings,2024-03-22,932.83,Active
7189,4359,18,Savings,2024-12-09,528.98,Active
7190,4360,8,Savings,2023-04-03,967.08,Active
7191,4360,8,Fixed Deposit,2023-03-14,3709.79,Active
7192,4360,8,Payroll,2023-04-04,315.73,Active
7193,4361,5,Savings,2025-10-16,231.61,Active
7194,4362,10,Business,2024-04-09,11555.04,Active
7195,4363,10,Savings,2023-11-06,237.4,Active
7196,4364,1,Savings,2023-10-26,2760.82,Active
7197,4364,1,Payroll,2023-10-11,1457.22,Active
7198,4365,15,Savings,2025-06-23,1403.71,Dormant
7199,4366,3,Savings,2024-06-25,758.81,Active
7200,4366,3,Payroll,2024-06-27,419.23,Closed
7201,4367,17,Savings,2023-07-03,2039.16,Active
7202,4368,18,Savings,2025-10-24,476.1,Active
7203,4369,4,Savings,2024-05-19,1092.59,Active
7204,4370,1,Savings,2023-06-04,600.63,Active
7205,4371,17,Savings,2025-03-07,244.64,Active
7206,4371,17,Payroll,2025-02-19,298.7,Active
7207,4372,1,Savings,2025-06-22,1020.26,Active
7208,4372,1,Business,2025-06-07,9891.75,Active
7209,4373,4,Savings,2024-09-03,498.25,Active
7210,4374,18,Fixed Deposit,2025-05-15,5246.66,Active
7211,4375,1,Savings,2024-10-27,1422.83,Active
7212,4376,2,Savings,2025-09-24,731.58,Active
7213,4377,8,Savings,2025-07-16,137.56,Active
7214,4378,1,Savings,2025-06-02,1000.21,Active
7215,4378,1,Fixed Deposit,2025-05-15,13477.97,Active
7216,4379,17,Savings,2023-11-24,1449.49,Active
7217,4380,16,Savings,2024-10-03,69.86,Active
7218,4381,5,Savings,2025-11-12,4473.87,Closed
7219,4381,5,Fixed Deposit,2025-10-27,11534.96,Active
7220,4381,5,Business,2025-11-07,14530.73,Active
7221,4383,13,Fixed Deposit,2025-02-18,5111.14,Active
7222,4383,13,Payroll,2025-03-15,663.7,Active
7223,4384,2,Savings,2025-08-27,2236.27,Active
7224,4384,2,Business,2025-08-13,8414.29,Active
7225,4385,12,Savings,2023-07-20,555.31,Closed
7226,4386,3,Savings,2023-06-06,482.92,Active
7227,4387,4,Savings,2024-08-18,1081.02,Active
7228,4388,1,Savings,2023-04-14,1087.09,Closed
7229,4388,1,Fixed Deposit,2023-04-29,4903.8,Active
7230,4389,12,Savings,2024-10-31,433.21,Active
7231,4390,6,Savings,2024-10-13,746.41,Active
7232,4390,6,Payroll,2024-10-30,170.44,Active
7233,4391,7,Savings,2023-07-29,4426.45,Active
7234,4391,7,Business,2023-07-29,3474.67,Active
7235,4392,5,Savings,2023-02-20,3042.12,Active
7236,4392,5,Payroll,2023-02-28,1363.87,Dormant
7237,4393,4,Savings,2025-10-08,1522.07,Active
7238,4394,7,Savings,2025-11-28,782.76,Active
7239,4395,3,Savings,2024-06-29,1967.64,Active
7240,4395,3,Payroll,2024-06-30,746.25,Active
7241,4396,18,Savings,2025-09-29,2109.74,Active
7242,4396,18,Fixed Deposit,2025-09-22,4794.44,Active
7243,4396,18,Payroll,2025-09-25,886.21,Active
7244,4397,2,Savings,2025-09-20,845.59,Active
7245,4397,2,Payroll,2025-09-27,567.26,Active
7246,4398,16,Savings,2025-12-11,2564.8,Active
7247,4398,16,Payroll,2025-11-13,523.88,Active
7248,4399,10,Savings,2025-12-23,1145.62,Dormant
7249,4399,10,Payroll,2025-12-21,509.74,Active
7250,4400,2,Savings,2024-11-07,1801.89,Active
7251,4401,18,Savings,2025-10-08,478.14,Active
7252,4401,18,Fixed Deposit,2025-09-14,7850.97,Closed
7253,4401,18,Payroll,2025-09-23,788.11,Active
7254,4402,3,Savings,2025-02-09,1446.85,Dormant
7255,4402,3,Business,2025-02-13,11240.86,Active
7256,4403,11,Savings,2024-06-01,1488.21,Dormant
7257,4404,13,Savings,2025-06-10,436.51,Active
7258,4405,15,Savings,2024-11-25,1211.04,Active
7259,4405,15,Fixed Deposit,2024-11-08,3046.95,Active
7260,4405,15,Payroll,2024-11-20,1004.68,Active
7261,4406,11,Savings,2024-02-17,349.8,Active
7262,4406,11,Fixed Deposit,2024-02-23,5991.58,Active
7263,4406,11,Payroll,2024-02-14,659.68,Active
7264,4407,1,Savings,2023-07-28,2380.63,Active
7265,4407,1,Business,2023-08-01,2578.51,Active
7266,4408,12,Payroll,2024-11-19,1316.78,Active
7267,4409,2,Savings,2025-08-25,2021.02,Active
7268,4409,2,Payroll,2025-08-21,1071.63,Active
7269,4410,1,Savings,2025-02-07,4180.36,Active
7270,4410,1,Fixed Deposit,2025-01-21,17208.3,Active
7271,4410,1,Business,2025-02-05,7660.01,Active
7272,4411,5,Savings,2024-12-18,239.64,Active
7273,4412,15,Savings,2025-04-23,2278.24,Active
7274,4412,15,Business,2025-04-08,3611.97,Active
7275,4413,12,Savings,2024-07-25,1931.44,Active
7276,4413,12,Business,2024-07-06,4819.18,Active
7277,4414,11,Savings,2023-07-02,1334.64,Active
7278,4414,11,Fixed Deposit,2023-07-05,6376.38,Active
7279,4414,11,Business,2023-06-24,15875.3,Active
7280,4415,11,Savings,2025-10-08,975.8,Active
7281,4416,9,Savings,2025-12-25,6201.27,Active
7282,4416,9,Business,2025-12-18,16871.52,Active
7283,4417,13,Savings,2025-11-03,841.43,Active
7284,4417,13,Fixed Deposit,2025-11-10,1435.81,Active
7285,4418,14,Savings,2024-05-14,412.78,Active
7286,4419,11,Savings,2025-05-12,3832.7,Active
7287,4419,11,Fixed Deposit,2025-05-02,13897.84,Active
7288,4419,11,Business,2025-05-06,11429.44,Active
7289,4420,17,Savings,2025-02-16,376.44,Active
7290,4421,18,Savings,2025-10-12,1972.19,Active
7291,4421,18,Fixed Deposit,2025-10-15,11529.29,Active
7292,4422,4,Savings,2023-08-07,2553.77,Active
7293,4422,4,Payroll,2023-07-20,2206.0,Active
7294,4423,8,Savings,2025-02-24,2131.22,Dormant
7295,4423,8,Fixed Deposit,2025-03-01,9226.58,Active
7296,4423,8,Business,2025-03-10,10376.84,Active
7297,4424,2,Savings,2024-04-07,1331.42,Active
7298,4424,2,Payroll,2024-03-11,1769.82,Active
7299,4425,15,Payroll,2023-11-12,928.76,Dormant
7300,4426,6,Savings,2023-12-01,1837.26,Dormant
7301,4426,6,Payroll,2023-11-21,1206.13,Active
7302,4427,2,Savings,2024-10-06,4327.58,Active
7303,4427,2,Business,2024-09-20,12763.66,Closed
7304,4428,17,Savings,2025-03-24,609.27,Active
7305,4428,17,Fixed Deposit,2025-03-21,6794.43,Dormant
7306,4429,15,Savings,2024-04-25,486.83,Closed
7307,4429,15,Fixed Deposit,2024-03-29,5818.86,Active
7308,4429,15,Payroll,2024-04-23,742.1,Active
7309,4430,9,Savings,2024-11-26,1746.49,Active
7310,4431,1,Savings,2023-06-22,2856.52,Active
7311,4431,1,Fixed Deposit,2023-07-05,10295.92,Active
7312,4432,5,Savings,2025-12-03,836.11,Active
7313,4432,5,Business,2025-12-31,11327.01,Active
7314,4433,9,Savings,2025-01-13,1813.67,Active
7315,4433,9,Fixed Deposit,2025-01-01,9404.36,Active
7316,4433,9,Business,2025-01-08,7070.81,Active
7317,4434,2,Savings,2024-06-18,859.77,Active
7318,4434,2,Payroll,2024-06-17,426.64,Active
7319,4435,6,Savings,2023-07-01,2902.53,Active
7320,4435,6,Payroll,2023-07-22,1947.2,Active
7321,4436,17,Savings,2023-07-07,233.69,Active
7322,4436,17,Payroll,2023-07-03,314.63,Active
7323,4437,1,Savings,2023-12-15,310.51,Active
7324,4438,5,Savings,2024-05-28,1507.56,Active
7325,4439,9,Savings,2024-12-16,1471.97,Active
7326,4439,9,Payroll,2024-11-25,1005.78,Active
7327,4440,1,Savings,2024-06-01,2168.68,Active
7328,4441,16,Savings,2025-05-25,276.9,Active
7329,4441,16,Fixed Deposit,2025-05-02,2673.2,Active
7330,4442,18,Savings,2025-07-04,949.7,Active
7331,4442,18,Fixed Deposit,2025-07-03,4093.47,Active
7332,4443,12,Savings,2023-06-23,602.31,Active
7333,4444,1,Savings,2024-04-11,116.53,Active
7334,4445,16,Savings,2023-01-31,198.59,Active
7335,4446,7,Savings,2025-01-11,2348.57,Dormant
7336,4446,7,Fixed Deposit,2025-01-24,9339.66,Dormant
7337,4446,7,Business,2025-01-29,9933.54,Active
7338,4447,1,Savings,2023-12-14,557.92,Active
7339,4447,1,Payroll,2023-12-02,355.22,Active
7340,4448,17,Savings,2025-12-12,3558.78,Active
7341,4448,17,Business,2025-12-31,5785.35,Active
7342,4449,1,Savings,2024-05-01,432.43,Active
7343,4449,1,Payroll,2024-04-29,158.4,Active
7344,4450,2,Savings,2023-08-31,2277.17,Active
7345,4451,18,Savings,2024-07-16,676.0,Active
7346,4452,9,Savings,2025-07-08,1256.57,Closed
7347,4453,15,Savings,2026-01-14,841.29,Active
7348,4453,15,Payroll,2026-01-21,963.45,Active
7349,4454,5,Savings,2025-08-23,648.41,Active
7350,4454,5,Payroll,2025-08-21,553.56,Active
7351,4455,14,Savings,2024-11-09,516.55,Active
7352,4455,14,Payroll,2024-11-06,317.4,Active
7353,4456,5,Savings,2025-05-31,992.17,Active
7354,4457,13,Savings,2023-09-20,746.86,Active
7355,4458,7,Savings,2025-10-16,1700.43,Active
7356,4458,7,Payroll,2025-10-15,1395.39,Active
7357,4459,10,Savings,2025-07-23,574.1,Active
7358,4460,8,Savings,2024-10-14,3033.41,Active
7359,4460,8,Fixed Deposit,2024-10-30,12163.13,Active
7360,4460,8,Payroll,2024-10-11,761.44,Active
7361,4461,9,Savings,2024-11-13,1492.28,Closed
7362,4461,9,Fixed Deposit,2024-11-10,6754.13,Active
7363,4462,5,Savings,2025-11-15,4486.55,Active
7364,4462,5,Business,2025-11-27,19127.56,Active
7365,4463,1,Savings,2025-12-28,1982.66,Active
7366,4464,3,Savings,2025-12-16,539.15,Active
7367,4465,8,Savings,2025-05-23,543.63,Active
7368,4466,3,Savings,2024-04-05,395.85,Active
7369,4466,3,Payroll,2024-04-10,354.75,Active
7370,4467,9,Savings,2025-08-06,108.12,Active
7371,4468,4,Savings,2025-03-30,497.42,Active
7372,4469,1,Savings,2025-07-06,1147.98,Closed
7373,4470,9,Savings,2025-03-22,1569.87,Active
7374,4471,3,Savings,2025-09-04,1560.01,Dormant
7375,4471,3,Fixed Deposit,2025-09-03,6338.16,Active
7376,4471,3,Payroll,2025-09-06,485.21,Active
7377,4472,6,Savings,2025-12-22,1130.0,Active
7378,4472,6,Business,2026-01-18,9285.68,Active
7379,4473,8,Savings,2025-08-26,1770.45,Active
7380,4474,8,Savings,2025-12-11,1544.32,Active
7381,4475,5,Savings,2025-12-25,289.25,Active
7382,4475,5,Fixed Deposit,2025-12-22,865.51,Active
7383,4477,5,Savings,2023-10-20,1189.66,Active
7384,4477,5,Payroll,2023-10-14,946.28,Dormant
7385,4478,12,Savings,2024-05-08,936.94,Active
7386,4478,12,Payroll,2024-05-18,242.21,Active
7387,4479,18,Savings,2025-07-04,5579.23,Active
7388,4479,18,Fixed Deposit,2025-06-29,13770.62,Active
7389,4480,14,Savings,2025-04-25,1459.27,Active
7390,4480,14,Payroll,2025-04-19,1019.52,Active
7391,4481,18,Savings,2024-06-08,717.61,Active
7392,4481,18,Fixed Deposit,2024-06-14,3901.84,Active
7393,4481,18,Payroll,2024-06-13,825.08,Active
7394,4482,5,Savings,2025-01-09,1475.41,Active
7395,4483,1,Savings,2025-02-03,4336.07,Closed
7396,4483,1,Business,2025-02-25,21444.13,Active
7397,4484,12,Savings,2025-12-03,635.04,Active
7398,4484,12,Fixed Deposit,2025-11-26,2725.04,Active
7399,4485,4,Savings,2025-11-26,2020.17,Active
7400,4485,4,Fixed Deposit,2025-10-31,8250.81,Dormant
7401,4486,14,Savings,2024-03-25,844.42,Active
7402,4487,17,Business,2024-05-23,15627.82,Active
7403,4488,10,Savings,2025-12-13,2025.32,Active
7404,4488,10,Fixed Deposit,2025-12-19,4250.85,Active
7405,4489,17,Savings,2025-07-02,358.48,Active
7406,4489,17,Fixed Deposit,2025-06-18,1857.88,Active
7407,4490,1,Savings,2025-09-21,146.82,Active
7408,4491,15,Savings,2024-11-13,416.1,Active
7409,4491,15,Payroll,2024-10-29,228.92,Active
7410,4492,6,Savings,2025-08-27,829.6,Dormant
7411,4492,6,Payroll,2025-08-16,429.33,Dormant
7412,4493,18,Savings,2024-01-19,680.58,Active
7413,4494,5,Savings,2024-10-19,1590.25,Dormant
7414,4495,15,Savings,2025-08-15,1474.51,Active
7415,4496,13,Savings,2023-06-05,1602.42,Active
7416,4496,13,Fixed Deposit,2023-06-03,7961.87,Active
7417,4497,12,Savings,2024-03-23,1797.61,Active
7418,4497,12,Business,2024-03-27,10850.37,Active
7419,4498,10,Savings,2025-11-02,1312.3,Active
7420,4498,10,Payroll,2025-11-03,1162.68,Active
7421,4499,10,Savings,2023-08-18,1771.88,Active
7422,4500,16,Savings,2025-11-11,365.55,Active
7423,4501,7,Savings,2024-05-16,2610.94,Active
7424,4501,7,Fixed Deposit,2024-04-30,6631.24,Active
7425,4502,18,Savings,2025-09-07,1369.12,Closed
7426,4502,18,Fixed Deposit,2025-09-04,11851.22,Active
7427,4503,12,Savings,2024-07-12,924.78,Active
7428,4503,12,Fixed Deposit,2024-08-07,3753.57,Active
7429,4504,4,Savings,2024-04-22,856.02,Active
7430,4505,11,Savings,2025-11-07,1992.43,Active
7431,4506,10,Savings,2024-02-26,199.58,Active
7432,4507,4,Savings,2024-08-19,3334.79,Active
7433,4507,4,Business,2024-08-08,9905.47,Active
7434,4508,2,Savings,2023-08-16,1270.66,Active
7435,4509,2,Savings,2023-04-12,985.84,Active
7436,4510,18,Savings,2024-03-06,2142.43,Active
7437,4511,17,Savings,2023-06-21,583.95,Active
7438,4511,17,Fixed Deposit,2023-07-09,6619.05,Active
7439,4511,17,Payroll,2023-07-01,905.35,Active
7440,4512,6,Savings,2024-07-02,610.92,Active
7441,4513,4,Savings,2024-03-14,3795.61,Active
7442,4513,4,Business,2024-03-13,12213.44,Active
7443,4514,7,Savings,2024-11-23,266.41,Active
7444,4516,18,Savings,2025-03-30,2438.61,Active
7445,4516,18,Payroll,2025-03-18,461.14,Active
7446,4517,18,Savings,2023-07-01,4079.68,Active
7447,4517,18,Business,2023-07-25,9735.79,Active
7448,4518,5,Savings,2025-11-22,1119.02,Active
7449,4519,8,Savings,2025-02-10,2293.86,Active
7450,4519,8,Payroll,2025-03-05,790.84,Active
7451,4520,14,Savings,2024-04-04,203.45,Active
7452,4522,14,Savings,2025-06-22,1310.03,Active
7453,4522,14,Business,2025-05-26,14000.14,Active
7454,4523,6,Savings,2023-03-20,1397.71,Active
7455,4524,4,Savings,2024-03-04,932.87,Active
7456,4525,18,Savings,2025-11-14,417.46,Active
7457,4526,2,Savings,2025-06-10,1293.52,Dormant
7458,4527,13,Savings,2025-02-08,741.4,Active
7459,4528,4,Savings,2025-09-23,716.54,Dormant
7460,4529,17,Savings,2025-01-04,1538.84,Closed
7461,4529,17,Payroll,2025-01-11,543.11,Active
7462,4530,7,Savings,2024-06-29,1902.97,Active
7463,4531,6,Savings,2025-06-21,4208.47,Active
7464,4531,6,Business,2025-06-09,3879.81,Active
7465,4532,15,Savings,2025-06-28,998.83,Active
7466,4533,16,Savings,2025-08-06,345.75,Dormant
7467,4533,16,Payroll,2025-08-07,125.72,Active
7468,4535,8,Savings,2024-06-29,1059.94,Active
7469,4535,8,Fixed Deposit,2024-06-12,12608.99,Active
7470,4535,8,Business,2024-06-28,6882.89,Active
7471,4536,4,Savings,2025-01-27,901.3,Active
7472,4537,2,Savings,2025-01-31,1104.99,Active
7473,4537,2,Fixed Deposit,2025-01-21,4108.33,Active
7474,4537,2,Payroll,2025-02-10,619.13,Active
7475,4538,8,Savings,2025-03-16,2383.47,Dormant
7476,4538,8,Payroll,2025-03-28,1132.32,Active
7477,4539,11,Savings,2026-01-21,4733.84,Active
7478,4539,11,Fixed Deposit,2026-01-24,16821.3,Active
7479,4540,4,Savings,2024-11-04,240.03,Active
7480,4541,7,Savings,2025-02-03,4901.97,Active
7481,4541,7,Business,2025-01-12,13135.66,Active
7482,4542,2,Savings,2024-10-17,1403.55,Active
7483,4543,5,Savings,2025-02-22,984.8,Active
7484,4544,3,Savings,2024-06-16,850.62,Dormant
7485,4545,11,Savings,2025-07-29,3710.22,Active
7486,4545,11,Fixed Deposit,2025-08-09,15190.65,Active
7487,4546,10,Savings,2024-05-16,1959.32,Active
7488,4546,10,Fixed Deposit,2024-05-11,8267.67,Active
7489,4547,8,Payroll,2024-08-26,289.02,Active
7490,4548,14,Savings,2024-10-11,1348.1,Active
7491,4549,2,Savings,2025-09-24,1903.8,Active
7492,4550,1,Savings,2024-08-12,145.05,Active
7493,4550,1,Fixed Deposit,2024-08-17,683.86,Dormant
7494,4551,3,Savings,2026-01-15,1762.84,Active
7495,4551,3,Fixed Deposit,2025-12-30,6614.74,Active
7496,4552,18,Savings,2024-07-07,961.21,Active
7497,4553,3,Savings,2025-08-25,1124.37,Active
7498,4554,3,Savings,2023-08-24,1808.58,Active
7499,4554,3,Business,2023-08-17,4241.44,Active
7500,4555,2,Savings,2025-10-10,726.16,Active
7501,4556,7,Savings,2025-01-13,1581.77,Active
7502,4556,7,Fixed Deposit,2025-01-11,6147.31,Active
7503,4556,7,Payroll,2025-01-21,894.51,Active
7504,4557,7,Savings,2026-01-06,1524.32,Active
7505,4557,7,Payroll,2025-12-30,1210.81,Active
7506,4559,11,Savings,2024-10-12,734.2,Active
7507,4560,16,Fixed Deposit,2024-08-17,4568.06,Active
7508,4561,6,Savings,2023-03-14,822.98,Active
7509,4561,6,Payroll,2023-03-16,340.49,Active
7510,4562,12,Savings,2025-07-24,1479.84,Dormant
7511,4562,12,Payroll,2025-07-13,643.19,Active
7512,4563,12,Savings,2025-02-02,1002.85,Active
7513,4563,12,Payroll,2025-02-02,478.15,Active
7514,4564,17,Savings,2024-07-15,555.27,Active
7515,4565,14,Savings,2026-01-19,752.21,Active
7516,4565,14,Payroll,2026-01-03,648.21,Active
7517,4566,1,Savings,2025-09-22,1339.8,Active
7518,4566,1,Fixed Deposit,2025-08-25,3628.64,Active
7519,4566,1,Business,2025-09-06,6764.21,Active
7520,4567,17,Savings,2024-07-29,2534.51,Active
7521,4567,17,Payroll,2024-08-02,2046.91,Active
7522,4568,1,Savings,2023-11-22,6029.91,Active
7523,4568,1,Business,2023-11-22,16122.4,Active
7524,4569,18,Savings,2025-01-01,893.23,Active
7525,4570,10,Savings,2024-02-17,1278.43,Active
7526,4570,10,Business,2024-03-15,5410.02,Active
7527,4571,17,Savings,2024-07-16,1555.1,Active
7528,4571,17,Payroll,2024-07-03,1029.33,Active
7529,4572,6,Savings,2024-12-14,520.96,Active
7530,4572,6,Payroll,2025-01-12,667.58,Active
7531,4573,6,Savings,2023-08-04,1795.57,Closed
7532,4573,6,Fixed Deposit,2023-08-01,12008.99,Dormant
7533,4574,3,Savings,2025-02-16,4558.48,Active
7534,4574,3,Business,2025-03-05,5333.87,Active
7535,4575,5,Payroll,2023-07-02,659.92,Active
7536,4576,17,Savings,2024-12-28,1340.5,Active
7537,4576,17,Payroll,2024-12-30,762.55,Active
7538,4577,17,Savings,2025-08-19,1642.33,Active
7539,4578,17,Savings,2024-05-14,1353.3,Active
7540,4578,17,Payroll,2024-05-08,1157.85,Active
7541,4579,11,Savings,2024-08-28,2928.21,Active
7542,4579,11,Fixed Deposit,2024-09-11,8100.71,Active
7543,4579,11,Payroll,2024-09-13,1437.04,Active
7544,4580,18,Payroll,2023-08-07,378.61,Active
7545,4581,11,Savings,2024-08-15,1928.94,Active
7546,4582,14,Savings,2025-06-04,590.38,Active
7547,4582,14,Payroll,2025-06-04,644.26,Active
7548,4583,8,Business,2024-01-26,10362.07,Active
7549,4584,17,Savings,2025-03-22,1324.37,Active
7550,4585,9,Savings,2025-04-19,3492.04,Active
7551,4585,9,Business,2025-04-17,12117.79,Active
7552,4586,2,Savings,2024-07-24,719.28,Dormant
7553,4586,2,Fixed Deposit,2024-08-13,11558.8,Active
7554,4586,2,Business,2024-07-24,7022.54,Active
7555,4587,10,Savings,2025-11-17,3458.95,Active
7556,4587,10,Business,2025-11-02,13096.62,Active
7557,4588,11,Savings,2024-07-13,266.36,Active
7558,4589,3,Savings,2025-04-23,658.96,Active
7559,4589,3,Fixed Deposit,2025-05-13,5789.21,Active
7560,4590,5,Savings,2025-02-14,207.58,Active
7561,4591,17,Savings,2024-08-11,5007.44,Active
7562,4591,17,Business,2024-08-13,16423.37,Closed
7563,4592,14,Savings,2025-03-25,953.26,Active
7564,4593,14,Savings,2025-08-21,728.34,Active
7565,4594,10,Savings,2023-12-12,226.09,Active
7566,4594,10,Payroll,2023-12-26,252.12,Active
7567,4595,5,Savings,2023-03-19,1260.27,Active
7568,4596,12,Savings,2025-06-30,3169.32,Active
7569,4596,12,Business,2025-06-05,6196.05,Active
7570,4597,1,Savings,2024-11-05,1612.62,Active
7571,4597,1,Payroll,2024-11-10,704.31,Active
7572,4598,10,Savings,2023-05-24,841.38,Active
7573,4598,10,Payroll,2023-06-04,573.55,Active
7574,4599,18,Savings,2024-07-03,1176.75,Active
7575,4599,18,Fixed Deposit,2024-07-08,5432.86,Active
7576,4600,18,Savings,2025-06-29,1042.42,Dormant
7577,4600,18,Payroll,2025-06-12,693.83,Active
7578,4601,17,Savings,2025-07-28,530.95,Active
7579,4602,11,Savings,2023-05-04,496.0,Active
7580,4603,11,Savings,2023-11-23,3639.11,Dormant
7581,4603,11,Fixed Deposit,2023-11-04,8987.35,Dormant
7582,4603,11,Business,2023-10-30,13629.36,Active
7583,4604,18,Savings,2025-07-07,322.81,Closed
7584,4604,18,Payroll,2025-06-20,324.85,Active
7585,4605,14,Savings,2023-11-04,115.19,Active
7586,4605,14,Fixed Deposit,2023-11-02,893.76,Active
7587,4606,15,Savings,2024-04-28,175.02,Active
7588,4606,15,Payroll,2024-04-11,310.04,Active
7589,4607,9,Savings,2023-04-13,932.73,Active
7590,4608,4,Savings,2025-03-06,682.23,Active
7591,4608,4,Payroll,2025-03-19,889.41,Active
7592,4609,6,Savings,2023-12-28,3049.51,Active
7593,4609,6,Fixed Deposit,2024-01-19,8956.68,Closed
7594,4610,17,Savings,2023-09-13,972.12,Active
7595,4611,10,Savings,2023-04-30,1808.15,Active
7596,4613,14,Savings,2024-05-07,859.15,Active
7597,4614,3,Savings,2023-11-04,1431.87,Active
7598,4614,3,Payroll,2023-10-27,1213.53,Active
7599,4615,1,Savings,2025-12-10,462.7,Active
7600,4615,1,Payroll,2025-12-20,338.16,Active
7601,4616,2,Savings,2023-12-22,997.87,Active
7602,4617,1,Savings,2024-07-17,589.75,Active
7603,4618,14,Savings,2024-10-14,2659.04,Dormant
7604,4619,11,Savings,2025-06-02,359.45,Closed
7605,4619,11,Fixed Deposit,2025-06-19,3262.43,Active
7606,4620,3,Savings,2025-06-21,192.94,Active
7607,4621,12,Savings,2025-05-14,504.38,Closed
7608,4621,12,Payroll,2025-06-10,838.45,Active
7609,4622,8,Savings,2024-03-12,2300.24,Active
7610,4622,8,Fixed Deposit,2024-03-26,10841.12,Active
7611,4622,8,Payroll,2024-03-15,981.08,Dormant
7612,4623,5,Savings,2024-11-18,444.4,Active
7613,4624,2,Savings,2025-09-30,816.73,Active
7614,4625,7,Savings,2025-03-20,227.59,Active
7615,4625,7,Payroll,2025-03-15,448.16,Dormant
7616,4626,8,Savings,2024-01-07,1781.22,Active
7617,4626,8,Fixed Deposit,2024-01-05,3161.84,Active
7618,4627,13,Savings,2023-02-08,1028.7,Active
7619,4627,13,Business,2023-02-17,11168.86,Active
7620,4628,8,Savings,2025-11-18,925.14,Active
7621,4628,8,Payroll,2025-11-05,349.72,Active
7622,4629,15,Savings,2024-11-03,1597.35,Active
7623,4630,9,Savings,2024-10-31,352.52,Dormant
7624,4632,2,Fixed Deposit,2024-12-28,6504.06,Active
7625,4632,2,Payroll,2025-01-18,511.26,Active
7626,4633,7,Savings,2024-12-10,1000.35,Dormant
7627,4634,2,Savings,2025-03-31,920.56,Active
7628,4634,2,Payroll,2025-04-27,1126.97,Active
7629,4635,18,Savings,2025-07-26,1295.5,Active
7630,4636,15,Savings,2023-11-15,818.6,Active
7631,4636,15,Payroll,2023-11-18,520.36,Closed
7632,4637,14,Savings,2024-11-08,1345.09,Active
7633,4638,18,Savings,2025-05-29,488.71,Active
7634,4638,18,Fixed Deposit,2025-06-13,4728.21,Active
7635,4639,4,Savings,2024-07-10,1130.25,Active
7636,4639,4,Business,2024-07-07,15865.39,Active
7637,4640,7,Savings,2024-07-28,460.24,Active
7638,4641,9,Savings,2024-01-22,701.16,Active
7639,4642,7,Savings,2024-07-09,2220.25,Active
7640,4642,7,Business,2024-08-05,8646.0,Active
7641,4643,17,Savings,2023-06-12,882.52,Active
7642,4643,17,Payroll,2023-05-31,1040.85,Active
7643,4644,18,Savings,2024-04-15,468.12,Active
7644,4645,4,Savings,2025-07-04,1871.43,Dormant
7645,4645,4,Business,2025-07-27,18156.14,Active
7646,4646,8,Savings,2023-07-28,341.33,Active
7647,4647,4,Fixed Deposit,2024-09-19,2885.98,Active
7648,4647,4,Payroll,2024-09-24,360.48,Active
7649,4648,10,Savings,2025-01-21,2574.2,Active
7650,4648,10,Business,2025-01-23,7513.18,Active
7651,4649,13,Savings,2023-08-28,1790.34,Active
7652,4649,13,Business,2023-08-31,6997.79,Active
7653,4650,9,Savings,2023-04-19,934.27,Active
7654,4651,9,Savings,2025-01-29,221.94,Active
7655,4652,3,Savings,2023-09-06,1781.46,Active
7656,4652,3,Payroll,2023-09-16,305.18,Active
7657,4653,15,Savings,2023-04-28,3699.35,Active
7658,4653,15,Business,2023-05-11,6531.56,Active
7659,4654,7,Savings,2025-02-26,357.67,Active
7660,4654,7,Payroll,2025-02-14,609.96,Dormant
7661,4655,2,Savings,2024-12-29,1185.22,Active
7662,4655,2,Payroll,2024-12-25,698.83,Active
7663,4656,7,Savings,2025-03-25,697.31,Active
7664,4657,4,Savings,2023-08-28,891.33,Active
7665,4657,4,Fixed Deposit,2023-09-15,5794.33,Active
7666,4657,4,Payroll,2023-09-10,954.65,Active
7667,4658,5,Savings,2025-09-26,764.61,Active
7668,4659,1,Savings,2024-02-09,182.78,Active
7669,4660,12,Savings,2025-12-21,1033.66,Active
7670,4660,12,Fixed Deposit,2025-12-29,7835.41,Active
7671,4660,12,Payroll,2026-01-05,722.75,Active
7672,4661,14,Savings,2025-04-21,2553.56,Active
7673,4661,14,Business,2025-04-16,6350.54,Active
7674,4662,15,Savings,2025-10-29,2452.21,Active
7675,4662,15,Fixed Deposit,2025-10-15,5077.96,Active
7676,4662,15,Payroll,2025-10-15,1015.27,Active
7677,4663,15,Savings,2024-10-28,335.87,Dormant
7678,4664,14,Savings,2024-05-17,1177.15,Active
7679,4664,14,Payroll,2024-05-24,433.84,Active
7680,4665,5,Savings,2025-03-29,1129.99,Active
7681,4665,5,Payroll,2025-03-31,553.42,Active
7682,4666,6,Savings,2023-04-18,4414.3,Active
7683,4667,16,Savings,2023-10-29,4242.01,Active
7684,4667,16,Fixed Deposit,2023-11-14,22164.81,Active
7685,4667,16,Business,2023-11-07,11148.41,Active
7686,4668,14,Savings,2025-07-11,1251.02,Active
7687,4669,11,Savings,2025-10-28,1103.64,Active
7688,4669,11,Fixed Deposit,2025-11-09,9501.32,Active
7689,4669,11,Payroll,2025-11-22,1098.42,Active
7690,4670,5,Savings,2023-04-21,2398.18,Active
7691,4670,5,Business,2023-05-02,3466.7,Active
7692,4671,11,Savings,2024-05-16,341.67,Active
7693,4672,9,Savings,2023-09-07,815.43,Dormant
7694,4672,9,Fixed Deposit,2023-09-07,13532.97,Dormant
7695,4672,9,Business,2023-08-12,12200.24,Dormant
7696,4673,15,Savings,2025-04-07,680.6,Active
7697,4673,15,Fixed Deposit,2025-03-11,1700.72,Dormant
7698,4674,7,Savings,2025-07-25,341.02,Active
7699,4674,7,Fixed Deposit,2025-07-18,3926.99,Active
7700,4675,5,Savings,2024-12-14,1115.77,Active
7701,4675,5,Fixed Deposit,2024-12-17,5165.42,Active
7702,4675,5,Payroll,2024-12-10,576.21,Active
7703,4676,11,Savings,2025-06-02,145.02,Active
7704,4677,9,Savings,2024-12-06,348.49,Active
7705,4678,18,Savings,2023-11-04,516.13,Active
7706,4678,18,Fixed Deposit,2023-11-15,6118.51,Active
7707,4679,18,Savings,2025-10-19,564.83,Active
7708,4680,18,Savings,2024-10-06,794.93,Active
7709,4681,5,Savings,2024-06-09,6782.63,Active
7710,4681,5,Business,2024-06-06,19022.27,Dormant
7711,4682,18,Fixed Deposit,2024-12-21,946.63,Active
7712,4683,15,Savings,2025-09-07,972.02,Active
7713,4684,16,Savings,2025-05-27,992.25,Active
7714,4684,16,Fixed Deposit,2025-06-19,5889.89,Active
7715,4684,16,Payroll,2025-06-04,597.43,Active
7716,4685,15,Savings,2025-07-30,3934.34,Active
7717,4685,15,Fixed Deposit,2025-08-15,17456.88,Active
7718,4686,1,Savings,2024-07-31,1604.05,Active
7719,4686,1,Payroll,2024-08-14,834.86,Active
7720,4687,16,Savings,2024-04-17,1384.73,Active
7721,4687,16,Payroll,2024-05-10,1042.81,Closed
7722,4688,2,Savings,2024-08-30,682.63,Active
7723,4689,13,Savings,2023-08-20,4210.47,Active
7724,4690,15,Savings,2026-01-14,1451.82,Active
7725,4691,1,Savings,2024-04-23,3934.64,Active
7726,4691,1,Business,2024-04-26,6617.58,Active
7727,4692,2,Savings,2025-10-16,132.9,Active
7728,4693,9,Savings,2024-05-16,790.47,Active
7729,4694,8,Savings,2024-03-11,1055.04,Active
7730,4694,8,Payroll,2024-02-21,887.45,Active
7731,4695,2,Savings,2025-03-09,2488.06,Active
7732,4695,2,Fixed Deposit,2025-03-07,11040.8,Closed
7733,4696,2,Savings,2025-06-07,465.16,Active
7734,4696,2,Fixed Deposit,2025-06-16,5089.18,Closed
7735,4696,2,Payroll,2025-06-16,871.45,Active
7736,4697,16,Savings,2025-04-16,1021.23,Active
7737,4698,3,Savings,2023-08-27,3215.76,Dormant
7738,4699,9,Savings,2025-11-18,989.28,Active
7739,4699,9,Fixed Deposit,2025-12-05,9520.18,Active
7740,4699,9,Business,2025-11-10,11727.7,Active
7741,4700,1,Savings,2024-10-17,1316.08,Active
7742,4701,14,Savings,2024-06-08,2184.87,Active
7743,4701,14,Fixed Deposit,2024-05-22,4667.22,Active
7744,4701,14,Payroll,2024-05-22,601.71,Active
7745,4702,1,Savings,2025-04-02,210.24,Active
7746,4703,13,Savings,2023-07-28,3255.83,Active
7747,4703,13,Payroll,2023-07-15,1494.14,Closed
7748,4704,11,Savings,2023-07-01,1030.47,Active
7749,4704,11,Payroll,2023-07-24,491.66,Active
7750,4705,7,Savings,2025-06-16,1182.87,Active
7751,4705,7,Business,2025-06-13,11415.43,Active
7752,4706,2,Savings,2025-08-22,330.41,Active
7753,4707,11,Savings,2024-07-20,2153.9,Active
7754,4707,11,Fixed Deposit,2024-07-25,15614.16,Active
7755,4708,14,Savings,2023-05-21,952.71,Active
7756,4709,6,Savings,2023-07-15,778.87,Active
7757,4709,6,Payroll,2023-07-27,537.8,Closed
7758,4710,14,Savings,2025-04-15,596.94,Active
7759,4711,3,Savings,2024-06-11,452.42,Closed
7760,4712,2,Savings,2025-08-31,501.95,Closed
7761,4712,2,Payroll,2025-09-22,1180.93,Active
7762,4713,10,Savings,2024-09-08,1407.79,Active
7763,4713,10,Payroll,2024-08-23,1215.2,Active
7764,4714,4,Savings,2025-03-06,1170.47,Active
7765,4714,4,Fixed Deposit,2025-03-23,7300.35,Dormant
7766,4714,4,Business,2025-03-16,7336.26,Active
7767,4715,11,Savings,2024-02-02,256.79,Active
7768,4715,11,Payroll,2024-01-05,450.37,Active
7769,4716,14,Savings,2025-01-21,3848.44,Dormant
7770,4716,14,Payroll,2025-01-29,840.95,Active
7771,4717,8,Savings,2024-03-08,88.01,Active
7772,4717,8,Fixed Deposit,2024-03-12,633.42,Active
7773,4718,5,Savings,2024-03-08,1909.33,Active
7774,4718,5,Payroll,2024-03-18,579.87,Active
7775,4720,18,Savings,2024-08-20,1466.5,Active
7776,4720,18,Fixed Deposit,2024-08-13,4912.66,Active
7777,4721,1,Savings,2024-06-15,1173.39,Dormant
7778,4722,5,Savings,2025-06-07,816.78,Active
7779,4722,5,Payroll,2025-06-12,647.18,Active
7780,4723,4,Savings,2025-11-07,709.07,Active
7781,4723,4,Payroll,2025-11-18,1127.6,Active
7782,4724,5,Savings,2025-10-08,464.52,Active
7783,4725,15,Savings,2024-06-22,966.63,Active
7784,4725,15,Fixed Deposit,2024-07-04,2455.78,Active
7785,4725,15,Payroll,2024-07-17,346.72,Active
7786,4726,2,Savings,2025-06-22,427.9,Active
7787,4726,2,Payroll,2025-06-23,507.92,Active
7788,4727,6,Savings,2025-10-21,1721.52,Active
7789,4727,6,Fixed Deposit,2025-10-27,4322.32,Active
7790,4727,6,Payroll,2025-10-31,364.03,Active
7791,4728,3,Savings,2023-05-22,1093.01,Active
7792,4729,4,Savings,2025-12-30,437.9,Active
7793,4729,4,Payroll,2025-12-25,1079.36,Active
7794,4730,14,Savings,2024-07-04,359.11,Dormant
7795,4730,14,Payroll,2024-06-18,275.7,Active
7796,4731,14,Savings,2025-03-23,1650.68,Active
7797,4731,14,Payroll,2025-03-12,633.92,Active
7798,4732,18,Savings,2024-03-18,1048.52,Dormant
7799,4732,18,Payroll,2024-03-24,1003.43,Active
7800,4733,8,Business,2024-12-03,1641.4,Active
7801,4734,11,Savings,2025-10-25,2756.99,Active
7802,4735,1,Savings,2024-07-07,564.69,Active
7803,4736,4,Savings,2025-05-18,1156.99,Active
7804,4737,1,Savings,2025-11-01,960.47,Active
7805,4738,17,Savings,2025-04-15,826.17,Active
7806,4739,11,Savings,2024-06-24,218.85,Active
7807,4740,9,Business,2025-12-06,13675.76,Active
7808,4741,3,Savings,2024-10-17,587.13,Dormant
7809,4741,3,Payroll,2024-11-03,1325.21,Active
7810,4742,18,Savings,2024-01-16,291.86,Active
7811,4743,8,Savings,2025-10-26,1112.56,Active
7812,4744,18,Savings,2025-12-21,1520.61,Active
7813,4744,18,Payroll,2025-12-06,655.9,Active
7814,4745,4,Savings,2024-12-19,1565.19,Dormant
7815,4745,4,Business,2025-01-10,7049.15,Active
7816,4746,2,Savings,2023-11-14,2751.44,Active
7817,4746,2,Business,2023-10-25,4987.3,Active
7818,4747,1,Savings,2025-07-08,552.4,Active
7819,4747,1,Payroll,2025-06-30,343.38,Active
7820,4748,18,Savings,2024-07-18,3210.73,Active
7821,4748,18,Payroll,2024-07-14,1405.33,Dormant
7822,4749,8,Savings,2025-07-29,324.82,Active
7823,4750,12,Savings,2025-05-15,2241.7,Active
7824,4750,12,Payroll,2025-06-09,498.37,Active
7825,4751,18,Savings,2024-09-22,1023.45,Active
7826,4751,18,Fixed Deposit,2024-09-28,5868.16,Active
7827,4752,1,Savings,2026-01-09,758.17,Active
7828,4752,1,Fixed Deposit,2025-12-26,10085.83,Active
7829,4752,1,Payroll,2025-12-17,1839.1,Active
7830,4754,18,Savings,2023-09-13,971.15,Closed
7831,4754,18,Payroll,2023-09-29,968.52,Active
7832,4755,15,Savings,2024-01-18,1157.05,Active
7833,4755,15,Payroll,2024-02-11,850.27,Active
7834,4756,4,Savings,2025-04-30,1149.73,Closed
7835,4756,4,Payroll,2025-04-18,566.39,Active
7836,4757,3,Savings,2024-03-28,2221.13,Active
7837,4757,3,Fixed Deposit,2024-04-09,5025.41,Active
7838,4757,3,Business,2024-04-04,13908.89,Active
7839,4758,17,Savings,2023-05-20,1618.47,Dormant
7840,4758,17,Payroll,2023-06-09,481.99,Active
7841,4759,2,Savings,2025-07-28,610.99,Active
7842,4759,2,Fixed Deposit,2025-07-28,2433.71,Active
7843,4760,3,Savings,2023-08-08,603.56,Active
7844,4761,8,Savings,2024-07-11,155.31,Active
7845,4762,11,Savings,2025-08-04,2384.87,Active
7846,4762,11,Business,2025-07-29,5183.73,Active
7847,4763,2,Savings,2023-05-17,1681.5,Active
7848,4764,1,Savings,2024-12-01,844.04,Active
7849,4765,5,Savings,2024-12-13,830.16,Active
7850,4765,5,Payroll,2024-11-20,469.78,Active
7851,4766,5,Savings,2023-08-07,2516.91,Active
7852,4767,14,Savings,2025-12-26,3228.73,Active
7853,4767,14,Business,2025-12-17,8203.25,Dormant
7854,4768,3,Savings,2025-04-01,369.9,Active
7855,4769,6,Savings,2023-12-14,1450.05,Active
7856,4769,6,Business,2023-11-24,10709.44,Active
7857,4770,18,Savings,2025-03-06,1365.29,Closed
7858,4770,18,Business,2025-03-14,2710.08,Active
7859,4771,10,Savings,2024-05-13,997.38,Closed
7860,4772,1,Savings,2024-12-12,392.88,Active
7861,4772,1,Fixed Deposit,2024-12-11,4707.07,Active
7862,4773,5,Savings,2025-01-19,2120.36,Dormant
7863,4773,5,Fixed Deposit,2025-01-19,6181.16,Active
7864,4774,6,Savings,2025-02-17,1186.68,Active
7865,4774,6,Fixed Deposit,2025-03-13,4047.1,Active
7866,4775,15,Savings,2026-01-07,3484.58,Active
7867,4775,15,Fixed Deposit,2025-12-29,4332.36,Active
7868,4775,15,Business,2026-01-09,12208.56,Dormant
7869,4776,18,Savings,2024-09-20,3587.47,Active
7870,4776,18,Fixed Deposit,2024-10-03,7921.53,Active
7871,4776,18,Payroll,2024-09-25,1501.05,Active
7872,4777,4,Savings,2023-07-05,1413.69,Active
7873,4778,5,Savings,2025-05-02,2216.19,Active
7874,4778,5,Business,2025-05-07,7583.65,Active
7875,4779,5,Savings,2024-09-13,1455.45,Active
7876,4780,8,Savings,2025-02-10,1042.1,Active
7877,4780,8,Payroll,2025-02-07,316.5,Active
7878,4781,18,Savings,2024-11-12,1567.96,Active
7879,4781,18,Payroll,2024-10-27,298.31,Active
7880,4782,3,Savings,2024-08-10,278.15,Active
7881,4783,15,Savings,2025-11-19,4576.09,Active
7882,4783,15,Business,2025-11-22,7074.77,Closed
7883,4784,2,Savings,2024-04-29,1470.14,Active
7884,4785,17,Savings,2025-08-23,1780.13,Active
7885,4785,17,Payroll,2025-08-26,592.72,Active
7886,4786,8,Savings,2025-08-25,486.03,Active
7887,4787,6,Savings,2023-07-03,294.45,Active
7888,4787,6,Payroll,2023-06-26,334.62,Active
7889,4788,1,Savings,2023-11-08,104.81,Active
7890,4789,2,Savings,2024-08-05,848.89,Active
7891,4789,2,Fixed Deposit,2024-07-27,5192.23,Active
7892,4790,18,Savings,2025-05-23,1184.66,Active
7893,4790,18,Payroll,2025-05-30,663.37,Closed
7894,4791,14,Savings,2024-06-10,815.43,Active
7895,4791,14,Fixed Deposit,2024-06-17,13965.81,Active
7896,4791,14,Business,2024-05-31,2651.34,Active
7897,4792,7,Savings,2025-09-15,1705.45,Active
7898,4793,2,Savings,2023-08-08,2864.64,Active
7899,4794,18,Savings,2025-11-16,444.97,Active
7900,4794,18,Payroll,2025-11-27,239.3,Active
7901,4795,14,Savings,2025-06-08,659.13,Active
7902,4795,14,Payroll,2025-05-24,213.17,Active
7903,4796,11,Savings,2026-01-08,266.14,Dormant
7904,4797,1,Savings,2023-02-17,194.19,Active
7905,4797,1,Fixed Deposit,2023-02-05,1450.57,Closed
7906,4798,9,Savings,2024-11-11,1926.79,Active
7907,4799,14,Savings,2025-05-21,2425.41,Dormant
7908,4799,14,Business,2025-05-02,9602.37,Active
7909,4800,15,Savings,2023-10-28,2828.75,Active
7910,4800,15,Fixed Deposit,2023-10-15,6857.26,Active
7911,4801,2,Savings,2024-12-23,2018.98,Active
7912,4801,2,Payroll,2024-12-24,693.18,Active
7913,4802,2,Savings,2024-05-27,4643.92,Active
7914,4802,2,Fixed Deposit,2024-05-24,9741.65,Active
7915,4803,6,Savings,2025-08-11,592.85,Active
7916,4803,6,Fixed Deposit,2025-08-03,1843.29,Active
7917,4803,6,Payroll,2025-08-11,214.58,Active
7918,4804,12,Savings,2024-07-12,1710.03,Active
7919,4804,12,Payroll,2024-07-02,954.51,Active
7920,4805,15,Savings,2024-12-05,891.45,Dormant
7921,4805,15,Fixed Deposit,2024-12-02,5049.1,Active
7922,4806,15,Savings,2024-09-02,601.29,Active
7923,4807,2,Savings,2024-08-23,454.03,Active
7924,4807,2,Payroll,2024-09-06,703.62,Dormant
7925,4808,8,Savings,2025-06-12,1017.88,Active
7926,4808,8,Business,2025-05-30,7280.09,Active
7927,4809,16,Savings,2024-08-20,707.62,Active
7928,4809,16,Payroll,2024-08-25,762.68,Active
7929,4810,6,Savings,2025-03-18,1138.51,Dormant
7930,4810,6,Payroll,2025-03-23,532.48,Active
7931,4811,5,Savings,2025-11-14,1068.03,Active
7932,4812,13,Savings,2025-05-13,453.87,Active
7933,4813,9,Savings,2023-12-26,1009.57,Active
7934,4813,9,Business,2023-12-26,11915.04,Active
7935,4814,3,Savings,2023-08-26,2185.28,Active
7936,4814,3,Payroll,2023-09-03,1030.86,Active
7937,4815,18,Savings,2024-12-02,1194.24,Active
7938,4815,18,Fixed Deposit,2024-12-11,6401.87,Active
7939,4815,18,Payroll,2024-12-03,607.08,Active
7940,4816,9,Savings,2025-11-01,559.22,Active
7941,4817,2,Savings,2025-07-06,2028.05,Active
7942,4818,11,Savings,2025-12-09,2745.5,Active
7943,4818,11,Payroll,2025-12-27,599.38,Active
7944,4819,5,Savings,2025-02-18,1297.35,Active
7945,4820,7,Savings,2023-12-20,1308.31,Active
7946,4820,7,Payroll,2023-12-06,931.27,Active
7947,4821,3,Savings,2025-05-24,692.71,Active
7948,4821,3,Payroll,2025-05-31,152.14,Dormant
7949,4822,12,Savings,2025-04-29,312.48,Active
7950,4823,11,Savings,2023-11-25,168.77,Active
7951,4824,17,Savings,2025-12-16,1311.87,Active
7952,4824,17,Fixed Deposit,2025-12-13,6582.46,Active
7953,4825,12,Savings,2024-02-23,790.52,Active
7954,4826,6,Savings,2024-02-26,550.83,Active
7955,4826,6,Fixed Deposit,2024-02-25,2368.36,Active
7956,4826,6,Payroll,2024-02-29,656.44,Active
7957,4827,13,Savings,2025-05-31,2610.79,Active
7958,4827,13,Business,2025-05-04,9785.64,Active
7959,4828,6,Savings,2023-12-08,2647.44,Active
7960,4828,6,Business,2023-12-22,10469.18,Active
7961,4829,5,Savings,2024-08-02,477.6,Active
7962,4830,4,Savings,2025-08-27,528.67,Active
7963,4831,5,Savings,2025-12-17,3557.59,Dormant
7964,4832,9,Savings,2025-03-18,754.49,Active
7965,4832,9,Payroll,2025-03-20,494.53,Active
7966,4833,2,Savings,2026-01-03,1076.73,Active
7967,4835,18,Business,2024-04-04,5939.55,Active
7968,4836,11,Savings,2024-07-11,420.54,Active
7969,4837,18,Savings,2024-03-18,2607.7,Active
7970,4837,18,Fixed Deposit,2024-03-21,12386.63,Active
7971,4838,3,Savings,2023-08-10,583.96,Active
7972,4839,11,Savings,2025-07-20,4649.37,Active
7973,4839,11,Business,2025-08-10,8900.83,Dormant
7974,4840,13,Savings,2025-10-06,599.83,Active
7975,4841,2,Savings,2024-10-29,2593.26,Closed
7976,4841,2,Payroll,2024-10-28,1088.0,Active
7977,4842,7,Savings,2025-07-29,129.03,Active
7978,4843,8,Savings,2024-12-04,643.42,Active
7979,4844,11,Savings,2025-09-07,3619.39,Active
7980,4844,11,Fixed Deposit,2025-08-30,7457.97,Active
7981,4844,11,Payroll,2025-08-28,1016.98,Active
7982,4845,11,Savings,2025-03-20,2010.09,Active
7983,4845,11,Payroll,2025-03-29,1120.52,Active
7984,4846,4,Savings,2025-03-31,2017.17,Active
7985,4846,4,Fixed Deposit,2025-03-21,11525.45,Active
7986,4846,4,Business,2025-04-03,10888.54,Active
7987,4847,8,Savings,2025-09-05,653.79,Active
7988,4847,8,Fixed Deposit,2025-09-25,4030.18,Active
7989,4847,8,Payroll,2025-09-14,263.36,Active
7990,4848,8,Savings,2024-07-12,1612.89,Active
7991,4849,7,Savings,2023-09-07,1967.47,Active
7992,4850,9,Savings,2025-07-03,2898.71,Active
7993,4850,9,Fixed Deposit,2025-06-15,21804.85,Active
7994,4850,9,Business,2025-06-20,15220.93,Closed
7995,4851,2,Savings,2024-09-03,77.27,Dormant
7996,4852,16,Savings,2024-10-31,281.09,Active
7997,4852,16,Fixed Deposit,2024-10-30,1298.95,Active
7998,4853,3,Fixed Deposit,2023-08-27,902.66,Active
7999,4854,13,Savings,2024-06-24,1182.85,Active
8000,4854,13,Payroll,2024-06-14,846.25,Active
8001,4855,12,Savings,2024-03-08,685.2,Dormant
8002,4855,12,Fixed Deposit,2024-03-07,8968.27,Active
8003,4856,3,Savings,2025-10-22,504.26,Active
8004,4856,3,Payroll,2025-11-18,343.51,Active
8005,4857,14,Savings,2023-10-29,456.96,Active
8006,4858,2,Savings,2025-11-03,464.39,Active
8007,4859,1,Savings,2024-01-29,407.42,Active
8008,4859,1,Fixed Deposit,2024-01-13,6132.72,Active
8009,4859,1,Payroll,2024-01-13,609.21,Active
8010,4860,10,Savings,2025-03-07,2269.05,Active
8011,4860,10,Fixed Deposit,2025-03-25,7406.93,Active
8012,4860,10,Payroll,2025-03-25,755.44,Active
8013,4861,13,Savings,2023-06-14,1800.71,Active
8014,4861,13,Payroll,2023-06-19,693.93,Active
8015,4862,10,Savings,2023-04-02,442.62,Active
8016,4863,6,Savings,2025-06-09,1033.22,Active
8017,4864,18,Savings,2025-07-01,1432.35,Active
8018,4865,12,Savings,2025-09-24,2400.98,Active
8019,4865,12,Fixed Deposit,2025-10-18,10147.45,Active
8020,4865,12,Payroll,2025-09-22,666.11,Active
8021,4866,6,Savings,2024-09-05,630.94,Dormant
8022,4867,16,Savings,2025-12-12,120.34,Active
8023,4868,8,Savings,2024-05-22,813.44,Active
8024,4869,3,Fixed Deposit,2025-06-17,3732.85,Active
8025,4870,2,Savings,2024-07-18,1315.51,Active
8026,4871,13,Savings,2024-05-04,75.08,Dormant
8027,4872,14,Savings,2025-11-07,3748.46,Active
8028,4872,14,Fixed Deposit,2025-11-03,12535.59,Active
8029,4872,14,Business,2025-11-13,8637.07,Active
8030,4873,9,Savings,2023-12-14,1029.78,Active
8031,4873,9,Payroll,2023-12-09,522.56,Active
8032,4874,15,Savings,2025-03-11,2035.44,Active
8033,4874,15,Payroll,2025-03-09,881.31,Active
8034,4875,10,Savings,2025-03-06,1677.78,Active
8035,4876,12,Savings,2023-10-18,1270.79,Active
8036,4877,6,Savings,2025-05-10,691.9,Active
8037,4877,6,Payroll,2025-04-29,326.42,Active
8038,4878,13,Savings,2025-09-06,3855.77,Closed
8039,4878,13,Business,2025-09-12,9853.54,Active
8040,4879,5,Savings,2025-12-13,1579.39,Active
8041,4880,3,Savings,2025-01-19,1576.32,Active
8042,4880,3,Fixed Deposit,2025-02-01,4900.61,Active
8043,4881,10,Savings,2025-08-02,1323.47,Dormant
8044,4881,10,Payroll,2025-08-07,502.84,Active
8045,4882,9,Savings,2025-03-04,663.83,Active
8046,4883,16,Savings,2025-12-25,607.37,Active
8047,4883,16,Fixed Deposit,2025-12-20,2916.05,Active
8048,4884,10,Savings,2023-12-26,813.19,Active
8049,4885,18,Savings,2023-08-04,1784.73,Active
8050,4886,7,Savings,2025-01-14,825.31,Active
8051,4887,12,Savings,2024-09-16,1101.56,Active
8052,4888,18,Savings,2024-03-17,1609.7,Active
8053,4888,18,Payroll,2024-03-30,1384.5,Active
8054,4889,1,Savings,2024-10-31,2555.29,Active
8055,4889,1,Fixed Deposit,2024-10-29,3824.29,Dormant
8056,4890,11,Savings,2024-08-26,828.86,Active
8057,4891,13,Savings,2025-02-16,649.64,Active
8058,4891,13,Business,2025-02-22,5898.83,Active
8059,4892,1,Savings,2025-08-23,1051.08,Active
8060,4893,4,Savings,2024-08-03,1360.52,Active
8061,4893,4,Fixed Deposit,2024-08-08,7978.91,Active
8062,4894,18,Savings,2024-03-29,1192.28,Active
8063,4894,18,Fixed Deposit,2024-03-05,6408.53,Active
8064,4895,2,Savings,2025-06-25,1033.28,Active
8065,4896,1,Savings,2025-04-24,690.49,Active
8066,4897,10,Savings,2024-04-26,59.04,Active
8067,4898,5,Savings,2025-12-18,3474.19,Active
8068,4898,5,Business,2025-11-24,38722.21,Active
8069,4899,7,Savings,2023-12-25,744.01,Active
8070,4899,7,Payroll,2023-12-30,374.27,Active
8071,4900,15,Savings,2024-01-11,1323.87,Active
8072,4900,15,Payroll,2024-01-10,376.43,Active
8073,4901,5,Savings,2023-10-13,2650.22,Active
8074,4901,5,Payroll,2023-10-28,996.78,Active
8075,4902,14,Savings,2024-11-21,968.24,Active
8076,4903,4,Savings,2024-08-27,1535.57,Active
8077,4903,4,Payroll,2024-08-06,402.26,Active
8078,4904,9,Savings,2025-10-14,3045.82,Active
8079,4904,9,Business,2025-10-23,15205.16,Active
8080,4905,7,Savings,2023-10-13,441.44,Active
8081,4905,7,Payroll,2023-10-24,291.07,Active
8082,4906,4,Savings,2025-04-20,3787.67,Active
8083,4906,4,Fixed Deposit,2025-05-07,19988.77,Active
8084,4907,12,Savings,2025-08-20,1624.89,Active
8085,4908,16,Savings,2024-04-18,909.03,Active
8086,4909,5,Savings,2024-05-29,3531.18,Active
8087,4909,5,Payroll,2024-06-01,1143.15,Active
8088,4910,17,Savings,2024-10-08,963.82,Closed
8089,4911,4,Savings,2023-12-20,1714.07,Active
8090,4911,4,Fixed Deposit,2023-12-15,5276.81,Active
8091,4912,11,Savings,2024-06-15,528.34,Dormant
8092,4912,11,Payroll,2024-06-03,215.38,Active
8093,4913,14,Savings,2025-04-29,662.49,Active
8094,4913,14,Business,2025-05-18,7037.41,Closed
8095,4914,4,Savings,2025-03-24,842.08,Active
8096,4915,18,Savings,2024-04-02,2461.02,Active
8097,4915,18,Business,2024-04-06,8915.31,Active
8098,4916,9,Savings,2025-12-27,464.89,Active
8099,4917,12,Savings,2025-04-17,2645.28,Active
8100,4918,15,Savings,2023-12-27,1327.4,Active
8101,4918,15,Fixed Deposit,2024-01-06,9245.76,Active
8102,4919,2,Savings,2025-10-15,690.33,Active
8103,4919,2,Fixed Deposit,2025-11-05,3619.33,Dormant
8104,4919,2,Payroll,2025-10-23,323.6,Active
8105,4920,6,Savings,2023-02-13,1494.14,Active
8106,4920,6,Fixed Deposit,2023-02-06,6313.2,Active
8107,4920,6,Payroll,2023-02-02,559.6,Active
8108,4921,7,Savings,2025-04-30,722.05,Active
8109,4922,9,Savings,2023-10-12,943.02,Closed
8110,4923,7,Savings,2024-04-28,2667.54,Dormant
8111,4923,7,Payroll,2024-04-27,756.67,Active
8112,4924,13,Savings,2024-07-31,1429.38,Active
8113,4924,13,Business,2024-08-27,7436.65,Active
8114,4925,3,Savings,2024-09-11,483.41,Active
8115,4926,7,Savings,2023-07-28,1923.82,Closed
8116,4927,10,Savings,2025-12-03,4739.39,Active
8117,4927,10,Fixed Deposit,2025-11-22,17697.69,Dormant
8118,4927,10,Business,2025-11-14,15899.88,Closed
8119,4928,6,Savings,2025-03-06,373.92,Active
8120,4929,9,Savings,2024-08-26,1198.57,Active
8121,4929,9,Fixed Deposit,2024-09-14,3811.19,Active
8122,4930,7,Savings,2023-06-16,1423.97,Active
8123,4930,7,Fixed Deposit,2023-06-21,3957.46,Active
8124,4931,4,Fixed Deposit,2024-11-03,728.05,Active
8125,4932,8,Savings,2025-11-22,1621.29,Active
8126,4933,3,Savings,2024-04-24,889.29,Active
8127,4934,1,Savings,2023-04-12,1286.01,Active
8128,4935,7,Savings,2024-08-14,1038.71,Active
8129,4936,10,Savings,2024-07-14,63.9,Active
8130,4937,14,Savings,2024-09-11,1274.89,Active
8131,4937,14,Business,2024-09-05,9489.17,Active
8132,4938,10,Savings,2024-06-02,1882.82,Active
8133,4938,10,Fixed Deposit,2024-06-08,3523.53,Active
8134,4938,10,Payroll,2024-06-06,1269.49,Active
8135,4939,2,Business,2024-03-20,18907.25,Active
8136,4941,9,Savings,2025-10-17,152.39,Active
8137,4942,1,Savings,2024-09-08,1324.36,Active
8138,4942,1,Payroll,2024-08-25,473.48,Active
8139,4943,7,Savings,2024-12-31,1026.22,Active
8140,4944,5,Savings,2025-04-08,1681.41,Active
8141,4944,5,Fixed Deposit,2025-03-28,10214.8,Active
8142,4945,6,Savings,2025-06-20,518.3,Active
8143,4946,7,Savings,2023-06-15,1718.97,Active
8144,4946,7,Payroll,2023-06-04,488.52,Active
8145,4948,7,Savings,2024-02-01,1236.69,Active
8146,4948,7,Business,2024-02-19,6219.13,Active
8147,4949,4,Savings,2024-08-09,834.2,Active
8148,4950,18,Savings,2025-07-28,445.52,Active
8149,4951,2,Savings,2024-03-30,2177.69,Active
8150,4951,2,Fixed Deposit,2024-03-29,8592.5,Active
8151,4951,2,Payroll,2024-03-28,627.38,Active
8152,4952,17,Savings,2023-12-24,1110.45,Active
8153,4952,17,Payroll,2023-12-29,808.2,Dormant
8154,4953,1,Savings,2023-06-19,1527.6,Active
8155,4953,1,Fixed Deposit,2023-07-06,17222.11,Active
8156,4953,1,Business,2023-06-29,15054.37,Dormant
8157,4954,4,Savings,2025-09-13,2489.98,Active
8158,4954,4,Fixed Deposit,2025-08-23,5797.71,Active
8159,4954,4,Payroll,2025-08-30,1593.68,Active
8160,4955,3,Savings,2025-06-05,2653.91,Active
8161,4955,3,Business,2025-06-05,4378.41,Active
8162,4956,5,Savings,2025-11-28,149.32,Closed
8163,4956,5,Fixed Deposit,2025-11-25,1026.79,Active
8164,4957,3,Savings,2025-02-21,339.46,Active
8165,4958,18,Savings,2025-07-23,704.76,Active
8166,4959,2,Savings,2024-12-10,433.3,Active
8167,4959,2,Fixed Deposit,2024-12-24,4741.83,Active
8168,4960,1,Savings,2025-12-26,1642.57,Active
8169,4960,1,Fixed Deposit,2025-12-27,5639.8,Active
8170,4961,16,Savings,2025-07-23,1071.8,Active
8171,4961,16,Payroll,2025-07-12,1076.14,Active
8172,4962,9,Savings,2025-11-26,360.94,Active
8173,4962,9,Payroll,2025-11-21,157.79,Active
8174,4963,5,Savings,2025-08-16,368.83,Active
8175,4964,12,Savings,2024-12-12,613.24,Active
8176,4964,12,Payroll,2025-01-02,206.42,Active
8177,4965,14,Savings,2025-12-26,1321.85,Active
8178,4965,14,Payroll,2026-01-06,674.81,Active
8179,4966,13,Savings,2023-11-03,1522.75,Active
8180,4966,13,Payroll,2023-10-26,360.96,Active
8181,4967,14,Savings,2025-10-28,728.45,Active
8182,4967,14,Fixed Deposit,2025-10-04,8972.21,Active
8183,4967,14,Payroll,2025-10-03,686.97,Active
8184,4968,1,Savings,2024-02-24,2401.9,Dormant
8185,4968,1,Fixed Deposit,2024-03-10,11324.35,Active
8186,4969,2,Savings,2025-05-11,681.85,Active
8187,4970,4,Savings,2025-04-23,604.52,Closed
8188,4970,4,Payroll,2025-04-08,464.41,Active
8189,4971,3,Savings,2024-11-24,4787.19,Active
8190,4971,3,Fixed Deposit,2024-11-13,15026.09,Active
8191,4971,3,Business,2024-11-23,12577.44,Active
8192,4972,10,Savings,2023-08-02,1270.79,Active
8193,4973,4,Savings,2025-04-01,50.4,Active
8194,4974,7,Savings,2025-03-12,985.13,Dormant
8195,4974,7,Fixed Deposit,2025-02-25,4102.85,Active
8196,4975,17,Savings,2024-06-03,1181.92,Active
8197,4976,8,Savings,2025-04-30,1253.17,Active
8198,4976,8,Payroll,2025-04-11,409.52,Closed
8199,4977,17,Savings,2024-07-22,2657.36,Active
8200,4977,17,Fixed Deposit,2024-07-30,9792.35,Active
8201,4978,9,Savings,2024-04-25,1043.34,Active
8202,4978,9,Payroll,2024-04-03,456.91,Active
8203,4979,2,Savings,2025-12-21,402.42,Active
8204,4979,2,Payroll,2025-12-18,379.97,Active
8205,4980,9,Savings,2023-10-06,1100.01,Active
8206,4980,9,Payroll,2023-11-05,546.78,Active
8207,4981,5,Savings,2025-06-11,687.15,Dormant
8208,4981,5,Payroll,2025-07-06,589.23,Active
8209,4982,4,Savings,2025-05-07,495.79,Active
8210,4983,17,Savings,2024-09-08,1368.17,Closed
8211,4983,17,Business,2024-09-05,6980.56,Dormant
8212,4984,8,Savings,2024-12-10,1965.94,Active
8213,4984,8,Payroll,2024-12-27,1051.17,Closed
8214,4985,16,Savings,2025-01-24,134.45,Active
8215,4986,12,Savings,2025-08-15,305.23,Active
8216,4987,12,Savings,2025-11-23,1161.76,Closed
8217,4987,12,Payroll,2025-12-08,862.08,Active
8218,4988,4,Savings,2025-01-28,286.52,Closed
8219,4988,4,Fixed Deposit,2025-01-21,4808.82,Active
8220,4988,4,Payroll,2025-02-01,305.94,Active
8221,4989,4,Savings,2024-02-28,641.4,Active
8222,4989,4,Fixed Deposit,2024-02-02,6904.19,Active
8223,4989,4,Business,2024-02-07,8150.29,Active
8224,4990,9,Savings,2024-06-17,629.69,Active
8225,4991,10,Savings,2023-08-15,977.0,Active
8226,4992,18,Savings,2025-04-23,1153.1,Active
8227,4992,18,Fixed Deposit,2025-05-04,5395.13,Active
8228,4994,6,Savings,2025-02-26,1813.44,Active
8229,4995,17,Savings,2023-02-07,350.49,Active
8230,4996,9,Savings,2023-11-14,1163.98,Active
8231,4997,5,Savings,2023-05-05,3952.05,Active
8232,4997,5,Payroll,2023-05-09,1446.71,Active
8233,4998,18,Savings,2024-08-17,1667.73,Active
8234,4999,11,Savings,2024-06-09,2565.92,Active
