loan_id,customer_id,branch_id,loan_type,loan_amount,interest_rate,term_months,issue_date,maturity_date,outstanding_balance,loan_status
1,2,8,Agriculture Loan,5471.14,12.49,48,2024-05-25,2028-05-25,3400.04,Current
2,3,13,Agriculture Loan,5093.95,10.85,12,2025-06-13,2026-06-13,2532.56,Current
3,4,3,Vehicle Loan,19888.2,14.14,24,2024-06-29,2026-06-29,5206.08,Past Due
4,6,9,Housing Loan,24986.94,9.87,144,2024-10-28,2036-10-28,23109.78,Defaulted
5,7,14,Vehicle Loan,7025.28,12.35,36,2025-11-21,2028-11-21,6813.54,Current
6,10,2,Agriculture Loan,3568.52,13.16,36,2025-03-26,2028-03-26,2757.96,Current
7,11,8,Personal Loan,5863.57,12.84,48,2025-07-11,2029-07-11,5403.5,Current
8,15,4,Housing Loan,49688.27,8.56,168,2025-01-02,2039-01-02,46440.1,Current
9,18,1,SME Loan,30000.06,13.36,72,2025-09-12,2031-09-12,27929.49,Current
10,20,3,SME Loan,34016.45,10.35,84,2024-09-26,2031-09-26,28101.44,Current
11,22,18,Housing Loan,39115.5,8.67,216,2024-02-11,2042-02-11,34997.58,Current
12,23,3,Agriculture Loan,4347.5,9.76,24,2025-06-12,2027-06-12,3195.91,Current
13,24,15,Vehicle Loan,8135.99,10.59,24,2024-05-23,2026-05-23,1655.31,Defaulted
14,27,5,Housing Loan,105153.74,9.09,72,2024-09-08,2030-09-08,80768.98,Current
15,28,13,Housing Loan,35854.28,11.03,216,2025-02-05,2043-02-05,34481.93,Current
16,29,17,Vehicle Loan,5212.62,12.08,60,2025-12-08,2030-12-08,5027.32,Current
17,30,1,Personal Loan,15208.49,13.02,24,2025-09-07,2027-09-07,13428.41,Current
18,32,5,Vehicle Loan,19382.19,13.91,24,2025-10-23,2027-10-23,18544.89,Current
19,33,15,SME Loan,19292.15,11.6,84,2024-10-10,2031-10-10,15307.7,Current
20,36,12,Personal Loan,12222.36,12.65,36,2025-06-06,2028-06-06,10416.5,Current
21,37,10,Personal Loan,3517.72,17.5,48,2025-06-27,2029-06-27,3038.27,Past Due
22,39,8,SME Loan,27883.68,15.72,60,2025-06-15,2030-06-15,26189.58,Current
23,40,9,Agriculture Loan,4968.63,13.96,24,2025-10-25,2027-10-25,4732.57,Past Due
24,41,11,Housing Loan,20256.81,11.09,120,2025-05-19,2035-05-19,19545.92,Current
25,43,4,Housing Loan,16302.44,8.49,72,2025-07-15,2031-07-15,15321.09,Non-Performing
26,44,16,Vehicle Loan,11450.69,11.55,60,2025-07-24,2030-07-24,10122.68,Current
27,45,2,Housing Loan,98690.78,8.53,60,2025-02-19,2030-02-19,83839.98,Current
28,45,2,SME Loan,37132.7,14.82,24,2025-03-07,2027-03-07,22334.75,Past Due
29,46,7,Vehicle Loan,14443.55,12.44,36,2025-11-23,2028-11-23,13742.46,Non-Performing
30,47,13,Vehicle Loan,22798.02,13.17,48,2025-05-26,2029-05-26,20381.22,Current
31,50,17,Personal Loan,5757.65,16.71,60,2023-12-11,2028-12-11,3458.32,Current
32,52,17,Vehicle Loan,8010.27,14.34,48,2026-01-06,2030-01-06,7909.49,Current
33,56,17,Housing Loan,78994.13,8.95,96,2025-08-16,2033-08-16,72714.56,Current
34,58,10,Housing Loan,85258.23,11.3,84,2025-06-10,2032-06-10,76520.43,Current
35,59,7,Personal Loan,7474.03,12.69,36,2024-08-15,2027-08-15,3966.79,Current
36,61,5,Vehicle Loan,8023.79,12.52,36,2026-01-29,2029-01-29,7657.48,Current
37,62,6,Personal Loan,1318.21,13.5,48,2024-09-18,2028-09-18,894.82,Current
38,66,18,Agriculture Loan,10623.46,9.26,48,2025-05-21,2029-05-21,9439.58,Defaulted
39,71,14,Vehicle Loan,7487.51,12.68,36,2025-04-01,2028-04-01,5551.1,Current
40,72,13,Personal Loan,6246.09,14.87,12,2024-11-09,2025-11-09,0.0,Closed
41,73,8,Personal Loan,17250.16,14.28,12,2025-10-26,2026-10-26,14973.64,Current
42,74,17,Personal Loan,3914.11,15.21,48,2025-06-14,2029-06-14,3436.05,Current
43,75,6,Vehicle Loan,14797.08,13.67,24,2024-12-23,2026-12-23,7126.35,Current
44,76,18,Vehicle Loan,3090.72,10.42,48,2025-07-18,2029-07-18,2895.82,Past Due
45,77,11,Housing Loan,20602.32,11.18,204,2025-12-29,2042-12-29,20787.9,Current
46,79,16,SME Loan,41948.51,13.43,60,2024-11-03,2029-11-03,33122.91,Current
47,80,7,Housing Loan,12561.22,11.72,216,2025-09-24,2043-09-24,12582.3,Current
48,84,11,Personal Loan,7928.82,17.39,60,2025-05-01,2030-05-01,6744.13,Current
49,85,10,Personal Loan,5781.34,14.63,60,2025-07-05,2030-07-05,5327.65,Defaulted
50,87,18,SME Loan,10646.64,15.92,48,2025-05-15,2029-05-15,9412.78,Current
51,88,5,Housing Loan,80861.27,10.35,60,2025-02-25,2030-02-25,69577.08,Current
52,89,7,Personal Loan,10928.83,17.51,24,2025-06-09,2027-06-09,8507.44,Current
53,91,1,Vehicle Loan,4694.09,15.0,24,2024-12-12,2026-12-12,2440.23,Current
54,92,9,Housing Loan,21632.87,11.11,84,2025-03-08,2032-03-08,18419.16,Current
55,93,5,SME Loan,47451.37,13.64,84,2025-06-26,2032-06-26,42111.06,Current
56,99,2,Housing Loan,27120.28,8.5,96,2025-05-04,2033-05-04,25733.18,Current
57,101,1,Housing Loan,94890.25,9.08,72,2025-09-24,2031-09-24,86885.27,Current
58,101,1,SME Loan,34478.15,15.3,72,2025-09-24,2031-09-24,31692.54,Current
59,103,4,Agriculture Loan,1554.74,12.92,24,2025-03-15,2027-03-15,1015.05,Current
60,105,7,Housing Loan,26919.81,10.6,192,2025-09-09,2041-09-09,26521.32,Current
61,106,5,SME Loan,19354.13,10.8,24,2025-06-24,2027-06-24,14676.7,Current
62,107,6,Personal Loan,8622.85,14.45,60,2024-12-11,2029-12-11,6578.24,Current
63,108,13,SME Loan,49307.38,13.43,36,2025-12-06,2028-12-06,50036.88,Current
64,109,6,Personal Loan,7891.85,15.29,48,2023-12-13,2027-12-13,3950.95,Current
65,112,3,Agriculture Loan,4555.75,11.6,24,2025-04-05,2027-04-05,2845.68,Current
66,113,7,Vehicle Loan,5150.68,10.28,60,2024-06-14,2029-06-14,3538.38,Past Due
67,114,9,Personal Loan,4645.07,16.96,48,2025-08-26,2029-08-26,4300.92,Current
68,116,5,Vehicle Loan,14010.72,14.79,24,2025-06-28,2027-06-28,10705.24,Current
69,117,12,Vehicle Loan,4975.51,10.05,48,2025-06-13,2029-06-13,4208.12,Past Due
70,120,9,SME Loan,25333.41,15.03,72,2025-11-17,2031-11-17,24713.19,Current
71,122,3,Housing Loan,124982.32,9.88,228,2023-11-14,2042-11-14,106211.06,Current
72,123,9,Vehicle Loan,18096.45,12.47,48,2024-09-18,2028-09-18,12612.49,Current
73,126,15,Agriculture Loan,6366.22,10.83,36,2024-10-29,2027-10-29,3883.69,Current
74,128,18,Housing Loan,16878.81,10.35,228,2023-10-08,2042-10-08,14926.74,Current
75,129,8,Housing Loan,73423.02,11.67,180,2025-02-23,2040-02-23,67205.42,Current
76,130,4,Personal Loan,5598.58,15.59,24,2024-09-29,2026-09-29,2127.55,Defaulted
77,132,12,Agriculture Loan,6897.6,12.81,36,2025-05-26,2028-05-26,5713.09,Past Due
78,133,17,Housing Loan,39062.21,9.76,192,2025-12-21,2041-12-21,40897.41,Defaulted
79,135,7,Vehicle Loan,10718.62,13.75,48,2025-05-12,2029-05-12,9409.41,Current
80,138,18,SME Loan,30773.33,15.87,48,2023-12-05,2027-12-05,14827.34,Current
81,141,6,Housing Loan,38730.55,9.49,240,2023-08-16,2043-08-16,34941.58,Current
82,145,12,Vehicle Loan,2267.68,13.11,24,2025-11-04,2027-11-04,2176.37,Current
83,146,1,Vehicle Loan,8179.26,14.48,36,2025-03-31,2028-03-31,6041.22,Non-Performing
84,147,5,Vehicle Loan,13895.57,12.95,36,2025-04-26,2028-04-26,10470.03,Current
85,148,18,Agriculture Loan,3133.36,13.04,36,2025-06-25,2028-06-25,2516.3,Current
86,152,4,Vehicle Loan,3037.15,11.96,36,2025-06-03,2028-06-03,2413.66,Current
87,153,10,Housing Loan,25357.13,9.81,60,2025-07-30,2030-07-30,23058.97,Non-Performing
88,155,17,Vehicle Loan,16415.63,14.48,36,2025-03-04,2028-03-04,11890.76,Current
89,156,5,Personal Loan,4671.13,15.92,12,2025-03-07,2026-03-07,1127.55,Current
90,157,3,SME Loan,20717.77,14.75,60,2026-01-09,2031-01-09,20668.58,Defaulted
91,162,1,SME Loan,21823.97,10.61,60,2024-05-04,2029-05-04,14451.79,Current
92,164,4,Housing Loan,26716.94,8.16,60,2024-08-28,2029-08-28,19623.94,Current
93,165,2,Vehicle Loan,5284.34,11.92,24,2025-04-09,2027-04-09,3453.17,Current
94,166,15,Agriculture Loan,1750.96,9.01,24,2025-02-14,2027-02-14,1022.23,Current
95,167,3,SME Loan,32478.44,14.68,48,2025-10-31,2029-10-31,30572.67,Current
96,170,6,Vehicle Loan,2976.59,11.14,48,2025-01-29,2029-01-29,2285.45,Current
97,171,17,Personal Loan,4596.66,12.28,24,2024-09-15,2026-09-15,1670.02,Current
98,172,2,Housing Loan,111827.17,8.97,168,2025-02-07,2039-02-07,99962.12,Current
99,173,14,Vehicle Loan,25469.54,13.86,60,2025-06-07,2030-06-07,22818.19,Current
100,175,18,Vehicle Loan,7582.63,11.59,60,2025-05-18,2030-05-18,6640.4,Current
101,177,4,Vehicle Loan,7733.74,10.15,48,2024-11-25,2028-11-25,5766.17,Current
102,179,18,Personal Loan,12050.88,15.56,60,2024-11-09,2029-11-09,9131.12,Current
103,181,15,Personal Loan,2648.9,12.1,36,2025-06-27,2028-06-27,2295.12,Past Due
104,182,16,Personal Loan,9301.81,13.64,48,2025-12-24,2029-12-24,9110.9,Current
105,185,6,Personal Loan,10637.0,13.39,36,2025-05-27,2028-05-27,8614.57,Current
106,190,11,Vehicle Loan,12606.54,13.79,48,2025-06-21,2029-06-21,10492.94,Current
107,191,2,Personal Loan,4783.85,12.56,36,2025-09-15,2028-09-15,4465.26,Current
108,193,10,Housing Loan,65093.12,11.44,96,2025-08-26,2033-08-26,62192.52,Current
109,194,12,Agriculture Loan,5258.89,12.71,36,2024-12-15,2027-12-15,3367.31,Non-Performing
110,198,17,Vehicle Loan,8754.21,11.02,36,2025-05-27,2028-05-27,6965.36,Past Due
111,200,17,Housing Loan,21032.44,10.43,120,2024-11-22,2034-11-22,19570.44,Current
112,201,11,Housing Loan,58924.24,9.51,120,2025-11-11,2035-11-11,59511.66,Current
113,202,6,Agriculture Loan,2717.46,9.49,24,2025-03-05,2027-03-05,1537.96,Current
114,203,6,Personal Loan,10859.18,13.56,36,2024-10-09,2027-10-09,6737.38,Current
115,204,9,Personal Loan,24156.32,13.51,12,2025-05-29,2026-05-29,10469.39,Defaulted
116,207,13,Housing Loan,68654.49,9.22,84,2024-10-24,2031-10-24,57880.06,Current
117,208,12,Vehicle Loan,26813.98,11.27,36,2025-10-13,2028-10-13,25919.76,Current
118,209,15,SME Loan,48053.42,12.43,24,2025-02-23,2027-02-23,29268.85,Current
119,210,6,Housing Loan,42960.62,11.39,108,2025-01-23,2034-01-23,37602.08,Current
120,213,8,Agriculture Loan,4619.04,11.65,36,2025-03-22,2028-03-22,3616.71,Non-Performing
121,216,13,Personal Loan,10855.54,15.18,36,2024-08-22,2027-08-22,5805.1,Non-Performing
122,217,17,Housing Loan,53122.96,11.81,84,2025-03-24,2032-03-24,46260.54,Current
123,218,4,Personal Loan,8519.1,13.93,60,2025-06-02,2030-06-02,7549.2,Current
124,223,18,Housing Loan,18137.02,8.61,216,2025-05-17,2043-05-17,17272.68,Current
125,228,15,SME Loan,36427.92,12.63,84,2024-07-29,2031-07-29,28418.98,Current
126,229,13,Personal Loan,3646.58,12.77,48,2025-10-30,2029-10-30,3457.22,Non-Performing
127,230,18,Housing Loan,29050.05,9.84,192,2024-10-27,2040-10-27,28143.91,Current
128,231,10,Housing Loan,52476.32,10.71,240,2026-01-04,2046-01-04,54535.95,Current
129,233,8,Vehicle Loan,5371.27,13.3,24,2024-10-06,2026-10-06,2062.27,Current
130,234,10,Personal Loan,8854.52,15.05,48,2026-01-06,2030-01-06,8984.75,Current
131,235,5,Agriculture Loan,5214.43,9.63,24,2025-04-13,2027-04-13,3532.92,Current
132,236,5,SME Loan,32704.6,11.19,24,2025-06-29,2027-06-29,24940.16,Current
133,237,18,Vehicle Loan,8765.43,11.42,24,2024-01-24,2026-01-24,366.76,Current
134,240,2,Vehicle Loan,13783.53,13.13,24,2024-06-17,2026-06-17,3509.78,Current
135,241,6,Vehicle Loan,13089.65,13.05,60,2025-12-20,2030-12-20,13553.0,Current
136,242,10,Vehicle Loan,14451.37,13.16,36,2025-07-04,2028-07-04,12539.78,Non-Performing
137,248,13,Housing Loan,18187.4,8.96,144,2025-06-01,2037-06-01,17452.03,Current
138,249,10,Vehicle Loan,2202.84,14.08,36,2025-05-30,2028-05-30,1745.43,Past Due
139,251,9,Vehicle Loan,2643.49,10.58,60,2025-05-27,2030-05-27,2254.28,Current
140,255,7,Housing Loan,65577.03,8.55,168,2025-05-24,2039-05-24,63871.87,Current
141,258,6,SME Loan,36585.53,13.31,48,2025-12-20,2029-12-20,37144.14,Defaulted
142,260,10,Agriculture Loan,2867.26,12.64,12,2025-07-03,2026-07-03,1428.07,Current
143,261,5,Housing Loan,33017.03,9.41,180,2024-12-11,2039-12-11,30559.09,Current
144,265,1,Vehicle Loan,5843.36,14.47,36,2025-11-30,2028-11-30,5484.21,Current
145,266,3,SME Loan,53124.9,10.32,36,2024-02-14,2027-02-14,19698.67,Current
146,268,18,Personal Loan,11804.91,17.16,12,2025-11-09,2026-11-09,11166.58,Current
147,269,18,Vehicle Loan,6553.63,11.29,48,2024-10-09,2028-10-09,4625.76,Current
148,270,16,Vehicle Loan,8839.94,11.04,48,2025-06-11,2029-06-11,7484.56,Current
149,272,6,Vehicle Loan,7097.87,10.69,60,2025-06-22,2030-06-22,6627.69,Defaulted
150,274,18,Housing Loan,56970.22,8.88,144,2025-07-05,2037-07-05,55357.35,Current
151,277,6,Housing Loan,19945.12,8.2,228,2025-07-03,2044-07-03,19262.28,Current
152,279,6,Housing Loan,16025.8,9.54,204,2025-08-23,2042-08-23,15812.27,Current
153,280,2,Agriculture Loan,3549.59,9.01,24,2025-11-03,2027-11-03,3451.45,Current
154,282,3,Personal Loan,2053.45,14.86,60,2026-01-05,2031-01-05,2071.06,Current
155,284,8,Vehicle Loan,4236.02,10.5,36,2024-01-18,2027-01-18,1473.79,Non-Performing
156,286,3,Housing Loan,50433.35,8.22,120,2024-12-12,2034-12-12,44052.78,Past Due
157,288,11,Housing Loan,39047.21,8.43,60,2024-02-04,2029-02-04,24927.62,Current
158,290,10,Personal Loan,12455.98,12.27,60,2024-11-20,2029-11-20,9832.18,Current
159,291,5,Agriculture Loan,5471.58,13.89,24,2025-11-13,2027-11-13,5181.06,Current
160,292,13,Housing Loan,11253.17,8.51,180,2024-04-25,2039-04-25,10369.07,Current
161,293,16,Vehicle Loan,19489.37,12.16,36,2025-08-12,2028-08-12,18073.63,Current
162,294,7,Personal Loan,15464.36,15.41,36,2025-06-05,2028-06-05,12655.92,Current
163,295,1,Housing Loan,42949.77,8.38,108,2025-09-28,2034-09-28,40564.73,Current
164,298,3,SME Loan,72678.06,14.96,84,2025-12-08,2032-12-08,69426.27,Non-Performing
165,300,17,Housing Loan,88192.94,8.02,168,2025-11-26,2039-11-26,83517.19,Current
166,301,2,Personal Loan,10891.58,14.79,36,2024-06-01,2027-06-01,5338.05,Current
167,302,3,Personal Loan,9292.32,12.96,24,2025-06-22,2027-06-22,7293.6,Non-Performing
168,304,1,Vehicle Loan,11123.23,12.97,60,2025-06-07,2030-06-07,10322.21,Current
169,305,9,Vehicle Loan,4029.17,13.04,60,2025-04-21,2030-04-21,3358.69,Past Due
170,307,13,SME Loan,58645.12,11.82,72,2025-06-16,2031-06-16,53562.75,Current
171,307,13,Housing Loan,51731.6,10.67,72,2025-04-25,2031-04-25,45807.65,Current
172,308,11,Housing Loan,36461.76,8.75,84,2025-12-08,2032-12-08,38092.77,Current
173,311,13,Housing Loan,61353.46,11.49,180,2025-04-06,2040-04-06,55905.77,Current
174,314,1,Housing Loan,12520.41,10.82,156,2025-07-21,2038-07-21,12647.36,Non-Performing
175,315,3,Personal Loan,9258.2,12.36,12,2026-01-07,2027-01-07,9643.1,Current
176,316,6,Vehicle Loan,8192.39,12.23,60,2023-09-21,2028-09-21,4365.85,Current
177,318,5,Vehicle Loan,23123.18,13.54,60,2025-08-18,2030-08-18,22320.06,Non-Performing
178,319,10,Vehicle Loan,19002.39,12.73,60,2024-07-30,2029-07-30,13897.34,Current
179,321,16,Housing Loan,22280.17,9.55,108,2025-06-08,2034-06-08,20153.21,Current
180,322,3,Personal Loan,5111.46,15.67,60,2024-09-05,2029-09-05,3926.73,Current
181,323,6,Personal Loan,7552.85,17.62,60,2025-10-07,2030-10-07,7048.18,Current
182,324,4,Vehicle Loan,19808.51,12.84,36,2025-05-28,2028-05-28,15481.13,Current
183,329,1,Agriculture Loan,2939.17,10.13,12,2025-05-12,2026-05-12,1257.81,Current
184,330,3,Housing Loan,51024.42,9.28,84,2025-12-31,2032-12-31,49639.85,Current
185,331,2,Housing Loan,23067.61,11.75,204,2025-06-29,2042-06-29,22432.92,Current
186,332,11,Personal Loan,10801.59,17.97,12,2024-10-01,2025-10-01,0.0,Closed
187,333,5,Agriculture Loan,4049.22,12.19,12,2025-04-16,2026-04-16,1403.29,Current
188,334,15,Agriculture Loan,3004.12,13.11,36,2025-06-27,2028-06-27,2537.96,Past Due
189,336,15,SME Loan,30452.66,14.03,60,2025-06-26,2030-06-26,28262.84,Current
190,338,12,Vehicle Loan,6701.55,11.08,48,2025-01-24,2029-01-24,5231.29,Current
191,340,8,Housing Loan,28819.59,11.82,72,2025-01-19,2031-01-19,24488.36,Past Due
192,343,4,Agriculture Loan,2530.84,10.79,48,2024-11-22,2028-11-22,1810.03,Current
193,344,8,Vehicle Loan,10490.93,10.35,48,2024-02-10,2028-02-10,5636.18,Current
194,346,18,Personal Loan,3965.03,14.16,12,2025-11-11,2026-11-11,3540.45,Current
195,347,1,SME Loan,35147.5,11.64,48,2024-02-08,2028-02-08,18066.68,Current
196,351,3,Housing Loan,36157.06,11.47,180,2024-11-14,2039-11-14,34916.42,Past Due
197,352,17,Vehicle Loan,13113.82,10.41,48,2024-12-11,2028-12-11,9744.25,Current
198,353,18,Housing Loan,22047.8,8.43,216,2025-08-13,2043-08-13,22392.21,Defaulted
199,357,9,SME Loan,71097.59,11.61,48,2025-12-02,2029-12-02,69993.02,Current
200,358,13,Agriculture Loan,4405.57,9.29,12,2024-12-02,2025-12-02,0.0,Closed
201,359,6,Agriculture Loan,3323.6,9.88,48,2024-01-05,2028-01-05,1601.98,Current
202,362,13,Vehicle Loan,5167.38,11.38,36,2025-06-17,2028-06-17,4277.09,Current
203,365,3,Vehicle Loan,21550.89,11.07,60,2025-02-08,2030-02-08,17130.52,Current
204,366,5,Personal Loan,11046.2,16.86,48,2023-10-10,2027-10-10,4770.63,Current
205,367,7,Housing Loan,82362.48,9.92,132,2025-06-23,2036-06-23,82415.91,Current
206,368,8,Vehicle Loan,15927.97,14.62,24,2024-10-06,2026-10-06,5732.75,Current
207,369,1,SME Loan,34045.68,12.78,36,2025-01-15,2028-01-15,24358.55,Current
208,370,2,Personal Loan,3921.09,13.53,24,2025-08-18,2027-08-18,3177.62,Past Due
209,371,5,Personal Loan,7556.72,12.21,12,2023-12-24,2024-12-24,0.0,Closed
210,376,11,Housing Loan,20650.35,11.47,60,2025-06-03,2030-06-03,17563.11,Past Due
211,381,5,Personal Loan,9854.04,17.26,12,2025-04-25,2026-04-25,3366.58,Current
212,382,5,Vehicle Loan,9225.14,12.51,24,2024-10-28,2026-10-28,3954.08,Non-Performing
213,383,3,Housing Loan,15101.95,10.95,108,2025-04-06,2034-04-06,14396.12,Defaulted
214,387,4,Housing Loan,52468.86,9.9,180,2023-12-24,2038-12-24,47180.7,Current
215,389,6,Vehicle Loan,16890.45,14.9,36,2025-05-06,2028-05-06,13384.22,Current
216,393,8,Personal Loan,3527.43,13.32,60,2025-02-04,2030-02-04,2752.6,Current
217,397,4,Vehicle Loan,15828.95,14.73,36,2025-06-20,2028-06-20,13674.38,Current
218,399,1,Personal Loan,8351.11,15.19,36,2025-05-09,2028-05-09,6409.21,Non-Performing
219,404,13,Agriculture Loan,2809.29,11.25,24,2025-12-19,2027-12-19,2918.31,Past Due
220,405,6,Vehicle Loan,13740.91,10.71,48,2025-01-26,2029-01-26,10414.18,Current
221,406,15,Vehicle Loan,8732.35,10.45,24,2025-08-13,2027-08-13,6967.0,Current
222,408,13,Agriculture Loan,3733.76,12.87,12,2024-10-25,2025-10-25,0.0,Closed
223,410,1,Vehicle Loan,11554.73,12.34,36,2025-06-05,2028-06-05,9295.33,Current
224,412,18,Personal Loan,14192.06,16.12,48,2025-05-04,2029-05-04,11599.25,Current
225,415,14,Vehicle Loan,21666.3,11.45,48,2025-07-01,2029-07-01,19167.19,Current
226,416,4,Agriculture Loan,3136.15,12.37,36,2025-10-11,2028-10-11,2946.17,Current
227,417,1,Vehicle Loan,22015.16,12.2,24,2025-06-09,2027-06-09,16586.99,Current
228,418,4,Vehicle Loan,5788.63,12.5,24,2025-12-09,2027-12-09,5805.22,Current
229,421,9,Housing Loan,23888.27,10.06,180,2024-07-20,2039-07-20,21563.63,Defaulted
230,422,14,Housing Loan,8113.61,8.87,84,2025-07-29,2032-07-29,7578.73,Past Due
231,424,8,Personal Loan,4856.54,12.93,36,2024-02-28,2027-02-28,1855.84,Current
232,425,7,Vehicle Loan,4467.16,13.8,24,2025-06-16,2027-06-16,3436.17,Current
233,427,7,Vehicle Loan,12024.43,11.25,36,2025-01-20,2028-01-20,8759.7,Current
234,431,1,Agriculture Loan,3723.76,11.64,36,2025-11-07,2028-11-07,3796.13,Defaulted
235,434,18,Vehicle Loan,10249.13,11.6,48,2024-07-17,2028-07-17,6709.69,Current
236,436,13,Housing Loan,73212.73,8.51,120,2025-03-05,2035-03-05,65285.34,Current
237,437,3,Personal Loan,8322.28,12.13,60,2024-06-20,2029-06-20,5694.54,Current
238,438,4,Vehicle Loan,20195.95,10.11,48,2025-02-06,2029-02-06,15900.03,Current
239,439,3,Vehicle Loan,4573.93,14.01,48,2025-06-03,2029-06-03,4064.7,Current
240,440,11,Vehicle Loan,22406.05,13.3,24,2024-03-16,2026-03-16,2799.09,Current
241,441,9,Vehicle Loan,5924.37,11.8,48,2024-03-22,2028-03-22,3402.91,Current
242,442,8,Housing Loan,62175.25,10.44,180,2025-08-19,2040-08-19,62080.61,Current
243,443,3,Housing Loan,96120.82,8.98,168,2025-04-03,2039-04-03,90188.5,Current
244,445,4,Agriculture Loan,5522.65,13.65,36,2024-06-26,2027-06-26,2626.59,Past Due
245,449,16,Vehicle Loan,17762.33,14.25,24,2025-01-21,2027-01-21,9690.38,Current
246,451,2,Housing Loan,29833.22,10.92,84,2025-04-25,2032-04-25,26485.09,Defaulted
247,454,2,Housing Loan,147732.85,8.88,84,2025-12-21,2032-12-21,151191.96,Current
248,455,3,Agriculture Loan,3823.16,10.21,48,2024-12-25,2028-12-25,2922.69,Defaulted
249,456,4,Housing Loan,29105.82,8.35,180,2024-10-08,2039-10-08,26775.75,Current
250,457,8,Housing Loan,45003.47,11.38,120,2025-04-28,2035-04-28,43905.88,Current
251,458,8,Vehicle Loan,12206.49,14.43,48,2024-07-13,2028-07-13,8031.2,Current
252,460,15,Housing Loan,18487.05,9.76,84,2025-01-11,2032-01-11,15314.3,Current
253,461,5,Housing Loan,15967.7,10.61,204,2025-06-20,2042-06-20,15430.72,Current
254,464,11,Vehicle Loan,4223.64,12.97,48,2024-04-01,2028-04-01,2357.1,Current
255,467,6,SME Loan,30943.36,13.61,36,2025-04-27,2028-04-27,24385.6,Non-Performing
256,470,2,Agriculture Loan,5930.93,11.73,24,2024-07-20,2026-07-20,1646.17,Current
257,472,15,SME Loan,25407.55,12.88,24,2025-06-16,2027-06-16,18201.44,Non-Performing
258,473,17,Vehicle Loan,17737.72,10.45,48,2025-09-09,2029-09-09,16633.13,Defaulted
259,474,16,Vehicle Loan,5263.31,14.3,48,2026-01-21,2030-01-21,5450.41,Current
260,475,3,Vehicle Loan,6891.44,10.93,60,2024-10-18,2029-10-18,5125.03,Current
261,476,15,Agriculture Loan,1838.43,12.37,24,2025-03-27,2027-03-27,1173.92,Current
262,477,1,Personal Loan,9707.67,17.12,12,2024-09-20,2025-09-20,0.0,Closed
263,478,7,Housing Loan,47387.22,8.5,144,2025-10-23,2037-10-23,45003.6,Past Due
264,484,1,Vehicle Loan,6644.4,12.6,24,2025-05-15,2027-05-15,4477.78,Past Due
265,486,7,Vehicle Loan,3193.52,10.2,60,2025-12-06,2030-12-06,3044.32,Current
266,487,6,SME Loan,73438.88,12.27,24,2025-08-08,2027-08-08,60145.98,Current
267,488,13,Personal Loan,12356.72,16.54,24,2024-09-08,2026-09-08,4648.52,Current
268,494,17,Vehicle Loan,28301.75,13.83,48,2025-05-02,2029-05-02,22628.05,Defaulted
269,496,1,Agriculture Loan,8633.46,9.17,36,2025-11-27,2028-11-27,8479.6,Non-Performing
270,497,12,Vehicle Loan,9820.02,12.07,36,2025-10-06,2028-10-06,9056.71,Current
271,498,4,Personal Loan,4166.39,13.62,60,2025-06-29,2030-06-29,3750.69,Current
272,499,6,Vehicle Loan,6992.13,12.51,24,2024-12-27,2026-12-27,3465.79,Past Due
273,500,5,Vehicle Loan,20624.54,13.92,60,2025-10-24,2030-10-24,19223.52,Current
274,501,7,Agriculture Loan,2935.38,11.92,48,2024-01-14,2028-01-14,1538.61,Current
275,502,18,Agriculture Loan,5530.3,11.99,12,2025-01-30,2026-01-30,449.73,Current
276,503,7,Housing Loan,22514.35,11.58,228,2026-01-16,2045-01-16,22711.65,Current
277,504,1,Personal Loan,6596.72,12.62,12,2025-01-03,2026-01-03,0.0,Closed
278,507,15,Personal Loan,3912.57,12.68,60,2026-01-29,2031-01-29,3840.08,Current
279,508,10,Vehicle Loan,13602.72,10.95,36,2025-11-26,2028-11-26,13496.34,Current
280,509,5,Personal Loan,6261.97,14.03,48,2024-10-09,2028-10-09,4545.79,Non-Performing
281,510,10,Housing Loan,64985.9,9.28,240,2025-05-08,2045-05-08,60318.48,Current
282,511,18,SME Loan,25220.29,11.57,36,2025-03-27,2028-03-27,18979.35,Current
283,512,13,Vehicle Loan,19953.21,12.94,36,2025-06-28,2028-06-28,17115.98,Current
284,513,2,Housing Loan,130665.79,11.95,192,2025-02-03,2041-02-03,118579.75,Current
285,521,9,Housing Loan,21116.28,10.22,192,2025-12-03,2041-12-03,20947.82,Current
286,522,16,Personal Loan,5830.39,16.22,24,2025-01-25,2027-01-25,3241.57,Current
287,524,6,SME Loan,26887.81,14.25,84,2025-05-27,2032-05-27,23512.22,Current
288,525,2,Housing Loan,37847.88,8.02,240,2025-02-20,2045-02-20,36168.02,Current
289,526,7,SME Loan,45348.75,13.13,36,2025-03-18,2028-03-18,35695.17,Current
290,527,9,Housing Loan,25528.53,8.72,204,2024-11-10,2041-11-10,24532.9,Current
291,530,4,Vehicle Loan,29706.62,12.02,24,2025-05-15,2027-05-15,20429.78,Current
292,531,9,Personal Loan,7118.82,14.99,60,2025-05-13,2030-05-13,6061.02,Current
293,534,4,Personal Loan,1690.2,15.41,48,2024-04-02,2028-04-02,972.4,Current
294,536,4,Personal Loan,1780.69,17.18,48,2025-07-28,2029-07-28,1524.42,Past Due
295,537,10,Vehicle Loan,6814.95,12.74,60,2025-05-02,2030-05-02,5906.68,Defaulted
296,538,16,Vehicle Loan,16162.41,10.26,60,2024-12-21,2029-12-21,13169.41,Current
297,539,8,Housing Loan,22691.41,9.47,120,2025-02-22,2035-02-22,20395.85,Current
298,540,2,Personal Loan,6144.99,17.23,12,2025-06-06,2026-06-06,3179.32,Current
299,541,4,Housing Loan,31177.37,8.03,72,2024-10-08,2030-10-08,23972.07,Current
300,542,8,Vehicle Loan,6965.24,13.78,48,2025-05-29,2029-05-29,6241.74,Current
301,543,3,Personal Loan,15214.78,12.74,24,2024-12-06,2026-12-06,7149.92,Past Due
302,546,5,Vehicle Loan,25937.74,11.49,48,2025-07-14,2029-07-14,23658.54,Defaulted
303,548,18,SME Loan,36120.35,12.92,60,2024-08-06,2029-08-06,24766.35,Non-Performing
304,549,4,Agriculture Loan,7326.77,9.99,48,2025-11-18,2029-11-18,7336.05,Current
305,555,7,Vehicle Loan,5001.33,11.61,60,2025-08-27,2030-08-27,4744.62,Current
306,558,6,Vehicle Loan,11310.1,11.01,48,2025-01-05,2029-01-05,8100.07,Current
307,559,10,Housing Loan,113936.21,10.63,168,2024-11-09,2038-11-09,106431.2,Current
308,560,4,Vehicle Loan,18499.52,11.37,60,2024-11-08,2029-11-08,13897.74,Current
309,561,4,SME Loan,27750.4,14.96,72,2025-03-01,2031-03-01,23767.74,Past Due
310,563,15,Housing Loan,21477.41,9.47,120,2024-07-08,2034-07-08,18024.65,Non-Performing
311,564,15,Vehicle Loan,6820.08,10.53,24,2024-04-14,2026-04-14,1167.66,Past Due
312,565,5,Housing Loan,16725.12,10.43,228,2025-10-31,2044-10-31,17280.18,Past Due
313,566,4,Vehicle Loan,14791.43,12.76,48,2025-06-13,2029-06-13,12339.22,Current
314,570,10,Vehicle Loan,12674.76,14.7,24,2025-03-09,2027-03-09,7892.1,Current
315,571,2,Vehicle Loan,9313.28,10.48,48,2024-03-22,2028-03-22,5095.55,Current
316,572,7,Housing Loan,22831.97,10.25,84,2025-04-06,2032-04-06,19936.54,Non-Performing
317,579,17,Agriculture Loan,2332.88,13.79,24,2025-05-25,2027-05-25,1571.88,Current
318,580,3,Housing Loan,21888.35,9.75,156,2025-02-14,2038-02-14,20229.75,Defaulted
319,581,16,Housing Loan,50506.66,9.18,120,2025-01-24,2035-01-24,47941.35,Current
320,583,10,Housing Loan,22795.54,9.05,108,2024-07-15,2033-07-15,19549.84,Current
321,584,12,Vehicle Loan,18490.64,11.98,48,2025-02-19,2029-02-19,15363.84,Current
322,585,11,Personal Loan,16472.31,16.51,36,2025-06-14,2028-06-14,13996.97,Past Due
323,586,18,Personal Loan,6078.61,12.16,60,2024-03-24,2029-03-24,3755.08,Current
324,587,11,Vehicle Loan,18568.85,10.83,24,2025-04-15,2027-04-15,12865.9,Current
325,588,5,Vehicle Loan,8079.01,14.57,36,2024-11-18,2027-11-18,5394.2,Current
326,590,16,SME Loan,51974.43,14.52,48,2025-07-17,2029-07-17,45315.18,Current
327,591,1,Personal Loan,7204.03,17.32,60,2025-02-16,2030-02-16,5865.96,Current
328,592,4,Agriculture Loan,4968.05,13.12,48,2025-11-23,2029-11-23,5088.12,Current
329,594,6,SME Loan,17454.93,13.36,48,2025-01-17,2029-01-17,12893.01,Current
330,600,8,Agriculture Loan,6626.91,11.14,12,2025-07-02,2026-07-02,3213.52,Current
331,602,15,Housing Loan,44021.75,11.45,108,2025-05-21,2034-05-21,42398.4,Current
332,606,3,SME Loan,33041.88,14.47,72,2025-05-25,2031-05-25,30024.76,Current
333,607,14,Agriculture Loan,2073.5,13.2,36,2025-05-26,2028-05-26,1668.92,Past Due
334,611,10,Vehicle Loan,18661.08,12.34,48,2026-01-03,2030-01-03,18471.94,Current
335,612,3,Agriculture Loan,2928.19,11.36,36,2025-02-26,2028-02-26,2178.37,Past Due
336,613,2,Vehicle Loan,12015.46,12.91,48,2026-01-23,2030-01-23,12221.41,Current
337,614,8,Personal Loan,19189.61,17.69,24,2024-02-12,2026-02-12,1659.08,Current
338,616,18,Vehicle Loan,10679.6,14.35,36,2025-05-08,2028-05-08,8871.68,Current
339,617,6,Vehicle Loan,6719.97,14.46,36,2025-03-01,2028-03-01,5082.39,Current
340,618,5,Vehicle Loan,6442.17,14.3,24,2025-06-12,2027-06-12,4595.91,Current
341,619,8,SME Loan,24595.29,14.84,36,2025-12-29,2028-12-29,25187.58,Past Due
342,620,3,Agriculture Loan,3060.78,10.97,36,2025-09-15,2028-09-15,2821.16,Current
343,623,3,Vehicle Loan,6944.61,12.3,60,2025-10-16,2030-10-16,6763.67,Current
344,625,3,Personal Loan,5085.16,16.59,60,2024-11-06,2029-11-06,3776.46,Current
345,626,12,Vehicle Loan,17746.5,13.62,24,2025-02-27,2027-02-27,10660.12,Past Due
346,629,7,Vehicle Loan,10614.74,13.26,60,2026-01-18,2031-01-18,10160.91,Non-Performing
347,630,5,Vehicle Loan,5311.14,13.38,24,2025-11-18,2027-11-18,5242.29,Past Due
348,631,10,Vehicle Loan,7417.85,13.77,48,2025-01-23,2029-01-23,5580.55,Current
349,633,16,Vehicle Loan,4102.73,13.19,24,2025-08-05,2027-08-05,3484.55,Current
350,634,5,Vehicle Loan,10336.72,11.93,60,2024-09-18,2029-09-18,8131.21,Non-Performing
351,635,8,Vehicle Loan,8783.87,13.13,60,2025-09-06,2030-09-06,8760.43,Current
352,636,1,Housing Loan,15367.9,10.38,168,2025-06-07,2039-06-07,15161.41,Current
353,637,18,SME Loan,21115.51,15.24,24,2024-08-10,2026-08-10,7079.8,Current
354,638,5,Vehicle Loan,9183.55,12.17,24,2025-05-21,2027-05-21,6214.93,Non-Performing
355,641,4,Agriculture Loan,3970.68,13.06,12,2024-09-13,2025-09-13,0.0,Closed
356,646,4,Vehicle Loan,6021.82,11.86,48,2025-04-24,2029-04-24,4987.19,Current
357,647,2,Housing Loan,50199.96,8.93,168,2025-04-22,2039-04-22,47236.9,Current
358,649,18,SME Loan,36691.54,14.55,36,2025-12-09,2028-12-09,37600.72,Current
359,650,10,Vehicle Loan,8393.31,12.63,24,2025-07-06,2027-07-06,6394.77,Current
360,653,5,Personal Loan,11734.17,17.58,24,2024-08-28,2026-08-28,3723.75,Current
361,654,7,Vehicle Loan,5726.4,11.37,24,2024-06-09,2026-06-09,1152.66,Current
362,655,7,Housing Loan,15613.23,9.32,144,2024-08-21,2036-08-21,14490.97,Current
363,656,2,Agriculture Loan,4430.01,13.91,12,2025-07-08,2026-07-08,2709.94,Current
364,658,17,Vehicle Loan,9054.47,12.1,48,2024-07-12,2028-07-12,6138.35,Current
365,662,4,Housing Loan,16113.53,11.69,132,2025-05-01,2036-05-01,15187.49,Past Due
366,663,6,Personal Loan,6163.6,13.46,12,2025-06-27,2026-06-27,3235.7,Current
367,664,8,Vehicle Loan,8459.17,13.37,48,2025-08-09,2029-08-09,7822.59,Current
368,668,10,Personal Loan,9406.12,13.25,60,2025-06-07,2030-06-07,8441.63,Current
369,669,16,Vehicle Loan,3909.41,10.06,24,2025-09-25,2027-09-25,3528.44,Current
370,670,10,Vehicle Loan,28211.43,11.62,36,2026-01-05,2029-01-05,29270.19,Current
371,672,7,SME Loan,30361.66,13.11,84,2025-03-12,2032-03-12,26425.34,Past Due
372,674,15,Housing Loan,47700.59,10.37,72,2024-11-20,2030-11-20,38241.59,Current
373,675,4,SME Loan,56179.09,13.9,48,2025-08-19,2029-08-19,51526.98,Past Due
374,681,17,Vehicle Loan,3800.6,13.03,24,2024-05-04,2026-05-04,636.53,Current
375,685,4,Agriculture Loan,2579.44,11.74,12,2025-09-18,2026-09-18,1964.59,Current
376,687,10,Housing Loan,50049.73,10.38,216,2025-09-09,2043-09-09,47303.82,Current
377,688,1,Housing Loan,56527.36,8.32,72,2025-04-27,2031-04-27,51563.37,Current
378,689,18,Vehicle Loan,13094.47,13.54,60,2025-11-11,2030-11-11,12534.59,Current
379,693,11,Vehicle Loan,10274.56,12.85,24,2024-06-09,2026-06-09,2217.52,Current
380,694,1,SME Loan,22683.9,10.39,72,2025-07-29,2031-07-29,22133.17,Current
381,696,5,Personal Loan,8665.59,15.81,12,2025-06-19,2026-06-19,4310.0,Current
382,698,7,Housing Loan,55366.37,10.57,180,2025-06-29,2040-06-29,51366.85,Current
383,701,2,Housing Loan,39635.98,8.61,168,2025-03-05,2039-03-05,37060.12,Current
384,703,3,Agriculture Loan,9638.32,11.23,48,2025-09-06,2029-09-06,8989.35,Current
385,709,16,Housing Loan,13838.09,10.44,72,2025-12-05,2031-12-05,13303.81,Current
386,713,17,Housing Loan,33649.96,8.82,144,2025-12-03,2037-12-03,34911.24,Non-Performing
387,717,2,Housing Loan,13807.18,8.19,108,2025-04-11,2034-04-11,12362.46,Non-Performing
388,718,2,Agriculture Loan,3075.23,12.8,48,2024-03-13,2028-03-13,1755.15,Current
389,721,14,Housing Loan,15742.48,9.02,132,2026-01-24,2037-01-24,15950.98,Current
390,723,17,Vehicle Loan,8013.88,11.36,48,2025-08-27,2029-08-27,7312.4,Current
391,724,2,SME Loan,49958.26,13.25,36,2024-10-04,2027-10-04,28928.98,Past Due
392,725,8,Vehicle Loan,8074.29,13.61,24,2025-08-13,2027-08-13,6430.38,Past Due
393,726,12,Personal Loan,9877.72,13.04,24,2024-05-17,2026-05-17,2086.56,Current
394,729,8,Vehicle Loan,6446.79,10.0,24,2025-01-26,2027-01-26,3382.41,Current
395,730,2,Vehicle Loan,11163.62,14.58,24,2024-06-21,2026-06-21,2691.15,Current
396,734,4,Personal Loan,9914.97,13.13,36,2025-01-15,2028-01-15,7003.81,Current
397,738,6,Personal Loan,14504.6,14.19,60,2024-10-29,2029-10-29,10850.34,Current
398,739,7,SME Loan,80666.24,10.35,84,2025-12-23,2032-12-23,77788.87,Current
399,739,7,Housing Loan,118264.81,8.11,72,2025-12-23,2031-12-23,120013.68,Current
400,740,1,Vehicle Loan,7048.22,10.77,24,2024-10-01,2026-10-01,2753.21,Current
401,744,6,Vehicle Loan,2995.67,10.02,24,2025-06-21,2027-06-21,2213.43,Current
402,746,4,Vehicle Loan,8468.69,13.74,24,2023-10-15,2025-10-15,0.0,Closed
403,747,14,Agriculture Loan,2139.58,13.06,12,2025-04-07,2026-04-07,735.15,Past Due
404,748,10,Personal Loan,8530.23,14.9,48,2026-01-19,2030-01-19,8545.84,Current
405,749,3,SME Loan,31516.6,15.72,24,2024-07-25,2026-07-25,9558.43,Current
406,751,5,Personal Loan,14190.26,12.69,60,2025-03-17,2030-03-17,12519.37,Current
407,753,8,Personal Loan,4818.0,14.93,24,2025-05-19,2027-05-19,3347.48,Current
408,754,10,Personal Loan,9717.44,12.48,12,2025-05-10,2026-05-10,3983.62,Current
409,755,2,Vehicle Loan,22342.7,14.76,60,2025-11-29,2030-11-29,22178.52,Current
410,759,13,Housing Loan,9958.44,9.3,156,2025-06-08,2038-06-08,9360.58,Current
411,762,7,Personal Loan,10623.1,15.83,12,2024-10-28,2025-10-28,0.0,Closed
412,763,12,Housing Loan,292849.4,10.32,192,2025-01-05,2041-01-05,281582.78,Current
413,764,10,Personal Loan,20253.36,17.66,36,2025-12-05,2028-12-05,20696.28,Current
414,765,2,Personal Loan,6120.34,12.15,36,2025-03-25,2028-03-25,4790.81,Current
415,767,4,Agriculture Loan,1378.08,9.32,12,2025-06-03,2026-06-03,563.36,Current
416,768,9,Vehicle Loan,7746.04,14.01,48,2025-09-06,2029-09-06,7194.02,Current
417,769,6,Housing Loan,13044.03,11.78,96,2024-07-11,2032-07-11,10591.05,Current
418,770,6,Agriculture Loan,3598.34,13.42,48,2025-05-22,2029-05-22,3172.48,Current
419,771,1,Vehicle Loan,6470.8,13.36,48,2025-10-01,2029-10-01,6232.5,Current
420,772,4,Housing Loan,18781.34,8.15,72,2025-10-01,2031-10-01,17740.17,Current
421,774,7,Vehicle Loan,5620.06,13.33,48,2025-06-03,2029-06-03,4846.76,Current
422,775,14,SME Loan,28003.15,14.16,36,2024-11-26,2027-11-26,18593.49,Current
423,777,2,SME Loan,68935.38,13.04,72,2025-09-14,2031-09-14,65765.29,Non-Performing
424,778,7,Housing Loan,22012.93,11.47,144,2025-05-27,2037-05-27,21330.82,Current
425,780,18,Personal Loan,19498.58,12.83,24,2025-11-03,2027-11-03,17804.8,Current
426,782,5,Personal Loan,2033.17,12.66,12,2025-06-25,2026-06-25,1050.58,Current
427,788,3,Housing Loan,18282.13,10.02,108,2025-04-17,2034-04-17,16946.81,Current
428,790,10,Personal Loan,2107.14,13.39,36,2025-10-16,2028-10-16,2059.79,Past Due
429,791,18,Housing Loan,24351.32,10.64,72,2025-02-24,2031-02-24,20101.82,Non-Performing
430,794,4,Personal Loan,4758.98,17.91,36,2024-10-09,2027-10-09,2858.47,Current
431,795,18,Personal Loan,3480.34,15.58,24,2025-05-14,2027-05-14,2431.8,Current
432,796,12,Personal Loan,7322.34,16.54,48,2024-03-21,2028-03-21,4143.22,Current
433,798,1,Personal Loan,25241.46,17.95,48,2026-01-25,2030-01-25,24030.99,Current
434,799,14,Vehicle Loan,9762.62,13.95,36,2024-04-23,2027-04-23,4466.08,Current
435,801,4,Housing Loan,24144.72,11.87,108,2025-06-17,2034-06-17,22596.98,Current
436,802,12,SME Loan,75940.91,14.96,48,2025-07-31,2029-07-31,68467.81,Current
437,805,11,Housing Loan,105554.49,11.0,192,2025-08-13,2041-08-13,100344.13,Current
438,806,12,Vehicle Loan,22900.03,13.05,60,2024-08-18,2029-08-18,17227.13,Current
439,809,4,Agriculture Loan,5300.35,11.85,24,2023-09-20,2025-09-20,0.0,Closed
440,810,7,Housing Loan,22569.62,10.73,204,2025-06-03,2042-06-03,22858.64,Defaulted
441,814,18,Agriculture Loan,3768.29,11.72,24,2025-06-10,2027-06-10,2715.9,Current
442,815,8,Vehicle Loan,11027.03,12.16,48,2026-01-22,2030-01-22,11009.81,Current
443,816,7,Personal Loan,4188.14,14.84,12,2023-04-03,2024-04-03,0.0,Closed
444,817,7,Personal Loan,8843.72,12.93,24,2024-08-24,2026-08-24,3061.66,Current
445,818,18,Vehicle Loan,21887.52,12.4,36,2025-06-29,2028-06-29,18902.94,Current
446,819,18,Vehicle Loan,6613.82,12.6,36,2024-03-13,2027-03-13,2873.11,Current
447,820,12,Housing Loan,31150.13,10.02,192,2024-05-01,2040-05-01,28776.5,Past Due
448,821,11,Vehicle Loan,2673.65,14.19,24,2025-12-26,2027-12-26,2622.06,Current
449,822,5,SME Loan,29443.23,12.32,24,2025-05-30,2027-05-30,19966.57,Current
450,824,2,Vehicle Loan,5188.78,14.58,48,2025-05-01,2029-05-01,4444.78,Current
451,827,14,Vehicle Loan,10913.41,14.03,36,2025-02-02,2028-02-02,7858.76,Past Due
452,829,11,Agriculture Loan,1803.91,10.43,24,2025-02-20,2027-02-20,1098.11,Current
453,831,7,Personal Loan,4487.63,13.19,24,2024-12-01,2026-12-01,2080.49,Past Due
454,834,4,Personal Loan,9364.79,12.96,60,2026-01-11,2031-01-11,9156.43,Current
455,838,1,SME Loan,29218.25,15.31,36,2025-06-23,2028-06-23,23390.16,Defaulted
456,839,15,Vehicle Loan,13099.44,12.95,36,2024-02-25,2027-02-25,5249.37,Current
457,840,3,Personal Loan,9932.49,12.18,12,2026-01-29,2027-01-29,10186.64,Current
458,841,2,Vehicle Loan,8999.39,11.24,36,2025-05-22,2028-05-22,7111.22,Current
459,842,1,Vehicle Loan,8869.76,10.79,24,2025-06-13,2027-06-13,6461.18,Past Due
460,845,5,Housing Loan,23362.55,9.68,120,2024-08-16,2034-08-16,20401.06,Current
461,847,13,Personal Loan,7135.22,16.74,24,2026-01-12,2028-01-12,7186.25,Current
462,849,13,SME Loan,11366.23,11.03,72,2025-06-29,2031-06-29,9996.61,Current
463,852,13,Agriculture Loan,3269.7,9.19,12,2024-09-07,2025-09-07,0.0,Closed
464,853,16,SME Loan,47247.99,10.28,36,2024-08-22,2027-08-22,25577.08,Current
465,855,4,Agriculture Loan,2682.99,9.77,12,2025-07-14,2026-07-14,1555.54,Current
466,866,5,SME Loan,55199.21,13.09,60,2025-01-24,2030-01-24,46428.83,Non-Performing
467,867,1,Vehicle Loan,14957.31,13.55,24,2025-12-06,2027-12-06,15067.28,Current
468,868,14,Vehicle Loan,30567.09,14.87,24,2025-10-27,2027-10-27,27855.12,Current
469,870,7,Agriculture Loan,4254.79,13.28,48,2024-10-04,2028-10-04,2852.09,Past Due
470,871,5,Housing Loan,25704.52,8.34,96,2025-10-13,2033-10-13,25801.54,Current
471,872,4,SME Loan,43839.18,11.67,36,2023-10-02,2026-10-02,10770.1,Current
472,874,2,Vehicle Loan,6484.49,10.29,36,2025-06-15,2028-06-15,5491.31,Current
473,880,3,Housing Loan,9362.17,8.31,192,2025-06-23,2041-06-23,9374.45,Non-Performing
474,881,13,Vehicle Loan,7445.79,12.62,48,2025-05-08,2029-05-08,6263.91,Current
475,882,6,Vehicle Loan,8860.02,10.12,36,2025-04-26,2028-04-26,6993.74,Current
476,883,8,Personal Loan,9173.0,13.64,12,2026-01-21,2027-01-21,8877.82,Current
477,884,2,Agriculture Loan,8068.43,12.33,48,2025-05-11,2029-05-11,6938.48,Current
478,885,11,Personal Loan,8080.56,14.59,12,2025-05-28,2026-05-28,3429.47,Past Due
479,888,12,Housing Loan,15819.31,8.12,156,2025-09-02,2038-09-02,15148.33,Non-Performing
480,890,2,Vehicle Loan,10353.48,13.1,60,2025-01-29,2030-01-29,8404.49,Current
481,891,3,Vehicle Loan,30194.87,11.41,60,2024-09-20,2029-09-20,22891.02,Non-Performing
482,892,3,Vehicle Loan,17950.17,13.66,48,2025-05-08,2029-05-08,15215.94,Current
483,893,4,Vehicle Loan,4954.48,13.02,36,2024-11-23,2027-11-23,3230.65,Current
484,894,10,SME Loan,35104.15,10.17,84,2025-03-03,2032-03-03,30381.19,Current
485,895,10,Personal Loan,2622.55,14.8,48,2025-05-05,2029-05-05,2102.38,Defaulted
486,896,7,Housing Loan,55115.17,8.01,84,2025-12-28,2032-12-28,56313.8,Non-Performing
487,898,11,Vehicle Loan,5749.43,14.87,24,2025-05-10,2027-05-10,4247.2,Current
488,899,11,Vehicle Loan,14687.15,12.58,48,2025-05-04,2029-05-04,12008.05,Current
489,900,12,Vehicle Loan,20195.02,10.96,36,2023-09-16,2026-09-16,5064.08,Current
490,906,2,Vehicle Loan,12231.73,12.56,60,2023-08-21,2028-08-21,6455.69,Current
491,907,2,Housing Loan,19930.61,10.18,132,2025-04-14,2036-04-14,19409.52,Current
492,910,4,SME Loan,12612.31,13.22,60,2025-09-13,2030-09-13,12472.87,Current
493,911,4,Agriculture Loan,2870.78,9.18,36,2025-04-25,2028-04-25,2266.12,Current
494,912,4,Housing Loan,26056.15,8.29,228,2025-04-27,2044-04-27,24331.86,Past Due
495,913,6,Vehicle Loan,21643.5,14.38,24,2025-06-17,2027-06-17,16953.95,Current
496,914,9,SME Loan,25297.07,13.56,36,2025-06-28,2028-06-28,20861.58,Current
497,915,18,Personal Loan,7139.92,13.64,48,2025-11-22,2029-11-22,6989.75,Current
498,916,4,Agriculture Loan,2913.43,13.77,12,2025-06-18,2026-06-18,1395.0,Current
499,917,4,Agriculture Loan,2994.05,9.7,36,2024-06-16,2027-06-16,1488.2,Current
500,918,14,Personal Loan,14001.69,12.43,24,2025-05-25,2027-05-25,10410.05,Defaulted
501,919,11,Agriculture Loan,1707.62,9.4,48,2025-03-05,2029-03-05,1297.15,Current
502,921,17,Personal Loan,8320.79,16.3,12,2025-03-17,2026-03-17,2088.18,Current
503,922,4,Agriculture Loan,2361.74,9.76,24,2024-02-23,2026-02-23,190.36,Non-Performing
504,923,2,Personal Loan,2787.2,15.39,24,2025-06-06,2027-06-06,2004.22,Current
505,924,2,Vehicle Loan,16629.52,11.57,24,2024-12-11,2026-12-11,8441.11,Current
506,925,9,Vehicle Loan,5349.93,14.53,36,2025-04-06,2028-04-06,4180.26,Current
507,926,10,Vehicle Loan,4651.8,14.23,36,2025-01-13,2028-01-13,3312.31,Current
508,928,3,SME Loan,22921.46,11.56,60,2025-01-27,2030-01-27,19126.37,Non-Performing
509,931,15,Housing Loan,25939.48,11.31,144,2025-06-01,2037-06-01,24419.69,Past Due
510,935,2,Vehicle Loan,3387.51,12.93,24,2024-12-09,2026-12-09,1726.82,Non-Performing
511,936,18,Vehicle Loan,2736.88,13.24,36,2024-09-30,2027-09-30,1581.6,Current
512,937,12,Agriculture Loan,2338.65,9.78,48,2025-01-05,2029-01-05,1794.2,Current
513,938,2,Vehicle Loan,6850.44,12.7,60,2025-07-22,2030-07-22,6077.45,Current
514,941,11,Personal Loan,9009.01,13.94,24,2025-09-07,2027-09-07,8030.1,Past Due
515,942,2,Housing Loan,28403.89,10.24,180,2025-07-12,2040-07-12,26497.82,Current
516,945,3,Personal Loan,14397.13,16.97,24,2025-05-20,2027-05-20,9961.25,Current
517,948,7,Vehicle Loan,11628.37,12.42,48,2025-06-03,2029-06-03,9818.59,Defaulted
518,949,3,Personal Loan,14425.16,14.88,36,2024-06-21,2027-06-21,7304.05,Current
519,950,1,Vehicle Loan,14853.37,12.55,36,2023-06-01,2026-06-01,2106.14,Current
520,951,13,Agriculture Loan,4044.35,9.17,36,2025-03-26,2028-03-26,2891.08,Past Due
521,952,1,Agriculture Loan,2522.86,11.08,24,2025-09-17,2027-09-17,2193.82,Current
522,953,4,Personal Loan,11583.12,17.45,12,2024-07-25,2025-07-25,0.0,Closed
523,954,13,Agriculture Loan,3224.92,13.3,24,2024-03-16,2026-03-16,383.74,Current
524,955,13,Vehicle Loan,5828.88,14.81,36,2024-11-02,2027-11-02,3665.06,Current
525,961,2,Vehicle Loan,12382.15,13.5,36,2024-07-07,2027-07-07,5945.99,Current
526,962,4,Vehicle Loan,10253.4,10.4,36,2024-12-19,2027-12-19,6685.08,Current
527,963,15,Vehicle Loan,7537.8,14.42,48,2025-04-20,2029-04-20,6473.86,Current
528,968,16,Vehicle Loan,14833.88,12.24,24,2025-08-10,2027-08-10,12184.42,Current
529,969,9,Housing Loan,67665.04,8.74,168,2024-02-15,2038-02-15,59889.24,Current
530,970,8,Vehicle Loan,7922.5,11.67,36,2026-01-20,2029-01-20,8004.26,Current
531,971,4,SME Loan,42851.26,11.53,72,2025-06-17,2031-06-17,40352.66,Current
532,972,11,Housing Loan,35860.21,11.47,132,2025-01-29,2036-01-29,33950.46,Current
533,973,11,Housing Loan,23367.29,10.87,132,2025-05-25,2036-05-25,21454.92,Current
534,974,7,Agriculture Loan,3581.77,9.93,12,2024-09-21,2025-09-21,0.0,Closed
535,975,7,Vehicle Loan,11177.96,14.78,60,2024-08-30,2029-08-30,8019.4,Past Due
536,977,2,Personal Loan,15740.32,16.89,36,2024-06-30,2027-06-30,7853.25,Current
537,979,7,Vehicle Loan,3096.72,10.21,48,2025-04-22,2029-04-22,2632.21,Current
538,980,17,Agriculture Loan,7270.57,9.65,36,2025-03-29,2028-03-29,5298.28,Defaulted
539,982,14,Vehicle Loan,17093.16,10.33,24,2025-06-19,2027-06-19,12695.47,Current
540,983,11,Vehicle Loan,14692.49,13.44,48,2025-06-25,2029-06-25,12663.47,Current
541,985,18,Personal Loan,10962.83,15.32,12,2024-10-17,2025-10-17,0.0,Closed
542,988,3,Vehicle Loan,7437.36,10.02,60,2025-02-17,2030-02-17,6416.98,Current
543,990,10,Vehicle Loan,9754.41,13.09,48,2025-10-18,2029-10-18,8935.54,Current
544,994,4,Personal Loan,5473.53,17.64,24,2025-11-21,2027-11-21,5020.07,Current
545,995,11,Agriculture Loan,3778.51,11.56,36,2025-03-13,2028-03-13,2853.31,Current
546,1000,6,Housing Loan,15501.03,8.73,216,2025-06-29,2043-06-29,15661.93,Current
547,1002,11,Personal Loan,5073.51,14.92,48,2025-11-02,2029-11-02,5047.03,Defaulted
548,1004,5,Vehicle Loan,9428.87,12.38,60,2025-10-08,2030-10-08,8917.7,Current
549,1006,8,Housing Loan,66676.62,8.66,240,2024-09-21,2044-09-21,60604.31,Past Due
550,1007,6,Vehicle Loan,11476.66,11.6,48,2026-01-25,2030-01-25,11869.18,Non-Performing
551,1008,3,Housing Loan,56826.23,10.88,84,2025-02-28,2032-02-28,50155.97,Current
552,1009,16,Housing Loan,18675.42,9.76,168,2025-07-04,2039-07-04,18509.62,Past Due
553,1011,6,Agriculture Loan,7066.87,10.37,48,2024-06-29,2028-06-29,4361.85,Non-Performing
554,1012,10,Housing Loan,32762.31,8.21,120,2024-11-18,2034-11-18,30017.1,Current
555,1013,6,Vehicle Loan,7318.25,10.01,48,2025-03-13,2029-03-13,6013.62,Current
556,1014,3,Personal Loan,7850.52,13.12,24,2025-01-17,2027-01-17,4170.77,Past Due
557,1016,5,Agriculture Loan,2788.16,11.88,12,2025-12-12,2026-12-12,2731.39,Current
558,1017,18,Housing Loan,37398.2,9.26,84,2025-10-25,2032-10-25,36354.65,Current
559,1018,15,Vehicle Loan,24246.42,12.77,48,2024-06-24,2028-06-24,15386.48,Current
560,1019,2,SME Loan,84180.83,10.89,48,2024-11-03,2028-11-03,59156.5,Current
561,1021,7,Housing Loan,94951.38,8.61,168,2025-09-08,2039-09-08,90788.97,Past Due
562,1022,3,SME Loan,45906.63,13.89,24,2024-04-28,2026-04-28,7678.89,Current
563,1026,7,Vehicle Loan,12134.11,13.95,48,2025-04-21,2029-04-21,10390.67,Current
564,1027,18,Agriculture Loan,4825.56,11.67,48,2024-08-21,2028-08-21,3090.68,Current
565,1029,15,Vehicle Loan,10103.08,12.47,36,2026-01-29,2029-01-29,9616.97,Current
566,1031,8,SME Loan,65714.31,12.38,24,2025-04-26,2027-04-26,43027.1,Current
567,1033,9,SME Loan,44244.35,10.69,36,2024-06-03,2027-06-03,21443.05,Current
568,1033,9,Housing Loan,113892.0,9.66,240,2025-02-23,2045-02-23,109778.31,Current
569,1035,9,Vehicle Loan,11211.46,13.85,48,2024-12-26,2028-12-26,8411.25,Current
570,1038,7,Personal Loan,21451.08,14.2,60,2023-10-24,2028-10-24,12147.68,Current
571,1039,11,Vehicle Loan,2946.08,11.26,60,2024-03-12,2029-03-12,1950.05,Current
572,1041,17,Vehicle Loan,3308.96,13.73,60,2025-10-11,2030-10-11,3263.83,Defaulted
573,1042,3,Vehicle Loan,14431.48,11.37,60,2025-05-24,2030-05-24,13072.91,Current
574,1043,18,Vehicle Loan,5408.41,11.52,48,2023-12-17,2027-12-17,2798.49,Current
575,1045,2,Vehicle Loan,6000.23,12.45,48,2025-04-29,2029-04-29,5175.13,Defaulted
576,1048,4,Housing Loan,19108.26,10.58,228,2025-01-31,2044-01-31,18604.33,Current
577,1051,13,Vehicle Loan,8914.5,14.89,60,2024-04-12,2029-04-12,5882.01,Current
578,1058,11,Vehicle Loan,26842.69,11.09,60,2025-02-10,2030-02-10,21929.68,Current
579,1059,6,Agriculture Loan,3559.36,10.62,36,2025-01-14,2028-01-14,2458.58,Current
580,1061,9,Housing Loan,44242.12,10.55,240,2025-05-29,2045-05-29,44452.72,Current
581,1062,12,Vehicle Loan,15845.24,11.33,36,2024-08-06,2027-08-06,8171.49,Current
582,1063,15,Vehicle Loan,8710.4,13.45,36,2024-09-13,2027-09-13,4827.48,Current
583,1065,18,Personal Loan,8262.82,13.64,36,2025-06-29,2028-06-29,6754.86,Current
584,1068,13,Vehicle Loan,3115.3,12.08,24,2025-03-23,2027-03-23,1961.53,Current
585,1072,4,Vehicle Loan,12955.09,10.42,36,2025-06-03,2028-06-03,10269.43,Past Due
586,1074,5,Vehicle Loan,7949.95,11.53,24,2025-07-24,2027-07-24,6394.48,Current
587,1077,7,Housing Loan,23915.77,8.31,84,2025-05-31,2032-05-31,22492.94,Current
588,1079,18,Vehicle Loan,5703.0,11.43,36,2024-05-27,2027-05-27,2685.44,Current
589,1083,8,Housing Loan,96378.02,9.6,180,2024-02-12,2039-02-12,88638.11,Current
590,1084,3,Agriculture Loan,1856.98,10.87,24,2025-09-06,2027-09-06,1557.66,Current
591,1085,14,Personal Loan,22064.24,16.76,24,2025-05-25,2027-05-25,15733.44,Current
592,1086,3,Agriculture Loan,4619.63,11.95,12,2025-04-07,2026-04-07,1546.51,Current
593,1088,1,Vehicle Loan,17610.62,14.02,36,2024-11-21,2027-11-21,11044.72,Past Due
594,1089,7,Personal Loan,10328.6,13.42,60,2025-06-29,2030-06-29,8877.0,Current
595,1091,9,Personal Loan,2188.51,16.67,24,2024-10-03,2026-10-03,816.03,Current
596,1094,3,SME Loan,30025.56,11.18,36,2025-03-18,2028-03-18,23474.26,Current
597,1097,6,Housing Loan,34863.04,8.26,240,2025-11-15,2045-11-15,34730.82,Non-Performing
598,1098,8,Personal Loan,6508.23,13.63,36,2025-07-16,2028-07-16,5444.22,Past Due
599,1101,12,Housing Loan,13799.96,9.79,60,2025-12-15,2030-12-15,13704.2,Current
600,1102,4,Vehicle Loan,4351.13,11.54,48,2024-11-20,2028-11-20,3320.85,Past Due
601,1103,18,Vehicle Loan,14623.08,13.75,36,2025-08-15,2028-08-15,12370.25,Current
602,1105,3,Personal Loan,22128.42,13.09,60,2025-01-29,2030-01-29,18537.79,Current
603,1106,2,Agriculture Loan,3254.03,11.31,12,2024-10-15,2025-10-15,0.0,Closed
604,1107,2,Personal Loan,2999.99,15.47,60,2025-10-19,2030-10-19,2902.23,Non-Performing
605,1108,17,SME Loan,45503.69,11.42,24,2025-02-08,2027-02-08,27113.32,Current
606,1112,5,Housing Loan,24368.18,9.61,216,2025-07-21,2043-07-21,24777.63,Current
607,1113,13,Personal Loan,9527.59,16.09,48,2025-03-02,2029-03-02,7221.13,Current
608,1114,1,Vehicle Loan,7204.23,14.39,24,2025-05-08,2027-05-08,5049.33,Current
609,1115,5,Housing Loan,37305.94,10.62,132,2024-07-12,2035-07-12,33253.38,Past Due
610,1116,9,Vehicle Loan,9608.46,14.75,24,2025-09-25,2027-09-25,8006.59,Current
611,1117,18,Personal Loan,8928.71,13.63,60,2025-06-08,2030-06-08,7869.8,Current
612,1118,2,Agriculture Loan,3210.04,12.18,48,2024-09-14,2028-09-14,2225.54,Current
613,1119,9,Agriculture Loan,2416.08,10.11,36,2025-03-18,2028-03-18,1748.59,Current
614,1121,8,SME Loan,104603.34,15.16,24,2025-06-12,2027-06-12,77619.61,Defaulted
615,1122,8,Vehicle Loan,7298.9,12.21,36,2024-12-21,2027-12-21,4730.11,Current
616,1125,1,Agriculture Loan,4765.72,10.44,48,2025-09-21,2029-09-21,4500.1,Non-Performing
617,1126,18,Personal Loan,13651.46,16.09,36,2025-04-09,2028-04-09,10498.24,Non-Performing
618,1127,8,Personal Loan,5960.71,16.49,60,2023-10-04,2028-10-04,3242.22,Current
619,1129,5,Vehicle Loan,12454.74,14.4,48,2024-08-28,2028-08-28,8290.67,Current
620,1130,3,Vehicle Loan,7150.33,13.15,60,2025-01-18,2030-01-18,5637.24,Current
621,1134,15,Housing Loan,161972.07,11.43,132,2025-12-18,2036-12-18,162482.36,Past Due
622,1138,18,SME Loan,19593.66,14.45,60,2025-10-10,2030-10-10,18441.8,Past Due
623,1139,8,Personal Loan,3585.96,14.17,48,2025-10-17,2029-10-17,3431.86,Current
624,1140,16,Vehicle Loan,4840.2,10.05,24,2025-03-08,2027-03-08,3061.8,Current
625,1141,5,Personal Loan,4735.33,17.24,24,2025-05-05,2027-05-05,3064.79,Past Due
626,1144,18,Housing Loan,24536.78,9.24,204,2024-02-03,2041-02-03,22060.15,Current
627,1146,15,Personal Loan,4391.95,17.13,12,2023-10-08,2024-10-08,0.0,Closed
628,1147,1,Vehicle Loan,8381.28,12.36,60,2024-05-23,2029-05-23,5820.52,Current
629,1148,4,Vehicle Loan,24702.23,12.2,24,2025-01-12,2027-01-12,13250.37,Current
630,1149,13,Vehicle Loan,11964.53,11.02,60,2025-09-30,2030-09-30,11373.74,Current
631,1152,4,Vehicle Loan,8736.55,14.6,36,2025-06-26,2028-06-26,7378.75,Current
632,1153,16,Housing Loan,17117.11,10.37,120,2026-01-28,2036-01-28,17719.02,Current
633,1154,5,Personal Loan,4875.78,13.19,48,2025-09-01,2029-09-01,4641.32,Current
634,1156,2,Personal Loan,6149.47,13.9,12,2024-07-12,2025-07-12,0.0,Closed
635,1158,13,Housing Loan,24936.81,11.92,204,2025-03-02,2042-03-02,22813.95,Current
636,1160,8,SME Loan,36769.13,13.3,60,2025-08-20,2030-08-20,33180.63,Current
637,1161,5,Personal Loan,14137.75,15.08,60,2025-11-21,2030-11-21,13591.06,Current
638,1162,2,Personal Loan,9670.42,14.72,24,2025-06-14,2027-06-14,7244.09,Current
639,1163,2,Housing Loan,27279.92,10.87,216,2025-01-21,2043-01-21,24729.67,Non-Performing
640,1164,3,Housing Loan,48786.46,9.67,204,2025-02-28,2042-02-28,47595.97,Current
641,1165,8,Vehicle Loan,18010.17,14.97,24,2025-06-14,2027-06-14,13950.58,Past Due
642,1166,12,Housing Loan,76619.21,8.09,108,2025-06-20,2034-06-20,69936.31,Current
643,1168,11,Housing Loan,70207.28,10.45,204,2025-03-30,2042-03-30,69971.41,Current
644,1169,7,Housing Loan,22223.21,10.49,156,2025-12-14,2038-12-14,22343.88,Current
645,1170,5,Housing Loan,16543.09,8.86,144,2025-05-13,2037-05-13,15227.69,Current
646,1171,9,Vehicle Loan,4696.93,14.37,60,2025-03-20,2030-03-20,3883.55,Past Due
647,1173,16,Housing Loan,32582.79,11.72,120,2025-09-06,2035-09-06,33025.94,Current
648,1175,4,Personal Loan,3265.96,12.53,48,2025-06-29,2029-06-29,2715.89,Current
649,1176,13,Housing Loan,29408.34,9.82,72,2025-03-20,2031-03-20,24769.02,Current
650,1179,14,Agriculture Loan,4913.13,9.62,36,2025-05-18,2028-05-18,4091.26,Current
651,1180,17,Agriculture Loan,3519.06,9.24,12,2024-10-16,2025-10-16,0.0,Closed
652,1182,9,Vehicle Loan,4465.79,13.37,24,2025-01-31,2027-01-31,2426.34,Non-Performing
653,1183,4,Agriculture Loan,5474.48,12.04,12,2025-12-06,2026-12-06,5682.7,Defaulted
654,1184,13,Vehicle Loan,6047.41,11.72,48,2025-04-18,2029-04-18,4874.29,Current
655,1185,15,Housing Loan,44902.06,8.08,84,2025-06-21,2032-06-21,39915.16,Current
656,1186,7,Personal Loan,3569.58,17.78,48,2025-09-25,2029-09-25,3304.69,Current
657,1187,5,Vehicle Loan,2463.98,10.61,36,2024-05-25,2027-05-25,1117.35,Current
658,1188,10,Vehicle Loan,10678.89,10.02,24,2024-07-26,2026-07-26,3244.07,Current
659,1189,9,Personal Loan,5519.96,16.27,36,2025-01-24,2028-01-24,3809.39,Current
660,1190,18,Vehicle Loan,11594.31,11.53,36,2025-06-28,2028-06-28,9671.0,Current
661,1191,10,Agriculture Loan,4862.56,13.11,12,2024-07-08,2025-07-08,0.0,Closed
662,1195,13,Vehicle Loan,2901.06,10.97,36,2025-06-28,2028-06-28,2510.79,Current
663,1196,14,Housing Loan,32430.0,9.31,228,2025-05-23,2044-05-23,32868.82,Current
664,1200,2,Vehicle Loan,8242.85,12.89,60,2025-06-25,2030-06-25,7758.03,Current
665,1203,4,Vehicle Loan,19226.67,11.0,60,2024-09-19,2029-09-19,14141.89,Current
666,1204,3,Housing Loan,18776.51,11.45,144,2024-08-09,2036-08-09,17510.39,Current
667,1205,17,Vehicle Loan,8834.14,10.46,48,2024-12-11,2028-12-11,6516.58,Current
668,1209,4,Vehicle Loan,13144.0,11.41,24,2025-10-16,2027-10-16,11864.27,Current
669,1210,1,SME Loan,23227.84,10.24,48,2023-10-06,2027-10-06,9741.96,Current
670,1212,18,Vehicle Loan,11000.26,10.73,48,2026-01-17,2030-01-17,10931.8,Current
671,1215,6,Agriculture Loan,2538.53,9.8,12,2024-05-08,2025-05-08,0.0,Closed
672,1217,14,Personal Loan,11178.86,14.04,48,2025-07-16,2029-07-16,9812.23,Current
673,1222,2,Personal Loan,8576.83,17.48,36,2025-04-24,2028-04-24,6940.61,Past Due
674,1223,12,Personal Loan,5839.42,14.18,36,2025-06-20,2028-06-20,4692.06,Non-Performing
675,1227,4,Vehicle Loan,6574.74,13.92,24,2025-04-23,2027-04-23,4601.01,Current
676,1228,6,Personal Loan,16761.63,16.09,48,2025-10-11,2029-10-11,15607.67,Past Due
677,1229,2,Vehicle Loan,15446.14,13.92,48,2025-06-24,2029-06-24,12955.83,Current
678,1230,2,Personal Loan,8597.91,17.58,24,2025-03-03,2027-03-03,4997.25,Current
679,1231,4,SME Loan,48846.09,11.95,36,2024-09-21,2027-09-21,27642.18,Current
680,1232,15,Vehicle Loan,5299.74,12.76,36,2025-02-07,2028-02-07,3722.91,Past Due
681,1233,2,Personal Loan,9494.51,13.99,48,2025-11-14,2029-11-14,9267.46,Current
682,1235,10,Personal Loan,7348.32,14.31,24,2025-12-20,2027-12-20,6985.38,Non-Performing
683,1241,1,Personal Loan,7474.12,15.95,36,2025-01-30,2028-01-30,5361.64,Current
684,1243,13,Housing Loan,42157.46,8.52,132,2025-03-15,2036-03-15,41092.19,Current
685,1246,4,Vehicle Loan,10867.61,12.23,48,2025-07-04,2029-07-04,9744.52,Current
686,1248,13,SME Loan,17663.12,13.88,36,2025-12-01,2028-12-01,17490.71,Current
687,1250,5,Agriculture Loan,2513.38,12.7,24,2025-04-03,2027-04-03,1514.53,Current
688,1251,2,Housing Loan,75783.8,8.25,180,2025-03-04,2040-03-04,68913.14,Current
689,1252,6,Vehicle Loan,5348.9,12.87,48,2025-06-29,2029-06-29,4610.25,Current
690,1258,15,Vehicle Loan,4555.62,13.73,36,2024-08-01,2027-08-01,2361.9,Past Due
691,1261,12,Agriculture Loan,4636.8,13.82,24,2026-01-01,2028-01-01,4484.34,Current
692,1262,3,Agriculture Loan,2026.22,12.13,24,2025-04-29,2027-04-29,1337.31,Past Due
693,1263,4,SME Loan,14376.6,13.22,24,2024-04-22,2026-04-22,2511.38,Current
694,1264,15,Agriculture Loan,2027.86,9.73,36,2025-02-18,2028-02-18,1454.23,Past Due
695,1265,9,Vehicle Loan,22578.05,11.53,60,2024-04-03,2029-04-03,14445.53,Past Due
696,1266,7,SME Loan,32646.74,12.08,48,2025-06-18,2029-06-18,28870.63,Current
697,1267,13,Personal Loan,11597.32,15.3,60,2024-01-21,2029-01-21,7001.53,Defaulted
698,1271,4,Housing Loan,11335.18,9.15,240,2024-09-28,2044-09-28,10798.98,Past Due
699,1272,8,Vehicle Loan,3701.46,13.35,36,2024-09-28,2027-09-28,2073.08,Current
700,1274,15,Personal Loan,15316.99,15.97,60,2024-07-13,2029-07-13,10590.82,Current
701,1275,5,Housing Loan,75830.93,9.3,216,2025-10-18,2043-10-18,76456.61,Current
702,1278,4,Vehicle Loan,8376.74,13.58,36,2025-02-04,2028-02-04,5697.71,Current
703,1280,11,Vehicle Loan,15370.64,13.96,36,2025-04-24,2028-04-24,12114.66,Past Due
704,1281,16,Personal Loan,9794.01,14.85,36,2025-06-22,2028-06-22,8496.64,Current
705,1282,7,Housing Loan,94370.69,8.23,144,2025-05-31,2037-05-31,85717.17,Current
706,1283,9,Agriculture Loan,1807.12,12.26,24,2025-03-23,2027-03-23,1167.36,Current
707,1284,7,Vehicle Loan,12736.79,11.56,36,2026-01-04,2029-01-04,12113.19,Current
708,1287,3,Housing Loan,14997.65,9.69,108,2026-01-17,2035-01-17,14354.45,Current
709,1289,9,SME Loan,32511.92,10.29,72,2025-08-11,2031-08-11,31617.57,Current
710,1290,4,Personal Loan,9503.13,13.37,48,2025-06-06,2029-06-06,8051.42,Past Due
711,1291,11,Housing Loan,15627.87,10.36,96,2024-12-22,2032-12-22,14237.6,Past Due
712,1292,8,Vehicle Loan,10968.46,12.09,48,2024-11-04,2028-11-04,7543.96,Current
713,1293,3,Personal Loan,6324.6,17.35,24,2025-05-15,2027-05-15,4645.17,Current
714,1294,5,Agriculture Loan,4883.49,13.52,36,2026-01-28,2029-01-28,5007.74,Current
715,1296,11,Vehicle Loan,5582.19,12.92,24,2025-06-14,2027-06-14,4059.07,Current
716,1298,17,Housing Loan,57114.62,8.42,96,2025-03-27,2033-03-27,50678.85,Current
717,1302,2,Housing Loan,27571.25,8.39,216,2025-06-11,2043-06-11,26576.32,Past Due
718,1304,18,Personal Loan,26397.08,15.7,36,2025-04-28,2028-04-28,20913.04,Current
719,1305,4,Housing Loan,25148.98,11.99,216,2024-04-06,2042-04-06,21714.85,Current
720,1311,10,Agriculture Loan,5901.81,13.53,24,2024-05-12,2026-05-12,1251.78,Past Due
721,1312,18,Housing Loan,52027.25,10.45,240,2025-08-25,2045-08-25,50550.06,Current
722,1319,7,Agriculture Loan,1374.69,13.77,12,2025-03-18,2026-03-18,339.63,Past Due
723,1321,1,Agriculture Loan,2796.2,12.05,48,2025-09-02,2029-09-02,2496.46,Current
724,1322,16,SME Loan,20694.4,14.47,84,2024-10-15,2031-10-15,17001.15,Current
725,1325,3,Vehicle Loan,6672.22,13.73,60,2025-04-18,2030-04-18,5798.22,Current
726,1326,4,Vehicle Loan,6521.31,12.74,48,2024-08-06,2028-08-06,4419.88,Current
727,1328,3,SME Loan,105108.99,14.43,72,2025-03-31,2031-03-31,91630.32,Past Due
728,1330,1,Vehicle Loan,7715.25,10.57,60,2025-04-23,2030-04-23,6958.87,Current
729,1331,10,Vehicle Loan,4693.58,13.03,36,2024-12-25,2027-12-25,3200.05,Past Due
730,1334,3,Vehicle Loan,11980.66,13.77,60,2024-08-23,2029-08-23,8976.07,Current
731,1336,8,Housing Loan,24931.39,9.4,96,2025-10-24,2033-10-24,25255.47,Current
732,1337,5,Housing Loan,24609.29,8.63,120,2025-03-27,2035-03-27,23427.9,Current
733,1338,9,SME Loan,28828.85,12.0,72,2024-06-30,2030-06-30,22430.27,Current
734,1340,2,Vehicle Loan,18319.41,10.99,36,2025-01-10,2028-01-10,12807.57,Current
735,1344,3,Vehicle Loan,9034.54,13.93,24,2025-02-18,2027-02-18,5139.06,Current
736,1346,17,Vehicle Loan,7424.06,12.57,36,2025-06-13,2028-06-13,5896.35,Current
737,1349,7,Personal Loan,5261.76,16.29,60,2024-10-11,2029-10-11,3949.07,Current
738,1350,7,Personal Loan,9401.56,12.99,12,2025-01-24,2026-01-24,800.11,Current
739,1351,13,Agriculture Loan,3569.87,12.93,12,2024-11-02,2025-11-02,0.0,Closed
740,1352,4,Vehicle Loan,16208.33,14.21,60,2024-12-11,2029-12-11,12989.67,Current
741,1353,7,Vehicle Loan,11745.68,10.58,60,2025-11-16,2030-11-16,11043.03,Current
742,1354,11,Vehicle Loan,17221.13,13.99,24,2025-04-08,2027-04-08,11622.57,Current
743,1355,7,Personal Loan,7933.51,17.77,36,2023-07-16,2026-07-16,1506.24,Current
744,1359,13,Housing Loan,50086.36,8.04,144,2025-04-16,2037-04-16,45739.45,Current
745,1363,9,Vehicle Loan,5679.14,14.96,48,2024-09-16,2028-09-16,3813.64,Current
746,1364,18,Housing Loan,31880.25,10.62,132,2025-06-12,2036-06-12,29359.15,Current
747,1365,2,Vehicle Loan,10125.71,11.32,24,2025-09-11,2027-09-11,8994.71,Current
748,1366,10,SME Loan,44482.61,12.75,72,2024-10-28,2030-10-28,35998.23,Current
749,1370,1,Vehicle Loan,21207.17,10.78,24,2025-06-20,2027-06-20,15492.88,Current
750,1371,10,Housing Loan,25764.79,10.48,168,2026-01-28,2040-01-28,25856.11,Defaulted
751,1373,8,Vehicle Loan,14067.71,13.78,36,2025-12-17,2028-12-17,14068.93,Current
752,1375,7,Housing Loan,27745.63,10.67,180,2024-04-16,2039-04-16,25772.69,Current
753,1376,1,Housing Loan,57045.53,11.85,192,2025-05-27,2041-05-27,55409.2,Past Due
754,1379,7,Vehicle Loan,6468.87,10.59,48,2025-01-02,2029-01-02,4851.01,Current
755,1385,10,SME Loan,33104.64,10.72,60,2025-02-16,2030-02-16,28259.91,Non-Performing
756,1388,2,Agriculture Loan,2137.66,13.39,12,2025-06-03,2026-06-03,856.56,Non-Performing
757,1389,6,Personal Loan,3981.1,14.74,24,2025-10-20,2027-10-20,3829.65,Current
758,1391,13,Agriculture Loan,1215.15,10.1,48,2024-10-21,2028-10-21,884.77,Defaulted
759,1392,6,Agriculture Loan,7618.77,10.96,24,2025-05-02,2027-05-02,5044.56,Current
760,1394,13,Personal Loan,6588.87,12.17,24,2025-02-02,2027-02-02,3678.96,Past Due
761,1396,3,Personal Loan,4315.79,14.41,12,2025-03-30,2026-03-30,1049.41,Current
762,1397,4,SME Loan,15632.63,15.51,24,2024-04-27,2026-04-27,2686.43,Current
763,1399,3,Vehicle Loan,3021.37,14.28,24,2026-01-14,2028-01-14,3043.34,Current
764,1400,10,Vehicle Loan,3874.1,12.46,60,2025-11-17,2030-11-17,3896.86,Current
765,1401,9,Personal Loan,4114.33,15.64,48,2025-01-14,2029-01-14,3183.37,Current
766,1402,17,SME Loan,88749.36,13.32,84,2025-04-14,2032-04-14,79731.98,Non-Performing
767,1406,17,Personal Loan,11429.15,14.21,60,2025-04-01,2030-04-01,9482.76,Non-Performing
768,1408,3,Agriculture Loan,1275.7,10.93,48,2025-05-14,2029-05-14,1041.27,Current
769,1410,1,Personal Loan,4043.74,12.4,24,2024-07-25,2026-07-25,1183.53,Current
770,1411,7,Personal Loan,5909.99,16.35,48,2025-09-06,2029-09-06,5400.39,Non-Performing
771,1412,3,Vehicle Loan,7405.97,12.23,24,2025-04-29,2027-04-29,5006.52,Current
772,1415,4,SME Loan,38072.92,15.51,72,2025-08-12,2031-08-12,35448.8,Current
773,1416,11,Vehicle Loan,3135.22,10.49,48,2024-11-27,2028-11-27,2384.74,Current
774,1417,11,Vehicle Loan,6211.13,12.85,36,2024-06-05,2027-06-05,2921.36,Current
775,1420,7,Vehicle Loan,12835.61,11.96,60,2025-05-10,2030-05-10,11572.57,Current
776,1421,6,Vehicle Loan,7247.7,10.18,36,2025-10-05,2028-10-05,6954.96,Current
777,1424,8,Vehicle Loan,3398.84,13.05,48,2025-08-14,2029-08-14,3020.53,Current
778,1425,9,Personal Loan,21366.69,16.73,36,2025-04-25,2028-04-25,16628.37,Current
779,1426,10,SME Loan,31361.87,11.12,36,2025-02-17,2028-02-17,22174.37,Current
780,1428,3,Housing Loan,38396.72,9.53,192,2025-06-04,2041-06-04,37120.36,Current
781,1430,12,Housing Loan,127324.96,9.75,132,2025-06-28,2036-06-28,117234.25,Current
782,1430,12,SME Loan,66976.95,12.91,24,2025-06-28,2027-06-28,52281.87,Current
783,1432,2,Personal Loan,4872.8,12.45,24,2025-03-12,2027-03-12,3065.57,Current
784,1433,7,Housing Loan,26354.57,8.15,84,2025-07-23,2032-07-23,25870.38,Non-Performing
785,1435,13,Vehicle Loan,8273.21,14.17,24,2024-02-16,2026-02-16,717.89,Non-Performing
786,1437,9,Vehicle Loan,9525.17,11.23,36,2025-12-19,2028-12-19,9100.64,Current
787,1439,4,SME Loan,15603.45,10.45,84,2023-08-25,2030-08-25,10362.06,Current
788,1440,9,Vehicle Loan,6264.98,10.13,24,2024-03-12,2026-03-12,795.37,Current
789,1441,18,Housing Loan,26339.16,9.07,204,2026-01-04,2043-01-04,27231.08,Current
790,1442,9,SME Loan,21307.17,12.01,84,2025-12-31,2032-12-31,22220.24,Past Due
791,1444,1,Personal Loan,11215.6,16.83,48,2026-01-29,2030-01-29,11737.29,Current
792,1445,13,Vehicle Loan,9262.14,10.81,48,2025-10-02,2029-10-02,8850.93,Current
793,1446,10,Agriculture Loan,5824.69,9.78,36,2025-08-10,2028-08-10,4997.68,Current
794,1447,4,Agriculture Loan,2786.98,12.53,36,2025-05-14,2028-05-14,2217.79,Non-Performing
795,1448,3,Agriculture Loan,4693.95,11.99,24,2023-11-07,2025-11-07,0.0,Closed
796,1449,7,Housing Loan,58169.37,11.83,132,2025-11-30,2036-11-30,59150.4,Current
797,1450,4,Vehicle Loan,23124.29,10.75,36,2025-05-17,2028-05-17,19337.26,Current
798,1452,18,Vehicle Loan,8098.67,13.19,60,2025-05-28,2030-05-28,7288.9,Current
799,1455,10,Vehicle Loan,10414.72,12.5,36,2026-01-06,2029-01-06,10423.02,Current
800,1456,2,Personal Loan,9788.63,15.12,48,2025-10-05,2029-10-05,9248.51,Current
801,1457,18,Housing Loan,72975.31,10.81,156,2024-11-16,2037-11-16,68257.45,Current
802,1458,12,Vehicle Loan,16977.23,11.48,48,2025-05-20,2029-05-20,14799.73,Current
803,1461,17,SME Loan,45608.39,11.65,84,2025-01-16,2032-01-16,38195.7,Current
804,1463,3,SME Loan,24372.01,13.61,24,2025-04-14,2027-04-14,16340.4,Current
805,1464,6,Personal Loan,6168.61,12.01,24,2025-10-06,2027-10-06,5781.36,Defaulted
806,1465,8,Housing Loan,25536.81,8.85,180,2024-09-10,2039-09-10,24454.61,Current
807,1466,9,Personal Loan,9823.24,14.7,24,2025-11-07,2027-11-07,9264.48,Current
808,1470,4,Personal Loan,7150.65,12.14,24,2024-08-24,2026-08-24,2296.9,Current
809,1471,9,Personal Loan,9067.24,17.5,12,2024-10-18,2025-10-18,0.0,Closed
810,1473,18,Housing Loan,63014.49,9.98,192,2025-06-20,2041-06-20,59370.26,Current
811,1475,6,Personal Loan,10191.73,16.56,48,2024-01-14,2028-01-14,5187.99,Current
812,1477,11,Personal Loan,3991.73,16.34,60,2025-02-14,2030-02-14,3405.89,Current
813,1478,1,Personal Loan,17901.24,17.13,36,2025-05-25,2028-05-25,14948.58,Current
814,1481,17,SME Loan,41865.86,10.69,24,2025-09-07,2027-09-07,35705.14,Current
815,1483,7,SME Loan,31386.63,15.21,72,2025-11-23,2031-11-23,30191.01,Current
816,1484,18,Vehicle Loan,27970.63,14.96,36,2025-03-19,2028-03-19,20265.7,Current
817,1485,11,Housing Loan,35349.55,9.89,144,2025-06-08,2037-06-08,33290.55,Current
818,1488,15,Personal Loan,12889.92,17.66,24,2026-01-06,2028-01-06,13259.07,Current
819,1489,2,Personal Loan,6305.2,16.51,24,2024-02-22,2026-02-22,533.38,Current
820,1490,7,Personal Loan,1768.02,17.81,24,2025-04-07,2027-04-07,1160.11,Defaulted
821,1492,8,Personal Loan,12922.31,15.08,12,2025-04-15,2026-04-15,4395.58,Current
822,1493,5,Agriculture Loan,7436.06,9.86,24,2025-03-19,2027-03-19,4760.41,Non-Performing
823,1494,3,Personal Loan,5746.0,15.11,60,2025-06-25,2030-06-25,5202.17,Current
824,1495,18,SME Loan,32810.72,15.18,48,2024-06-28,2028-06-28,19809.32,Current
825,1497,3,Housing Loan,29194.84,8.92,228,2024-09-22,2043-09-22,28485.94,Current
826,1500,6,Housing Loan,39056.81,10.01,168,2025-11-30,2039-11-30,38950.43,Current
827,1502,11,Housing Loan,42114.31,10.5,96,2024-11-21,2032-11-21,38085.76,Current
828,1505,7,Housing Loan,38623.1,9.03,144,2024-11-09,2036-11-09,35184.42,Current
829,1507,16,Agriculture Loan,4249.7,13.02,48,2025-06-29,2029-06-29,3631.99,Current
830,1508,5,Vehicle Loan,5585.04,10.57,24,2025-06-29,2027-06-29,4023.58,Past Due
831,1509,4,Personal Loan,5447.64,12.65,24,2025-01-09,2027-01-09,2953.61,Current
832,1512,16,Personal Loan,21582.39,17.11,36,2025-05-26,2028-05-26,16991.75,Current
833,1513,11,Personal Loan,15206.82,12.08,24,2025-06-17,2027-06-17,11064.77,Current
834,1515,2,Vehicle Loan,3160.39,12.9,60,2026-01-24,2031-01-24,3040.94,Current
835,1518,2,Vehicle Loan,22193.3,14.09,24,2024-11-11,2026-11-11,9765.01,Current
836,1520,7,SME Loan,57923.63,15.5,36,2025-01-08,2028-01-08,40906.35,Current
837,1521,12,Vehicle Loan,6053.28,13.0,36,2025-05-16,2028-05-16,4794.55,Past Due
838,1522,13,Vehicle Loan,11332.38,14.25,60,2024-09-07,2029-09-07,8291.3,Current
839,1524,6,Personal Loan,10708.09,15.06,24,2026-01-17,2028-01-17,10319.6,Current
840,1528,16,Personal Loan,13109.53,15.96,36,2025-01-17,2028-01-17,8851.38,Current
841,1531,9,Vehicle Loan,21194.22,12.38,48,2024-12-24,2028-12-24,16401.38,Current
842,1532,14,Vehicle Loan,5073.65,10.62,36,2025-02-14,2028-02-14,3709.38,Defaulted
843,1534,18,Agriculture Loan,2536.29,11.29,36,2025-04-27,2028-04-27,1993.58,Current
844,1535,7,Housing Loan,45280.05,11.43,228,2024-11-21,2043-11-21,44146.49,Current
845,1539,4,Vehicle Loan,7448.3,11.9,36,2024-10-22,2027-10-22,4501.42,Current
846,1540,9,Housing Loan,66726.61,11.01,72,2025-07-15,2031-07-15,64291.42,Current
847,1541,6,Housing Loan,51970.34,11.91,84,2024-11-08,2031-11-08,43188.87,Current
848,1542,6,Personal Loan,16294.22,12.05,12,2025-06-20,2026-06-20,8168.18,Current
849,1544,2,Agriculture Loan,3250.36,10.35,12,2025-05-13,2026-05-13,1297.64,Past Due
850,1547,7,Vehicle Loan,12670.71,10.22,24,2025-04-27,2027-04-27,8292.77,Current
851,1549,11,Housing Loan,44410.76,11.28,108,2025-06-29,2034-06-29,41795.38,Defaulted
852,1550,17,Agriculture Loan,3945.85,10.93,48,2025-02-04,2029-02-04,3109.39,Current
853,1551,11,Vehicle Loan,4243.55,10.3,48,2024-10-04,2028-10-04,2981.41,Past Due
854,1553,3,Housing Loan,83030.77,9.31,72,2025-03-12,2031-03-12,73055.31,Current
855,1554,14,Agriculture Loan,6059.78,9.79,36,2025-03-06,2028-03-06,4323.81,Past Due
856,1556,4,Housing Loan,26886.57,11.8,180,2025-08-19,2040-08-19,25725.96,Current
857,1557,5,Housing Loan,12355.14,10.01,132,2025-10-19,2036-10-19,11709.83,Defaulted
858,1561,8,Personal Loan,2505.13,12.2,48,2025-05-16,2029-05-16,2217.1,Current
859,1563,3,Agriculture Loan,2157.98,12.09,12,2024-07-24,2025-07-24,0.0,Closed
860,1564,18,Agriculture Loan,6260.29,13.92,36,2025-06-04,2028-06-04,5155.38,Current
861,1567,9,Vehicle Loan,6573.25,11.11,24,2024-09-17,2026-09-17,2587.13,Current
862,1570,12,Personal Loan,10189.4,14.02,12,2025-03-22,2026-03-22,2448.6,Current
863,1572,7,Personal Loan,14349.11,13.95,36,2025-12-16,2028-12-16,13693.96,Current
864,1573,1,Housing Loan,28911.95,10.72,132,2025-04-04,2036-04-04,26203.68,Current
865,1575,2,Vehicle Loan,10081.15,13.39,36,2025-06-05,2028-06-05,8315.08,Current
866,1578,16,SME Loan,57326.06,11.59,72,2025-03-04,2031-03-04,48484.33,Current
867,1578,16,Housing Loan,43743.03,8.62,72,2024-10-09,2030-10-09,35596.36,Non-Performing
868,1579,9,Vehicle Loan,21935.92,13.48,48,2025-10-16,2029-10-16,21688.53,Current
869,1582,6,Housing Loan,43100.5,10.41,192,2025-10-01,2041-10-01,43486.59,Past Due
870,1584,7,Personal Loan,8303.56,13.68,48,2025-05-23,2029-05-23,7035.97,Current
871,1585,8,Personal Loan,4765.12,13.01,36,2025-12-28,2028-12-28,4674.09,Defaulted
872,1586,18,Housing Loan,28961.97,10.3,192,2023-11-04,2039-11-04,26055.53,Current
873,1587,2,Vehicle Loan,16033.05,11.35,36,2025-05-29,2028-05-29,13040.25,Current
874,1594,4,Vehicle Loan,5512.21,10.6,60,2025-06-18,2030-06-18,4855.92,Current
875,1595,4,Housing Loan,44280.5,11.64,108,2026-01-25,2035-01-25,43819.95,Current
876,1596,18,Housing Loan,19643.25,10.15,216,2025-12-17,2043-12-17,20180.71,Current
877,1597,8,Personal Loan,5805.0,17.71,24,2025-01-26,2027-01-26,3049.02,Past Due
878,1601,18,Housing Loan,51474.19,9.27,204,2025-09-03,2042-09-03,48457.99,Current
879,1602,16,Vehicle Loan,17702.45,11.29,24,2025-12-28,2027-12-28,18228.02,Current
880,1604,6,Vehicle Loan,6632.08,13.71,60,2024-08-21,2029-08-21,4877.42,Past Due
881,1605,2,Vehicle Loan,16164.26,14.06,24,2025-04-08,2027-04-08,10316.69,Defaulted
882,1606,18,Housing Loan,25696.23,8.97,192,2025-10-13,2041-10-13,24226.51,Current
883,1607,6,Housing Loan,23604.93,11.92,240,2025-10-10,2045-10-10,22472.96,Current
884,1608,9,SME Loan,28964.8,13.67,36,2025-06-25,2028-06-25,23437.16,Current
885,1609,18,Vehicle Loan,10320.89,13.13,24,2024-03-22,2026-03-22,1345.15,Current
886,1610,3,SME Loan,54112.92,11.39,24,2024-05-18,2026-05-18,11077.13,Current
887,1612,10,Vehicle Loan,5007.4,11.85,60,2025-04-05,2030-04-05,4408.12,Current
888,1613,1,SME Loan,58773.41,12.44,48,2025-04-23,2029-04-23,46831.77,Current
889,1618,12,Agriculture Loan,2960.42,12.33,36,2025-07-15,2028-07-15,2556.85,Past Due
890,1619,10,Vehicle Loan,8501.32,14.97,24,2025-01-20,2027-01-20,4760.94,Current
891,1620,1,SME Loan,18738.85,13.8,72,2025-06-26,2031-06-26,16629.53,Current
892,1621,15,Agriculture Loan,3424.66,11.87,36,2025-09-02,2028-09-02,2972.14,Current
893,1622,18,Vehicle Loan,17712.32,11.17,60,2025-10-04,2030-10-04,17245.02,Current
894,1623,1,Agriculture Loan,5676.32,9.22,48,2025-04-08,2029-04-08,4563.45,Non-Performing
895,1624,3,Vehicle Loan,5796.53,12.66,48,2025-05-22,2029-05-22,5045.29,Current
896,1628,10,Agriculture Loan,2438.97,9.03,48,2025-08-15,2029-08-15,2188.96,Defaulted
897,1629,7,Vehicle Loan,12528.61,14.26,36,2026-01-06,2029-01-06,12736.07,Current
898,1632,2,SME Loan,49195.24,14.06,36,2025-06-30,2028-06-30,41862.59,Current
899,1635,11,Vehicle Loan,15379.41,13.62,60,2025-06-12,2030-06-12,13981.12,Current
900,1638,8,Housing Loan,25343.06,11.23,84,2025-07-27,2032-07-27,23103.02,Current
901,1639,6,Vehicle Loan,19777.2,12.25,24,2025-06-22,2027-06-22,14710.4,Current
902,1640,12,Agriculture Loan,2970.61,11.67,24,2024-02-22,2026-02-22,253.38,Current
903,1641,4,Agriculture Loan,3167.69,9.58,12,2025-05-03,2026-05-03,1030.43,Current
904,1643,2,Vehicle Loan,11281.44,10.34,24,2024-12-24,2026-12-24,5450.6,Current
905,1644,9,Housing Loan,42936.98,10.22,108,2023-09-17,2032-09-17,31013.39,Past Due
906,1647,7,Housing Loan,45516.78,9.38,228,2026-01-16,2045-01-16,45072.21,Current
907,1648,3,SME Loan,24455.76,11.04,48,2025-03-01,2029-03-01,19668.15,Current
908,1650,10,Vehicle Loan,4289.66,13.58,48,2025-05-01,2029-05-01,3466.81,Current
909,1651,18,Personal Loan,6221.76,15.96,48,2024-05-28,2028-05-28,3643.15,Defaulted
910,1654,7,Agriculture Loan,4106.04,9.98,12,2025-03-29,2026-03-29,1012.61,Current
911,1655,3,SME Loan,55504.34,15.08,84,2025-10-25,2032-10-25,55917.01,Current
912,1659,1,Housing Loan,17565.47,11.15,240,2025-09-18,2045-09-18,17958.93,Current
913,1660,9,Housing Loan,38775.58,8.2,120,2025-11-23,2035-11-23,36725.76,Non-Performing
914,1662,4,Personal Loan,3700.17,12.13,48,2024-10-27,2028-10-27,2654.74,Non-Performing
915,1663,7,Personal Loan,5786.17,17.51,60,2025-10-02,2030-10-02,5612.22,Current
916,1664,10,Housing Loan,17926.94,10.45,180,2025-04-11,2040-04-11,16544.76,Current
917,1668,6,Vehicle Loan,14284.11,12.87,60,2025-06-15,2030-06-15,13278.56,Current
918,1672,9,Vehicle Loan,6202.3,13.22,60,2026-01-05,2031-01-05,6437.39,Current
919,1673,18,Vehicle Loan,9219.18,10.36,36,2025-04-07,2028-04-07,7089.32,Current
920,1674,15,Vehicle Loan,19384.98,13.09,36,2025-04-15,2028-04-15,15787.09,Current
921,1675,3,Personal Loan,18279.69,12.22,12,2025-10-09,2026-10-09,15584.52,Current
922,1678,3,Personal Loan,10262.26,14.56,24,2025-09-15,2027-09-15,8854.82,Current
923,1679,16,Vehicle Loan,9706.07,13.21,60,2025-06-12,2030-06-12,8776.36,Current
924,1682,4,Housing Loan,23441.62,9.26,192,2024-12-08,2040-12-08,21458.57,Current
925,1683,12,Housing Loan,51021.95,11.81,84,2025-03-13,2032-03-13,46504.78,Current
926,1684,9,Housing Loan,38566.94,10.62,168,2024-08-03,2038-08-03,35785.28,Current
927,1685,15,Vehicle Loan,18939.89,13.92,24,2024-04-11,2026-04-11,3264.08,Current
928,1687,3,Agriculture Loan,2459.52,9.73,48,2024-07-10,2028-07-10,1564.7,Current
929,1688,16,SME Loan,45634.78,15.67,36,2024-11-04,2027-11-04,28025.71,Current
930,1689,9,Housing Loan,60227.87,9.04,96,2025-01-02,2033-01-02,54572.5,Past Due
931,1691,9,Personal Loan,12784.58,13.92,48,2025-06-29,2029-06-29,10912.18,Current
932,1692,7,Agriculture Loan,3515.35,9.07,36,2024-04-13,2027-04-13,1517.3,Past Due
933,1694,11,Vehicle Loan,14630.76,12.97,48,2025-06-13,2029-06-13,13285.36,Current
934,1696,7,Agriculture Loan,4268.09,9.99,12,2025-09-05,2026-09-05,3280.69,Current
935,1699,18,Personal Loan,5610.76,17.57,36,2025-06-18,2028-06-18,4504.6,Current
936,1700,8,Vehicle Loan,11978.73,10.45,36,2025-07-14,2028-07-14,10707.05,Past Due
937,1702,13,Housing Loan,15010.78,8.19,192,2025-04-28,2041-04-28,14346.04,Current
938,1703,18,Housing Loan,54370.9,9.67,120,2024-01-31,2034-01-31,44965.77,Current
939,1704,17,Housing Loan,27678.72,10.61,156,2024-06-04,2037-06-04,25295.01,Non-Performing
940,1705,18,Vehicle Loan,11603.28,10.9,24,2025-10-06,2027-10-06,10293.14,Past Due
941,1706,4,Vehicle Loan,7310.68,11.94,36,2025-02-21,2028-02-21,5240.1,Non-Performing
942,1707,16,Housing Loan,35583.05,11.67,60,2024-07-17,2029-07-17,26241.77,Current
943,1708,6,SME Loan,77040.26,10.96,24,2024-07-29,2026-07-29,23059.31,Current
944,1711,6,Vehicle Loan,10417.26,13.31,48,2025-12-23,2029-12-23,10659.35,Current
945,1712,12,Vehicle Loan,7000.3,13.68,48,2024-08-18,2028-08-18,4705.9,Current
946,1713,8,Vehicle Loan,10627.92,10.3,48,2025-10-03,2029-10-03,10562.33,Current
947,1714,10,Vehicle Loan,3817.53,10.1,60,2023-12-04,2028-12-04,2152.71,Current
948,1715,16,Vehicle Loan,7153.86,13.86,60,2025-01-22,2030-01-22,5601.11,Current
949,1716,1,Housing Loan,79358.68,9.33,192,2025-09-01,2041-09-01,74824.57,Current
950,1718,11,Vehicle Loan,5484.81,13.24,36,2025-06-21,2028-06-21,4585.28,Current
951,1720,4,Vehicle Loan,4638.91,14.42,24,2025-06-09,2027-06-09,3542.88,Non-Performing
952,1721,13,Vehicle Loan,19498.75,11.61,48,2026-01-21,2030-01-21,19095.43,Current
953,1722,6,Vehicle Loan,22015.94,11.48,60,2025-08-21,2030-08-21,21382.84,Defaulted
954,1725,12,Housing Loan,121624.24,9.44,60,2024-07-12,2029-07-12,83050.35,Current
955,1726,17,SME Loan,54799.09,15.08,36,2024-07-20,2027-07-20,28567.14,Current
956,1728,9,Agriculture Loan,5832.3,10.86,36,2026-01-16,2029-01-16,5900.07,Past Due
957,1729,6,Vehicle Loan,9176.52,13.52,48,2025-10-05,2029-10-05,9220.26,Current
958,1730,18,Housing Loan,16646.26,11.59,60,2025-06-28,2030-06-28,14715.92,Past Due
959,1735,2,Agriculture Loan,3994.74,13.04,24,2024-11-26,2026-11-26,1894.01,Current
960,1737,3,Personal Loan,5501.14,12.83,60,2025-07-17,2030-07-17,5245.38,Current
961,1739,9,Agriculture Loan,1980.48,12.51,48,2025-06-25,2029-06-25,1646.72,Current
962,1741,7,Personal Loan,4620.56,12.19,24,2025-05-26,2027-05-26,3336.47,Current
963,1742,7,Vehicle Loan,6716.74,11.93,60,2025-10-14,2030-10-14,6312.64,Current
964,1743,5,SME Loan,40640.21,11.29,36,2025-05-13,2028-05-13,31567.2,Current
965,1746,1,Personal Loan,3736.36,15.92,60,2025-04-28,2030-04-28,3326.13,Current
966,1749,4,Vehicle Loan,5139.36,14.96,36,2025-03-17,2028-03-17,3842.18,Current
967,1750,18,Vehicle Loan,13960.96,14.56,60,2024-12-05,2029-12-05,10883.25,Current
968,1752,3,Vehicle Loan,8532.21,14.17,48,2025-02-12,2029-02-12,6665.93,Current
969,1753,4,Housing Loan,26896.18,8.9,132,2024-07-06,2035-07-06,23995.65,Current
970,1755,6,SME Loan,27812.94,10.96,24,2025-04-12,2027-04-12,18407.39,Current
971,1756,17,Housing Loan,32855.62,9.49,144,2025-11-09,2037-11-09,33538.88,Current
972,1757,10,SME Loan,51217.79,10.27,36,2024-10-09,2027-10-09,31105.04,Current
973,1759,18,Housing Loan,14643.65,9.6,204,2025-07-25,2042-07-25,13950.4,Current
974,1760,9,Vehicle Loan,3000.28,13.27,60,2025-01-25,2030-01-25,2529.45,Current
975,1762,8,Personal Loan,9955.51,14.64,12,2025-10-24,2026-10-24,8558.62,Past Due
976,1764,3,SME Loan,52981.56,13.87,60,2023-09-21,2028-09-21,28461.53,Past Due
977,1766,13,Agriculture Loan,2077.24,13.55,24,2024-12-02,2026-12-02,958.3,Current
978,1768,9,Agriculture Loan,4523.02,10.41,24,2025-06-24,2027-06-24,3350.7,Defaulted
979,1771,9,Agriculture Loan,3055.16,9.44,12,2025-06-05,2026-06-05,1481.83,Non-Performing
980,1772,5,Vehicle Loan,6629.02,13.53,24,2025-01-09,2027-01-09,3491.25,Current
981,1776,6,Vehicle Loan,3158.03,13.56,24,2025-09-04,2027-09-04,2739.08,Current
982,1778,4,Vehicle Loan,6983.09,11.9,60,2023-10-30,2028-10-30,3899.38,Current
983,1779,6,Personal Loan,11635.61,16.12,36,2025-03-30,2028-03-30,8317.09,Current
984,1780,4,Housing Loan,100523.85,9.0,192,2025-01-16,2041-01-16,96274.53,Defaulted
985,1782,4,Housing Loan,15460.84,9.27,132,2024-11-06,2035-11-06,14222.24,Current
986,1784,4,Personal Loan,8988.63,16.12,60,2026-01-02,2031-01-02,9081.77,Current
987,1785,18,SME Loan,22306.08,14.45,72,2025-06-05,2031-06-05,19567.73,Current
988,1786,11,Personal Loan,10106.24,13.66,12,2025-12-13,2026-12-13,10311.58,Current
989,1789,7,Vehicle Loan,11508.44,12.42,24,2024-09-12,2026-09-12,4204.42,Current
990,1792,16,Vehicle Loan,3026.17,12.5,24,2024-10-27,2026-10-27,1221.09,Current
991,1794,2,Vehicle Loan,7348.66,10.22,60,2024-07-22,2029-07-22,5068.36,Current
992,1798,3,Housing Loan,37341.1,9.32,60,2024-11-14,2029-11-14,28659.77,Current
993,1802,17,Vehicle Loan,4374.97,14.55,36,2024-06-10,2027-06-10,2221.58,Current
994,1803,17,Vehicle Loan,12573.7,11.53,60,2025-02-08,2030-02-08,10648.55,Non-Performing
995,1804,13,Housing Loan,23388.7,10.48,240,2025-12-24,2045-12-24,24522.49,Current
996,1806,6,Vehicle Loan,26588.49,14.37,60,2025-06-25,2030-06-25,22855.1,Past Due
997,1807,17,Housing Loan,30635.36,9.58,180,2025-04-20,2040-04-20,28377.34,Current
998,1808,7,Vehicle Loan,6624.22,10.02,24,2025-06-27,2027-06-27,4754.54,Current
999,1811,1,Personal Loan,9908.67,13.37,24,2025-07-18,2027-07-18,7583.69,Current
1000,1816,4,Vehicle Loan,4430.3,11.25,48,2025-07-13,2029-07-13,3884.26,Non-Performing
1001,1821,1,Housing Loan,30871.71,10.71,216,2025-03-03,2043-03-03,30741.1,Current
1002,1822,13,Housing Loan,90158.33,10.76,228,2025-02-12,2044-02-12,86292.7,Current
1003,1823,18,Housing Loan,12047.62,10.55,60,2025-05-15,2030-05-15,10939.97,Past Due
1004,1827,2,Personal Loan,5698.46,14.39,12,2025-05-29,2026-05-29,2438.07,Current
1005,1833,14,Vehicle Loan,4532.56,10.47,60,2025-10-14,2030-10-14,4310.98,Current
1006,1834,13,Personal Loan,13893.11,17.71,24,2025-06-28,2027-06-28,9925.91,Current
1007,1836,7,Vehicle Loan,7897.83,14.08,36,2025-12-16,2028-12-16,8071.35,Past Due
1008,1837,11,Housing Loan,106398.98,8.01,168,2025-09-06,2039-09-06,102733.2,Current
1009,1837,11,SME Loan,48184.37,11.58,36,2025-09-06,2028-09-06,43042.64,Current
1010,1838,3,Vehicle Loan,7637.97,14.81,48,2025-06-29,2029-06-29,6726.42,Current
1011,1840,12,Housing Loan,30225.58,11.46,204,2024-12-25,2041-12-25,29406.6,Current
1012,1841,7,Housing Loan,24108.27,9.83,216,2024-11-16,2042-11-16,23740.33,Current
1013,1843,11,Vehicle Loan,21389.06,13.76,60,2025-05-16,2030-05-16,19061.17,Current
1014,1844,8,Vehicle Loan,5920.22,14.41,48,2025-03-24,2029-03-24,4933.29,Non-Performing
1015,1846,7,Housing Loan,25227.1,8.51,144,2024-12-12,2036-12-12,22949.8,Current
1016,1847,4,Housing Loan,30285.92,11.94,144,2025-06-20,2037-06-20,30412.67,Defaulted
1017,1848,15,Agriculture Loan,2180.17,12.08,24,2023-09-13,2025-09-13,0.0,Closed
1018,1850,18,Housing Loan,30096.83,8.41,144,2024-08-11,2036-08-11,28064.22,Current
1019,1852,1,Agriculture Loan,2463.63,11.64,24,2025-05-01,2027-05-01,1589.81,Current
1020,1855,7,Personal Loan,3687.77,13.56,60,2025-02-23,2030-02-23,3010.42,Current
1021,1859,15,Vehicle Loan,30821.29,12.91,60,2025-04-28,2030-04-28,26381.29,Current
1022,1861,3,Housing Loan,50219.19,11.78,60,2024-01-19,2029-01-19,31305.39,Current
1023,1866,4,Personal Loan,5260.35,15.32,36,2024-01-29,2027-01-29,1858.27,Current
1024,1867,17,Agriculture Loan,3667.21,10.69,48,2024-11-29,2028-11-29,2595.5,Past Due
1025,1868,4,Housing Loan,21026.18,10.08,156,2025-04-10,2038-04-10,20892.71,Non-Performing
1026,1869,5,Vehicle Loan,17718.16,11.21,36,2025-11-12,2028-11-12,16765.22,Current
1027,1870,18,Housing Loan,35836.67,10.69,204,2025-12-30,2042-12-30,35452.71,Non-Performing
1028,1873,6,Vehicle Loan,11549.48,12.7,24,2024-07-21,2026-07-21,3392.74,Current
1029,1875,11,Vehicle Loan,7079.16,13.78,36,2025-06-20,2028-06-20,6152.15,Current
1030,1876,6,Housing Loan,111106.26,10.5,132,2025-04-26,2036-04-26,100343.46,Non-Performing
1031,1877,16,Vehicle Loan,5166.87,11.06,48,2025-06-02,2029-06-02,4625.61,Current
1032,1879,15,Housing Loan,21094.28,9.2,240,2024-10-06,2044-10-06,20047.61,Defaulted
1033,1880,14,Personal Loan,6370.75,16.01,60,2025-03-23,2030-03-23,5605.72,Current
1034,1881,6,Vehicle Loan,3384.62,14.06,60,2024-09-16,2029-09-16,2645.3,Current
1035,1882,3,Vehicle Loan,2975.12,10.81,48,2025-05-26,2029-05-26,2467.25,Non-Performing
1036,1885,6,Vehicle Loan,13976.62,14.63,36,2024-12-17,2027-12-17,8906.96,Non-Performing
1037,1887,4,SME Loan,48293.68,11.01,84,2024-07-09,2031-07-09,36246.24,Current
1038,1887,4,Housing Loan,63260.79,10.92,84,2024-10-02,2031-10-02,53350.88,Current
1039,1889,14,Vehicle Loan,18904.59,11.83,24,2024-09-27,2026-09-27,7206.84,Defaulted
1040,1892,13,Vehicle Loan,7762.49,11.75,48,2025-04-24,2029-04-24,6615.02,Current
1041,1893,2,Housing Loan,29568.56,9.69,216,2025-03-25,2043-03-25,28258.61,Current
1042,1894,2,Agriculture Loan,5727.14,9.53,36,2025-03-17,2028-03-17,4230.65,Current
1043,1897,15,Personal Loan,8736.29,12.05,36,2025-03-15,2028-03-15,6406.57,Current
1044,1898,6,Vehicle Loan,15023.59,11.97,48,2025-06-16,2029-06-16,12645.36,Current
1045,1901,12,Personal Loan,2784.4,17.82,60,2025-06-28,2030-06-28,2457.92,Current
1046,1902,16,Housing Loan,17169.35,11.48,228,2025-02-11,2044-02-11,16488.81,Current
1047,1905,18,Personal Loan,10075.17,16.2,12,2025-10-10,2026-10-10,8137.19,Current
1048,1906,1,Housing Loan,31428.94,10.34,84,2025-06-22,2032-06-22,28044.45,Current
1049,1908,7,Personal Loan,14155.93,16.03,36,2025-05-05,2028-05-05,11149.99,Current
1050,1909,15,Personal Loan,16271.82,12.3,48,2025-09-08,2029-09-08,14796.59,Current
1051,1912,4,Vehicle Loan,19546.13,14.48,24,2023-07-14,2025-07-14,0.0,Closed
1052,1913,7,Housing Loan,23832.35,11.93,156,2025-05-14,2038-05-14,21891.24,Current
1053,1915,18,Agriculture Loan,5160.43,10.03,48,2024-10-17,2028-10-17,3736.88,Past Due
1054,1916,8,Personal Loan,3384.01,14.98,36,2023-07-07,2026-07-07,545.5,Current
1055,1918,5,Vehicle Loan,18751.3,12.15,48,2025-01-30,2029-01-30,14378.55,Current
1056,1919,2,Personal Loan,12796.88,15.28,36,2025-09-13,2028-09-13,12077.41,Current
1057,1920,3,Vehicle Loan,10339.05,14.17,48,2025-04-13,2029-04-13,8799.03,Past Due
1058,1924,5,Vehicle Loan,9790.72,13.18,48,2024-02-22,2028-02-22,5538.32,Non-Performing
1059,1925,16,SME Loan,66984.63,10.56,36,2025-02-12,2028-02-12,50635.55,Current
1060,1926,4,Housing Loan,26217.54,8.94,204,2025-11-14,2042-11-14,24805.18,Current
1061,1931,10,Housing Loan,58193.66,11.75,204,2024-12-14,2041-12-14,53792.81,Current
1062,1933,4,SME Loan,42376.1,12.6,60,2025-07-12,2030-07-12,40561.32,Current
1063,1934,10,Vehicle Loan,16581.1,14.87,48,2023-10-09,2027-10-09,7539.05,Current
1064,1936,14,Personal Loan,18758.42,15.93,60,2024-08-13,2029-08-13,13761.23,Current
1065,1937,17,Vehicle Loan,9645.13,12.61,60,2024-05-21,2029-05-21,6535.81,Current
1066,1938,12,Housing Loan,21381.45,11.17,96,2026-01-29,2034-01-29,22045.78,Current
1067,1939,1,Vehicle Loan,37087.69,12.75,60,2025-01-26,2030-01-26,28965.97,Past Due
1068,1941,3,Vehicle Loan,6310.77,14.66,60,2024-12-27,2029-12-27,5062.12,Current
1069,1943,2,Housing Loan,20623.32,8.07,60,2025-04-30,2030-04-30,18197.2,Current
1070,1944,1,Vehicle Loan,4469.22,11.2,24,2025-05-28,2027-05-28,3174.82,Current
1071,1946,8,SME Loan,15858.5,15.57,60,2024-12-04,2029-12-04,12568.45,Current
1072,1948,14,Personal Loan,21230.6,12.82,12,2025-05-20,2026-05-20,9066.18,Current
1073,1950,3,Vehicle Loan,8741.35,14.66,24,2023-04-12,2025-04-12,0.0,Closed
1074,1951,11,Vehicle Loan,13884.71,11.29,24,2025-02-06,2027-02-06,8483.47,Current
1075,1952,7,Vehicle Loan,6595.66,12.76,48,2025-06-21,2029-06-21,5857.57,Past Due
1076,1956,7,Vehicle Loan,19064.34,13.39,60,2025-05-04,2030-05-04,16199.76,Current
1077,1959,12,Housing Loan,64245.7,9.47,132,2024-12-25,2035-12-25,60122.52,Current
1078,1964,12,Vehicle Loan,8468.42,14.75,24,2025-11-24,2027-11-24,8214.36,Current
1079,1965,5,Vehicle Loan,21136.15,11.81,36,2025-06-23,2028-06-23,17370.26,Current
1080,1966,14,Vehicle Loan,15438.05,13.19,36,2023-07-04,2026-07-04,2561.82,Current
1081,1970,7,Housing Loan,36116.09,9.64,216,2025-11-01,2043-11-01,37527.45,Current
1082,1971,15,Housing Loan,26644.5,8.89,60,2025-10-29,2030-10-29,24866.51,Current
1083,1973,12,Vehicle Loan,20377.71,10.58,60,2025-02-03,2030-02-03,16106.0,Current
1084,1976,6,Housing Loan,35058.1,9.37,180,2025-05-16,2040-05-16,33395.32,Past Due
1085,1977,15,Personal Loan,5144.22,15.1,24,2024-05-25,2026-05-25,1069.43,Current
1086,1978,8,Personal Loan,8258.65,12.09,36,2024-07-30,2027-07-30,4280.01,Current
1087,1979,2,Agriculture Loan,8267.98,12.42,12,2024-04-20,2025-04-20,0.0,Closed
1088,1982,2,SME Loan,77507.55,11.25,48,2025-02-17,2029-02-17,60903.94,Current
1089,1986,11,Agriculture Loan,5673.19,12.28,24,2024-08-12,2026-08-12,1964.67,Current
1090,1987,14,Housing Loan,124562.7,8.73,240,2026-01-22,2046-01-22,128018.51,Current
1091,1989,16,Housing Loan,13651.03,11.11,168,2025-11-22,2039-11-22,13064.21,Past Due
1092,1990,4,Personal Loan,10631.53,16.95,12,2025-12-15,2026-12-15,10112.1,Current
1093,1992,13,Agriculture Loan,3660.13,10.79,12,2025-05-25,2026-05-25,1532.6,Current
1094,1993,5,Agriculture Loan,948.11,11.39,12,2024-11-20,2025-11-20,0.0,Closed
1095,1994,14,Housing Loan,39476.83,10.88,144,2025-07-25,2037-07-25,36215.83,Current
1096,1995,10,Agriculture Loan,6280.87,9.28,12,2025-10-13,2026-10-13,5230.37,Current
1097,1997,3,Housing Loan,13915.71,11.7,216,2025-09-04,2043-09-04,13534.77,Current
1098,1998,6,Vehicle Loan,8243.31,11.89,48,2025-04-30,2029-04-30,6895.17,Current
1099,2001,4,Vehicle Loan,7691.78,10.85,48,2025-05-20,2029-05-20,6697.56,Non-Performing
1100,2003,18,Vehicle Loan,19475.5,13.61,36,2025-02-25,2028-02-25,13555.47,Current
1101,2004,2,Personal Loan,15235.65,14.36,12,2024-02-22,2025-02-22,0.0,Closed
1102,2006,9,Personal Loan,14796.73,14.53,12,2025-05-10,2026-05-10,5905.79,Current
1103,2012,1,Vehicle Loan,4552.37,13.99,36,2025-11-14,2028-11-14,4468.39,Current
1104,2015,1,Housing Loan,19739.78,8.92,192,2025-03-13,2041-03-13,19414.35,Past Due
1105,2017,1,Vehicle Loan,6889.29,13.72,48,2025-02-02,2029-02-02,5363.74,Current
1106,2018,6,SME Loan,20859.14,11.68,36,2025-08-08,2028-08-08,19064.2,Current
1107,2020,1,SME Loan,48280.8,15.46,72,2025-07-17,2031-07-17,47139.4,Current
1108,2023,16,Housing Loan,47098.68,11.17,216,2024-05-01,2042-05-01,42310.55,Current
1109,2031,1,Vehicle Loan,10796.31,14.75,24,2025-05-10,2027-05-10,7699.39,Current
1110,2032,14,Vehicle Loan,5636.77,13.66,48,2025-06-14,2029-06-14,4753.33,Current
1111,2033,8,Personal Loan,15518.58,16.67,12,2025-12-24,2026-12-24,15979.98,Defaulted
1112,2034,6,Housing Loan,17733.32,8.6,108,2024-04-03,2033-04-03,13834.1,Past Due
1113,2036,18,SME Loan,52358.52,11.28,36,2026-01-07,2029-01-07,52860.96,Current
1114,2037,13,Housing Loan,28761.76,9.62,72,2025-01-16,2031-01-16,25280.79,Current
1115,2039,15,Personal Loan,6991.78,13.83,60,2026-01-22,2031-01-22,6985.34,Current
1116,2042,13,Vehicle Loan,7985.03,12.5,60,2025-08-13,2030-08-13,7659.08,Current
1117,2047,18,Agriculture Loan,2530.04,10.97,36,2025-02-23,2028-02-23,1794.26,Current
1118,2048,9,Housing Loan,50218.07,11.14,228,2025-06-21,2044-06-21,48440.93,Past Due
1119,2049,3,Personal Loan,8438.72,13.41,60,2025-06-15,2030-06-15,7523.16,Current
1120,2050,3,Vehicle Loan,14092.69,11.1,48,2025-02-03,2029-02-03,11131.68,Current
1121,2052,12,Housing Loan,140468.72,9.76,168,2025-02-10,2039-02-10,130522.16,Current
1122,2053,9,SME Loan,32715.61,15.77,24,2024-11-06,2026-11-06,12974.21,Current
1123,2055,1,Vehicle Loan,26877.79,10.59,36,2025-12-05,2028-12-05,27402.92,Current
1124,2057,2,Agriculture Loan,3972.47,9.79,12,2024-02-06,2025-02-06,0.0,Closed
1125,2058,8,Vehicle Loan,28320.04,13.37,36,2025-03-01,2028-03-01,19929.28,Current
1126,2060,12,Housing Loan,47705.46,9.47,84,2026-01-06,2033-01-06,49675.35,Current
1127,2062,6,Personal Loan,5920.29,16.96,60,2025-03-07,2030-03-07,4796.56,Past Due
1128,2065,3,Vehicle Loan,19127.66,13.19,48,2025-06-15,2029-06-15,16370.13,Defaulted
1129,2066,7,Vehicle Loan,6627.38,11.93,24,2025-06-17,2027-06-17,4903.65,Current
1130,2069,6,Agriculture Loan,5077.48,12.21,48,2025-02-13,2029-02-13,3830.63,Current
1131,2071,18,Vehicle Loan,22632.13,12.74,60,2025-03-15,2030-03-15,19591.57,Past Due
1132,2072,2,Personal Loan,6044.47,17.07,60,2025-08-07,2030-08-07,5760.6,Past Due
1133,2073,13,Personal Loan,9850.02,17.45,60,2024-06-26,2029-06-26,7074.93,Past Due
1134,2075,15,Housing Loan,32520.02,8.32,120,2024-01-18,2034-01-18,27305.67,Current
1135,2076,2,Agriculture Loan,1085.58,13.5,24,2025-05-26,2027-05-26,739.04,Current
1136,2077,18,Vehicle Loan,6986.27,11.54,48,2024-12-22,2028-12-22,5497.64,Current
1137,2078,3,Personal Loan,12122.65,15.49,12,2025-06-29,2026-06-29,6320.89,Current
1138,2081,3,Housing Loan,17648.13,11.43,216,2025-12-06,2043-12-06,18155.97,Current
1139,2084,17,Personal Loan,5971.17,16.05,36,2023-12-07,2026-12-07,1854.44,Current
1140,2086,1,Housing Loan,31585.93,11.27,132,2025-02-12,2036-02-12,29095.88,Current
1141,2087,10,Vehicle Loan,33081.86,10.12,24,2024-07-16,2026-07-16,9674.58,Current
1142,2089,16,Personal Loan,7919.66,12.79,60,2025-12-11,2030-12-11,7889.27,Current
1143,2091,4,Agriculture Loan,3135.23,13.85,24,2024-11-13,2026-11-13,1468.11,Past Due
1144,2093,16,Agriculture Loan,3791.07,11.25,24,2025-04-29,2027-04-29,2493.21,Current
1145,2094,18,SME Loan,43531.51,15.07,48,2025-12-02,2029-12-02,44047.8,Past Due
1146,2098,1,Personal Loan,10707.7,17.75,60,2025-07-24,2030-07-24,9601.22,Current
1147,2100,1,SME Loan,23600.02,12.52,72,2024-10-18,2030-10-18,19003.51,Current
1148,2102,4,Housing Loan,50694.93,8.58,168,2025-06-23,2039-06-23,49743.98,Current
1149,2104,11,Personal Loan,11233.42,14.21,36,2025-07-06,2028-07-06,9528.25,Current
1150,2106,6,Personal Loan,10730.78,14.77,60,2024-06-04,2029-06-04,7204.65,Past Due
1151,2108,5,Personal Loan,5106.76,14.95,24,2024-11-11,2026-11-11,2261.61,Current
1152,2109,1,Housing Loan,26537.66,8.1,180,2023-12-26,2038-12-26,22970.76,Current
1153,2111,9,Personal Loan,13410.49,14.56,48,2023-07-09,2027-07-09,5156.48,Defaulted
1154,2116,3,Personal Loan,4051.73,15.12,24,2025-03-05,2027-03-05,2378.97,Current
1155,2118,2,Personal Loan,13010.33,14.99,36,2025-02-25,2028-02-25,9257.55,Current
1156,2121,4,Personal Loan,3680.27,16.47,24,2025-07-23,2027-07-23,2807.17,Current
1157,2122,12,Vehicle Loan,2776.43,14.91,48,2025-06-29,2029-06-29,2545.43,Current
1158,2123,3,Vehicle Loan,20157.79,13.44,36,2025-12-21,2028-12-21,20712.27,Past Due
1159,2124,8,Personal Loan,14024.5,12.4,48,2025-06-05,2029-06-05,11800.17,Current
1160,2125,13,Personal Loan,7508.31,16.73,48,2025-04-23,2029-04-23,5962.2,Current
1161,2127,9,Vehicle Loan,19091.17,12.97,36,2024-11-14,2027-11-14,12597.95,Current
1162,2128,2,SME Loan,68496.71,14.23,84,2025-06-26,2032-06-26,63853.84,Past Due
1163,2129,11,Housing Loan,32404.42,11.94,132,2025-05-05,2036-05-05,29377.51,Current
1164,2130,10,Personal Loan,6151.64,17.12,36,2025-05-31,2028-05-31,5082.77,Past Due
1165,2133,14,Vehicle Loan,15494.84,10.23,60,2024-07-03,2029-07-03,11379.92,Current
1166,2134,3,Personal Loan,6639.77,14.93,12,2023-06-03,2024-06-03,0.0,Closed
1167,2135,13,Vehicle Loan,10800.28,14.33,36,2025-04-27,2028-04-27,8309.75,Current
1168,2138,2,Vehicle Loan,4664.78,13.94,60,2024-12-30,2029-12-30,3550.22,Current
1169,2141,12,Vehicle Loan,3958.45,11.13,48,2026-01-09,2030-01-09,3986.7,Current
1170,2144,3,Vehicle Loan,4641.45,10.48,60,2025-09-07,2030-09-07,4248.72,Past Due
1171,2145,13,Vehicle Loan,17299.61,12.6,48,2025-06-23,2029-06-23,15324.65,Current
1172,2146,3,Agriculture Loan,2337.57,12.06,12,2025-08-21,2026-08-21,1546.03,Current
1173,2147,9,Vehicle Loan,6498.56,10.27,36,2025-05-27,2028-05-27,5303.14,Current
1174,2148,7,SME Loan,23293.95,15.0,84,2025-12-25,2032-12-25,23310.25,Current
1175,2151,8,Vehicle Loan,4258.52,14.92,24,2025-03-23,2027-03-23,2602.84,Current
1176,2153,4,Agriculture Loan,5545.78,10.31,48,2024-02-15,2028-02-15,3085.33,Non-Performing
1177,2154,10,Vehicle Loan,6536.23,13.49,24,2026-01-15,2028-01-15,6862.23,Current
1178,2155,2,Vehicle Loan,7413.5,10.86,60,2025-11-12,2030-11-12,7601.94,Current
1179,2156,1,Personal Loan,8748.01,17.32,24,2025-04-05,2027-04-05,5538.31,Past Due
1180,2157,8,Agriculture Loan,7192.12,12.71,12,2024-06-27,2025-06-27,0.0,Closed
1181,2161,18,Vehicle Loan,8088.38,12.32,60,2025-04-26,2030-04-26,6748.22,Current
1182,2163,2,Vehicle Loan,5912.9,11.23,36,2025-02-10,2028-02-10,4228.43,Current
1183,2164,8,Vehicle Loan,16773.75,14.88,24,2025-12-27,2027-12-27,16276.04,Current
1184,2166,4,Personal Loan,7699.75,14.64,24,2024-10-09,2026-10-09,3113.96,Current
1185,2167,14,Personal Loan,4426.55,16.63,12,2025-11-15,2026-11-15,4064.87,Current
1186,2168,1,Vehicle Loan,21265.75,14.74,48,2025-05-28,2029-05-28,17769.61,Current
1187,2169,2,Agriculture Loan,1812.99,10.24,24,2025-09-07,2027-09-07,1634.12,Past Due
1188,2170,3,Housing Loan,58900.34,8.55,168,2024-08-27,2038-08-27,55813.48,Past Due
1189,2171,1,Agriculture Loan,3480.46,9.79,24,2025-01-24,2027-01-24,1908.04,Current
1190,2172,4,Vehicle Loan,8287.4,13.35,60,2024-10-16,2029-10-16,6267.82,Defaulted
1191,2174,13,Vehicle Loan,14717.91,11.61,60,2025-06-19,2030-06-19,13907.18,Current
1192,2176,15,Vehicle Loan,7136.36,13.22,24,2025-05-17,2027-05-17,5002.69,Non-Performing
1193,2178,9,Vehicle Loan,15520.3,10.8,24,2025-05-14,2027-05-14,10677.12,Current
1194,2183,6,Agriculture Loan,2171.88,11.9,48,2025-02-09,2029-02-09,1757.76,Current
1195,2184,15,Personal Loan,9732.85,13.5,36,2025-07-09,2028-07-09,8743.95,Past Due
1196,2186,18,SME Loan,18079.92,10.82,36,2025-03-06,2028-03-06,13072.08,Current
1197,2188,10,Personal Loan,2203.16,15.05,60,2024-10-21,2029-10-21,1696.1,Current
1198,2190,9,Agriculture Loan,4775.5,13.59,48,2025-02-26,2029-02-26,3859.04,Current
1199,2193,15,Housing Loan,40206.0,10.39,156,2024-03-04,2037-03-04,34622.53,Current
1200,2195,1,Personal Loan,2595.9,15.78,12,2025-12-06,2026-12-06,2560.43,Current
1201,2196,3,Agriculture Loan,3372.32,12.37,36,2025-05-04,2028-05-04,2655.8,Current
1202,2197,4,Agriculture Loan,2099.73,13.05,12,2025-03-24,2026-03-24,533.04,Current
1203,2200,4,Agriculture Loan,2561.72,11.78,36,2024-07-13,2027-07-13,1294.37,Past Due
1204,2201,17,Vehicle Loan,15848.1,14.12,24,2025-06-25,2027-06-25,11919.41,Current
1205,2202,12,Vehicle Loan,6736.84,13.62,36,2024-08-04,2027-08-04,3553.17,Current
1206,2203,13,Vehicle Loan,21629.45,13.64,36,2025-10-27,2028-10-27,19805.27,Current
1207,2204,2,Vehicle Loan,39428.08,14.72,24,2024-09-28,2026-09-28,14588.0,Non-Performing
1208,2208,18,Housing Loan,22324.14,8.21,84,2025-04-27,2032-04-27,20390.57,Current
1209,2209,10,Agriculture Loan,2059.25,12.66,24,2025-06-09,2027-06-09,1575.44,Current
1210,2210,17,Agriculture Loan,6529.38,12.31,48,2026-01-27,2030-01-27,6354.02,Current
1211,2213,8,Vehicle Loan,22425.74,14.04,48,2025-04-05,2029-04-05,17575.95,Past Due
1212,2214,13,Vehicle Loan,4576.01,14.32,60,2024-12-06,2029-12-06,3477.08,Current
1213,2218,11,Housing Loan,9327.01,11.43,180,2025-04-17,2040-04-17,9296.75,Current
1214,2219,11,Vehicle Loan,6053.12,13.8,48,2025-12-14,2029-12-14,6198.83,Defaulted
1215,2223,18,Personal Loan,6494.96,17.8,36,2025-06-07,2028-06-07,5200.98,Current
1216,2225,8,Agriculture Loan,3079.03,11.87,24,2024-07-24,2026-07-24,865.8,Current
1217,2228,8,Personal Loan,15709.12,12.91,12,2025-05-13,2026-05-13,6256.18,Current
1218,2229,14,Vehicle Loan,13257.56,12.12,36,2025-09-05,2028-09-05,11623.88,Current
1219,2233,16,Housing Loan,34967.72,8.51,108,2024-06-24,2033-06-24,29467.93,Past Due
1220,2234,2,Vehicle Loan,20652.44,14.3,36,2025-05-14,2028-05-14,16245.09,Current
1221,2236,2,Personal Loan,19904.99,17.93,48,2023-10-05,2027-10-05,8973.78,Current
1222,2237,1,Agriculture Loan,3597.5,12.04,36,2025-08-27,2028-08-27,3355.53,Current
1223,2238,1,Vehicle Loan,6802.04,12.95,48,2025-07-16,2029-07-16,6190.69,Current
1224,2239,5,Personal Loan,18251.83,15.46,60,2025-12-17,2030-12-17,18552.62,Past Due
1225,2241,3,Vehicle Loan,3078.97,14.78,60,2025-08-17,2030-08-17,2903.58,Current
1226,2243,16,Vehicle Loan,2075.6,10.38,48,2024-11-07,2028-11-07,1549.28,Current
1227,2244,3,Personal Loan,4427.86,13.5,36,2026-01-07,2029-01-07,4244.13,Current
1228,2247,5,Housing Loan,43460.26,8.43,204,2024-10-23,2041-10-23,41750.83,Current
1229,2248,17,SME Loan,25636.87,13.96,72,2025-10-25,2031-10-25,24213.01,Current
1230,2249,18,Personal Loan,2041.64,17.42,48,2024-10-11,2028-10-11,1380.35,Current
1231,2251,9,Personal Loan,3944.03,12.35,24,2025-09-08,2027-09-08,3488.14,Current
1232,2253,18,Personal Loan,5815.07,16.14,60,2025-12-02,2030-12-02,5970.77,Current
1233,2254,8,Vehicle Loan,5583.26,10.28,48,2025-10-12,2029-10-12,5097.36,Current
1234,2255,15,Personal Loan,19849.33,16.92,60,2025-06-22,2030-06-22,17660.49,Current
1235,2257,16,Vehicle Loan,17931.55,12.28,48,2025-11-02,2029-11-02,17926.52,Current
1236,2259,16,Housing Loan,70325.61,8.68,132,2024-08-30,2035-08-30,62387.59,Current
1237,2260,6,Vehicle Loan,13299.15,11.05,48,2025-01-26,2029-01-26,10126.84,Current
1238,2261,4,Vehicle Loan,3022.45,13.49,48,2025-08-12,2029-08-12,2658.39,Current
1239,2263,8,Housing Loan,13319.13,10.0,72,2024-05-27,2030-05-27,10221.89,Current
1240,2264,1,Housing Loan,9790.08,11.14,60,2024-11-27,2029-11-27,7914.9,Current
1241,2265,7,Personal Loan,24515.22,13.21,24,2025-04-04,2027-04-04,14824.48,Current
1242,2267,15,Vehicle Loan,24091.65,13.23,24,2024-09-30,2026-09-30,9258.71,Current
1243,2268,3,Housing Loan,27338.58,11.66,84,2025-03-21,2032-03-21,25380.12,Current
1244,2274,12,Housing Loan,94409.4,10.85,96,2025-06-21,2033-06-21,88928.59,Current
1245,2275,6,Vehicle Loan,5623.85,14.29,36,2024-10-04,2027-10-04,3199.45,Current
1246,2276,17,Housing Loan,51572.23,9.65,168,2026-01-01,2040-01-01,50049.18,Current
1247,2277,1,Vehicle Loan,12897.21,10.48,24,2025-08-21,2027-08-21,10246.37,Current
1248,2278,4,Agriculture Loan,1843.28,9.38,48,2025-08-19,2029-08-19,1753.49,Current
1249,2279,17,Housing Loan,114033.65,9.09,192,2025-01-07,2041-01-07,104590.86,Current
1250,2280,7,Personal Loan,14972.42,16.91,12,2025-08-14,2026-08-14,10030.39,Current
1251,2284,5,Personal Loan,8954.94,14.86,48,2025-04-27,2029-04-27,7339.72,Current
1252,2285,13,Vehicle Loan,2902.49,10.72,24,2025-06-10,2027-06-10,2149.32,Current
1253,2286,9,Personal Loan,10516.72,16.34,36,2025-01-30,2028-01-30,7407.29,Current
1254,2289,4,Personal Loan,9152.59,12.76,36,2025-12-09,2028-12-09,9242.64,Current
1255,2293,7,SME Loan,30371.18,12.01,48,2024-12-21,2028-12-21,21958.37,Current
1256,2296,10,Personal Loan,9653.52,12.99,24,2025-01-27,2027-01-27,5339.45,Current
1257,2297,3,Housing Loan,37970.08,9.22,132,2024-08-13,2035-08-13,32303.46,Current
1258,2299,7,Agriculture Loan,5021.6,9.81,12,2025-02-28,2026-02-28,861.4,Current
1259,2301,1,Vehicle Loan,5220.89,11.42,60,2026-01-22,2031-01-22,5027.3,Past Due
1260,2302,10,Personal Loan,22524.1,17.28,24,2025-10-04,2027-10-04,21113.71,Current
1261,2307,7,Housing Loan,31261.92,10.15,240,2025-05-17,2045-05-17,30831.79,Current
1262,2308,17,Vehicle Loan,3912.98,12.14,48,2025-06-17,2029-06-17,3260.64,Past Due
1263,2309,14,Vehicle Loan,12174.59,14.2,36,2024-12-11,2027-12-11,8307.99,Defaulted
1264,2312,15,Vehicle Loan,16082.1,10.35,60,2025-12-11,2030-12-11,15915.47,Non-Performing
1265,2313,10,Agriculture Loan,4618.44,11.62,12,2025-08-14,2026-08-14,3171.38,Current
1266,2315,3,Housing Loan,25439.9,10.87,84,2025-07-10,2032-07-10,23268.78,Current
1267,2322,16,Personal Loan,6757.08,16.0,36,2025-07-31,2028-07-31,5896.56,Past Due
1268,2324,2,Vehicle Loan,11598.59,10.7,60,2024-10-09,2029-10-09,9280.47,Current
1269,2326,2,Personal Loan,4844.02,13.96,12,2025-06-02,2026-06-02,1992.76,Current
1270,2327,7,Housing Loan,49475.18,8.04,216,2024-08-27,2042-08-27,45583.34,Current
1271,2328,17,Housing Loan,11692.75,8.9,120,2025-10-20,2035-10-20,11270.25,Current
1272,2332,6,Agriculture Loan,2563.46,10.92,12,2025-05-01,2026-05-01,883.95,Current
1273,2333,5,Vehicle Loan,6201.11,13.68,36,2025-04-28,2028-04-28,4585.72,Past Due
1274,2334,11,Vehicle Loan,4947.82,12.59,24,2024-07-11,2026-07-11,1431.14,Past Due
1275,2336,7,Vehicle Loan,6185.98,14.49,36,2025-07-03,2028-07-03,5072.57,Current
1276,2338,15,Agriculture Loan,5880.19,12.72,12,2025-08-19,2026-08-19,3935.5,Current
1277,2343,7,Agriculture Loan,4867.05,11.52,48,2025-11-25,2029-11-25,4632.19,Current
1278,2344,7,Agriculture Loan,3546.41,12.66,24,2024-10-04,2026-10-04,1344.48,Current
1279,2345,14,Agriculture Loan,2590.22,9.22,36,2024-12-30,2027-12-30,1682.45,Current
1280,2347,12,Housing Loan,11958.49,9.89,108,2025-06-08,2034-06-08,11500.21,Current
1281,2352,11,Agriculture Loan,7701.54,11.44,36,2025-07-04,2028-07-04,6228.98,Current
1282,2353,11,Vehicle Loan,20619.81,10.05,36,2024-08-05,2027-08-05,11104.72,Current
1283,2355,12,Personal Loan,14471.41,16.19,12,2024-11-01,2025-11-01,0.0,Closed
1284,2359,18,Vehicle Loan,12331.06,10.32,24,2024-05-30,2026-05-30,2526.51,Current
1285,2361,2,Vehicle Loan,3713.26,10.89,60,2024-12-31,2029-12-31,2823.07,Current
1286,2362,3,Housing Loan,28386.62,9.25,168,2025-02-19,2039-02-19,25462.25,Non-Performing
1287,2366,11,Agriculture Loan,1983.91,12.46,12,2025-08-15,2026-08-15,1306.19,Non-Performing
1288,2370,2,Personal Loan,5863.89,13.46,60,2025-03-26,2030-03-26,4880.37,Current
1289,2371,8,Vehicle Loan,4313.51,14.26,48,2025-05-06,2029-05-06,3549.73,Current
1290,2372,6,Vehicle Loan,10107.4,10.23,60,2025-06-26,2030-06-26,9040.43,Non-Performing
1291,2373,3,Personal Loan,14745.65,17.34,12,2025-12-15,2026-12-15,14193.85,Current
1292,2376,16,Housing Loan,90310.41,10.66,60,2025-06-13,2030-06-13,85240.69,Current
1293,2378,16,Vehicle Loan,4529.69,14.35,36,2025-09-26,2028-09-26,4236.59,Current
1294,2379,8,Housing Loan,26194.99,9.95,168,2025-09-25,2039-09-25,26624.05,Current
1295,2380,5,Vehicle Loan,4849.07,14.87,24,2024-07-11,2026-07-11,1375.27,Current
1296,2381,12,Housing Loan,29354.57,8.94,60,2025-12-11,2030-12-11,30495.28,Current
1297,2383,10,Vehicle Loan,6473.96,10.94,24,2025-05-24,2027-05-24,4498.65,Past Due
1298,2386,4,Vehicle Loan,5126.64,14.76,24,2025-01-08,2027-01-08,2794.88,Current
1299,2388,8,Housing Loan,15904.5,10.24,144,2026-01-10,2038-01-10,16191.23,Current
1300,2393,4,Vehicle Loan,25635.31,13.4,24,2024-11-18,2026-11-18,11673.23,Current
1301,2395,3,Personal Loan,13272.3,12.12,36,2025-06-21,2028-06-21,11365.32,Current
1302,2396,2,Vehicle Loan,8379.47,10.07,48,2025-09-09,2029-09-09,7480.09,Past Due
1303,2398,1,Personal Loan,12260.1,15.61,48,2025-05-13,2029-05-13,10926.19,Current
1304,2399,4,SME Loan,21079.53,13.88,60,2025-06-05,2030-06-05,19730.92,Current
1305,2401,3,Housing Loan,59632.48,10.34,156,2025-04-27,2038-04-27,57546.65,Current
1306,2402,3,Personal Loan,8082.02,15.04,48,2025-03-28,2029-03-28,6441.66,Non-Performing
1307,2405,2,Vehicle Loan,10341.79,10.09,24,2024-08-13,2026-08-13,3421.0,Current
1308,2407,14,Vehicle Loan,22845.27,10.56,48,2025-07-10,2029-07-10,19450.34,Current
1309,2408,4,Vehicle Loan,5325.45,12.47,60,2026-01-01,2031-01-01,5545.32,Non-Performing
1310,2409,14,Agriculture Loan,3279.64,10.52,36,2025-06-02,2028-06-02,2653.76,Current
1311,2411,2,Personal Loan,7777.32,13.65,12,2024-10-19,2025-10-19,0.0,Closed
1312,2412,13,Housing Loan,26928.97,11.12,216,2025-03-20,2043-03-20,26131.93,Defaulted
1313,2414,11,Personal Loan,2467.54,16.23,48,2025-05-03,2029-05-03,1994.52,Current
1314,2417,2,Vehicle Loan,12103.53,12.87,24,2023-09-22,2025-09-22,0.0,Closed
1315,2418,13,Vehicle Loan,8772.33,12.17,48,2025-06-22,2029-06-22,7331.72,Past Due
1316,2420,15,Vehicle Loan,17174.63,10.64,48,2025-04-03,2029-04-03,13610.02,Current
1317,2422,14,SME Loan,63661.07,15.4,72,2025-03-27,2031-03-27,56597.47,Current
1318,2423,1,Vehicle Loan,28110.81,13.08,24,2025-04-11,2027-04-11,17962.35,Current
1319,2425,12,Vehicle Loan,6219.39,13.91,24,2024-01-17,2026-01-17,250.63,Current
1320,2427,10,Housing Loan,27368.52,11.63,240,2025-07-24,2045-07-24,26745.78,Past Due
1321,2428,5,Vehicle Loan,6865.82,13.26,60,2024-03-18,2029-03-18,4268.82,Current
1322,2430,1,SME Loan,34458.86,12.09,36,2025-02-19,2028-02-19,26023.93,Past Due
1323,2431,8,Vehicle Loan,5673.93,13.86,24,2025-05-29,2027-05-29,3976.47,Current
1324,2434,1,Personal Loan,1275.22,17.55,24,2023-10-20,2025-10-20,0.0,Closed
1325,2436,9,Agriculture Loan,5865.43,9.37,48,2025-07-01,2029-07-01,5141.79,Past Due
1326,2438,5,Housing Loan,120233.84,10.52,108,2024-06-06,2033-06-06,97344.5,Non-Performing
1327,2439,17,Vehicle Loan,7685.99,12.0,36,2026-01-29,2029-01-29,7896.35,Current
1328,2440,18,Vehicle Loan,11339.75,13.88,24,2025-06-29,2027-06-29,8446.25,Current
1329,2443,16,Agriculture Loan,3022.55,11.87,24,2024-10-13,2026-10-13,1250.38,Past Due
1330,2445,16,Personal Loan,12804.35,13.37,24,2025-12-07,2027-12-07,13100.08,Current
1331,2448,7,Housing Loan,36199.44,8.47,144,2025-01-01,2037-01-01,34071.69,Current
1332,2450,5,Personal Loan,7886.5,12.85,60,2024-10-16,2029-10-16,6153.57,Non-Performing
1333,2452,5,Housing Loan,26425.29,9.76,168,2025-08-25,2039-08-25,26267.76,Current
1334,2453,4,Vehicle Loan,10714.77,14.28,48,2025-04-20,2029-04-20,9366.44,Current
1335,2456,6,Vehicle Loan,14197.7,14.46,60,2025-05-19,2030-05-19,12959.4,Past Due
1336,2459,3,Vehicle Loan,7088.62,12.49,48,2026-01-04,2030-01-04,7248.0,Current
1337,2461,6,Vehicle Loan,14729.23,11.68,60,2025-12-28,2030-12-28,14664.43,Current
1338,2462,10,SME Loan,40242.07,14.21,60,2025-06-26,2030-06-26,36663.79,Current
1339,2462,10,Housing Loan,120169.9,8.72,180,2024-07-07,2039-07-07,105912.33,Current
1340,2464,8,Personal Loan,4076.76,16.5,36,2025-02-10,2028-02-10,3041.8,Past Due
1341,2467,7,Agriculture Loan,10420.47,13.14,36,2025-04-20,2028-04-20,8408.59,Current
1342,2468,18,Vehicle Loan,5277.65,13.88,24,2026-01-19,2028-01-19,5332.99,Past Due
1343,2471,9,Personal Loan,19706.11,16.02,12,2025-06-15,2026-06-15,9902.63,Current
1344,2474,3,Agriculture Loan,5658.91,11.49,48,2023-10-11,2027-10-11,2477.66,Current
1345,2475,17,Housing Loan,40167.77,8.69,168,2024-05-19,2038-05-19,37358.6,Defaulted
1346,2483,4,SME Loan,41176.1,10.21,36,2025-01-31,2028-01-31,28490.05,Current
1347,2485,8,Vehicle Loan,24557.21,13.95,60,2025-05-15,2030-05-15,21727.98,Current
1348,2487,18,SME Loan,37606.71,10.96,24,2025-02-20,2027-02-20,21232.78,Current
1349,2488,18,Housing Loan,21929.2,9.94,216,2025-03-13,2043-03-13,21406.72,Current
1350,2492,1,Vehicle Loan,15198.1,11.25,48,2025-09-01,2029-09-01,13281.51,Current
1351,2493,9,Housing Loan,33996.45,10.34,192,2026-01-12,2042-01-12,33916.72,Current
1352,2495,4,SME Loan,29606.15,12.79,72,2025-02-21,2031-02-21,26741.75,Current
1353,2497,11,Personal Loan,10713.69,13.05,12,2023-06-26,2024-06-26,0.0,Closed
1354,2498,8,Vehicle Loan,9113.01,12.8,60,2025-12-29,2030-12-29,9448.62,Current
1355,2499,3,Personal Loan,10465.0,15.57,12,2025-03-27,2026-03-27,2561.56,Current
1356,2500,13,Housing Loan,52407.77,9.56,228,2024-06-21,2043-06-21,46346.46,Current
1357,2504,16,Housing Loan,22948.82,9.42,240,2026-01-27,2046-01-27,22788.27,Current
1358,2507,11,Vehicle Loan,3881.14,13.06,60,2025-02-12,2030-02-12,3173.77,Current
1359,2508,3,Personal Loan,10542.17,14.07,12,2023-08-12,2024-08-12,0.0,Closed
1360,2510,11,Vehicle Loan,19488.36,14.03,24,2024-07-31,2026-07-31,5431.0,Past Due
1361,2513,4,Personal Loan,12634.71,14.52,36,2025-12-10,2028-12-10,13135.01,Current
1362,2518,1,Housing Loan,22041.06,11.05,132,2025-04-25,2036-04-25,20224.07,Current
1363,2519,10,Personal Loan,2717.66,16.17,48,2025-08-14,2029-08-14,2570.43,Current
1364,2521,5,Vehicle Loan,6091.92,11.16,60,2025-03-29,2030-03-29,4974.02,Past Due
1365,2527,4,Agriculture Loan,1616.8,13.25,36,2025-09-26,2028-09-26,1451.19,Current
1366,2529,4,Personal Loan,2831.4,17.77,48,2025-05-19,2029-05-19,2322.74,Current
1367,2530,6,Personal Loan,4662.92,14.42,24,2025-02-20,2027-02-20,2768.32,Current
1368,2534,16,Personal Loan,9563.22,15.91,48,2025-06-29,2029-06-29,8465.79,Current
1369,2535,18,Vehicle Loan,3994.47,12.64,60,2025-03-09,2030-03-09,3325.91,Current
1370,2536,2,Housing Loan,85640.35,11.58,228,2025-03-01,2044-03-01,83726.43,Current
1371,2537,5,Housing Loan,28573.01,8.5,240,2025-03-04,2045-03-04,28529.21,Current
1372,2539,16,Housing Loan,117819.21,11.75,144,2024-10-17,2036-10-17,105964.7,Current
1373,2541,9,Vehicle Loan,8019.3,13.78,24,2025-05-21,2027-05-21,5711.61,Current
1374,2543,4,Vehicle Loan,11773.05,14.82,24,2024-05-20,2026-05-20,2455.97,Non-Performing
1375,2546,13,Vehicle Loan,17401.85,12.76,36,2025-04-23,2028-04-23,13681.03,Current
1376,2547,18,Vehicle Loan,12265.03,12.66,24,2025-10-28,2027-10-28,10986.74,Current
1377,2548,17,Housing Loan,24749.97,8.89,192,2025-07-20,2041-07-20,23526.71,Past Due
1378,2551,3,Housing Loan,82803.96,11.39,84,2025-01-30,2032-01-30,72270.3,Past Due
1379,2554,5,Vehicle Loan,3901.98,14.4,24,2025-06-04,2027-06-04,2848.86,Current
1380,2555,15,Personal Loan,6959.74,15.39,60,2026-01-04,2031-01-04,6812.55,Defaulted
1381,2556,7,Vehicle Loan,9075.13,12.02,48,2024-05-05,2028-05-05,5523.9,Non-Performing
1382,2558,18,Personal Loan,5586.72,16.3,36,2024-03-21,2027-03-21,2429.46,Current
1383,2559,2,Housing Loan,31904.55,10.12,240,2023-09-04,2043-09-04,28057.54,Current
1384,2562,5,Vehicle Loan,15375.62,13.69,24,2024-09-14,2026-09-14,5988.7,Current
1385,2563,5,Vehicle Loan,7233.19,10.67,36,2025-06-22,2028-06-22,5917.53,Current
1386,2564,12,SME Loan,29719.66,11.54,60,2025-06-29,2030-06-29,26952.99,Current
1387,2565,18,Housing Loan,19445.58,9.38,96,2025-10-07,2033-10-07,18884.01,Current
1388,2569,9,Personal Loan,12851.96,13.96,60,2025-09-17,2030-09-17,11700.08,Current
1389,2570,13,Vehicle Loan,17848.04,13.29,60,2025-06-29,2030-06-29,15760.17,Defaulted
1390,2572,3,Vehicle Loan,3171.67,14.34,36,2025-04-15,2028-04-15,2510.79,Current
1391,2573,15,Vehicle Loan,10053.48,10.26,60,2025-06-17,2030-06-17,9373.04,Current
1392,2578,13,Personal Loan,2849.27,16.8,48,2024-04-04,2028-04-04,1584.38,Current
1393,2579,7,Personal Loan,3168.1,14.55,24,2025-12-29,2027-12-29,3124.71,Current
1394,2584,5,Housing Loan,29756.1,10.71,216,2025-10-22,2043-10-22,29051.02,Current
1395,2585,14,Agriculture Loan,2952.18,12.95,48,2025-01-13,2029-01-13,2383.71,Past Due
1396,2590,11,Personal Loan,7242.3,13.96,12,2024-08-08,2025-08-08,0.0,Closed
1397,2592,4,SME Loan,21638.45,10.29,36,2025-11-04,2028-11-04,20293.3,Current
1398,2594,2,Personal Loan,4154.77,12.21,60,2025-04-19,2030-04-19,3516.31,Current
1399,2596,18,Vehicle Loan,12175.44,14.14,60,2025-05-16,2030-05-16,10999.93,Current
1400,2597,2,Vehicle Loan,21189.88,13.54,60,2025-04-20,2030-04-20,18379.33,Current
1401,2601,6,Personal Loan,8797.89,12.11,24,2025-10-20,2027-10-20,7714.7,Current
1402,2603,18,Housing Loan,13206.04,9.41,96,2025-10-28,2033-10-28,13138.83,Current
1403,2606,2,Agriculture Loan,3511.61,9.83,12,2025-03-15,2026-03-15,892.67,Current
1404,2607,10,Personal Loan,7486.79,12.98,12,2025-05-10,2026-05-10,3003.63,Current
1405,2610,2,Housing Loan,31848.17,8.62,72,2025-12-25,2031-12-25,31455.49,Current
1406,2612,2,Housing Loan,22049.24,8.31,180,2025-05-22,2040-05-22,20753.82,Current
1407,2615,3,Housing Loan,25448.33,11.98,156,2025-12-09,2038-12-09,25681.85,Current
1408,2619,18,Personal Loan,7993.82,16.76,60,2024-11-01,2029-11-01,6325.75,Current
1409,2620,11,Vehicle Loan,8331.26,11.25,36,2026-01-04,2029-01-04,8564.96,Current
1410,2621,10,Vehicle Loan,16723.35,10.25,36,2025-05-02,2028-05-02,12707.16,Current
1411,2624,7,Personal Loan,6308.34,13.72,48,2025-07-30,2029-07-30,5755.04,Current
1412,2625,4,Personal Loan,4462.3,13.91,48,2025-09-25,2029-09-25,4000.39,Current
1413,2626,10,SME Loan,24017.91,10.76,36,2024-10-03,2027-10-03,14156.58,Current
1414,2627,7,Vehicle Loan,3984.2,11.42,60,2024-09-01,2029-09-01,2842.44,Past Due
1415,2628,8,Vehicle Loan,10021.1,10.82,48,2025-02-15,2029-02-15,8115.27,Non-Performing
1416,2631,6,Housing Loan,19709.0,11.84,240,2025-04-06,2045-04-06,18594.31,Past Due
1417,2632,3,Vehicle Loan,18623.88,11.14,60,2024-07-13,2029-07-13,12914.42,Current
1418,2633,18,Personal Loan,4689.69,12.08,24,2025-11-22,2027-11-22,4427.5,Current
1419,2634,16,Housing Loan,32653.88,8.6,216,2025-03-01,2043-03-01,32169.75,Defaulted
1420,2637,14,SME Loan,37921.48,12.49,24,2025-05-21,2027-05-21,26802.3,Current
1421,2637,14,Housing Loan,59060.17,10.45,108,2025-05-24,2034-05-24,56318.41,Current
1422,2639,2,Housing Loan,21102.77,11.87,132,2025-03-31,2036-03-31,18969.13,Current
1423,2640,2,Personal Loan,5854.57,15.11,36,2025-05-04,2028-05-04,4701.67,Current
1424,2643,10,Agriculture Loan,3336.33,13.62,36,2024-09-14,2027-09-14,2007.1,Current
1425,2644,6,Agriculture Loan,1290.2,9.64,12,2024-10-13,2025-10-13,0.0,Closed
1426,2645,3,Vehicle Loan,3231.16,12.99,24,2025-01-16,2027-01-16,1743.01,Current
1427,2646,1,Vehicle Loan,6016.13,10.7,36,2024-12-23,2027-12-23,3945.34,Current
1428,2648,13,Vehicle Loan,18508.47,14.36,48,2025-12-09,2029-12-09,17858.14,Defaulted
1429,2650,14,Vehicle Loan,11823.21,10.83,36,2025-12-31,2028-12-31,12031.13,Current
1430,2651,17,Personal Loan,13022.94,13.13,12,2025-04-17,2026-04-17,4365.02,Non-Performing
1431,2654,10,Vehicle Loan,5080.51,14.71,60,2025-06-26,2030-06-26,4398.9,Current
1432,2657,11,Vehicle Loan,3006.27,10.37,48,2025-06-28,2029-06-28,2688.63,Non-Performing
1433,2658,11,Housing Loan,135968.47,9.35,156,2025-04-04,2038-04-04,125833.85,Current
1434,2659,7,SME Loan,26152.95,11.69,48,2024-05-22,2028-05-22,16101.2,Current
1435,2663,14,Personal Loan,9093.98,16.5,12,2026-01-06,2027-01-06,8687.71,Past Due
1436,2664,3,Agriculture Loan,7470.48,11.12,24,2025-04-29,2027-04-29,5097.03,Current
1437,2665,12,Vehicle Loan,3772.72,14.08,36,2025-02-10,2028-02-10,2599.1,Current
1438,2666,9,Housing Loan,28247.9,8.61,60,2025-06-18,2030-06-18,25737.85,Current
1439,2667,4,Vehicle Loan,16310.34,13.49,48,2026-01-15,2030-01-15,16914.83,Current
1440,2669,1,Personal Loan,12253.0,12.16,48,2024-10-03,2028-10-03,8308.79,Current
1441,2673,2,Personal Loan,4564.34,15.11,24,2024-11-17,2026-11-17,2172.66,Current
1442,2674,1,Housing Loan,12790.88,8.01,228,2025-03-31,2044-03-31,12897.25,Current
1443,2675,6,Vehicle Loan,9865.93,11.77,36,2025-03-03,2028-03-03,7175.08,Current
1444,2676,2,Vehicle Loan,9807.03,14.3,48,2023-10-04,2027-10-04,4108.58,Current
1445,2681,1,Vehicle Loan,3156.64,10.3,24,2025-04-07,2027-04-07,2104.18,Current
1446,2685,18,Vehicle Loan,21628.17,12.14,48,2025-04-11,2029-04-11,18184.33,Current
1447,2686,18,SME Loan,67584.46,10.8,60,2025-12-13,2030-12-13,64958.83,Current
1448,2688,1,Agriculture Loan,7426.33,12.6,48,2025-06-20,2029-06-20,6460.01,Current
1449,2689,16,Housing Loan,27140.34,9.73,192,2026-01-28,2042-01-28,27393.18,Current
1450,2691,4,Housing Loan,34003.99,11.61,156,2025-01-19,2038-01-19,30718.27,Current
1451,2692,9,Personal Loan,21158.2,16.58,36,2025-06-29,2028-06-29,18464.42,Current
1452,2693,18,Personal Loan,4507.52,12.68,60,2025-08-24,2030-08-24,4375.74,Current
1453,2694,18,Personal Loan,6395.14,13.64,60,2024-07-23,2029-07-23,4394.97,Past Due
1454,2695,12,Vehicle Loan,3784.75,14.97,36,2025-10-14,2028-10-14,3623.96,Current
1455,2696,15,Personal Loan,2233.55,12.02,48,2024-05-29,2028-05-29,1386.89,Current
1456,2697,18,Vehicle Loan,14484.45,10.73,36,2025-04-10,2028-04-10,11091.61,Current
1457,2700,8,Personal Loan,16863.38,13.26,60,2025-06-28,2030-06-28,15446.95,Current
1458,2701,16,Vehicle Loan,5975.35,12.44,24,2025-02-15,2027-02-15,3629.24,Defaulted
1459,2703,5,Housing Loan,11304.88,9.62,96,2025-04-18,2033-04-18,10448.76,Current
1460,2704,5,Housing Loan,21663.02,9.69,216,2025-06-18,2043-06-18,20457.07,Current
1461,2705,5,Agriculture Loan,2816.05,12.28,36,2024-12-13,2027-12-13,1861.83,Current
1462,2707,10,Personal Loan,23605.21,16.33,48,2025-05-12,2029-05-12,20074.66,Current
1463,2708,8,Personal Loan,5107.86,14.85,48,2025-01-20,2029-01-20,3857.16,Non-Performing
1464,2709,8,Agriculture Loan,2646.79,10.82,48,2025-09-25,2029-09-25,2572.64,Defaulted
1465,2712,3,Housing Loan,74004.22,10.38,108,2025-03-31,2034-03-31,65801.84,Current
1466,2713,12,Housing Loan,56657.89,11.38,240,2025-07-10,2045-07-10,57213.57,Current
1467,2715,18,Vehicle Loan,4703.07,12.52,24,2025-01-13,2027-01-13,2440.48,Current
1468,2719,18,Vehicle Loan,13967.19,11.76,24,2025-03-11,2027-03-11,8920.58,Current
1469,2722,7,Vehicle Loan,9699.82,12.74,48,2025-12-28,2029-12-28,9265.37,Current
1470,2725,17,Housing Loan,23501.19,11.43,216,2024-03-06,2042-03-06,21817.72,Non-Performing
1471,2728,5,Personal Loan,9964.19,15.48,48,2025-12-22,2029-12-22,9755.4,Current
1472,2730,1,Personal Loan,6652.46,13.86,12,2025-10-21,2026-10-21,5329.98,Current
1473,2731,5,Housing Loan,14307.02,10.68,180,2025-10-13,2040-10-13,13864.76,Current
1474,2732,6,Vehicle Loan,4198.27,10.35,36,2025-06-22,2028-06-22,3530.1,Current
1475,2734,18,Personal Loan,8823.52,13.34,48,2025-01-02,2029-01-02,6716.24,Current
1476,2735,3,Vehicle Loan,4334.81,11.73,24,2025-04-13,2027-04-13,2898.56,Current
1477,2738,7,SME Loan,35708.82,13.79,60,2025-10-03,2030-10-03,35264.84,Current
1478,2739,14,Agriculture Loan,3705.75,12.35,48,2026-01-07,2030-01-07,3582.18,Current
1479,2741,7,Vehicle Loan,16923.73,13.51,60,2025-03-29,2030-03-29,14544.57,Current
1480,2742,1,Vehicle Loan,34906.33,14.82,60,2025-06-09,2030-06-09,31372.33,Current
1481,2744,2,Housing Loan,17480.97,8.19,240,2025-09-24,2045-09-24,17753.47,Current
1482,2746,5,Housing Loan,35391.0,9.88,180,2024-11-17,2039-11-17,31609.49,Current
1483,2747,6,Agriculture Loan,7146.32,10.33,24,2025-07-02,2027-07-02,5586.52,Current
1484,2748,15,Housing Loan,41101.61,11.43,228,2025-05-13,2044-05-13,39768.7,Current
1485,2749,6,Housing Loan,24046.12,8.7,120,2024-04-29,2034-04-29,19773.39,Past Due
1486,2751,6,Housing Loan,30189.94,8.89,120,2025-12-19,2035-12-19,30286.93,Non-Performing
1487,2756,1,Vehicle Loan,8198.77,11.76,48,2025-07-09,2029-07-09,7136.63,Current
1488,2759,15,Housing Loan,39797.12,9.51,156,2025-05-16,2038-05-16,38468.28,Current
1489,2761,3,Vehicle Loan,15507.6,14.75,60,2024-11-06,2029-11-06,11422.54,Past Due
1490,2762,12,Personal Loan,4618.41,12.92,36,2024-07-15,2027-07-15,2355.54,Current
1491,2763,8,Housing Loan,51713.03,9.53,216,2025-10-02,2043-10-02,50775.98,Current
1492,2764,14,Vehicle Loan,11280.86,13.57,24,2025-11-09,2027-11-09,10926.19,Past Due
1493,2767,18,Personal Loan,4257.17,17.91,48,2025-09-06,2029-09-06,4057.98,Defaulted
1494,2769,3,Housing Loan,15117.33,10.8,192,2025-06-20,2041-06-20,14423.85,Current
1495,2775,8,Vehicle Loan,27227.51,10.7,36,2025-03-04,2028-03-04,20442.28,Defaulted
1496,2776,1,Vehicle Loan,6395.73,12.7,48,2025-12-17,2029-12-17,6233.22,Current
1497,2779,2,Vehicle Loan,5249.95,12.62,36,2025-02-12,2028-02-12,3633.46,Defaulted
1498,2784,7,SME Loan,50954.96,14.6,48,2025-12-24,2029-12-24,52248.12,Current
1499,2785,3,Personal Loan,12056.51,16.32,60,2024-12-30,2029-12-30,9910.16,Current
1500,2788,7,Personal Loan,3895.69,13.44,12,2023-10-25,2024-10-25,0.0,Closed
1501,2789,17,Agriculture Loan,3214.55,10.17,36,2026-01-10,2029-01-10,3150.47,Current
1502,2790,8,Housing Loan,38933.11,11.75,228,2025-04-01,2044-04-01,38731.37,Current
1503,2791,5,Housing Loan,39383.65,8.24,204,2025-10-19,2042-10-19,39454.53,Current
1504,2793,7,Vehicle Loan,8350.72,14.95,24,2025-12-22,2027-12-22,8130.19,Non-Performing
1505,2795,2,Vehicle Loan,9007.15,10.26,60,2025-02-27,2030-02-27,7171.2,Defaulted
1506,2798,5,Vehicle Loan,14375.48,11.09,60,2025-12-12,2030-12-12,13687.35,Current
1507,2801,10,Personal Loan,3112.84,14.07,24,2025-06-18,2027-06-18,2397.67,Current
1508,2802,18,Housing Loan,43698.65,11.47,144,2024-07-15,2036-07-15,38839.98,Current
1509,2806,6,Housing Loan,36500.55,10.81,72,2025-11-02,2031-11-02,36134.87,Current
1510,2807,2,Housing Loan,21340.48,8.36,84,2024-08-02,2031-08-02,16780.24,Non-Performing
1511,2809,5,Housing Loan,26159.88,10.04,60,2024-10-10,2029-10-10,20646.04,Current
1512,2810,3,Vehicle Loan,24924.57,14.82,24,2023-11-18,2025-11-18,0.0,Closed
1513,2811,1,Personal Loan,9439.41,12.26,12,2025-03-06,2026-03-06,1650.32,Current
1514,2812,1,Housing Loan,78010.88,11.51,228,2024-12-10,2043-12-10,75877.4,Current
1515,2813,5,Personal Loan,7600.15,12.44,48,2025-05-21,2029-05-21,6357.27,Current
1516,2814,7,Agriculture Loan,6812.28,10.94,24,2024-10-01,2026-10-01,2464.2,Current
1517,2815,11,Personal Loan,7215.02,15.6,12,2025-02-28,2026-02-28,1154.81,Current
1518,2816,8,Vehicle Loan,3176.65,12.15,36,2026-01-03,2029-01-03,3218.42,Current
1519,2817,6,Agriculture Loan,7590.56,9.36,36,2025-05-22,2028-05-22,5930.71,Non-Performing
1520,2820,4,Personal Loan,6309.44,15.98,60,2025-08-10,2030-08-10,5698.27,Current
1521,2823,13,Personal Loan,15210.79,14.88,36,2025-12-06,2028-12-06,15035.0,Current
1522,2825,3,Vehicle Loan,5271.05,11.94,48,2025-07-23,2029-07-23,4578.92,Current
1523,2826,15,SME Loan,47675.37,15.39,24,2025-05-28,2027-05-28,32432.48,Past Due
1524,2828,10,Agriculture Loan,1179.45,13.9,12,2025-05-15,2026-05-15,502.21,Current
1525,2829,16,Personal Loan,10370.64,17.96,36,2024-11-21,2027-11-21,6852.36,Current
1526,2831,1,Personal Loan,7286.44,17.7,60,2024-02-22,2029-02-22,4537.45,Current
1527,2832,4,Personal Loan,13913.96,17.58,60,2023-07-17,2028-07-17,6838.41,Current
1528,2833,7,Housing Loan,12048.13,8.46,144,2025-03-07,2037-03-07,11162.5,Current
1529,2834,9,Housing Loan,40259.06,9.02,84,2025-12-03,2032-12-03,41679.31,Current
1530,2837,12,Personal Loan,3375.5,14.47,48,2024-12-22,2028-12-22,2606.71,Current
1531,2840,8,SME Loan,29311.0,10.42,72,2025-08-31,2031-08-31,28212.08,Current
1532,2841,9,Housing Loan,16500.29,10.84,60,2025-05-14,2030-05-14,13865.39,Current
1533,2844,3,Vehicle Loan,7131.07,10.86,60,2024-10-26,2029-10-26,5567.19,Current
1534,2848,4,Personal Loan,20709.35,15.08,60,2025-06-17,2030-06-17,18680.9,Current
1535,2850,3,Vehicle Loan,5296.61,10.43,36,2025-06-29,2028-06-29,4216.24,Non-Performing
1536,2852,9,Personal Loan,6322.8,13.87,48,2025-08-02,2029-08-02,5640.84,Current
1537,2855,2,Vehicle Loan,4939.42,12.54,48,2025-02-28,2029-02-28,4054.8,Current
1538,2856,7,Personal Loan,8383.14,16.41,12,2024-09-17,2025-09-17,0.0,Closed
1539,2858,5,Housing Loan,41970.34,11.8,180,2025-07-19,2040-07-19,39588.18,Current
1540,2862,12,Vehicle Loan,10919.9,13.47,24,2025-10-24,2027-10-24,10165.48,Current
1541,2864,9,Vehicle Loan,20547.02,11.01,36,2024-11-20,2027-11-20,13624.18,Current
1542,2866,8,Vehicle Loan,27325.31,14.17,36,2025-05-18,2028-05-18,22008.78,Current
1543,2867,12,Housing Loan,44020.2,10.7,204,2025-04-04,2042-04-04,41942.49,Current
1544,2868,10,Housing Loan,18240.68,8.41,132,2024-12-12,2035-12-12,16728.07,Current
1545,2869,11,Housing Loan,26444.63,10.24,180,2025-11-12,2040-11-12,25775.15,Current
1546,2870,2,Personal Loan,13132.46,12.56,60,2025-04-02,2030-04-02,11104.84,Non-Performing
1547,2871,11,Housing Loan,19664.72,11.2,228,2025-01-18,2044-01-18,19505.43,Current
1548,2873,10,Agriculture Loan,6145.41,11.31,48,2025-01-15,2029-01-15,4944.8,Current
1549,2876,10,Personal Loan,10057.54,13.03,36,2025-06-21,2028-06-21,8737.36,Current
1550,2877,5,Vehicle Loan,7220.65,11.17,36,2025-04-09,2028-04-09,5342.09,Current
1551,2878,13,Personal Loan,21618.32,17.21,12,2024-08-09,2025-08-09,0.0,Closed
1552,2880,6,Vehicle Loan,5374.41,12.82,48,2024-08-27,2028-08-27,3672.81,Current
1553,2881,2,Housing Loan,21600.99,11.06,156,2024-10-16,2037-10-16,19118.72,Current
1554,2883,7,Agriculture Loan,3334.9,11.96,12,2025-03-25,2026-03-25,825.09,Non-Performing
1555,2885,16,Vehicle Loan,12453.3,11.03,60,2025-02-22,2030-02-22,10669.49,Non-Performing
1556,2891,5,Personal Loan,2794.92,15.83,36,2025-11-28,2028-11-28,2712.7,Current
1557,2892,11,Agriculture Loan,6471.74,9.15,48,2025-06-07,2029-06-07,5633.64,Current
1558,2894,9,SME Loan,18628.56,14.29,84,2023-09-22,2030-09-22,12697.1,Current
1559,2898,10,Housing Loan,31900.99,8.9,72,2025-12-19,2031-12-19,32238.28,Past Due
1560,2899,17,Housing Loan,94276.33,9.11,144,2025-06-14,2037-06-14,90601.89,Current
1561,2900,6,Vehicle Loan,4737.73,13.98,36,2025-05-01,2028-05-01,3546.9,Current
1562,2905,16,Agriculture Loan,8954.1,9.58,24,2025-07-05,2027-07-05,6887.03,Current
1563,2906,1,Agriculture Loan,5882.03,11.98,24,2025-09-06,2027-09-06,5386.65,Current
1564,2909,8,Housing Loan,62022.59,11.24,192,2024-11-17,2040-11-17,57461.69,Past Due
1565,2909,8,SME Loan,72283.84,10.0,84,2024-05-25,2031-05-25,56735.41,Past Due
1566,2911,7,Agriculture Loan,4975.46,10.16,24,2025-10-30,2027-10-30,4369.45,Current
1567,2915,1,Personal Loan,6810.05,16.23,12,2025-12-10,2026-12-10,6934.29,Current
1568,2916,8,Housing Loan,29234.99,10.81,108,2024-08-04,2033-08-04,24207.98,Current
1569,2917,7,Housing Loan,20551.79,9.6,228,2025-04-19,2044-04-19,20160.03,Current
1570,2919,6,Vehicle Loan,6557.83,10.82,48,2025-04-03,2029-04-03,5312.95,Current
1571,2923,12,Personal Loan,3275.57,15.25,24,2025-12-01,2027-12-01,3155.55,Current
1572,2924,12,Agriculture Loan,2641.53,11.16,48,2025-11-05,2029-11-05,2508.8,Current
1573,2925,18,Personal Loan,14734.09,14.26,36,2025-06-29,2028-06-29,12167.16,Current
1574,2927,18,Housing Loan,42941.11,10.42,144,2025-09-06,2037-09-06,43081.44,Non-Performing
1575,2928,15,Agriculture Loan,4562.68,9.98,12,2024-11-13,2025-11-13,0.0,Closed
1576,2932,7,Vehicle Loan,6513.98,12.01,48,2024-11-08,2028-11-08,4735.02,Current
1577,2933,14,Agriculture Loan,1901.19,12.02,24,2024-06-19,2026-06-19,454.37,Current
1578,2934,5,Vehicle Loan,19534.52,13.85,24,2025-03-20,2027-03-20,12045.32,Current
1579,2937,5,Housing Loan,68122.85,9.57,180,2025-04-24,2040-04-24,62862.97,Current
1580,2942,1,Vehicle Loan,4221.63,14.24,48,2025-05-05,2029-05-05,3589.34,Current
1581,2945,14,Vehicle Loan,9431.3,11.38,36,2025-05-03,2028-05-03,7532.57,Current
1582,2947,6,Vehicle Loan,17229.11,12.6,60,2025-04-08,2030-04-08,14685.17,Current
1583,2949,18,Agriculture Loan,5999.32,12.33,12,2025-05-22,2026-05-22,2497.15,Current
1584,2950,14,Personal Loan,15774.75,13.94,48,2024-03-03,2028-03-03,8233.09,Current
1585,2951,7,Vehicle Loan,10602.03,10.67,36,2025-11-15,2028-11-15,10477.87,Current
1586,2952,1,Agriculture Loan,4970.03,12.65,12,2025-07-17,2026-07-17,3030.56,Current
1587,2953,7,Personal Loan,9701.45,13.2,48,2025-01-19,2029-01-19,7415.84,Past Due
1588,2954,4,SME Loan,55866.92,15.54,48,2024-06-03,2028-06-03,32678.85,Current
1589,2956,18,SME Loan,16846.12,13.44,72,2025-08-10,2031-08-10,15341.95,Current
1590,2957,5,Vehicle Loan,10003.0,13.72,24,2025-10-05,2027-10-05,8987.11,Current
1591,2959,9,Agriculture Loan,2350.45,11.56,24,2025-07-24,2027-07-24,1907.57,Current
1592,2960,14,Agriculture Loan,4943.09,12.59,36,2025-01-24,2028-01-24,3545.48,Current
1593,2961,11,Vehicle Loan,10312.26,11.73,24,2024-12-15,2026-12-15,5236.82,Current
1594,2962,2,Vehicle Loan,4573.53,12.61,36,2025-04-08,2028-04-08,3484.3,Current
1595,2963,1,Vehicle Loan,27123.78,14.87,24,2025-02-05,2027-02-05,16080.91,Current
1596,2966,14,Housing Loan,21330.6,11.44,96,2024-06-29,2032-06-29,18102.15,Current
1597,2969,14,Personal Loan,4012.12,13.23,48,2025-09-23,2029-09-23,3602.99,Non-Performing
1598,2974,6,Vehicle Loan,9933.33,11.7,36,2024-07-20,2027-07-20,5058.11,Non-Performing
1599,2977,5,Vehicle Loan,21519.18,11.49,48,2025-01-20,2029-01-20,16694.75,Current
1600,2979,1,Housing Loan,31263.72,8.43,84,2025-06-29,2032-06-29,27970.52,Current
1601,2980,12,Personal Loan,9627.74,12.17,48,2024-07-16,2028-07-16,5916.7,Current
1602,2982,14,Housing Loan,21691.05,10.94,180,2024-10-30,2039-10-30,19675.7,Past Due
1603,2985,6,Agriculture Loan,642.37,12.27,48,2025-02-17,2029-02-17,492.96,Current
1604,2987,1,Housing Loan,9956.79,10.55,156,2024-07-26,2037-07-26,8558.36,Current
1605,2988,4,Housing Loan,68116.21,11.71,96,2025-06-29,2033-06-29,65244.37,Current
1606,2988,4,SME Loan,74892.13,11.59,84,2025-06-24,2032-06-24,71946.1,Current
1607,2989,16,Personal Loan,10286.89,13.66,12,2025-08-16,2026-08-16,6965.54,Past Due
1608,2991,13,Housing Loan,21281.58,8.54,192,2025-11-05,2041-11-05,20216.93,Current
1609,2992,1,Housing Loan,30649.02,11.74,84,2024-10-25,2031-10-25,25711.06,Current
1610,2994,12,Personal Loan,6801.71,13.08,36,2024-12-21,2027-12-21,4326.8,Current
1611,2997,8,Agriculture Loan,1843.3,13.66,12,2025-01-05,2026-01-05,0.0,Closed
1612,2998,3,Vehicle Loan,5047.23,12.83,60,2025-05-30,2030-05-30,4509.13,Past Due
1613,2999,11,Housing Loan,101879.44,8.61,180,2024-11-18,2039-11-18,90025.52,Current
1614,3000,5,SME Loan,21205.75,14.8,36,2024-12-03,2027-12-03,13011.98,Current
1615,3002,7,Housing Loan,15830.93,11.68,216,2024-02-05,2042-02-05,14700.85,Current
1616,3006,5,Vehicle Loan,13525.11,10.6,24,2025-11-16,2027-11-16,13071.36,Past Due
1617,3007,2,Housing Loan,79816.06,8.97,60,2025-01-15,2030-01-15,62885.97,Past Due
1618,3010,7,Housing Loan,64217.81,10.03,60,2025-06-02,2030-06-02,54757.17,Non-Performing
1619,3011,6,SME Loan,30603.2,15.03,84,2025-01-05,2032-01-05,27343.96,Current
1620,3013,10,Vehicle Loan,5404.52,10.49,60,2025-05-16,2030-05-16,4820.37,Current
1621,3015,9,Vehicle Loan,7510.68,12.37,48,2025-03-15,2029-03-15,5994.68,Current
1622,3017,2,SME Loan,69136.66,14.06,24,2025-04-02,2027-04-02,43271.16,Current
1623,3018,5,Vehicle Loan,10642.02,11.31,48,2024-11-24,2028-11-24,7558.03,Current
1624,3020,6,Vehicle Loan,33992.87,11.32,36,2025-09-20,2028-09-20,30068.49,Current
1625,3023,18,Housing Loan,17463.87,10.93,228,2024-07-12,2043-07-12,15950.83,Current
1626,3024,18,SME Loan,30139.05,15.07,72,2025-06-26,2031-06-26,27627.46,Current
1627,3026,6,SME Loan,25721.95,10.47,36,2025-03-15,2028-03-15,19663.26,Non-Performing
1628,3027,14,Agriculture Loan,4942.12,10.09,36,2025-06-16,2028-06-16,3990.91,Past Due
1629,3028,8,Housing Loan,50134.38,11.55,96,2025-07-20,2033-07-20,46979.67,Current
1630,3030,8,Housing Loan,49704.9,9.7,216,2025-04-17,2043-04-17,49097.25,Current
1631,3031,4,Vehicle Loan,10476.96,14.93,48,2025-09-11,2029-09-11,9504.78,Current
1632,3032,13,Housing Loan,35446.19,8.82,132,2024-11-13,2035-11-13,30717.1,Current
1633,3033,13,Vehicle Loan,4654.66,11.84,24,2024-10-28,2026-10-28,1843.68,Current
1634,3035,5,Vehicle Loan,10080.03,10.02,24,2025-06-14,2027-06-14,7254.75,Defaulted
1635,3037,17,Vehicle Loan,7830.26,10.54,60,2025-07-02,2030-07-02,7134.76,Current
1636,3039,10,Vehicle Loan,4488.15,10.75,36,2025-06-21,2028-06-21,3658.4,Current
1637,3040,12,Personal Loan,7280.93,14.41,36,2025-08-01,2028-08-01,6546.47,Current
1638,3042,4,Personal Loan,8205.7,16.69,12,2025-04-24,2026-04-24,2779.28,Current
1639,3043,2,Vehicle Loan,4008.77,11.22,24,2024-03-19,2026-03-19,515.21,Current
1640,3045,6,Housing Loan,33431.64,9.13,132,2025-01-20,2036-01-20,30205.94,Current
1641,3048,6,Vehicle Loan,13956.3,13.45,60,2025-01-12,2030-01-12,11438.27,Current
1642,3049,18,Housing Loan,37102.4,9.53,204,2025-06-29,2042-06-29,36795.88,Current
1643,3052,5,Personal Loan,3328.45,16.8,48,2025-02-20,2029-02-20,2517.11,Current
1644,3053,8,Personal Loan,5041.41,15.26,60,2024-12-23,2029-12-23,3905.88,Current
1645,3054,1,Vehicle Loan,7682.42,14.66,60,2025-06-03,2030-06-03,6879.91,Current
1646,3055,2,Housing Loan,17486.21,11.2,180,2024-10-01,2039-10-01,16719.38,Current
1647,3056,15,Housing Loan,19031.7,9.19,180,2025-04-12,2040-04-12,17610.38,Current
1648,3058,9,Housing Loan,19201.29,11.86,60,2025-07-03,2030-07-03,16846.22,Current
1649,3060,11,Agriculture Loan,2068.69,12.29,24,2025-11-02,2027-11-02,1970.89,Non-Performing
1650,3061,13,Vehicle Loan,3965.47,10.11,48,2025-01-07,2029-01-07,2991.08,Current
1651,3062,2,Housing Loan,12530.11,9.87,108,2025-04-11,2034-04-11,12007.95,Current
1652,3063,11,Personal Loan,11604.54,12.71,12,2025-03-01,2026-03-01,2022.85,Current
1653,3065,5,Agriculture Loan,1408.53,9.92,12,2025-07-04,2026-07-04,675.72,Current
1654,3067,3,Housing Loan,15839.0,11.91,192,2023-09-17,2039-09-17,13611.85,Past Due
1655,3069,13,Personal Loan,7027.22,16.97,36,2024-02-13,2027-02-13,2708.97,Current
1656,3070,12,SME Loan,37817.13,15.35,24,2025-06-23,2027-06-23,27940.58,Current
1657,3071,18,Personal Loan,10694.91,13.13,60,2025-07-14,2030-07-14,9913.23,Current
1658,3072,18,Vehicle Loan,7237.59,13.28,48,2025-08-26,2029-08-26,6538.01,Current
1659,3073,4,Personal Loan,13664.34,16.41,12,2025-06-21,2026-06-21,6936.61,Current
1660,3074,13,Agriculture Loan,1929.4,9.55,24,2025-07-02,2027-07-02,1393.69,Current
1661,3076,11,Vehicle Loan,4390.77,11.49,48,2025-09-19,2029-09-19,4272.95,Current
1662,3078,3,Vehicle Loan,5760.54,12.03,24,2025-04-10,2027-04-10,3826.88,Current
1663,3079,1,Housing Loan,108804.09,9.44,228,2025-02-04,2044-02-04,100431.3,Current
1664,3080,3,SME Loan,33038.24,12.56,84,2025-06-17,2032-06-17,31883.78,Current
1665,3083,14,Vehicle Loan,10839.92,11.55,60,2025-12-21,2030-12-21,10301.96,Defaulted
1666,3084,13,Personal Loan,7650.06,15.92,60,2024-03-22,2029-03-22,5221.01,Current
1667,3085,10,Vehicle Loan,8688.03,13.27,36,2025-01-15,2028-01-15,5994.12,Current
1668,3086,2,Agriculture Loan,5695.27,12.28,36,2025-11-06,2028-11-06,5753.4,Current
1669,3087,5,Agriculture Loan,4195.83,9.87,48,2025-03-03,2029-03-03,3381.98,Current
1670,3089,4,Personal Loan,12668.81,13.78,48,2025-08-26,2029-08-26,11079.97,Current
1671,3090,2,Personal Loan,11454.18,16.67,48,2025-06-26,2029-06-26,10431.39,Current
1672,3091,4,Vehicle Loan,7253.5,11.3,48,2025-06-28,2029-06-28,6338.13,Current
1673,3092,1,Agriculture Loan,1317.15,13.33,24,2024-02-15,2026-02-15,105.33,Current
1674,3093,5,Vehicle Loan,13302.36,10.79,60,2025-08-06,2030-08-06,12557.95,Current
1675,3100,5,Vehicle Loan,6601.78,11.07,36,2025-08-21,2028-08-21,5674.19,Current
1676,3101,9,SME Loan,25692.37,15.82,60,2024-02-27,2029-02-27,15948.58,Current
1677,3103,16,Vehicle Loan,8780.61,10.18,48,2025-02-24,2029-02-24,6746.75,Current
1678,3106,18,Vehicle Loan,22839.27,12.25,48,2024-06-27,2028-06-27,14176.71,Current
1679,3108,2,Housing Loan,33620.11,11.17,240,2024-10-29,2044-10-29,30281.86,Non-Performing
1680,3109,13,Vehicle Loan,8964.59,11.96,24,2025-02-05,2027-02-05,5211.69,Current
1681,3112,10,Personal Loan,9843.14,13.05,36,2024-03-18,2027-03-18,4225.94,Current
1682,3116,1,Housing Loan,35103.22,8.94,228,2025-10-10,2044-10-10,33903.7,Current
1683,3117,1,Personal Loan,10968.83,16.74,12,2025-08-17,2026-08-17,7197.77,Defaulted
1684,3118,9,Vehicle Loan,5868.45,10.89,36,2025-06-10,2028-06-10,4816.13,Current
1685,3120,7,Vehicle Loan,6503.55,11.51,36,2025-04-08,2028-04-08,4858.49,Current
1686,3122,13,Personal Loan,6832.76,13.77,12,2025-06-27,2026-06-27,3266.77,Current
1687,3125,4,Agriculture Loan,1599.33,11.67,24,2024-10-27,2026-10-27,686.12,Current
1688,3126,18,Agriculture Loan,5382.19,11.5,12,2025-07-16,2026-07-16,3195.37,Current
1689,3127,9,Agriculture Loan,4340.51,9.74,36,2025-06-27,2028-06-27,3454.86,Current
1690,3128,1,SME Loan,24161.18,13.56,24,2025-08-19,2027-08-19,21039.44,Current
1691,3129,6,Housing Loan,33294.64,9.06,228,2024-11-16,2043-11-16,30916.09,Current
1692,3130,1,Agriculture Loan,5220.82,9.94,48,2026-01-24,2030-01-24,5169.31,Current
1693,3131,4,Personal Loan,5533.12,14.56,24,2025-10-05,2027-10-05,5238.99,Current
1694,3132,3,Vehicle Loan,2707.81,10.64,24,2025-11-27,2027-11-27,2668.16,Current
1695,3135,1,Vehicle Loan,9799.8,13.75,36,2024-07-09,2027-07-09,4821.58,Current
1696,3136,12,Housing Loan,57381.1,10.3,168,2025-11-25,2039-11-25,55463.6,Current
1697,3137,18,Housing Loan,42773.93,10.94,156,2025-03-03,2038-03-03,41174.94,Current
1698,3138,14,Vehicle Loan,12304.0,12.86,60,2025-09-26,2030-09-26,12159.31,Current
1699,3140,6,Vehicle Loan,21126.32,10.82,60,2023-11-04,2028-11-04,12551.28,Current
1700,3141,12,SME Loan,25152.73,11.67,84,2025-03-25,2032-03-25,23508.31,Non-Performing
1701,3142,4,Personal Loan,5597.63,17.96,36,2024-09-22,2027-09-22,3124.35,Current
1702,3143,3,Vehicle Loan,11332.23,13.34,60,2025-04-21,2030-04-21,9709.99,Past Due
1703,3144,10,Personal Loan,8544.99,17.75,12,2024-07-07,2025-07-07,0.0,Closed
1704,3147,18,Vehicle Loan,8153.93,11.86,36,2025-06-03,2028-06-03,6583.23,Non-Performing
1705,3148,16,Agriculture Loan,1813.78,12.29,48,2025-12-16,2029-12-16,1842.35,Current
1706,3149,6,Housing Loan,84061.89,9.87,204,2025-08-09,2042-08-09,81122.78,Current
1707,3152,8,Vehicle Loan,5700.28,11.11,36,2024-11-29,2027-11-29,3812.68,Current
1708,3153,3,Personal Loan,17429.05,17.52,24,2025-04-29,2027-04-29,12050.92,Current
1709,3154,8,Housing Loan,36375.32,8.04,240,2025-06-27,2045-06-27,36479.65,Defaulted
1710,3155,6,Housing Loan,125398.2,10.46,228,2025-04-26,2044-04-26,120477.88,Current
1711,3157,10,Housing Loan,55473.7,8.86,204,2025-11-21,2042-11-21,57160.94,Current
1712,3158,6,Agriculture Loan,4862.84,11.03,36,2025-06-01,2028-06-01,3965.58,Current
1713,3160,8,Personal Loan,2965.74,14.75,36,2025-04-16,2028-04-16,2279.42,Current
1714,3162,14,Vehicle Loan,6406.98,12.42,60,2025-06-03,2030-06-03,5690.81,Non-Performing
1715,3163,9,Vehicle Loan,8677.12,13.91,48,2023-10-30,2027-10-30,4026.75,Past Due
1716,3166,2,Personal Loan,4432.55,15.3,12,2025-05-19,2026-05-19,1853.78,Current
1717,3167,10,Vehicle Loan,6906.26,10.74,24,2024-01-16,2026-01-16,278.22,Current
1718,3168,2,Personal Loan,3390.02,14.36,12,2025-03-02,2026-03-02,543.01,Current
1719,3169,16,Agriculture Loan,2444.82,9.8,24,2025-03-19,2027-03-19,1584.63,Current
1720,3171,14,Personal Loan,3103.41,15.13,48,2024-12-06,2028-12-06,2254.9,Non-Performing
1721,3172,4,Vehicle Loan,5160.41,13.0,24,2026-01-04,2028-01-04,5237.12,Current
1722,3175,17,Personal Loan,11265.28,12.53,48,2024-12-26,2028-12-26,8658.22,Current
1723,3177,2,Housing Loan,38667.64,10.68,204,2024-05-05,2041-05-05,34602.37,Current
1724,3182,16,SME Loan,59270.58,12.23,48,2025-07-12,2029-07-12,53618.6,Current
1725,3184,8,Vehicle Loan,4146.15,14.38,24,2025-05-19,2027-05-19,2959.37,Current
1726,3185,18,Housing Loan,89294.87,8.37,228,2025-03-26,2044-03-26,85134.73,Current
1727,3186,13,Personal Loan,6231.91,14.74,24,2025-04-13,2027-04-13,4219.25,Current
1728,3188,16,Vehicle Loan,6731.29,11.76,36,2025-05-24,2028-05-24,5434.81,Non-Performing
1729,3189,6,Housing Loan,143512.35,9.74,168,2025-03-23,2039-03-23,134464.7,Defaulted
1730,3190,18,Personal Loan,5488.01,16.22,60,2025-08-08,2030-08-08,4942.52,Current
1731,3191,14,Housing Loan,19054.16,9.05,216,2025-10-06,2043-10-06,19135.07,Current
1732,3192,4,Housing Loan,18126.35,10.42,84,2024-03-14,2031-03-14,13671.18,Current
1733,3193,3,Personal Loan,11736.03,12.22,36,2025-05-16,2028-05-16,9067.15,Current
1734,3198,4,Vehicle Loan,34335.47,12.51,60,2025-01-26,2030-01-26,29432.98,Past Due
1735,3199,1,Vehicle Loan,4146.4,14.23,24,2023-07-30,2025-07-30,0.0,Closed
1736,3200,7,Personal Loan,5411.37,13.39,12,2025-06-16,2026-06-16,2770.08,Past Due
1737,3202,4,Agriculture Loan,3297.97,11.53,12,2025-05-23,2026-05-23,1404.41,Current
1738,3204,4,Housing Loan,30420.61,8.83,204,2025-09-10,2042-09-10,29949.25,Current
1739,3206,6,Vehicle Loan,7842.74,10.93,36,2023-08-05,2026-08-05,1526.21,Current
1740,3207,1,Housing Loan,18886.71,11.33,84,2025-04-11,2032-04-11,16447.14,Current
1741,3209,16,Vehicle Loan,18105.03,11.79,60,2024-08-17,2029-08-17,13310.03,Current
1742,3210,18,Housing Loan,39345.03,9.09,84,2025-06-10,2032-06-10,35421.1,Current
1743,3211,3,Vehicle Loan,20792.04,12.85,48,2025-08-24,2029-08-24,19432.68,Current
1744,3216,12,Personal Loan,9978.54,16.53,12,2025-04-19,2026-04-19,3345.83,Current
1745,3220,11,Agriculture Loan,3161.7,9.27,12,2025-06-17,2026-06-17,1573.9,Current
1746,3222,1,Personal Loan,9364.35,12.61,60,2025-08-04,2030-08-04,8360.96,Current
1747,3223,1,Personal Loan,17171.56,16.53,60,2024-10-16,2029-10-16,13385.22,Current
1748,3224,14,Housing Loan,80891.09,9.3,96,2025-05-01,2033-05-01,74547.32,Current
1749,3225,5,Housing Loan,65419.78,9.66,204,2025-06-09,2042-06-09,65990.86,Current
1750,3226,3,Vehicle Loan,10869.64,13.53,48,2024-01-10,2028-01-10,5602.22,Current
1751,3229,7,SME Loan,43489.7,14.73,84,2025-06-27,2032-06-27,40904.65,Current
1752,3230,18,Vehicle Loan,9448.14,13.76,60,2024-08-15,2029-08-15,7189.14,Current
1753,3234,5,Housing Loan,26154.04,8.91,192,2025-02-28,2041-02-28,23612.11,Current
1754,3236,17,Vehicle Loan,13897.82,14.09,24,2024-05-29,2026-05-29,3013.75,Current
1755,3237,8,Personal Loan,6131.92,16.21,60,2024-11-22,2029-11-22,5042.73,Current
1756,3238,1,Vehicle Loan,11380.66,13.63,36,2025-09-21,2028-09-21,10308.48,Current
1757,3239,7,Personal Loan,4179.42,14.73,12,2024-10-18,2025-10-18,0.0,Closed
1758,3241,1,Agriculture Loan,6668.1,13.16,12,2025-06-29,2026-06-29,3487.32,Current
1759,3244,7,Housing Loan,48791.48,11.82,204,2025-04-12,2042-04-12,45900.88,Current
1760,3248,1,Vehicle Loan,10954.42,13.56,60,2025-03-20,2030-03-20,9331.4,Current
1761,3251,9,Housing Loan,27739.67,8.95,192,2025-11-07,2041-11-07,28109.79,Past Due
1762,3252,13,SME Loan,38109.13,11.87,84,2024-11-02,2031-11-02,32910.0,Past Due
1763,3253,14,Vehicle Loan,5441.05,14.96,48,2025-12-29,2029-12-29,5334.13,Current
1764,3256,13,Vehicle Loan,3468.01,10.28,60,2026-01-23,2031-01-23,3331.32,Current
1765,3257,11,Vehicle Loan,6398.2,13.77,48,2024-02-08,2028-02-08,3485.73,Current
1766,3263,18,Personal Loan,6540.86,14.77,36,2025-10-12,2028-10-12,6088.04,Current
1767,3264,4,Housing Loan,70330.47,8.43,144,2025-01-14,2037-01-14,63872.5,Current
1768,3265,17,Housing Loan,65453.05,9.99,108,2025-06-20,2034-06-20,64496.14,Current
1769,3268,12,Vehicle Loan,16749.76,13.97,36,2025-07-28,2028-07-28,14465.25,Current
1770,3269,2,Housing Loan,47008.22,11.97,228,2025-05-28,2044-05-28,44299.32,Current
1771,3272,16,Vehicle Loan,13358.95,12.48,36,2025-12-18,2028-12-18,13837.98,Current
1772,3275,8,Personal Loan,6499.23,14.86,12,2025-03-07,2026-03-07,1647.7,Non-Performing
1773,3276,12,SME Loan,21566.34,15.41,60,2025-02-12,2030-02-12,18596.46,Current
1774,3278,18,Agriculture Loan,7321.0,11.99,24,2025-06-13,2027-06-13,5494.17,Current
1775,3281,4,Vehicle Loan,19351.12,11.83,60,2025-12-10,2030-12-10,19937.77,Current
1776,3282,8,Personal Loan,7880.87,12.31,60,2025-12-11,2030-12-11,8073.02,Current
1777,3286,5,Vehicle Loan,4426.22,14.24,48,2024-12-05,2028-12-05,3244.43,Current
1778,3287,18,Vehicle Loan,12650.07,13.89,24,2025-07-10,2027-07-10,10071.83,Current
1779,3288,7,Vehicle Loan,3585.31,12.74,48,2025-03-11,2029-03-11,2909.36,Past Due
1780,3290,7,Agriculture Loan,2146.53,10.59,12,2025-05-27,2026-05-27,888.76,Current
1781,3292,12,Personal Loan,4331.74,16.75,24,2025-06-05,2027-06-05,3338.97,Current
1782,3293,18,Personal Loan,12505.32,15.59,60,2024-10-19,2029-10-19,9805.52,Past Due
1783,3294,8,Vehicle Loan,3192.92,13.79,24,2025-06-02,2027-06-02,2328.14,Current
1784,3295,5,Vehicle Loan,5514.68,11.62,36,2024-09-11,2027-09-11,3292.47,Current
1785,3296,15,Personal Loan,8740.86,13.91,24,2025-05-06,2027-05-06,6484.34,Current
1786,3297,1,Vehicle Loan,16362.24,11.8,60,2025-03-23,2030-03-23,13493.03,Current
1787,3298,4,Vehicle Loan,2427.75,14.72,48,2024-12-07,2028-12-07,1740.08,Current
1788,3300,6,Vehicle Loan,4103.97,13.05,36,2025-05-07,2028-05-07,3289.31,Current
1789,3301,9,Housing Loan,57862.94,10.83,156,2025-07-04,2038-07-04,52869.27,Current
1790,3302,12,SME Loan,20199.97,15.05,84,2025-02-06,2032-02-06,17042.59,Current
1791,3307,6,Housing Loan,145320.34,11.21,228,2025-09-14,2044-09-14,142024.42,Current
1792,3308,6,Vehicle Loan,13141.08,12.14,48,2025-06-17,2029-06-17,11726.05,Current
1793,3309,1,Housing Loan,19159.07,10.23,120,2024-10-29,2034-10-29,17572.75,Current
1794,3310,10,Personal Loan,13374.18,14.55,60,2023-12-08,2028-12-08,7485.43,Current
1795,3314,9,Vehicle Loan,22306.67,14.66,48,2024-12-31,2028-12-31,16601.39,Current
1796,3315,2,Vehicle Loan,4124.92,14.05,24,2024-12-22,2026-12-22,2086.37,Current
1797,3317,1,Housing Loan,13781.62,10.31,228,2025-02-25,2044-02-25,13124.0,Current
1798,3318,12,Agriculture Loan,1814.91,9.89,48,2025-06-20,2029-06-20,1606.89,Current
1799,3319,12,Vehicle Loan,3645.67,10.62,24,2025-06-11,2027-06-11,2714.44,Current
1800,3320,14,Housing Loan,15945.24,9.73,84,2025-09-19,2032-09-19,14624.07,Past Due
1801,3323,3,Agriculture Loan,3549.96,12.75,24,2025-01-19,2027-01-19,1976.01,Current
1802,3325,10,Vehicle Loan,7240.86,12.27,48,2024-08-10,2028-08-10,4862.06,Current
1803,3332,5,Vehicle Loan,5183.91,10.61,60,2025-12-14,2030-12-14,5071.76,Current
1804,3334,1,Vehicle Loan,5858.99,12.12,48,2025-06-14,2029-06-14,5199.08,Current
1805,3335,1,Vehicle Loan,3797.23,11.67,60,2025-09-06,2030-09-06,3587.62,Past Due
1806,3338,6,Personal Loan,16186.16,15.94,48,2024-03-30,2028-03-30,8764.1,Current
1807,3343,2,Personal Loan,2968.41,15.79,48,2025-12-05,2029-12-05,2820.38,Current
1808,3345,3,Housing Loan,22640.49,10.4,204,2025-05-22,2042-05-22,21226.51,Non-Performing
1809,3346,1,Vehicle Loan,3257.59,14.71,36,2025-06-29,2028-06-29,2612.83,Current
1810,3348,1,SME Loan,15953.57,14.14,48,2025-03-22,2029-03-22,13317.09,Current
1811,3350,8,Vehicle Loan,8373.51,11.07,48,2025-05-14,2029-05-14,7234.24,Current
1812,3360,14,Housing Loan,36222.83,10.29,132,2025-02-28,2036-02-28,32698.5,Current
1813,3361,10,Vehicle Loan,12001.54,13.05,48,2025-08-22,2029-08-22,11295.56,Current
1814,3362,4,Vehicle Loan,2209.02,11.5,24,2025-06-25,2027-06-25,1597.39,Current
1815,3363,6,Vehicle Loan,3287.85,13.99,48,2025-08-04,2029-08-04,3004.74,Past Due
1816,3367,4,Agriculture Loan,2563.9,11.5,24,2024-01-25,2026-01-25,104.82,Current
1817,3372,17,Vehicle Loan,18457.91,13.21,24,2025-06-29,2027-06-29,14411.24,Current
1818,3374,16,Vehicle Loan,7227.84,13.11,60,2025-04-30,2030-04-30,6344.16,Non-Performing
1819,3379,14,Vehicle Loan,2618.2,13.04,36,2024-08-06,2027-08-06,1398.33,Current
1820,3380,8,Personal Loan,3593.17,13.16,36,2025-04-23,2028-04-23,2919.17,Past Due
1821,3381,4,Housing Loan,18770.19,8.85,84,2025-09-21,2032-09-21,17706.43,Non-Performing
1822,3383,3,Vehicle Loan,7703.84,14.77,60,2026-01-03,2031-01-03,8071.52,Current
1823,3385,7,Vehicle Loan,3724.11,12.51,48,2024-09-26,2028-09-26,2507.59,Current
1824,3388,7,Personal Loan,7652.55,16.88,36,2025-07-02,2028-07-02,6593.65,Current
1825,3389,13,Housing Loan,65593.73,10.07,192,2025-08-12,2041-08-12,65700.01,Current
1826,3391,1,Vehicle Loan,6312.97,11.35,60,2026-01-26,2031-01-26,6149.49,Current
1827,3392,8,Vehicle Loan,9645.72,11.12,36,2025-01-29,2028-01-29,6549.0,Current
1828,3393,13,Personal Loan,6019.52,15.94,36,2025-12-05,2028-12-05,6158.55,Current
1829,3396,5,Vehicle Loan,3588.69,14.91,60,2025-05-11,2030-05-11,3218.97,Current
1830,3398,4,Vehicle Loan,7112.87,12.61,48,2024-12-26,2028-12-26,5366.27,Non-Performing
1831,3401,8,SME Loan,26356.83,14.42,60,2025-06-09,2030-06-09,23347.18,Current
1832,3403,11,Vehicle Loan,2805.91,11.8,48,2025-01-21,2029-01-21,2186.87,Current
1833,3407,12,Housing Loan,35492.17,10.21,204,2025-05-23,2042-05-23,32717.35,Current
1834,3410,9,Vehicle Loan,7480.91,13.23,60,2025-12-26,2030-12-26,7765.89,Current
1835,3414,3,Vehicle Loan,8452.13,14.61,24,2024-07-06,2026-07-06,2144.99,Current
1836,3415,4,Vehicle Loan,34905.19,13.06,36,2025-06-27,2028-06-27,28599.67,Current
1837,3416,4,Personal Loan,8700.69,15.88,24,2024-08-17,2026-08-17,2759.69,Current
1838,3417,14,Personal Loan,2492.84,16.96,60,2024-06-20,2029-06-20,1691.8,Current
1839,3418,6,Housing Loan,12479.74,8.35,240,2025-06-26,2045-06-26,12333.79,Past Due
1840,3422,11,Housing Loan,60036.74,11.68,216,2025-11-22,2043-11-22,61983.5,Past Due
1841,3423,7,Personal Loan,15981.08,16.36,24,2025-09-26,2027-09-26,13537.87,Past Due
1842,3424,1,Personal Loan,7159.31,15.26,48,2026-01-03,2030-01-03,6813.35,Current
1843,3425,6,Vehicle Loan,5125.55,11.67,36,2024-04-28,2027-04-28,2204.98,Current
1844,3427,18,SME Loan,37358.51,10.27,60,2025-07-11,2030-07-11,32649.61,Current
1845,3429,11,SME Loan,37102.16,13.67,72,2024-05-04,2030-05-04,25756.39,Non-Performing
1846,3430,3,Personal Loan,6761.75,16.47,48,2025-03-07,2029-03-07,5589.42,Current
1847,3433,8,Vehicle Loan,16119.44,13.93,36,2024-07-08,2027-07-08,8095.85,Non-Performing
1848,3435,18,Housing Loan,13914.67,9.86,132,2025-06-20,2036-06-20,12982.41,Current
1849,3439,17,Vehicle Loan,6279.64,10.16,60,2025-08-14,2030-08-14,5881.65,Current
1850,3440,5,Vehicle Loan,3413.31,14.02,24,2025-03-27,2027-03-27,2094.83,Current
1851,3443,8,Personal Loan,20242.42,13.8,48,2025-11-27,2029-11-27,19321.84,Non-Performing
1852,3444,4,Vehicle Loan,14357.68,12.78,60,2025-12-08,2030-12-08,13800.84,Current
1853,3448,1,Housing Loan,83284.88,10.23,60,2025-05-31,2030-05-31,76098.01,Current
1854,3451,14,Agriculture Loan,954.74,9.59,12,2025-09-29,2026-09-29,728.72,Current
1855,3452,5,Vehicle Loan,4311.34,13.03,36,2025-12-07,2028-12-07,4344.49,Current
1856,3456,5,Vehicle Loan,11292.87,14.36,48,2025-10-02,2029-10-02,10860.85,Non-Performing
1857,3457,11,Personal Loan,6967.52,14.13,60,2023-11-20,2028-11-20,4230.67,Current
1858,3460,3,Housing Loan,36113.73,11.57,144,2025-04-23,2037-04-23,33195.36,Past Due
1859,3461,11,Housing Loan,13223.95,10.37,108,2025-01-22,2034-01-22,11360.72,Current
1860,3462,7,Agriculture Loan,3717.02,9.19,36,2024-11-29,2027-11-29,2314.64,Current
1861,3463,4,Agriculture Loan,8275.56,12.72,48,2025-05-20,2029-05-20,7147.75,Current
1862,3465,12,Vehicle Loan,7302.26,12.37,24,2025-04-05,2027-04-05,4405.05,Current
1863,3466,6,Agriculture Loan,2130.95,11.2,12,2025-03-05,2026-03-05,357.02,Defaulted
1864,3468,1,Personal Loan,3233.21,14.51,12,2023-07-23,2024-07-23,0.0,Closed
1865,3470,18,Housing Loan,106853.85,11.06,168,2023-11-01,2037-11-01,92028.65,Current
1866,3472,5,Vehicle Loan,12746.29,11.79,60,2025-02-05,2030-02-05,11019.7,Current
1867,3473,6,Personal Loan,12571.54,12.24,24,2024-08-02,2026-08-02,3516.62,Current
1868,3474,1,Vehicle Loan,7371.49,13.26,48,2025-03-18,2029-03-18,5844.91,Current
1869,3476,9,Agriculture Loan,2099.86,9.15,48,2025-06-05,2029-06-05,1895.75,Current
1870,3477,1,Vehicle Loan,23310.24,11.92,60,2023-10-22,2028-10-22,13169.43,Past Due
1871,3478,2,SME Loan,43788.19,12.49,48,2023-11-30,2027-11-30,20132.52,Past Due
1872,3479,10,Agriculture Loan,5662.28,9.29,36,2025-05-25,2028-05-25,4751.23,Current
1873,3480,10,Vehicle Loan,13150.2,13.98,24,2025-01-10,2027-01-10,7345.61,Current
1874,3485,11,Personal Loan,4260.71,16.36,24,2025-07-06,2027-07-06,3312.64,Past Due
1875,3486,3,SME Loan,44363.76,10.8,36,2025-05-22,2028-05-22,36558.16,Current
1876,3487,4,Personal Loan,10348.54,16.79,36,2025-06-27,2028-06-27,8565.34,Current
1877,3488,16,Housing Loan,55578.14,9.45,192,2025-09-12,2041-09-12,55284.29,Current
1878,3495,18,Vehicle Loan,7939.62,14.24,36,2025-06-15,2028-06-15,6515.01,Current
1879,3497,18,Vehicle Loan,5186.23,10.57,60,2025-12-01,2030-12-01,4897.23,Current
1880,3500,17,Agriculture Loan,4130.29,9.86,48,2025-02-28,2029-02-28,3250.72,Current
1881,3501,4,Agriculture Loan,2212.97,13.07,12,2025-04-02,2026-04-02,546.62,Past Due
1882,3502,17,Vehicle Loan,17284.09,14.28,36,2025-06-18,2028-06-18,14857.84,Current
1883,3503,6,Vehicle Loan,5584.35,12.33,24,2025-10-21,2027-10-21,5105.6,Current
1884,3504,7,Housing Loan,15624.47,11.38,84,2025-08-20,2032-08-20,14719.23,Past Due
1885,3505,10,Agriculture Loan,5806.29,13.11,12,2024-04-14,2025-04-14,0.0,Closed
1886,3506,2,Vehicle Loan,9898.52,13.3,36,2025-05-30,2028-05-30,7987.51,Current
1887,3512,3,Vehicle Loan,8219.85,11.46,48,2025-06-21,2029-06-21,7194.57,Current
1888,3515,6,Vehicle Loan,17838.74,10.1,36,2025-06-13,2028-06-13,14970.6,Current
1889,3516,12,Vehicle Loan,7816.93,13.58,60,2025-02-10,2030-02-10,6544.46,Current
1890,3518,6,Personal Loan,4684.17,12.88,60,2024-10-25,2029-10-25,3526.74,Current
1891,3519,3,Vehicle Loan,20080.03,13.98,48,2025-05-18,2029-05-18,17335.89,Current
1892,3520,1,Personal Loan,4273.06,14.34,48,2025-08-09,2029-08-09,3888.66,Current
1893,3521,13,Vehicle Loan,6280.96,12.32,24,2025-05-17,2027-05-17,4667.16,Non-Performing
1894,3522,7,Vehicle Loan,7785.16,12.65,24,2025-09-17,2027-09-17,6756.45,Current
1895,3523,18,Personal Loan,11600.09,12.87,24,2025-09-26,2027-09-26,10496.0,Current
1896,3524,13,Agriculture Loan,3214.76,11.1,48,2024-08-20,2028-08-20,2143.34,Current
1897,3525,5,Housing Loan,78189.04,8.22,192,2024-01-03,2040-01-03,68829.44,Non-Performing
1898,3525,5,SME Loan,74607.16,12.7,48,2024-03-24,2028-03-24,43903.11,Current
1899,3527,14,Personal Loan,11305.33,17.02,60,2025-06-21,2030-06-21,9990.94,Current
1900,3529,3,Agriculture Loan,3235.84,9.59,12,2026-01-11,2027-01-11,3192.67,Current
1901,3530,6,SME Loan,26651.41,13.9,36,2024-11-21,2027-11-21,17318.92,Current
1902,3532,10,Personal Loan,9594.66,17.36,60,2025-03-28,2030-03-28,7930.66,Current
1903,3537,1,Housing Loan,23416.92,11.28,60,2025-05-10,2030-05-10,20328.96,Current
1904,3538,8,SME Loan,13261.76,13.56,72,2025-02-24,2031-02-24,11020.59,Current
1905,3539,12,Vehicle Loan,17484.16,13.12,36,2025-04-07,2028-04-07,13797.16,Past Due
1906,3540,3,Agriculture Loan,1948.16,12.75,48,2025-10-01,2029-10-01,1848.53,Current
1907,3541,18,Agriculture Loan,4098.99,11.18,24,2024-03-02,2026-03-02,330.8,Current
1908,3543,8,Vehicle Loan,9226.69,12.71,36,2024-09-07,2027-09-07,4937.17,Current
1909,3546,14,Housing Loan,35932.01,8.16,156,2024-04-05,2037-04-05,31818.56,Current
1910,3549,10,Vehicle Loan,11417.71,14.79,36,2025-12-25,2028-12-25,11182.86,Current
1911,3550,18,Vehicle Loan,7157.18,13.77,60,2025-02-06,2030-02-06,5761.78,Current
1912,3552,10,Personal Loan,12164.57,13.02,12,2024-06-12,2025-06-12,0.0,Closed
1913,3553,4,SME Loan,13510.14,10.11,48,2025-02-11,2029-02-11,10270.89,Current
1914,3555,7,Personal Loan,8171.98,15.72,48,2025-12-29,2029-12-29,8412.45,Current
1915,3558,12,Housing Loan,123291.45,11.26,240,2025-01-04,2045-01-04,113094.18,Current
1916,3560,6,Personal Loan,5847.23,16.35,12,2025-04-20,2026-04-20,1872.94,Current
1917,3562,6,SME Loan,33903.78,10.74,84,2025-06-13,2032-06-13,30607.8,Current
1918,3563,14,Agriculture Loan,7620.95,13.18,36,2025-02-13,2028-02-13,5705.72,Current
1919,3565,2,Vehicle Loan,7286.79,13.67,48,2025-05-13,2029-05-13,6364.18,Current
1920,3566,4,Personal Loan,7349.08,12.46,60,2025-04-26,2030-04-26,6115.07,Current
1921,3567,9,Housing Loan,44144.08,10.73,216,2025-11-17,2043-11-17,42761.4,Current
1922,3569,4,Personal Loan,4628.37,17.4,36,2024-10-19,2027-10-19,2841.58,Current
1923,3570,18,Vehicle Loan,5485.57,12.12,60,2024-08-25,2029-08-25,3886.7,Current
1924,3573,3,Housing Loan,31563.81,9.6,240,2024-06-30,2044-06-30,28584.08,Past Due
1925,3574,18,Personal Loan,4758.4,16.02,12,2025-06-07,2026-06-07,2452.49,Current
1926,3576,16,Vehicle Loan,17492.74,14.38,36,2024-07-22,2027-07-22,9452.81,Current
1927,3579,9,Personal Loan,4014.85,14.12,36,2025-06-10,2028-06-10,3479.12,Past Due
1928,3580,15,Vehicle Loan,2697.97,11.12,48,2024-08-29,2028-08-29,1793.21,Current
1929,3585,6,Agriculture Loan,3061.52,10.08,24,2026-01-16,2028-01-16,3202.67,Current
1930,3587,18,Vehicle Loan,6638.97,11.93,24,2025-02-18,2027-02-18,4025.5,Current
1931,3588,1,Personal Loan,14124.55,12.88,24,2025-05-24,2027-05-24,10253.05,Current
1932,3589,18,Personal Loan,1669.39,14.58,60,2024-12-30,2029-12-30,1356.89,Current
1933,3591,1,Vehicle Loan,22298.24,10.07,36,2024-05-07,2027-05-07,10130.15,Current
1934,3597,3,Agriculture Loan,8248.92,10.75,24,2025-11-05,2027-11-05,7996.6,Current
1935,3600,8,SME Loan,63832.76,12.07,84,2025-02-14,2032-02-14,54915.86,Current
1936,3604,12,Vehicle Loan,4559.88,11.05,60,2025-06-09,2030-06-09,4045.47,Current
1937,3606,12,Vehicle Loan,13409.4,10.27,60,2024-09-10,2029-09-10,9597.7,Current
1938,3607,18,Vehicle Loan,13288.4,11.12,48,2025-05-23,2029-05-23,11378.32,Current
1939,3608,2,Vehicle Loan,11036.61,10.55,60,2025-07-04,2030-07-04,9649.05,Current
1940,3609,13,Personal Loan,6347.35,16.96,12,2024-01-18,2025-01-18,0.0,Closed
1941,3611,2,Agriculture Loan,9120.48,13.48,48,2025-02-06,2029-02-06,7377.77,Current
1942,3612,4,Vehicle Loan,13990.55,12.97,24,2025-01-13,2027-01-13,7332.99,Past Due
1943,3616,7,Vehicle Loan,23755.78,11.63,60,2025-12-11,2030-12-11,23458.25,Current
1944,3617,17,Personal Loan,4017.01,15.42,12,2024-06-29,2025-06-29,0.0,Closed
1945,3619,2,Vehicle Loan,4136.44,10.64,36,2025-02-27,2028-02-27,3076.45,Current
1946,3620,2,SME Loan,31401.36,15.66,84,2024-12-08,2031-12-08,25856.72,Current
1947,3621,6,Agriculture Loan,4198.53,11.94,48,2025-09-19,2029-09-19,3828.89,Current
1948,3623,2,Vehicle Loan,18802.09,12.77,60,2024-12-05,2029-12-05,15021.09,Current
1949,3624,7,Vehicle Loan,20330.54,13.4,48,2025-12-18,2029-12-18,19819.83,Current
1950,3626,9,Housing Loan,58236.93,10.45,228,2024-12-07,2043-12-07,56392.73,Current
1951,3627,11,Vehicle Loan,3843.23,10.01,48,2025-11-08,2029-11-08,3857.94,Current
1952,3628,2,Agriculture Loan,4180.0,13.96,12,2025-09-18,2026-09-18,3002.24,Current
1953,3630,2,Personal Loan,9856.84,16.81,12,2025-03-05,2026-03-05,1583.2,Past Due
1954,3631,18,Vehicle Loan,5118.15,12.71,24,2025-08-21,2027-08-21,4066.73,Current
1955,3632,17,SME Loan,67707.91,14.0,72,2024-07-03,2030-07-03,48379.57,Current
1956,3633,3,Personal Loan,2924.82,15.12,60,2025-06-16,2030-06-16,2607.51,Current
1957,3634,3,Vehicle Loan,4266.11,13.75,48,2025-03-02,2029-03-02,3311.42,Past Due
1958,3635,7,Vehicle Loan,6998.79,11.51,48,2025-06-22,2029-06-22,6093.44,Current
1959,3637,6,Housing Loan,33161.43,10.1,180,2026-01-15,2041-01-15,34005.69,Non-Performing
1960,3639,15,Personal Loan,7725.39,14.32,36,2025-01-18,2028-01-18,5098.72,Past Due
1961,3640,14,Personal Loan,4093.46,15.01,24,2025-02-28,2027-02-28,2416.08,Current
1962,3642,5,Vehicle Loan,14470.55,13.04,24,2024-10-07,2026-10-07,5574.7,Non-Performing
1963,3643,7,Personal Loan,7105.29,17.43,24,2025-03-12,2027-03-12,4526.82,Defaulted
1964,3644,6,Vehicle Loan,16013.39,14.11,36,2025-04-12,2028-04-12,12042.38,Current
1965,3646,10,Personal Loan,10080.69,16.48,60,2025-04-28,2030-04-28,8324.51,Current
1966,3647,1,Housing Loan,60799.52,11.79,108,2025-06-13,2034-06-13,55044.12,Current
1967,3648,13,Personal Loan,26093.4,16.73,48,2025-04-21,2029-04-21,20693.91,Current
1968,3649,1,Housing Loan,53667.29,11.74,228,2025-06-15,2044-06-15,50167.35,Current
1969,3651,13,Personal Loan,13104.7,12.01,36,2025-06-15,2028-06-15,11152.77,Current
1970,3652,5,Agriculture Loan,4805.99,13.14,12,2025-02-21,2026-02-21,762.37,Past Due
1971,3656,11,Housing Loan,23964.51,9.29,156,2025-05-11,2038-05-11,22698.6,Current
1972,3658,16,Vehicle Loan,20998.62,14.19,48,2025-07-07,2029-07-07,19682.72,Current
1973,3659,1,Housing Loan,28701.34,10.15,156,2025-04-25,2038-04-25,26357.73,Current
1974,3661,3,Vehicle Loan,17515.76,11.78,36,2025-12-19,2028-12-19,17583.7,Current
1975,3662,11,Personal Loan,8860.67,13.66,36,2025-03-23,2028-03-23,6511.64,Defaulted
1976,3663,1,Personal Loan,5442.79,14.32,36,2025-10-18,2028-10-18,5322.84,Current
1977,3666,5,Vehicle Loan,4473.81,10.59,48,2024-10-25,2028-10-25,3324.1,Current
1978,3667,10,Housing Loan,18832.58,8.08,96,2024-12-28,2032-12-28,16462.77,Current
1979,3670,3,Vehicle Loan,8606.97,13.92,36,2025-12-03,2028-12-03,8986.82,Current
1980,3671,3,Agriculture Loan,923.27,12.43,24,2025-08-19,2027-08-19,801.25,Past Due
1981,3672,17,Agriculture Loan,8509.19,11.14,36,2025-09-24,2028-09-24,8053.89,Current
1982,3673,8,Vehicle Loan,4638.58,10.99,60,2024-12-09,2029-12-09,3886.39,Current
1983,3675,1,Personal Loan,9056.62,12.15,36,2025-02-02,2028-02-02,6299.99,Current
1984,3676,3,Vehicle Loan,18647.93,13.08,48,2025-12-14,2029-12-14,17921.59,Past Due
1985,3677,5,Housing Loan,29914.53,11.74,240,2025-09-08,2045-09-08,28449.77,Current
1986,3680,5,Vehicle Loan,7315.14,13.01,24,2025-09-10,2027-09-10,6291.41,Current
1987,3681,4,Housing Loan,12181.97,11.97,144,2025-12-11,2037-12-11,12553.97,Current
1988,3685,2,Vehicle Loan,9182.17,13.51,36,2025-07-14,2028-07-14,7834.24,Defaulted
1989,3688,4,Vehicle Loan,8632.85,12.4,48,2023-07-04,2027-07-04,3150.62,Non-Performing
1990,3689,8,Vehicle Loan,6447.32,14.83,48,2025-08-22,2029-08-22,6200.24,Current
1991,3691,2,Personal Loan,4100.09,14.56,60,2025-06-03,2030-06-03,3663.18,Non-Performing
1992,3692,9,Vehicle Loan,6839.86,10.5,60,2025-07-19,2030-07-19,6170.48,Past Due
1993,3695,11,Personal Loan,2247.38,13.09,12,2023-07-03,2024-07-03,0.0,Closed
1994,3699,3,Vehicle Loan,27677.53,10.83,48,2024-01-08,2028-01-08,14023.84,Current
1995,3704,12,Personal Loan,22435.03,16.9,24,2024-04-28,2026-04-28,3552.9,Current
1996,3705,4,Personal Loan,11588.77,15.73,48,2024-04-25,2028-04-25,6679.36,Current
1997,3707,1,Vehicle Loan,2490.38,10.39,60,2025-12-11,2030-12-11,2590.42,Current
1998,3709,18,Vehicle Loan,5964.35,12.02,60,2025-02-06,2030-02-06,4837.89,Current
1999,3710,7,Vehicle Loan,4882.93,11.23,36,2025-02-12,2028-02-12,3550.59,Current
2000,3711,10,Vehicle Loan,3993.11,14.44,36,2025-03-30,2028-03-30,2882.4,Current
2001,3712,18,Housing Loan,42716.62,11.9,168,2024-11-12,2038-11-12,38367.8,Current
2002,3714,13,Personal Loan,7405.97,16.17,12,2025-12-10,2026-12-10,7499.69,Current
2003,3716,7,Vehicle Loan,26292.79,14.9,48,2025-03-31,2029-03-31,20476.25,Current
2004,3718,3,Vehicle Loan,4177.23,12.89,48,2025-06-26,2029-06-26,3826.02,Current
2005,3719,4,Agriculture Loan,3417.62,11.41,48,2025-06-13,2029-06-13,3064.81,Current
2006,3721,7,Vehicle Loan,12706.72,10.42,24,2025-01-13,2027-01-13,6707.27,Current
2007,3723,4,SME Loan,53369.0,12.64,60,2025-02-28,2030-02-28,43184.81,Current
2008,3726,16,Vehicle Loan,9974.43,14.74,48,2025-06-22,2029-06-22,8990.87,Defaulted
2009,3728,14,Vehicle Loan,6927.21,14.59,36,2025-12-17,2028-12-17,6761.4,Current
2010,3730,17,Vehicle Loan,29491.11,11.52,48,2024-08-16,2028-08-16,19643.17,Current
2011,3731,4,Personal Loan,7936.87,15.8,48,2025-08-30,2029-08-30,7566.98,Current
2012,3733,3,Housing Loan,37431.03,10.84,240,2025-12-27,2045-12-27,38912.27,Current
2013,3735,4,Vehicle Loan,4478.09,10.96,48,2025-05-23,2029-05-23,3996.48,Current
2014,3739,7,Housing Loan,36298.15,8.11,156,2025-10-09,2038-10-09,35188.7,Current
2015,3740,15,Personal Loan,6457.03,12.44,60,2025-03-28,2030-03-28,5328.38,Current
2016,3744,13,Housing Loan,30931.43,8.02,120,2024-07-20,2034-07-20,27810.11,Current
2017,3745,4,Housing Loan,35518.36,11.8,168,2025-12-11,2039-12-11,35177.62,Defaulted
2018,3747,7,Agriculture Loan,2853.66,10.54,12,2025-05-12,2026-05-12,1147.64,Past Due
2019,3751,13,Vehicle Loan,4733.05,14.63,60,2025-10-16,2030-10-16,4439.91,Defaulted
2020,3754,5,Vehicle Loan,21954.35,10.15,60,2026-01-23,2031-01-23,22597.63,Past Due
2021,3755,2,Vehicle Loan,4151.93,12.27,36,2024-09-10,2027-09-10,2349.13,Current
2022,3760,14,Agriculture Loan,3042.35,9.86,24,2025-06-14,2027-06-14,2213.15,Defaulted
2023,3763,16,Vehicle Loan,15436.15,11.0,24,2025-05-26,2027-05-26,10514.93,Current
2024,3764,17,Personal Loan,5780.02,14.73,12,2025-03-22,2026-03-22,1503.98,Defaulted
2025,3765,1,Agriculture Loan,2016.07,12.12,12,2025-11-29,2026-11-29,1769.28,Current
2026,3767,5,Vehicle Loan,5598.47,13.96,60,2026-01-11,2031-01-11,5356.62,Non-Performing
2027,3772,15,SME Loan,21585.82,15.54,84,2025-03-02,2032-03-02,18119.11,Current
2028,3773,1,Vehicle Loan,7766.05,13.99,60,2025-06-29,2030-06-29,6677.79,Defaulted
2029,3775,4,Vehicle Loan,15722.03,12.81,48,2024-05-26,2028-05-26,9258.55,Current
2030,3776,3,SME Loan,57883.28,14.37,72,2024-07-27,2030-07-27,43431.15,Current
2031,3777,15,Vehicle Loan,4602.81,12.51,48,2025-07-23,2029-07-23,4208.68,Current
2032,3779,18,Vehicle Loan,16138.78,12.86,48,2026-01-18,2030-01-18,16162.33,Past Due
2033,3780,13,Vehicle Loan,6247.78,14.92,36,2025-01-14,2028-01-14,4181.66,Past Due
2034,3781,3,Vehicle Loan,15848.15,12.13,24,2025-07-26,2027-07-26,12539.85,Current
2035,3783,18,Vehicle Loan,11447.5,14.4,48,2025-06-02,2029-06-02,9618.61,Current
2036,3784,11,Housing Loan,17290.54,11.26,132,2025-06-18,2036-06-18,15796.07,Current
2037,3785,18,Agriculture Loan,3406.13,12.1,12,2025-01-30,2026-01-30,271.92,Past Due
2038,3788,13,Personal Loan,11418.69,17.7,60,2024-04-25,2029-04-25,7854.12,Past Due
2039,3792,17,Housing Loan,68948.99,9.09,180,2025-05-14,2040-05-14,67484.64,Current
2040,3795,18,Personal Loan,13276.19,14.83,48,2025-05-06,2029-05-06,11354.13,Current
2041,3796,6,Housing Loan,15669.14,9.14,120,2024-09-24,2034-09-24,13608.77,Current
2042,3799,7,Agriculture Loan,7037.93,11.03,36,2025-06-15,2028-06-15,5814.3,Past Due
2043,3801,7,Housing Loan,55043.77,11.84,144,2024-04-03,2036-04-03,48892.95,Defaulted
2044,3802,18,Vehicle Loan,8287.81,14.99,48,2025-01-25,2029-01-25,6284.0,Past Due
2045,3804,16,Vehicle Loan,7643.78,10.71,48,2024-11-03,2028-11-03,5222.28,Current
2046,3805,18,Agriculture Loan,4563.24,12.04,24,2025-06-08,2027-06-08,3364.33,Current
2047,3809,3,Personal Loan,2095.09,15.21,12,2024-10-04,2025-10-04,0.0,Closed
2048,3810,13,Vehicle Loan,6503.08,12.16,36,2025-06-06,2028-06-06,5159.18,Current
2049,3811,2,Personal Loan,14193.33,16.27,60,2025-03-27,2030-03-27,12090.59,Non-Performing
2050,3812,4,SME Loan,27630.64,11.88,48,2025-06-25,2029-06-25,23058.15,Current
2051,3813,15,Housing Loan,63625.45,9.11,132,2024-07-15,2035-07-15,56260.94,Current
2052,3815,4,Agriculture Loan,4072.58,10.51,24,2025-04-20,2027-04-20,2668.71,Past Due
2053,3816,7,Personal Loan,3558.46,14.76,36,2025-02-10,2028-02-10,2608.88,Current
2054,3820,12,Vehicle Loan,6003.34,10.36,60,2025-04-02,2030-04-02,5126.28,Current
2055,3822,7,Personal Loan,7289.5,16.9,12,2025-05-21,2026-05-21,2977.78,Current
2056,3824,14,Personal Loan,16310.49,16.56,12,2025-05-28,2026-05-28,6900.98,Current
2057,3826,13,Housing Loan,48822.99,8.55,132,2025-07-21,2036-07-21,46886.36,Current
2058,3827,9,Housing Loan,45611.03,9.3,120,2025-09-24,2035-09-24,45608.73,Current
2059,3829,8,SME Loan,32964.67,14.25,24,2025-04-18,2027-04-18,21710.25,Current
2060,3831,9,Agriculture Loan,4120.56,9.97,48,2024-07-10,2028-07-10,2561.65,Current
2061,3834,1,Vehicle Loan,13334.31,12.38,60,2025-01-29,2030-01-29,11318.21,Past Due
2062,3835,8,Personal Loan,2816.21,17.38,24,2025-11-03,2027-11-03,2648.73,Current
2063,3838,4,Vehicle Loan,10920.6,11.89,36,2025-06-06,2028-06-06,9111.92,Current
2064,3840,13,Vehicle Loan,14632.13,13.71,36,2024-08-17,2027-08-17,8182.78,Current
2065,3846,5,Housing Loan,37319.44,9.84,132,2025-03-22,2036-03-22,33417.04,Current
2066,3850,10,Personal Loan,11349.14,17.05,48,2023-07-25,2027-07-25,4468.05,Current
2067,3851,2,Vehicle Loan,6919.0,12.74,24,2025-06-04,2027-06-04,4812.76,Current
2068,3852,5,Personal Loan,2769.94,15.67,12,2025-07-23,2026-07-23,1613.25,Past Due
2069,3854,18,Agriculture Loan,3818.58,9.31,48,2025-04-12,2029-04-12,3051.58,Current
2070,3855,11,Agriculture Loan,7033.4,11.87,36,2025-05-30,2028-05-30,5548.18,Current
2071,3856,13,Vehicle Loan,4479.4,12.0,60,2024-05-24,2029-05-24,3012.67,Past Due
2072,3858,5,Agriculture Loan,5656.11,10.53,48,2024-07-12,2028-07-12,3554.07,Current
2073,3862,6,Vehicle Loan,16307.8,12.66,24,2025-03-16,2027-03-16,10047.41,Current
2074,3863,7,SME Loan,35515.84,15.86,60,2024-12-10,2029-12-10,29554.07,Current
2075,3869,1,Personal Loan,6908.12,13.93,60,2025-01-03,2030-01-03,5272.27,Current
2076,3871,14,Agriculture Loan,5244.05,13.05,24,2025-06-21,2027-06-21,4129.33,Past Due
2077,3872,4,Vehicle Loan,3672.19,13.54,60,2025-11-04,2030-11-04,3615.52,Current
2078,3874,2,Vehicle Loan,3868.79,14.23,24,2024-07-29,2026-07-29,1086.44,Current
2079,3876,1,Vehicle Loan,13874.25,14.8,48,2025-05-27,2029-05-27,11694.0,Current
2080,3877,12,Housing Loan,46283.92,9.44,180,2025-02-08,2040-02-08,44248.34,Current
2081,3880,12,Vehicle Loan,7828.92,13.44,36,2025-04-28,2028-04-28,5944.34,Current
2082,3881,7,Agriculture Loan,1158.23,9.12,36,2024-12-25,2027-12-25,743.77,Current
2083,3882,12,Agriculture Loan,2203.69,13.9,36,2025-04-25,2028-04-25,1702.15,Current
2084,3883,12,Personal Loan,8281.64,15.85,48,2025-04-29,2029-04-29,7132.89,Non-Performing
2085,3884,5,Housing Loan,11689.35,11.14,108,2025-04-30,2034-04-30,11133.22,Current
2086,3885,6,Vehicle Loan,5655.16,12.18,48,2023-06-26,2027-06-26,2123.01,Past Due
2087,3887,2,Personal Loan,11637.32,16.44,36,2025-04-15,2028-04-15,9462.9,Non-Performing
2088,3888,17,Agriculture Loan,2940.93,11.58,24,2024-06-15,2026-06-15,763.63,Current
2089,3889,1,Vehicle Loan,9597.47,13.05,48,2025-07-04,2029-07-04,8646.17,Non-Performing
2090,3890,6,Housing Loan,93030.51,10.04,204,2025-12-07,2042-12-07,93802.4,Current
2091,3892,3,Vehicle Loan,28681.94,10.88,48,2025-12-17,2029-12-17,28332.74,Current
2092,3893,6,SME Loan,26093.98,13.93,84,2025-04-01,2032-04-01,23217.91,Current
2093,3894,2,Personal Loan,9614.76,14.95,12,2025-06-20,2026-06-20,4640.82,Current
2094,3895,18,Housing Loan,56015.3,10.52,84,2024-08-18,2031-08-18,44864.64,Current
2095,3897,1,Housing Loan,28433.32,8.77,228,2025-06-13,2044-06-13,27772.78,Current
2096,3898,8,Vehicle Loan,21708.27,11.95,48,2025-06-20,2029-06-20,19652.39,Current
2097,3903,2,Vehicle Loan,13315.66,10.51,48,2025-01-01,2029-01-01,9684.97,Current
2098,3904,11,Vehicle Loan,12696.24,13.38,36,2025-11-23,2028-11-23,12375.34,Current
2099,3911,1,Housing Loan,11652.05,8.15,204,2025-06-15,2042-06-15,11519.26,Current
2100,3912,5,Vehicle Loan,6431.03,14.67,60,2025-11-30,2030-11-30,6318.74,Past Due
2101,3915,2,Housing Loan,27911.7,8.15,156,2025-08-06,2038-08-06,25843.81,Current
2102,3916,13,Personal Loan,5428.02,14.06,36,2026-01-02,2029-01-02,5288.48,Current
2103,3917,1,Personal Loan,9082.51,15.54,36,2025-12-29,2028-12-29,9134.76,Current
2104,3918,1,SME Loan,50693.49,12.95,84,2024-12-15,2031-12-15,44428.52,Current
2105,3921,3,Vehicle Loan,6720.21,11.81,48,2024-08-04,2028-08-04,4369.58,Non-Performing
2106,3925,7,Vehicle Loan,7050.99,14.52,36,2025-02-10,2028-02-10,5187.55,Non-Performing
2107,3926,8,Personal Loan,12614.78,16.28,36,2025-11-02,2028-11-02,12450.11,Current
2108,3928,1,Housing Loan,36574.7,11.46,216,2024-12-20,2042-12-20,34008.51,Current
2109,3929,3,Agriculture Loan,3969.71,11.01,48,2025-10-02,2029-10-02,3596.68,Current
2110,3931,6,SME Loan,43022.49,10.96,48,2024-07-03,2028-07-03,25687.86,Current
2111,3933,11,Personal Loan,22609.29,16.58,24,2025-02-24,2027-02-24,13700.46,Current
2112,3934,9,Personal Loan,7514.69,17.24,60,2025-01-20,2030-01-20,5866.1,Current
2113,3937,18,SME Loan,36230.54,14.13,84,2025-07-20,2032-07-20,32573.67,Current
2114,3940,6,Vehicle Loan,5078.79,13.09,24,2024-08-07,2026-08-07,1508.93,Past Due
2115,3941,2,Agriculture Loan,3233.71,12.93,48,2025-11-13,2029-11-13,3073.35,Current
2116,3946,5,SME Loan,58195.89,10.8,60,2024-12-24,2029-12-24,45476.15,Current
2117,3948,18,Vehicle Loan,3575.03,12.26,60,2025-02-21,2030-02-21,2961.59,Past Due
2118,3950,10,Vehicle Loan,2853.55,11.34,60,2024-01-28,2029-01-28,1700.68,Past Due
2119,3956,8,Vehicle Loan,5740.25,10.77,24,2025-02-26,2027-02-26,3358.64,Current
2120,3957,11,Vehicle Loan,3016.69,13.93,36,2026-01-25,2029-01-25,3124.98,Current
2121,3958,12,Housing Loan,31255.0,11.91,168,2025-09-05,2039-09-05,30335.09,Current
2122,3959,3,Vehicle Loan,8358.24,14.37,36,2025-05-31,2028-05-31,6822.15,Current
2123,3960,15,Vehicle Loan,5521.28,13.84,36,2023-04-17,2026-04-17,601.96,Past Due
2124,3961,1,Agriculture Loan,1370.19,12.67,24,2024-10-25,2026-10-25,573.08,Past Due
2125,3964,4,Personal Loan,24224.21,12.9,60,2025-06-29,2030-06-29,22782.4,Past Due
2126,3965,12,SME Loan,43038.18,10.92,60,2023-12-20,2028-12-20,24813.96,Current
2127,3966,16,Housing Loan,59212.13,9.66,192,2025-03-28,2041-03-28,55140.94,Current
2128,3969,4,SME Loan,34535.66,13.39,24,2024-08-29,2026-08-29,12037.64,Current
2129,3969,4,Housing Loan,66367.76,11.19,204,2024-05-28,2041-05-28,57525.63,Current
2130,3974,16,Agriculture Loan,2310.77,12.83,48,2025-10-29,2029-10-29,2241.25,Current
2131,3975,5,Housing Loan,106017.85,11.2,192,2025-08-20,2041-08-20,101375.15,Current
2132,3978,9,Personal Loan,2227.48,15.37,12,2025-08-07,2026-08-07,1522.64,Defaulted
2133,3979,18,Vehicle Loan,5155.34,13.67,24,2025-04-11,2027-04-11,3278.75,Current
2134,3981,6,Agriculture Loan,2857.89,13.32,24,2025-05-29,2027-05-29,1979.57,Current
2135,3982,3,Agriculture Loan,10254.23,11.41,12,2024-01-04,2025-01-04,0.0,Closed
2136,3983,1,Vehicle Loan,4879.67,10.71,60,2025-07-23,2030-07-23,4643.33,Current
2137,3984,14,Personal Loan,8888.07,12.1,24,2024-03-08,2026-03-08,705.11,Current
2138,3986,12,SME Loan,46927.52,13.29,84,2024-11-16,2031-11-16,38527.18,Past Due
2139,3987,12,Housing Loan,30736.16,11.75,132,2024-12-15,2035-12-15,27345.47,Current
2140,3990,1,Housing Loan,129149.87,11.68,84,2025-02-09,2032-02-09,116547.38,Current
2141,3994,16,Agriculture Loan,2380.59,13.3,36,2026-01-27,2029-01-27,2381.45,Past Due
2142,3995,4,Vehicle Loan,5877.64,12.92,36,2025-06-27,2028-06-27,5037.83,Current
2143,3997,17,Housing Loan,68280.05,8.17,192,2025-07-23,2041-07-23,64972.56,Current
2144,3998,4,Vehicle Loan,19655.33,14.74,60,2024-12-19,2029-12-19,15071.79,Non-Performing
2145,3999,9,Vehicle Loan,7118.35,10.52,60,2025-06-25,2030-06-25,6207.58,Current
2146,4000,5,Personal Loan,8743.59,17.25,60,2024-07-30,2029-07-30,6388.45,Non-Performing
2147,4002,10,Personal Loan,6387.59,12.73,24,2025-06-29,2027-06-29,4727.1,Defaulted
2148,4003,1,Personal Loan,3764.29,15.29,60,2024-05-18,2029-05-18,2648.45,Current
2149,4004,1,Vehicle Loan,12403.68,10.29,60,2024-11-13,2029-11-13,9453.95,Current
2150,4005,6,Housing Loan,23731.66,10.87,192,2025-05-20,2041-05-20,22544.48,Current
2151,4009,5,Housing Loan,12401.17,10.91,132,2024-12-06,2035-12-06,11237.05,Current
2152,4010,8,Vehicle Loan,12607.9,10.53,60,2024-03-09,2029-03-09,7796.93,Current
2153,4011,4,Agriculture Loan,4991.58,13.34,36,2025-01-05,2028-01-05,3463.05,Non-Performing
2154,4012,15,Personal Loan,8578.41,12.92,48,2024-07-10,2028-07-10,5309.03,Current
2155,4016,15,Agriculture Loan,3008.01,13.73,36,2024-12-27,2027-12-27,2070.0,Current
2156,4017,1,Vehicle Loan,4609.11,11.56,60,2025-09-28,2030-09-28,4472.18,Current
2157,4018,5,Agriculture Loan,1272.41,11.73,24,2025-06-01,2027-06-01,935.82,Non-Performing
2158,4020,3,Housing Loan,13172.45,10.85,72,2025-10-02,2031-10-02,12004.96,Current
2159,4022,9,SME Loan,69838.26,14.92,60,2025-12-28,2030-12-28,67321.98,Current
2160,4026,11,SME Loan,30646.48,12.8,72,2023-12-05,2029-12-05,20358.0,Current
2161,4028,18,Housing Loan,32740.63,8.47,84,2024-10-27,2031-10-27,25929.63,Current
2162,4031,9,SME Loan,53794.29,12.62,48,2025-06-16,2029-06-16,49173.65,Current
2163,4032,10,Housing Loan,53443.27,8.11,84,2025-06-03,2032-06-03,46567.82,Past Due
2164,4033,10,Vehicle Loan,5023.97,13.39,48,2025-07-09,2029-07-09,4558.04,Current
2165,4035,8,Vehicle Loan,3829.49,14.72,24,2023-07-14,2025-07-14,0.0,Closed
2166,4036,6,Personal Loan,5675.45,14.36,12,2025-10-25,2026-10-25,4924.08,Current
2167,4042,14,Housing Loan,68072.27,8.78,228,2025-05-22,2044-05-22,67437.56,Current
2168,4043,10,Vehicle Loan,3404.98,10.1,60,2023-11-20,2028-11-20,1940.95,Current
2169,4045,8,Vehicle Loan,12539.19,10.3,36,2025-11-27,2028-11-27,11849.14,Current
2170,4046,6,SME Loan,17458.24,14.98,36,2025-10-11,2028-10-11,15909.63,Current
2171,4048,9,Vehicle Loan,4129.52,11.15,24,2025-03-15,2027-03-15,2621.22,Current
2172,4049,10,Vehicle Loan,4449.5,11.35,24,2024-11-22,2026-11-22,2062.54,Defaulted
2173,4050,4,Housing Loan,65112.77,10.11,96,2024-12-10,2032-12-10,54358.77,Current
2174,4051,1,Vehicle Loan,5369.63,10.23,60,2025-11-22,2030-11-22,5334.28,Current
2175,4052,16,Personal Loan,16221.2,16.49,36,2025-05-06,2028-05-06,13623.48,Current
2176,4055,2,Housing Loan,21304.86,11.6,96,2024-07-16,2032-07-16,16918.96,Current
2177,4060,2,SME Loan,59929.47,12.09,60,2025-08-04,2030-08-04,58185.13,Current
2178,4063,1,Agriculture Loan,2619.26,13.23,36,2025-11-23,2028-11-23,2481.62,Current
2179,4065,11,Vehicle Loan,6773.43,14.65,36,2025-05-29,2028-05-29,5186.72,Current
2180,4067,10,Vehicle Loan,13755.36,10.56,24,2025-05-01,2027-05-01,9227.52,Current
2181,4068,14,Vehicle Loan,7183.92,14.44,24,2026-01-08,2028-01-08,6839.55,Current
2182,4069,8,Agriculture Loan,2016.61,9.91,36,2024-07-17,2027-07-17,1040.97,Past Due
2183,4070,6,Housing Loan,26631.47,8.58,132,2025-08-24,2036-08-24,25151.81,Current
2184,4073,4,Housing Loan,24785.93,9.15,120,2025-07-05,2035-07-05,23344.85,Current
2185,4075,9,Vehicle Loan,6002.19,14.61,36,2025-02-03,2028-02-03,4000.23,Past Due
2186,4077,2,Vehicle Loan,11845.96,14.78,36,2025-02-20,2028-02-20,8250.08,Current
2187,4080,16,Vehicle Loan,14612.99,11.48,60,2025-04-23,2030-04-23,12861.35,Current
2188,4082,3,Housing Loan,26394.27,10.43,156,2025-05-16,2038-05-16,25478.91,Non-Performing
2189,4083,1,Personal Loan,9024.99,13.51,36,2025-04-21,2028-04-21,7177.29,Current
2190,4085,6,Vehicle Loan,5627.09,12.55,36,2024-01-22,2027-01-22,1952.26,Current
2191,4086,6,Vehicle Loan,24360.34,10.55,60,2025-06-24,2030-06-24,22250.34,Current
2192,4088,17,Housing Loan,38468.2,11.27,132,2025-11-28,2036-11-28,38595.88,Current
2193,4089,14,Agriculture Loan,4694.3,9.04,24,2025-03-11,2027-03-11,2933.72,Current
2194,4090,12,Vehicle Loan,17703.96,12.02,60,2025-09-30,2030-09-30,16686.04,Current
2195,4094,6,Vehicle Loan,19201.95,10.73,24,2025-06-30,2027-06-30,13953.65,Current
2196,4097,2,Housing Loan,67221.57,9.39,108,2024-02-12,2033-02-12,55029.42,Current
2197,4097,2,SME Loan,52359.62,12.33,60,2024-07-12,2029-07-12,36068.86,Current
2198,4102,8,Personal Loan,20909.64,15.85,48,2024-10-10,2028-10-10,14983.71,Current
2199,4103,10,Vehicle Loan,7272.57,12.5,24,2025-02-16,2027-02-16,4105.56,Current
2200,4105,1,Personal Loan,6774.33,15.18,60,2025-11-08,2030-11-08,6601.27,Current
2201,4109,4,Vehicle Loan,17753.26,11.68,36,2024-03-21,2027-03-21,7079.09,Current
2202,4110,10,Housing Loan,63422.33,9.94,192,2025-11-30,2041-11-30,65683.04,Current
2203,4111,12,Vehicle Loan,8371.83,10.71,60,2025-01-15,2030-01-15,6616.45,Current
2204,4112,18,Housing Loan,28310.12,10.03,60,2025-06-02,2030-06-02,24788.76,Current
2205,4113,3,Housing Loan,73563.02,10.42,108,2024-07-09,2033-07-09,59736.51,Non-Performing
2206,4114,12,Housing Loan,29647.57,8.28,192,2025-01-22,2041-01-22,29264.95,Current
2207,4115,7,Vehicle Loan,12918.9,14.79,60,2025-01-05,2030-01-05,10003.41,Non-Performing
2208,4118,5,Vehicle Loan,10560.03,10.72,36,2025-06-10,2028-06-10,9195.25,Current
2209,4120,4,Housing Loan,25026.64,10.05,84,2025-06-21,2032-06-21,22201.19,Current
2210,4121,15,Agriculture Loan,7242.91,13.24,12,2025-02-07,2026-02-07,1193.34,Current
2211,4122,3,Vehicle Loan,12119.58,11.0,36,2025-01-15,2028-01-15,8183.37,Current
2212,4123,5,Personal Loan,10969.49,15.08,24,2025-06-28,2027-06-28,8139.86,Current
2213,4126,16,Personal Loan,2911.49,17.1,12,2024-11-22,2025-11-22,0.0,Closed
2214,4127,4,Vehicle Loan,7230.73,14.47,36,2024-12-27,2027-12-27,4697.59,Current
2215,4128,3,Housing Loan,37420.76,8.02,120,2026-01-07,2036-01-07,37379.69,Non-Performing
2216,4129,18,SME Loan,49041.92,14.77,72,2025-03-22,2031-03-22,44910.41,Current
2217,4130,16,Personal Loan,11100.99,14.42,60,2024-10-25,2029-10-25,8699.02,Non-Performing
2218,4131,6,Housing Loan,73865.77,11.91,204,2025-03-19,2042-03-19,70534.77,Current
2219,4132,10,Vehicle Loan,9046.82,13.51,36,2023-10-10,2026-10-10,2210.1,Current
2220,4133,1,Personal Loan,9588.53,17.77,48,2025-08-25,2029-08-25,8419.48,Current
2221,4134,17,Vehicle Loan,8968.12,14.67,36,2025-06-29,2028-06-29,7448.02,Current
2222,4135,18,SME Loan,38777.92,11.0,72,2025-10-21,2031-10-21,38209.22,Past Due
2223,4137,3,Personal Loan,18420.45,14.77,36,2025-07-29,2028-07-29,15470.04,Current
2224,4139,1,Agriculture Loan,4673.02,10.22,48,2024-01-04,2028-01-04,2437.69,Current
2225,4140,1,SME Loan,21369.34,11.98,36,2024-09-03,2027-09-03,11931.59,Past Due
2226,4142,14,Vehicle Loan,4066.46,11.14,48,2025-08-30,2029-08-30,3757.34,Current
2227,4143,18,Agriculture Loan,1750.58,10.6,36,2024-12-10,2027-12-10,1222.42,Current
2228,4144,3,Agriculture Loan,1522.75,10.96,36,2024-04-07,2027-04-07,658.18,Current
2229,4145,11,Vehicle Loan,7517.97,13.43,24,2025-03-06,2027-03-06,4184.08,Current
2230,4146,14,Housing Loan,21539.87,11.31,168,2025-11-14,2039-11-14,22481.23,Current
2231,4148,4,Agriculture Loan,3086.84,12.91,36,2025-05-21,2028-05-21,2468.92,Current
2232,4149,4,Personal Loan,18711.94,13.42,48,2025-06-15,2029-06-15,15876.0,Current
2233,4151,10,Agriculture Loan,7603.66,13.48,12,2023-09-14,2024-09-14,0.0,Closed
2234,4154,2,SME Loan,12748.12,10.83,60,2024-12-12,2029-12-12,10154.58,Current
2235,4157,4,Housing Loan,33069.43,9.62,156,2025-10-22,2038-10-22,32201.52,Past Due
2236,4158,5,Vehicle Loan,19695.58,10.46,60,2025-11-28,2030-11-28,18842.57,Current
2237,4160,9,Vehicle Loan,9878.09,13.64,24,2025-05-24,2027-05-24,7262.53,Past Due
2238,4161,5,Personal Loan,4553.23,17.48,36,2025-08-31,2028-08-31,3923.69,Current
2239,4165,11,Housing Loan,24484.66,8.41,168,2024-12-25,2038-12-25,21945.53,Current
2240,4166,17,Personal Loan,8877.5,13.95,60,2025-10-05,2030-10-05,8563.86,Past Due
2241,4169,4,Housing Loan,42103.04,8.56,144,2024-08-20,2036-08-20,36207.7,Non-Performing
2242,4171,18,Personal Loan,14162.44,14.58,48,2025-04-21,2029-04-21,11429.87,Current
2243,4172,17,Housing Loan,29166.63,10.51,192,2025-08-25,2041-08-25,29283.92,Past Due
2244,4173,10,Housing Loan,42759.73,11.97,72,2025-04-29,2031-04-29,37605.97,Current
2245,4174,1,Personal Loan,5959.42,17.57,24,2025-06-11,2027-06-11,4431.89,Current
2246,4178,2,Vehicle Loan,10445.69,12.04,24,2024-10-05,2026-10-05,3914.89,Current
2247,4180,9,Vehicle Loan,8382.79,12.64,60,2024-04-04,2029-04-04,5571.06,Current
2248,4181,1,Personal Loan,9050.23,15.22,12,2024-09-17,2025-09-17,0.0,Closed
2249,4182,4,Personal Loan,3643.87,14.62,48,2025-06-22,2029-06-22,3328.22,Current
2250,4184,9,Personal Loan,10166.4,14.37,60,2024-05-15,2029-05-15,7235.84,Current
2251,4185,9,Vehicle Loan,5356.24,10.25,24,2025-08-21,2027-08-21,4631.99,Non-Performing
2252,4190,3,Vehicle Loan,12660.52,14.91,36,2025-10-08,2028-10-08,12133.61,Current
2253,4191,17,Agriculture Loan,907.98,10.38,36,2025-05-18,2028-05-18,710.07,Current
2254,4192,18,Vehicle Loan,21492.06,10.71,24,2025-01-22,2027-01-22,12059.01,Current
2255,4193,8,Housing Loan,40135.31,11.95,204,2025-06-12,2042-06-12,40558.18,Current
2256,4194,2,Housing Loan,16413.22,8.47,96,2025-06-12,2033-06-12,14709.69,Current
2257,4195,13,Agriculture Loan,8434.54,11.0,48,2025-02-21,2029-02-21,6899.29,Current
2258,4199,4,Vehicle Loan,3323.31,10.88,48,2025-06-08,2029-06-08,3045.44,Current
2259,4201,14,Vehicle Loan,6908.77,12.72,24,2025-05-19,2027-05-19,4695.09,Non-Performing
2260,4202,18,Housing Loan,14269.8,9.09,156,2025-06-04,2038-06-04,13677.2,Current
2261,4203,4,Housing Loan,13705.42,9.05,228,2025-12-03,2044-12-03,13182.6,Current
2262,4204,1,Personal Loan,4340.27,14.63,36,2025-05-19,2028-05-19,3324.1,Past Due
2263,4205,7,SME Loan,105046.78,14.36,72,2024-09-19,2030-09-19,81191.5,Current
2264,4206,8,Personal Loan,14207.06,14.33,36,2026-01-25,2029-01-25,14187.52,Current
2265,4214,11,SME Loan,12738.9,11.35,36,2026-01-11,2029-01-11,13062.9,Current
2266,4215,18,Vehicle Loan,3833.29,11.99,24,2025-02-18,2027-02-18,2244.48,Current
2267,4216,4,Personal Loan,11619.24,15.9,24,2025-01-15,2027-01-15,6389.2,Current
2268,4217,15,Personal Loan,10132.88,15.58,48,2025-05-23,2029-05-23,8810.86,Current
2269,4218,6,Agriculture Loan,7546.14,10.39,12,2024-06-14,2025-06-14,0.0,Closed
2270,4219,4,SME Loan,38171.88,13.05,24,2024-08-30,2026-08-30,12471.13,Current
2271,4222,18,SME Loan,115753.49,10.05,60,2025-06-04,2030-06-04,98928.3,Current
2272,4224,7,Personal Loan,10860.04,13.91,36,2025-01-15,2028-01-15,7227.35,Past Due
2273,4225,9,Personal Loan,15229.42,17.09,60,2024-01-20,2029-01-20,9055.64,Current
2274,4226,7,Vehicle Loan,7918.04,12.48,60,2025-01-21,2030-01-21,6771.56,Current
2275,4231,2,Vehicle Loan,7791.35,14.84,24,2025-06-29,2027-06-29,5981.28,Current
2276,4237,5,Vehicle Loan,11291.17,10.15,24,2025-04-07,2027-04-07,7789.11,Current
2277,4238,2,Vehicle Loan,4483.85,14.16,48,2025-07-21,2029-07-21,3961.44,Current
2278,4239,3,Personal Loan,12939.77,17.59,60,2025-06-23,2030-06-23,11408.68,Current
2279,4240,14,Personal Loan,16278.5,12.4,60,2025-06-15,2030-06-15,14367.18,Current
2280,4241,16,Vehicle Loan,33911.14,11.78,24,2025-11-05,2027-11-05,31073.41,Current
2281,4242,16,Housing Loan,28135.86,8.82,204,2025-06-05,2042-06-05,27773.37,Current
2282,4243,3,Agriculture Loan,2629.8,10.18,48,2025-12-19,2029-12-19,2734.45,Current
2283,4245,8,Vehicle Loan,5226.13,11.8,60,2025-06-08,2030-06-08,4627.45,Current
2284,4252,6,Vehicle Loan,6161.57,12.21,24,2025-06-22,2027-06-22,4472.71,Past Due
2285,4255,4,Agriculture Loan,2134.87,13.63,12,2024-08-26,2025-08-26,0.0,Closed
2286,4256,18,Vehicle Loan,10687.33,11.52,60,2025-10-25,2030-10-25,10132.36,Current
2287,4260,6,Personal Loan,5837.81,16.3,36,2025-02-03,2028-02-03,4126.86,Current
2288,4262,9,Housing Loan,22189.13,9.53,228,2024-10-06,2043-10-06,21181.92,Current
2289,4263,12,Vehicle Loan,16466.75,11.66,24,2024-02-23,2026-02-23,1366.97,Current
2290,4267,17,Vehicle Loan,9398.7,14.32,36,2024-11-28,2027-11-28,5908.56,Defaulted
2291,4269,9,Vehicle Loan,10825.43,14.06,36,2025-10-30,2028-10-30,9844.86,Current
2292,4270,17,Housing Loan,21969.07,10.96,192,2023-09-26,2039-09-26,18400.53,Current
2293,4271,6,Housing Loan,154747.23,10.4,84,2024-02-27,2031-02-27,108756.35,Defaulted
2294,4272,13,Personal Loan,7119.98,15.6,60,2025-03-30,2030-03-30,6145.9,Current
2295,4273,5,Vehicle Loan,8158.94,11.39,24,2025-10-06,2027-10-06,7365.98,Defaulted
2296,4274,10,Agriculture Loan,6280.99,11.38,12,2025-05-09,2026-05-09,2613.68,Current
2297,4276,6,Vehicle Loan,13373.55,13.67,48,2025-07-25,2029-07-25,12262.28,Current
2298,4277,18,Personal Loan,11704.9,16.66,36,2025-10-23,2028-10-23,10854.29,Current
2299,4278,15,Vehicle Loan,16359.61,10.58,24,2024-10-10,2026-10-10,6506.2,Current
2300,4279,1,SME Loan,19866.28,12.26,60,2025-06-26,2030-06-26,17607.27,Current
2301,4280,8,Personal Loan,16893.52,14.55,60,2025-06-26,2030-06-26,15137.26,Non-Performing
2302,4282,3,Personal Loan,6909.12,12.48,24,2024-07-30,2026-07-30,1969.14,Non-Performing
2303,4283,6,Housing Loan,18651.62,11.33,204,2025-06-24,2042-06-24,18862.74,Current
2304,4285,8,Personal Loan,11018.13,14.74,24,2025-05-24,2027-05-24,7745.49,Current
2305,4286,6,Vehicle Loan,3413.56,13.61,24,2025-06-25,2027-06-25,2591.67,Past Due
2306,4289,2,Housing Loan,40759.48,8.06,96,2024-10-28,2032-10-28,35836.21,Current
2307,4291,8,Personal Loan,5709.05,14.31,48,2025-08-08,2029-08-08,5462.03,Non-Performing
2308,4293,7,Personal Loan,11003.23,15.81,36,2023-12-31,2026-12-31,3799.28,Current
2309,4294,15,Housing Loan,78683.56,11.66,60,2025-02-28,2030-02-28,63690.52,Current
2310,4295,9,Housing Loan,21403.73,8.24,216,2024-07-12,2042-07-12,19411.48,Current
2311,4303,18,Personal Loan,14680.85,16.97,48,2025-05-22,2029-05-22,12290.63,Current
2312,4305,5,Vehicle Loan,12711.2,10.44,36,2025-06-01,2028-06-01,10509.62,Past Due
2313,4306,3,Vehicle Loan,13623.89,13.16,36,2024-10-05,2027-10-05,8121.8,Current
2314,4308,14,Housing Loan,47571.12,10.73,144,2025-06-27,2037-06-27,44307.9,Current
2315,4309,7,Vehicle Loan,6833.96,11.45,48,2025-05-21,2029-05-21,5737.17,Past Due
2316,4310,13,Housing Loan,73568.35,11.64,180,2024-09-24,2039-09-24,68872.22,Current
2317,4315,18,Vehicle Loan,5093.74,12.01,48,2025-05-30,2029-05-30,4562.73,Current
2318,4316,9,Vehicle Loan,5819.44,13.57,60,2024-04-20,2029-04-20,3839.92,Current
2319,4318,15,Vehicle Loan,5821.52,12.73,24,2025-04-26,2027-04-26,3932.85,Current
2320,4321,18,Housing Loan,18992.66,9.31,216,2025-10-14,2043-10-14,19398.03,Current
2321,4322,7,Agriculture Loan,2073.7,12.6,12,2025-05-14,2026-05-14,891.6,Current
2322,4323,3,Vehicle Loan,4434.48,11.62,60,2024-06-03,2029-06-03,2927.71,Current
2323,4327,11,Vehicle Loan,10605.06,11.58,36,2025-06-28,2028-06-28,8669.15,Current
2324,4332,10,Personal Loan,7568.47,14.92,60,2025-06-11,2030-06-11,6933.98,Current
2325,4333,11,Vehicle Loan,5956.25,13.24,60,2024-03-19,2029-03-19,3764.98,Current
2326,4334,5,Vehicle Loan,6431.56,12.1,60,2024-08-31,2029-08-31,4525.53,Current
2327,4335,1,Personal Loan,6805.09,13.86,60,2025-11-26,2030-11-26,6404.71,Current
2328,4336,8,Housing Loan,50714.54,8.59,168,2025-01-20,2039-01-20,45822.36,Current
2329,4338,15,Housing Loan,122510.36,11.15,60,2025-06-21,2030-06-21,111188.24,Current
2330,4340,3,Vehicle Loan,16027.29,11.63,36,2025-06-11,2028-06-11,13772.62,Current
2331,4342,11,Personal Loan,3222.0,15.52,48,2024-02-26,2028-02-26,1697.01,Current
2332,4344,3,Personal Loan,3964.23,16.42,12,2025-03-11,2026-03-11,1019.73,Past Due
2333,4347,2,Housing Loan,138943.15,8.72,240,2025-04-27,2045-04-27,135765.41,Current
2334,4349,4,Personal Loan,15906.16,13.13,12,2025-05-24,2026-05-24,6449.38,Past Due
2335,4353,10,Agriculture Loan,3786.38,11.62,24,2023-10-04,2025-10-04,0.0,Closed
2336,4354,11,Housing Loan,21113.56,10.0,216,2025-04-04,2043-04-04,20337.58,Defaulted
2337,4356,4,Vehicle Loan,8041.04,14.81,48,2025-02-02,2029-02-02,6394.45,Current
2338,4360,8,Personal Loan,2902.4,15.06,48,2025-04-12,2029-04-12,2471.85,Current
2339,4361,5,Agriculture Loan,1795.53,10.4,36,2025-11-05,2028-11-05,1743.42,Past Due
2340,4362,10,SME Loan,47539.94,14.04,60,2024-09-24,2029-09-24,36352.53,Non-Performing
2341,4363,10,Agriculture Loan,4948.43,11.14,12,2024-02-03,2025-02-03,0.0,Closed
2342,4364,1,Vehicle Loan,19879.89,12.25,24,2023-12-02,2025-12-02,0.0,Closed
2343,4365,15,Housing Loan,39705.29,8.72,84,2025-07-18,2032-07-18,38437.45,Past Due
2344,4368,18,Agriculture Loan,4880.78,12.52,36,2025-10-24,2028-10-24,4684.5,Past Due
2345,4369,4,Agriculture Loan,3735.76,13.61,48,2025-04-24,2029-04-24,3172.67,Current
2346,4371,17,Personal Loan,3685.93,16.58,60,2025-05-14,2030-05-14,3236.45,Non-Performing
2347,4372,1,SME Loan,37761.62,12.08,36,2025-07-02,2028-07-02,32558.54,Past Due
2348,4373,4,Agriculture Loan,3024.62,9.49,12,2025-03-17,2026-03-17,738.0,Current
2349,4374,18,Housing Loan,36464.46,10.96,60,2025-06-12,2030-06-12,31870.75,Past Due
2350,4381,5,SME Loan,67476.18,12.59,36,2025-11-19,2028-11-19,65076.52,Current
2351,4382,7,Agriculture Loan,3503.05,10.6,24,2025-06-29,2027-06-29,2510.5,Current
2352,4383,13,Housing Loan,35245.68,8.02,192,2025-03-18,2041-03-18,35007.63,Current
2353,4385,12,Vehicle Loan,11099.46,14.98,60,2023-12-17,2028-12-17,6573.46,Current
2354,4386,3,Personal Loan,10039.02,14.13,12,2024-03-29,2025-03-29,0.0,Closed
2355,4388,1,Housing Loan,11904.39,11.03,192,2024-12-19,2040-12-19,11240.18,Non-Performing
2356,4391,7,SME Loan,52483.57,14.8,60,2023-10-12,2028-10-12,28934.86,Current
2357,4392,5,Personal Loan,15549.96,15.53,60,2024-02-17,2029-02-17,10219.99,Past Due
2358,4394,7,Agriculture Loan,3877.33,12.62,12,2025-12-23,2026-12-23,3704.01,Current
2359,4396,18,Vehicle Loan,10947.26,10.61,36,2025-10-22,2028-10-22,10714.97,Past Due
2360,4398,16,Personal Loan,13874.57,14.78,24,2025-12-12,2027-12-12,14271.41,Current
2361,4399,10,Vehicle Loan,11593.15,11.2,60,2026-01-10,2031-01-10,11175.9,Non-Performing
2362,4402,3,SME Loan,29979.52,14.1,24,2025-03-07,2027-03-07,17810.42,Current
2363,4403,11,SME Loan,11177.88,10.47,36,2025-01-14,2028-01-14,7751.13,Current
2364,4405,15,Personal Loan,10788.18,14.32,48,2025-06-10,2029-06-10,9514.5,Current
2365,4408,12,Housing Loan,55361.35,10.44,120,2025-05-18,2035-05-18,51687.77,Current
2366,4412,15,Housing Loan,28194.08,9.01,192,2025-06-20,2041-06-20,28193.68,Current
2367,4413,12,SME Loan,24004.54,11.02,24,2025-01-24,2027-01-24,13634.7,Current
2368,4415,11,Personal Loan,10369.38,16.08,24,2025-11-06,2027-11-06,10363.23,Current
2369,4417,13,Vehicle Loan,5265.31,10.98,24,2025-11-22,2027-11-22,5172.47,Current
2370,4419,11,SME Loan,30819.34,14.51,60,2025-05-23,2030-05-23,28222.12,Current
2371,4420,17,Agriculture Loan,2434.46,9.6,48,2025-04-14,2029-04-14,2095.4,Current
2372,4421,18,Personal Loan,12050.82,15.23,36,2025-10-29,2028-10-29,11864.43,Current
2373,4425,15,Vehicle Loan,5232.83,10.05,48,2024-12-31,2028-12-31,3790.05,Current
2374,4426,6,Housing Loan,36964.85,11.88,144,2025-05-25,2037-05-25,33998.01,Current
2375,4427,2,Vehicle Loan,13932.71,10.42,24,2024-11-04,2026-11-04,5601.73,Past Due
2376,4428,17,SME Loan,12039.58,12.5,72,2025-05-22,2031-05-22,11213.88,Current
2377,4429,15,Housing Loan,36245.98,9.37,228,2024-11-30,2043-11-30,34277.59,Current
2378,4431,1,Vehicle Loan,14359.27,12.37,60,2024-11-27,2029-11-27,10698.55,Defaulted
2379,4434,2,Housing Loan,36886.08,10.23,168,2025-04-10,2039-04-10,33439.66,Current
2380,4435,6,Personal Loan,17884.98,15.52,48,2024-05-26,2028-05-26,10932.97,Current
2381,4438,5,Housing Loan,37154.35,8.89,96,2025-05-08,2033-05-08,34496.46,Past Due
2382,4439,9,Vehicle Loan,15706.64,10.99,24,2025-02-21,2027-02-21,9399.69,Current
2383,4446,7,SME Loan,26579.63,10.61,48,2025-04-28,2029-04-28,21714.57,Current
2384,4447,1,Housing Loan,16049.73,11.36,108,2024-08-17,2033-08-17,13769.97,Current
2385,4448,17,Housing Loan,84005.91,10.44,60,2026-01-01,2031-01-01,84654.11,Current
2386,4449,1,Personal Loan,4566.62,14.67,48,2024-05-17,2028-05-17,2724.83,Past Due
2387,4450,2,Vehicle Loan,11109.14,13.81,60,2025-04-17,2030-04-17,10054.17,Non-Performing
2388,4452,9,Agriculture Loan,2227.81,11.19,12,2025-07-13,2026-07-13,1283.13,Current
2389,4453,15,Personal Loan,11045.13,13.38,48,2026-01-27,2030-01-27,11154.09,Current
2390,4454,5,Vehicle Loan,3439.67,14.23,36,2025-09-16,2028-09-16,3220.2,Current
2391,4455,14,Vehicle Loan,2468.65,12.43,36,2025-06-03,2028-06-03,1971.72,Current
2392,4457,13,Personal Loan,12620.9,12.71,36,2024-11-27,2027-11-27,7825.6,Current
2393,4458,7,Personal Loan,7898.78,14.92,48,2025-10-26,2029-10-26,7704.17,Current
2394,4460,8,Vehicle Loan,8643.03,11.05,36,2025-01-06,2028-01-06,6203.95,Current
2395,4461,9,Vehicle Loan,10545.8,11.31,48,2025-04-27,2029-04-27,9005.61,Current
2396,4462,5,Housing Loan,50392.43,11.46,204,2025-12-02,2042-12-02,51389.99,Current
2397,4464,3,Agriculture Loan,9301.11,12.45,48,2026-01-15,2030-01-15,9628.93,Current
2398,4466,3,Vehicle Loan,8701.74,14.08,36,2025-01-31,2028-01-31,6281.58,Current
2399,4469,1,Personal Loan,9778.6,14.99,24,2025-07-14,2027-07-14,7436.76,Current
2400,4470,9,Vehicle Loan,7556.69,14.21,24,2025-05-14,2027-05-14,5503.97,Current
2401,4471,3,Vehicle Loan,9142.44,14.5,36,2025-09-07,2028-09-07,8083.16,Current
2402,4472,6,Housing Loan,47713.07,10.26,168,2026-01-21,2040-01-21,49522.58,Current
2403,4477,5,Personal Loan,11396.02,15.16,60,2025-04-12,2030-04-12,9855.73,Current
2404,4480,14,Housing Loan,37059.14,10.99,84,2025-06-07,2032-06-07,34029.9,Current
2405,4481,18,Personal Loan,6248.21,13.84,60,2025-01-03,2030-01-03,5237.9,Current
2406,4482,5,Vehicle Loan,10808.65,14.55,36,2025-06-18,2028-06-18,8853.07,Current
2407,4484,12,Agriculture Loan,2977.96,10.73,12,2025-12-16,2026-12-16,2843.47,Current
2408,4486,14,Housing Loan,91552.19,10.86,60,2025-03-17,2030-03-17,81356.75,Current
2409,4488,10,Vehicle Loan,16303.47,13.12,36,2025-12-30,2028-12-30,16638.32,Current
2410,4489,17,Agriculture Loan,5881.82,9.11,12,2025-07-03,2026-07-03,2825.88,Current
2411,4492,6,Personal Loan,2018.28,14.34,36,2025-09-01,2028-09-01,1762.01,Current
2412,4494,5,Vehicle Loan,4487.17,12.83,48,2025-05-28,2029-05-28,3994.29,Non-Performing
2413,4495,15,Housing Loan,12008.98,10.32,216,2025-08-15,2043-08-15,12067.99,Current
2414,4496,13,Personal Loan,14328.65,12.05,60,2023-07-12,2028-07-12,7220.97,Current
2415,4498,10,Vehicle Loan,14143.74,11.45,60,2025-11-18,2030-11-18,14171.24,Current
2416,4499,10,Agriculture Loan,2889.71,9.19,12,2025-02-26,2026-02-26,465.18,Current
2417,4501,7,Vehicle Loan,14373.61,12.74,24,2024-11-04,2026-11-04,6234.99,Current
2418,4504,4,Personal Loan,4728.12,12.99,24,2024-08-16,2026-08-16,1626.64,Past Due
2419,4506,10,Vehicle Loan,5346.27,10.77,60,2024-11-13,2029-11-13,4108.33,Current
2420,4507,4,SME Loan,77964.16,12.2,60,2024-11-04,2029-11-04,56787.99,Current
2421,4511,17,Vehicle Loan,16466.54,13.92,48,2023-11-05,2027-11-05,7817.12,Current
2422,4513,4,SME Loan,41704.34,15.19,48,2025-01-09,2029-01-09,30713.67,Past Due
2423,4515,16,Housing Loan,28941.44,8.15,228,2025-11-22,2044-11-22,27400.24,Current
2424,4516,18,Vehicle Loan,16510.69,13.91,24,2025-05-28,2027-05-28,11823.85,Current
2425,4517,18,Vehicle Loan,20215.53,11.23,60,2024-06-13,2029-06-13,14298.03,Non-Performing
2426,4520,14,Vehicle Loan,5594.9,12.42,24,2024-10-10,2026-10-10,2396.57,Current
2427,4522,14,Vehicle Loan,17429.16,10.2,48,2025-06-29,2029-06-29,14950.93,Current
2428,4523,6,Vehicle Loan,5502.54,10.66,36,2024-04-17,2027-04-17,2495.24,Current
2429,4524,4,Agriculture Loan,5682.31,11.13,48,2025-02-11,2029-02-11,4515.95,Current
2430,4527,13,Vehicle Loan,2725.67,13.13,48,2025-06-12,2029-06-12,2369.62,Current
2431,4528,4,Housing Loan,13467.16,9.9,180,2025-10-13,2040-10-13,13792.52,Non-Performing
2432,4532,15,Personal Loan,3539.57,16.8,12,2025-07-10,2026-07-10,2162.93,Current
2433,4534,18,Agriculture Loan,3416.34,13.3,12,2024-05-14,2025-05-14,0.0,Closed
2434,4535,8,Vehicle Loan,17029.04,10.15,60,2024-09-03,2029-09-03,12026.92,Current
2435,4536,4,Personal Loan,4745.04,17.69,24,2025-02-28,2027-02-28,2831.22,Current
2436,4538,8,Vehicle Loan,15668.11,14.47,36,2025-05-11,2028-05-11,12370.38,Current
2437,4540,4,Personal Loan,6427.89,12.62,12,2025-05-06,2026-05-06,2726.81,Current
2438,4541,7,Vehicle Loan,17773.26,13.89,48,2025-04-12,2029-04-12,15344.76,Current
2439,4542,2,Agriculture Loan,7978.22,11.37,12,2025-04-01,2026-04-01,2066.31,Current
2440,4547,8,Vehicle Loan,4207.91,14.53,60,2025-01-14,2030-01-14,3370.48,Defaulted
2441,4548,14,Agriculture Loan,7052.39,13.18,12,2025-04-07,2026-04-07,2250.36,Current
2442,4552,18,Personal Loan,11059.78,16.08,24,2025-02-18,2027-02-18,6343.89,Current
2443,4553,3,Housing Loan,20964.5,8.95,216,2025-09-01,2043-09-01,19866.4,Defaulted
2444,4554,3,Housing Loan,109109.62,11.86,96,2024-05-05,2032-05-05,88735.07,Current
2445,4557,7,Personal Loan,19268.4,16.86,12,2026-01-22,2027-01-22,19953.39,Current
2446,4558,7,Housing Loan,23204.14,8.22,120,2024-10-30,2034-10-30,20982.4,Current
2447,4559,11,Vehicle Loan,7055.88,12.98,60,2025-03-11,2030-03-11,6141.7,Current
2448,4560,16,Housing Loan,10390.0,8.68,84,2024-11-08,2031-11-08,9126.14,Past Due
2449,4561,6,Personal Loan,4324.15,16.7,12,2024-08-13,2025-08-13,0.0,Closed
2450,4563,12,Personal Loan,6324.61,17.74,36,2025-06-10,2028-06-10,5458.66,Current
2451,4565,14,Personal Loan,4584.07,15.77,48,2026-01-27,2030-01-27,4453.93,Current
2452,4566,1,Vehicle Loan,8705.06,11.48,36,2025-09-24,2028-09-24,7773.05,Current
2453,4567,17,Housing Loan,60280.37,12.0,60,2025-06-10,2030-06-10,56173.04,Current
2454,4568,1,SME Loan,81123.29,13.4,36,2024-04-01,2027-04-01,35477.75,Current
2455,4569,18,Housing Loan,16843.18,10.27,180,2025-06-22,2040-06-22,15777.2,Current
2456,4571,17,Vehicle Loan,8583.71,11.62,36,2024-11-28,2027-11-28,5343.66,Current
2457,4575,5,Personal Loan,10435.27,12.01,12,2023-08-30,2024-08-30,0.0,Closed
2458,4579,11,Personal Loan,19629.82,16.59,12,2024-12-16,2025-12-16,0.0,Closed
2459,4581,11,Vehicle Loan,6959.1,12.23,24,2024-11-08,2026-11-08,3244.26,Past Due
2460,4582,14,Personal Loan,7293.13,12.02,36,2025-06-28,2028-06-28,6325.89,Current
2461,4585,9,Housing Loan,76191.39,9.39,120,2025-05-17,2035-05-17,71610.1,Current
2462,4586,2,Housing Loan,23724.99,11.75,108,2025-02-04,2034-02-04,20516.55,Current
2463,4588,11,Agriculture Loan,2474.83,12.63,24,2025-02-21,2027-02-21,1461.26,Current
2464,4589,3,Personal Loan,5911.03,17.32,36,2025-06-13,2028-06-13,4712.61,Current
2465,4590,5,Vehicle Loan,6041.23,12.22,24,2025-03-28,2027-03-28,3776.69,Past Due
2466,4591,17,Housing Loan,81984.15,10.68,216,2024-08-30,2042-08-30,73577.36,Current
2467,4595,5,Vehicle Loan,19151.6,13.07,36,2025-05-17,2028-05-17,15947.15,Current
2468,4596,12,Vehicle Loan,10463.11,13.05,36,2025-07-02,2028-07-02,9005.18,Past Due
2469,4598,10,Personal Loan,8133.9,14.74,48,2025-02-02,2029-02-02,6105.16,Current
2470,4600,18,Vehicle Loan,5024.46,13.68,24,2025-07-12,2027-07-12,3903.97,Non-Performing
2471,4602,11,Vehicle Loan,7470.98,14.77,48,2025-04-16,2029-04-16,6413.18,Current
2472,4603,11,Housing Loan,64267.79,8.91,60,2024-12-01,2029-12-01,49216.38,Current
2473,4604,18,Vehicle Loan,7271.12,11.05,48,2025-07-20,2029-07-20,6606.4,Current
2474,4606,15,Personal Loan,3387.36,16.2,24,2024-12-21,2026-12-21,1705.42,Past Due
2475,4607,9,Housing Loan,9881.64,9.49,228,2024-11-27,2043-11-27,9012.75,Current
2476,4608,4,Personal Loan,8810.56,15.77,12,2025-03-21,2026-03-21,2157.32,Current
2477,4609,6,Housing Loan,33074.37,10.8,216,2024-03-02,2042-03-02,29256.85,Current
2478,4613,14,Agriculture Loan,3051.72,9.67,24,2025-02-06,2027-02-06,1842.23,Current
2479,4615,1,Housing Loan,27075.33,8.95,168,2025-12-24,2039-12-24,27396.23,Current
2480,4616,2,Vehicle Loan,12287.61,10.77,48,2024-10-28,2028-10-28,8605.17,Non-Performing
2481,4619,11,Vehicle Loan,5846.82,13.5,60,2025-06-23,2030-06-23,5407.49,Non-Performing
2482,4621,12,Vehicle Loan,12125.83,14.14,24,2025-06-29,2027-06-29,8809.19,Current
2483,4629,15,Personal Loan,8162.43,16.83,36,2025-05-07,2028-05-07,6577.16,Current
2484,4630,9,Vehicle Loan,4050.93,14.89,60,2024-11-28,2029-11-28,3284.29,Current
2485,4635,18,Housing Loan,26612.1,11.4,180,2025-08-25,2040-08-25,26671.58,Non-Performing
2486,4636,15,Personal Loan,9326.39,12.34,24,2024-09-21,2026-09-21,3622.54,Current
2487,4638,18,Agriculture Loan,6147.17,11.83,48,2025-06-27,2029-06-27,5238.99,Current
2488,4642,7,Housing Loan,21266.88,10.57,204,2024-09-15,2041-09-15,19678.51,Current
2489,4643,17,Vehicle Loan,9687.28,13.24,36,2024-12-28,2027-12-28,6621.73,Current
2490,4644,18,Agriculture Loan,3204.99,12.56,24,2025-04-18,2027-04-18,2042.63,Current
2491,4645,4,SME Loan,58844.44,15.71,48,2025-08-03,2029-08-03,55304.26,Current
2492,4645,4,Housing Loan,87698.14,11.84,144,2025-08-03,2037-08-03,82457.64,Past Due
2493,4646,8,Agriculture Loan,1521.15,13.1,12,2023-08-24,2024-08-24,0.0,Closed
2494,4647,4,Personal Loan,4036.11,16.99,60,2025-02-16,2030-02-16,3403.06,Current
2495,4651,9,Personal Loan,5255.22,12.55,36,2025-02-28,2028-02-28,3771.17,Current
2496,4652,3,Personal Loan,4448.64,14.31,24,2025-06-27,2027-06-27,3282.12,Current
2497,4656,7,Agriculture Loan,5179.93,13.51,24,2025-06-28,2027-06-28,4076.42,Past Due
2498,4658,5,Vehicle Loan,6462.81,11.06,24,2025-09-30,2027-09-30,5472.67,Defaulted
2499,4660,12,Personal Loan,14740.54,15.88,48,2026-01-12,2030-01-12,14329.78,Past Due
2500,4664,14,Vehicle Loan,10555.61,11.8,24,2025-03-10,2027-03-10,6489.17,Current
2501,4665,5,Vehicle Loan,10427.42,12.59,48,2025-06-01,2029-06-01,9040.33,Current
2502,4666,6,Housing Loan,42264.7,10.14,144,2023-06-24,2035-06-24,34664.6,Past Due
2503,4667,16,Housing Loan,128531.66,10.68,216,2023-12-10,2041-12-10,108438.27,Current
2504,4668,14,Agriculture Loan,3541.74,12.19,12,2025-07-11,2026-07-11,2053.75,Current
2505,4669,11,Housing Loan,35806.34,10.02,96,2025-11-23,2033-11-23,35075.37,Current
2506,4673,15,Agriculture Loan,3207.03,9.09,24,2025-06-18,2027-06-18,2323.11,Current
2507,4674,7,Vehicle Loan,4630.61,12.52,24,2025-08-04,2027-08-04,3944.52,Current
2508,4675,5,Vehicle Loan,3628.38,10.73,36,2025-02-05,2028-02-05,2740.59,Current
2509,4677,9,Agriculture Loan,2644.53,12.03,36,2025-05-31,2028-05-31,2157.66,Current
2510,4680,18,Personal Loan,6647.21,12.23,60,2025-03-23,2030-03-23,5923.74,Past Due
2511,4681,5,Housing Loan,106498.47,8.02,216,2024-06-21,2042-06-21,97442.72,Current
2512,4683,15,Vehicle Loan,9145.27,14.96,24,2025-09-09,2027-09-09,7724.27,Defaulted
2513,4684,16,Housing Loan,27286.26,8.17,180,2025-06-27,2040-06-27,26851.93,Current
2514,4686,1,Personal Loan,6526.57,17.82,60,2024-10-14,2029-10-14,5131.34,Current
2515,4687,16,Personal Loan,11273.96,13.05,12,2024-10-06,2025-10-06,0.0,Closed
2516,4688,2,Agriculture Loan,6745.6,9.39,48,2025-06-24,2029-06-24,6010.25,Current
2517,4689,13,Vehicle Loan,15771.88,13.43,48,2025-04-14,2029-04-14,12950.39,Current
2518,4691,1,SME Loan,27441.45,12.24,48,2024-06-14,2028-06-14,17760.77,Current
2519,4697,16,Personal Loan,6989.44,12.24,36,2025-06-03,2028-06-03,5817.14,Current
2520,4699,9,SME Loan,44586.14,10.04,60,2025-12-06,2030-12-06,43562.55,Current
2521,4700,1,Agriculture Loan,5104.15,13.09,48,2024-11-22,2028-11-22,3714.09,Current
2522,4703,13,Personal Loan,17328.37,17.17,24,2024-11-30,2026-11-30,7643.8,Current
2523,4704,11,Vehicle Loan,8888.05,14.34,36,2024-04-11,2027-04-11,4051.68,Current
2524,4706,2,Agriculture Loan,3108.96,9.89,36,2025-08-24,2028-08-24,2891.35,Current
2525,4707,11,Housing Loan,71275.06,10.17,204,2025-05-31,2042-05-31,67463.21,Current
2526,4708,14,Vehicle Loan,15826.92,14.41,48,2025-01-22,2029-01-22,11724.04,Current
2527,4710,14,Vehicle Loan,5965.96,11.7,60,2025-06-08,2030-06-08,5384.63,Past Due
2528,4711,3,Agriculture Loan,2244.55,11.69,12,2025-06-28,2026-06-28,1168.49,Past Due
2529,4715,11,Vehicle Loan,5597.94,11.22,48,2024-12-26,2028-12-26,3999.55,Non-Performing
2530,4718,5,Vehicle Loan,4915.25,13.61,60,2024-07-29,2029-07-29,3619.26,Current
2531,4725,15,Vehicle Loan,8876.77,12.03,60,2024-08-27,2029-08-27,6583.01,Current
2532,4728,3,Housing Loan,10781.73,11.45,240,2023-06-30,2043-06-30,9057.97,Current
2533,4730,14,Vehicle Loan,4177.86,11.0,24,2025-01-14,2027-01-14,2258.95,Past Due
2534,4731,14,Personal Loan,7438.31,12.05,12,2025-05-04,2026-05-04,2404.74,Non-Performing
2535,4733,8,SME Loan,27367.29,11.61,36,2025-05-30,2028-05-30,21111.68,Current
2536,4734,11,Housing Loan,19211.43,11.0,120,2025-11-21,2035-11-21,18483.5,Current
2537,4735,1,Personal Loan,4885.16,13.1,24,2025-01-31,2027-01-31,2655.67,Past Due
2538,4736,4,Personal Loan,9167.5,15.8,48,2025-06-12,2029-06-12,8257.32,Current
2539,4740,9,SME Loan,32754.31,10.4,24,2025-12-16,2027-12-16,34154.65,Defaulted
2540,4741,3,Housing Loan,53971.48,10.83,240,2025-04-11,2045-04-11,52661.05,Current
2541,4743,8,Personal Loan,4183.88,17.47,48,2025-11-25,2029-11-25,4088.75,Current
2542,4745,4,SME Loan,17909.89,15.33,60,2025-04-22,2030-04-22,15166.5,Current
2543,4747,1,Vehicle Loan,4702.35,14.1,60,2025-07-15,2030-07-15,4439.3,Past Due
2544,4748,18,Housing Loan,67728.03,9.65,96,2024-11-04,2032-11-04,57894.26,Current
2545,4749,8,Personal Loan,5217.36,12.37,48,2025-08-22,2029-08-22,4660.74,Past Due
2546,4753,2,Personal Loan,4834.23,12.41,24,2025-07-23,2027-07-23,3656.88,Current
2547,4754,18,Vehicle Loan,11350.83,10.92,48,2025-06-11,2029-06-11,9454.66,Current
2548,4756,4,Housing Loan,32120.14,11.31,108,2025-05-24,2034-05-24,29752.29,Current
2549,4757,3,SME Loan,28655.92,11.32,24,2024-11-06,2026-11-06,12399.22,Current
2550,4759,2,Personal Loan,2121.55,14.76,36,2025-08-09,2028-08-09,1952.32,Current
2551,4763,2,Housing Loan,39095.24,9.54,108,2024-06-28,2033-06-28,31410.11,Current
2552,4767,14,SME Loan,25410.31,10.73,84,2026-01-07,2033-01-07,25680.65,Current
2553,4769,6,Housing Loan,76342.67,11.66,108,2025-01-11,2034-01-11,67828.48,Current
2554,4770,18,Housing Loan,58160.16,9.84,84,2025-06-24,2032-06-24,55769.67,Past Due
2555,4771,10,Agriculture Loan,2408.43,12.04,48,2025-05-02,2029-05-02,2069.76,Current
2556,4776,18,Housing Loan,67524.49,9.19,216,2025-05-30,2043-05-30,64581.75,Current
2557,4779,5,Housing Loan,25361.29,11.52,60,2025-03-16,2030-03-16,20919.68,Current
2558,4780,8,Vehicle Loan,6932.69,11.05,24,2025-06-10,2027-06-10,5185.95,Current
2559,4781,18,Housing Loan,27086.51,10.77,84,2025-05-26,2032-05-26,25727.79,Current
2560,4783,15,Housing Loan,121640.59,10.86,168,2025-12-10,2039-12-10,124336.89,Current
2561,4784,2,Agriculture Loan,10120.62,12.68,12,2025-06-16,2026-06-16,5225.5,Current
2562,4787,6,Personal Loan,5757.77,14.47,48,2024-11-24,2028-11-24,4325.67,Non-Performing
2563,4791,14,SME Loan,33351.18,13.43,84,2025-01-24,2032-01-24,28586.0,Non-Performing
2564,4793,2,Personal Loan,13832.18,17.38,60,2024-08-23,2029-08-23,10621.48,Current
2565,4794,18,Personal Loan,2991.32,17.87,48,2025-12-05,2029-12-05,2889.68,Current
2566,4796,11,Vehicle Loan,3342.06,10.05,24,2026-01-13,2028-01-13,3463.6,Current
2567,4797,1,Vehicle Loan,3054.74,14.82,60,2024-12-02,2029-12-02,2383.39,Current
2568,4798,9,Vehicle Loan,8648.54,13.96,36,2025-05-29,2028-05-29,7311.09,Current
2569,4799,14,SME Loan,26208.09,11.94,48,2025-06-19,2029-06-19,22850.68,Current
2570,4800,15,Housing Loan,89637.98,8.22,60,2024-06-17,2029-06-17,60300.43,Current
2571,4802,2,Housing Loan,64037.35,11.99,192,2025-06-26,2041-06-26,62423.16,Current
2572,4804,12,Personal Loan,21441.45,16.45,48,2025-03-04,2029-03-04,17532.57,Current
2573,4807,2,Vehicle Loan,11100.05,12.9,48,2025-03-10,2029-03-10,8637.64,Current
2574,4809,16,Housing Loan,26482.0,8.11,216,2024-12-02,2042-12-02,24579.47,Current
2575,4810,6,Personal Loan,6612.36,12.65,12,2025-05-24,2026-05-24,2780.64,Current
2576,4811,5,Vehicle Loan,8424.0,12.16,36,2025-11-25,2028-11-25,8136.52,Current
2577,4813,9,Housing Loan,69488.97,11.12,192,2024-10-31,2040-10-31,61205.5,Past Due
2578,4814,3,Personal Loan,13447.13,14.7,48,2025-06-20,2029-06-20,11911.99,Past Due
2579,4815,18,Personal Loan,8630.37,13.67,36,2025-02-22,2028-02-22,6504.96,Current
2580,4816,9,Vehicle Loan,10009.51,13.06,36,2025-11-14,2028-11-14,9766.11,Current
2581,4817,2,Vehicle Loan,8602.69,13.73,60,2025-07-06,2030-07-06,7913.36,Current
2582,4819,5,Vehicle Loan,20118.56,10.88,48,2025-04-07,2029-04-07,17343.11,Defaulted
2583,4821,3,Personal Loan,3654.64,16.72,12,2025-06-11,2026-06-11,1832.72,Current
2584,4822,12,Agriculture Loan,2846.88,10.85,12,2025-06-17,2026-06-17,1421.79,Current
2585,4824,17,Vehicle Loan,7833.31,10.47,60,2025-12-28,2030-12-28,7797.84,Current
2586,4829,5,Vehicle Loan,7829.36,11.9,48,2025-03-23,2029-03-23,6050.18,Current
2587,4833,2,Vehicle Loan,6781.51,12.95,36,2026-01-14,2029-01-14,6971.14,Current
2588,4834,11,Personal Loan,6175.18,13.94,60,2024-04-26,2029-04-26,3977.96,Current
2589,4837,18,Vehicle Loan,16615.42,11.97,24,2024-09-29,2026-09-29,6498.14,Defaulted
2590,4838,3,Vehicle Loan,4901.01,13.28,48,2023-12-27,2027-12-27,2558.92,Past Due
2591,4840,13,Vehicle Loan,3002.35,12.37,48,2025-10-06,2029-10-06,2850.59,Past Due
2592,4843,8,Vehicle Loan,2086.27,11.32,60,2025-03-22,2030-03-22,1780.34,Current
2593,4844,11,Vehicle Loan,23767.57,14.93,36,2025-09-12,2028-09-12,21323.26,Current
2594,4846,4,Housing Loan,45638.72,10.73,180,2025-05-18,2040-05-18,43794.89,Defaulted
2595,4847,8,Housing Loan,12411.12,8.59,228,2025-09-27,2044-09-27,11868.43,Current
2596,4849,7,Agriculture Loan,7557.32,13.91,36,2023-10-24,2026-10-24,2061.73,Past Due
2597,4850,9,SME Loan,69843.21,10.53,36,2025-07-05,2028-07-05,58641.05,Past Due
2598,4850,9,Housing Loan,48821.79,11.94,156,2025-07-05,2038-07-05,48690.94,Current
2599,4853,3,Vehicle Loan,5549.55,14.01,48,2025-04-29,2029-04-29,4652.32,Current
2600,4854,13,Vehicle Loan,11635.28,13.4,60,2024-08-29,2029-08-29,8634.29,Current
2601,4855,12,Housing Loan,39461.99,9.32,84,2025-06-20,2032-06-20,36889.14,Past Due
2602,4857,14,Agriculture Loan,2530.01,10.78,36,2025-01-13,2028-01-13,1724.93,Current
2603,4862,10,Vehicle Loan,3340.17,13.15,60,2023-07-17,2028-07-17,1756.34,Non-Performing
2604,4863,6,Vehicle Loan,7445.4,11.59,24,2025-06-27,2027-06-27,5820.57,Current
2605,4865,12,Housing Loan,36617.18,10.84,72,2025-10-22,2031-10-22,34799.0,Past Due
2606,4868,8,Vehicle Loan,4605.71,11.85,60,2024-12-10,2029-12-10,3529.77,Current
2607,4870,2,Personal Loan,3151.95,17.36,48,2025-06-15,2029-06-15,2683.84,Past Due
2608,4872,14,SME Loan,20579.16,14.0,72,2025-11-28,2031-11-28,19858.89,Current
2609,4877,6,Vehicle Loan,6791.21,11.01,24,2025-06-19,2027-06-19,5239.96,Current
2610,4878,13,SME Loan,29985.56,10.75,72,2025-09-18,2031-09-18,28093.92,Defaulted
2611,4879,5,Agriculture Loan,5059.71,11.48,36,2025-12-13,2028-12-13,5260.5,Non-Performing
2612,4881,10,Personal Loan,3810.05,14.84,60,2025-08-24,2030-08-24,3613.83,Current
2613,4882,9,Agriculture Loan,3518.78,10.61,48,2025-04-30,2029-04-30,2857.28,Current
2614,4884,10,Agriculture Loan,3332.36,11.44,36,2025-06-06,2028-06-06,2786.2,Current
2615,4885,18,Housing Loan,37430.37,10.98,180,2024-02-06,2039-02-06,33839.67,Current
2616,4887,12,Vehicle Loan,5590.48,12.32,48,2025-06-05,2029-06-05,5058.37,Current
2617,4888,18,Vehicle Loan,16135.43,12.06,48,2025-01-01,2029-01-01,11954.53,Current
2618,4890,11,Personal Loan,4316.0,15.33,60,2025-01-23,2030-01-23,3660.5,Past Due
2619,4892,1,Agriculture Loan,6315.37,9.84,36,2025-09-22,2028-09-22,5651.11,Past Due
2620,4893,4,Housing Loan,38494.95,11.08,240,2025-03-08,2045-03-08,38004.82,Current
2621,4894,18,Vehicle Loan,4019.18,14.92,36,2025-05-22,2028-05-22,3162.98,Non-Performing
2622,4895,2,Vehicle Loan,5328.26,11.71,36,2025-07-16,2028-07-16,4492.04,Current
2623,4896,1,Personal Loan,7174.98,15.71,48,2025-05-05,2029-05-05,5719.28,Non-Performing
2624,4898,5,Housing Loan,210320.5,9.98,204,2025-12-24,2042-12-24,201818.51,Current
2625,4904,9,Housing Loan,52872.22,9.49,96,2025-11-02,2033-11-02,52339.19,Current
2626,4905,7,Housing Loan,16523.47,11.53,72,2024-01-25,2030-01-25,11429.02,Non-Performing
2627,4908,16,Agriculture Loan,9712.95,12.66,24,2025-05-02,2027-05-02,6301.52,Current
2628,4911,4,Vehicle Loan,13429.86,13.77,48,2024-11-24,2028-11-24,9558.93,Past Due
2629,4912,11,Personal Loan,2383.51,14.65,24,2025-05-05,2027-05-05,1615.81,Defaulted
2630,4913,14,SME Loan,28004.64,13.16,72,2025-05-19,2031-05-19,26034.89,Current
2631,4916,9,Housing Loan,22756.27,11.12,228,2026-01-04,2045-01-04,23327.01,Current
2632,4918,15,Housing Loan,27823.43,10.17,168,2024-08-24,2038-08-24,25857.18,Current
2633,4919,2,Personal Loan,3865.15,12.92,36,2025-11-05,2028-11-05,3654.33,Past Due
2634,4921,7,Vehicle Loan,4419.51,14.29,36,2025-06-17,2028-06-17,3841.49,Current
2635,4922,9,Personal Loan,3476.71,15.42,60,2024-06-01,2029-06-01,2295.5,Current
2636,4925,3,Agriculture Loan,3400.52,13.1,48,2024-10-08,2028-10-08,2315.89,Past Due
2637,4926,7,Agriculture Loan,9941.49,11.05,48,2024-12-18,2028-12-18,7570.92,Current
2638,4927,10,Housing Loan,140774.72,11.94,108,2025-12-08,2034-12-08,147504.04,Current
2639,4928,6,Agriculture Loan,3568.56,13.76,12,2025-04-18,2026-04-18,1142.56,Current
2640,4929,9,Housing Loan,45316.06,8.68,216,2025-04-11,2043-04-11,43419.16,Current
2641,4930,7,Vehicle Loan,7866.21,12.94,24,2023-12-11,2025-12-11,0.0,Closed
2642,4932,8,Personal Loan,5350.39,13.85,60,2025-12-12,2030-12-12,5226.73,Current
2643,4933,3,Agriculture Loan,3071.02,13.7,12,2025-04-27,2026-04-27,1016.4,Current
2644,4935,7,Vehicle Loan,2920.21,13.03,36,2025-05-15,2028-05-15,2451.58,Current
2645,4938,10,Vehicle Loan,15686.72,14.73,36,2025-05-27,2028-05-27,12118.14,Current
2646,4939,2,Housing Loan,216070.53,8.04,168,2025-01-08,2039-01-08,196521.02,Current
2647,4939,2,SME Loan,70865.8,11.58,60,2024-10-12,2029-10-12,52766.1,Current
2648,4940,12,Vehicle Loan,4580.83,10.45,60,2025-07-24,2030-07-24,4343.94,Current
2649,4942,1,Personal Loan,13393.51,14.6,12,2025-05-11,2026-05-11,5328.99,Non-Performing
2650,4944,5,Personal Loan,6523.89,12.11,60,2025-05-31,2030-05-31,5920.79,Current
2651,4945,6,Vehicle Loan,5558.57,11.66,36,2025-07-02,2028-07-02,4751.62,Non-Performing
2652,4948,7,Vehicle Loan,9816.39,12.32,24,2024-06-14,2026-06-14,2529.5,Current
2653,4950,18,Agriculture Loan,4791.15,12.95,12,2025-08-06,2026-08-06,3205.99,Current
2654,4953,1,Vehicle Loan,28047.6,11.06,48,2025-05-30,2029-05-30,24512.49,Current
2655,4957,3,Agriculture Loan,5494.4,9.34,24,2025-04-19,2027-04-19,3779.32,Current
2656,4958,18,Personal Loan,8459.6,12.19,24,2025-07-26,2027-07-26,6511.49,Current
2657,4959,2,Housing Loan,22526.82,10.08,144,2025-05-19,2037-05-19,22427.14,Current
2658,4960,1,Housing Loan,28619.34,8.77,132,2026-01-15,2037-01-15,29986.57,Current
2659,4961,16,Housing Loan,52151.13,11.17,204,2025-07-30,2042-07-30,50383.51,Current
2660,4962,9,Personal Loan,1655.75,12.34,24,2025-12-18,2027-12-18,1628.52,Current
2661,4963,5,Housing Loan,22608.22,8.79,72,2025-09-10,2031-09-10,22312.28,Current
2662,4966,13,Housing Loan,23454.31,11.8,120,2025-04-24,2035-04-24,22639.92,Current
2663,4967,14,Vehicle Loan,14415.93,12.66,36,2025-10-31,2028-10-31,14244.22,Current
2664,4969,2,Vehicle Loan,5011.63,13.66,48,2025-06-08,2029-06-08,4551.56,Current
2665,4970,4,Housing Loan,21948.86,10.53,60,2025-05-23,2030-05-23,19806.88,Current
2666,4972,10,Vehicle Loan,7155.56,12.05,24,2024-08-18,2026-08-18,2315.62,Past Due
2667,4975,17,Personal Loan,7460.82,13.95,60,2025-04-22,2030-04-22,6168.21,Past Due
2668,4977,17,Vehicle Loan,15840.26,12.45,60,2025-03-06,2030-03-06,13105.84,Current
2669,4978,9,Personal Loan,9103.86,16.75,36,2025-04-26,2028-04-26,6995.91,Current
2670,4979,2,Housing Loan,24625.2,11.91,192,2026-01-03,2042-01-03,24652.43,Current
2671,4981,5,Vehicle Loan,6569.99,14.25,48,2025-07-10,2029-07-10,6087.62,Current
2672,4984,8,Personal Loan,10950.14,13.32,24,2025-01-13,2027-01-13,6002.92,Current
2673,4987,12,Housing Loan,21155.14,10.78,228,2025-12-23,2044-12-23,20439.79,Current
2674,4992,18,Agriculture Loan,5209.38,11.13,24,2025-06-09,2027-06-09,4027.99,Current
2675,4993,11,Vehicle Loan,8282.33,13.21,36,2025-06-21,2028-06-21,7181.87,Current
2676,4995,17,Vehicle Loan,9565.09,11.87,24,2024-12-04,2026-12-04,4530.95,Current
2677,4996,9,Personal Loan,7151.4,16.61,36,2024-03-06,2027-03-06,2693.89,Current
2678,4998,18,Personal Loan,8058.12,12.34,60,2025-02-24,2030-02-24,6718.8,Current
2679,4999,11,Housing Loan,37229.61,10.04,192,2025-06-18,2041-06-18,37804.8,Current
