payment_id,loan_id,payment_date,amount_due,amount_paid,days_past_due
1,1,2024-05-26,145.4,145.4,0
2,1,2024-06-25,145.4,145.4,0
3,1,2024-07-23,145.4,145.4,0
4,1,2024-09-05,145.4,139.18,9
5,1,2024-09-27,145.4,145.4,0
6,1,2024-10-25,145.4,145.4,0
7,1,2024-11-24,145.4,145.4,0
8,1,2024-12-24,145.4,145.4,0
9,1,2025-01-27,145.4,145.4,0
10,1,2025-02-22,145.4,145.4,0
11,1,2025-03-25,145.4,145.4,0
12,1,2025-04-23,145.4,145.4,0
13,1,2025-05-26,145.4,145.4,0
14,1,2025-06-22,145.4,145.4,0
15,1,2025-07-28,145.4,145.4,0
16,1,2025-08-27,145.4,145.4,0
17,1,2025-09-23,145.4,145.4,0
18,1,2025-10-25,145.4,145.4,0
19,1,2025-11-23,145.4,145.4,0
20,1,2025-12-24,145.4,145.4,0
21,2,2025-06-28,449.86,449.86,0
22,2,2025-07-22,449.86,449.86,0
23,2,2025-08-25,449.86,449.86,0
24,2,2025-09-26,449.86,449.86,0
25,2,2025-10-25,449.86,449.86,0
26,2,2025-11-28,449.86,449.86,0
27,2,2026-02-03,449.86,387.99,39
28,3,2024-06-26,956.21,956.21,0
29,3,2024-07-27,956.21,956.21,0
30,3,2024-08-24,956.21,956.21,0
31,3,2024-09-26,956.21,956.21,0
32,3,2024-10-22,956.21,956.21,0
33,3,2024-11-27,956.21,956.21,0
34,3,2024-12-27,956.21,956.21,0
35,3,2025-01-23,956.21,956.21,0
36,3,2025-02-27,956.21,956.21,0
37,3,2025-03-22,956.21,956.21,0
38,3,2025-04-22,956.21,956.21,0
39,3,2025-05-26,956.21,956.21,0
40,3,2025-06-25,956.21,956.21,0
41,3,2025-07-26,956.21,956.21,0
42,3,2025-08-26,956.21,956.21,0
43,3,2025-09-27,956.21,956.21,0
44,3,2025-10-24,956.21,956.21,0
45,3,2025-11-28,956.21,956.21,0
46,3,2025-12-23,956.21,956.21,0
47,5,2025-11-22,234.52,234.52,0
48,5,2025-12-23,234.52,234.52,0
49,6,2025-03-28,120.51,120.51,0
50,6,2025-04-24,120.51,120.51,0
51,6,2025-05-25,120.51,120.51,0
52,6,2025-06-27,120.51,120.51,0
53,6,2025-07-24,120.51,120.51,0
54,6,2025-08-27,120.51,120.51,0
55,6,2025-09-22,120.51,120.51,0
56,6,2025-10-22,120.51,120.51,0
57,6,2025-11-27,120.51,120.51,0
58,6,2025-12-23,120.51,120.51,0
59,7,2025-07-25,156.84,156.84,0
60,7,2025-08-26,156.84,156.84,0
61,7,2025-09-23,156.84,156.84,0
62,7,2025-10-24,156.84,156.84,0
63,7,2025-11-28,156.84,156.84,0
64,7,2025-12-22,156.84,156.84,0
65,8,2025-04-23,508.5,142.32,85
66,8,2025-02-27,508.5,508.5,0
67,8,2025-06-18,508.5,452.5,87
68,8,2025-04-27,508.5,508.5,0
69,8,2025-05-25,508.5,508.5,0
70,8,2025-06-28,508.5,508.5,0
71,8,2025-07-27,508.5,508.5,0
72,8,2025-08-24,508.5,508.5,0
73,8,2025-09-25,508.5,508.5,0
74,8,2026-01-10,508.5,450.74,77
75,8,2025-11-27,508.5,508.5,0
76,8,2025-12-22,508.5,508.5,0
77,9,2025-09-26,607.94,607.94,0
78,9,2025-10-27,607.94,607.94,0
79,9,2025-11-22,607.94,607.94,0
80,9,2025-12-26,607.94,607.94,0
81,10,2024-09-23,570.88,570.88,0
82,10,2024-10-27,570.88,570.88,0
83,10,2024-11-23,570.88,570.88,0
84,10,2024-12-25,570.88,570.88,0
85,10,2025-01-24,570.88,570.88,0
86,10,2025-02-23,570.88,570.88,0
87,10,2025-03-28,570.88,570.88,0
88,10,2025-04-22,570.88,570.88,0
89,10,2025-05-22,570.88,570.88,0
90,10,2025-06-25,570.88,570.88,0
91,10,2025-07-28,570.88,570.88,0
92,10,2025-08-27,570.88,570.88,0
93,10,2025-09-23,570.88,570.88,0
94,10,2025-10-27,570.88,570.88,0
95,10,2025-11-25,570.88,570.88,0
96,10,2025-12-22,570.88,570.88,0
97,11,2024-02-28,358.27,358.27,0
98,11,2024-03-24,358.27,358.27,0
99,11,2024-04-22,358.27,358.27,0
100,11,2024-05-23,358.27,358.27,0
101,11,2024-06-26,358.27,358.27,0
102,11,2024-07-24,358.27,358.27,0
103,11,2024-08-22,358.27,358.27,0
104,11,2024-09-23,358.27,358.27,0
105,11,2024-10-22,358.27,358.27,0
106,11,2024-11-24,358.27,358.27,0
107,11,2024-12-27,358.27,358.27,0
108,11,2025-01-23,358.27,358.27,0
109,11,2025-02-28,358.27,358.27,0
110,11,2025-03-28,358.27,358.27,0
111,11,2025-05-16,358.27,289.83,23
112,11,2025-05-23,358.27,358.27,0
113,11,2025-08-19,358.27,107.28,52
114,11,2025-07-23,358.27,358.27,0
115,11,2025-08-28,358.27,358.27,0
116,11,2025-09-22,358.27,358.27,0
117,11,2025-10-27,358.27,358.27,0
118,11,2025-11-28,358.27,358.27,0
119,11,2025-12-22,358.27,358.27,0
120,12,2025-06-22,200.13,200.13,0
121,12,2025-07-28,200.13,200.13,0
122,12,2025-08-22,200.13,200.13,0
123,12,2025-09-27,200.13,200.13,0
124,12,2025-10-24,200.13,200.13,0
125,12,2026-01-15,200.13,172.53,54
126,12,2025-12-23,200.13,200.13,0
127,14,2024-11-09,1900.15,1574.81,45
128,14,2024-10-23,1900.15,1900.15,0
129,14,2024-11-23,1900.15,1900.15,0
130,14,2024-12-28,1900.15,1900.15,0
131,14,2025-01-22,1900.15,1900.15,0
132,14,2025-02-27,1900.15,1900.15,0
133,14,2025-03-26,1900.15,1900.15,0
134,14,2025-04-22,1900.15,1900.15,0
135,14,2025-05-27,1900.15,1900.15,0
136,14,2025-06-25,1900.15,1900.15,0
137,14,2025-08-03,1900.15,1634.49,12
138,14,2025-08-24,1900.15,1900.15,0
139,14,2025-09-24,1900.15,1900.15,0
140,14,2025-10-28,1900.15,1900.15,0
141,14,2026-01-06,1900.15,1731.11,45
142,14,2025-12-27,1900.15,1900.15,0
143,15,2025-02-22,382.58,382.58,0
144,15,2025-03-22,382.58,382.58,0
145,15,2025-04-28,382.58,382.58,0
146,15,2025-08-01,382.58,341.83,66
147,15,2025-06-27,382.58,382.58,0
148,15,2025-07-22,382.58,382.58,0
149,15,2025-08-23,382.58,382.58,0
150,15,2025-09-27,382.58,382.58,0
151,15,2025-10-27,382.58,382.58,0
152,15,2025-11-26,382.58,382.58,0
153,15,2025-12-24,382.58,382.58,0
154,16,2025-12-24,116.16,116.16,0
155,17,2025-09-22,723.18,723.18,0
156,17,2025-10-26,723.18,723.18,0
157,17,2025-11-25,723.18,723.18,0
158,17,2025-12-23,723.18,723.18,0
159,18,2025-10-27,929.77,929.77,0
160,18,2025-11-27,929.77,929.77,0
161,18,2025-12-25,929.77,929.77,0
162,19,2024-10-26,336.45,336.45,0
163,19,2024-11-24,336.45,336.45,0
164,19,2024-12-24,336.45,336.45,0
165,19,2025-01-26,336.45,336.45,0
166,19,2025-02-23,336.45,336.45,0
167,19,2025-03-25,336.45,336.45,0
168,19,2025-04-22,336.45,336.45,0
169,19,2025-05-23,336.45,336.45,0
170,19,2025-06-23,336.45,336.45,0
171,19,2025-07-25,336.45,336.45,0
172,19,2025-08-26,336.45,336.45,0
173,19,2025-09-28,336.45,336.45,0
174,19,2025-10-25,336.45,336.45,0
175,19,2025-11-25,336.45,336.45,0
176,19,2025-12-22,336.45,336.45,0
177,20,2025-06-23,409.76,409.76,0
178,20,2025-07-23,409.76,409.76,0
179,20,2025-08-23,409.76,409.76,0
180,20,2025-09-22,409.76,409.76,0
181,20,2025-10-28,409.76,409.76,0
182,20,2025-11-22,409.76,409.76,0
183,20,2025-12-24,409.76,409.76,0
184,21,2025-06-28,102.42,102.42,0
185,21,2025-10-08,102.42,102.0,72
186,21,2025-08-26,102.42,102.42,0
187,21,2025-09-27,102.42,102.42,0
188,21,2025-10-27,102.42,102.42,0
189,21,2025-11-22,102.42,102.42,0
190,21,2025-12-28,102.42,102.42,0
191,22,2025-06-28,673.94,673.94,0
192,22,2025-07-26,673.94,673.94,0
193,22,2025-08-26,673.94,673.94,0
194,22,2025-09-25,673.94,673.94,0
195,22,2025-10-25,673.94,673.94,0
196,22,2025-11-24,673.94,673.94,0
197,22,2025-12-24,673.94,673.94,0
198,23,2025-10-25,238.46,238.46,0
199,23,2025-11-24,238.46,238.46,0
200,23,2025-12-27,238.46,238.46,0
201,24,2025-05-28,280.07,280.07,0
202,24,2025-06-27,280.07,280.07,0
203,24,2025-07-24,280.07,280.07,0
204,24,2025-08-25,280.07,280.07,0
205,24,2025-09-26,280.07,280.07,0
206,24,2025-10-27,280.07,280.07,0
207,24,2025-11-26,280.07,280.07,0
208,24,2025-12-22,280.07,280.07,0
209,25,2025-07-23,289.75,289.75,0
210,25,2025-11-12,289.75,267.4,82
211,25,2025-09-26,289.75,289.75,0
212,25,2025-10-27,289.75,289.75,0
213,25,2026-01-26,289.75,287.37,65
214,25,2025-12-24,289.75,289.75,0
215,26,2025-07-26,252.12,252.12,0
216,26,2025-08-28,252.12,252.12,0
217,26,2025-09-28,252.12,252.12,0
218,26,2025-10-22,252.12,252.12,0
219,26,2025-11-22,252.12,252.12,0
220,26,2025-12-22,252.12,252.12,0
221,27,2025-02-25,2026.22,2026.22,0
222,27,2025-03-26,2026.22,2026.22,0
223,27,2025-04-25,2026.22,2026.22,0
224,27,2025-05-25,2026.22,2026.22,0
225,27,2025-06-25,2026.22,2026.22,0
226,27,2025-07-27,2026.22,2026.22,0
227,27,2025-08-22,2026.22,2026.22,0
228,27,2025-09-25,2026.22,2026.22,0
229,27,2025-10-26,2026.22,2026.22,0
230,27,2025-11-23,2026.22,2026.22,0
231,27,2025-12-26,2026.22,2026.22,0
232,28,2025-03-27,1797.27,1797.27,0
233,28,2025-04-27,1797.27,1797.27,0
234,28,2025-05-25,1797.27,1797.27,0
235,28,2025-06-24,1797.27,1797.27,0
236,28,2025-07-22,1797.27,1797.27,0
237,28,2025-08-28,1797.27,1797.27,0
238,28,2025-09-22,1797.27,1797.27,0
239,28,2025-10-27,1797.27,1797.27,0
240,28,2025-11-24,1797.27,1797.27,0
241,28,2025-12-27,1797.27,1797.27,0
242,29,2025-11-26,482.77,482.77,0
243,29,2025-12-28,482.77,482.77,0
244,30,2025-06-29,613.54,595.2,38
245,30,2025-06-22,613.54,613.54,0
246,30,2025-07-22,613.54,613.54,0
247,30,2025-08-25,613.54,613.54,0
248,30,2025-09-22,613.54,613.54,0
249,30,2025-10-25,613.54,613.54,0
250,30,2025-11-24,613.54,613.54,0
251,30,2025-12-22,613.54,613.54,0
252,31,2024-02-23,142.2,116.91,27
253,31,2024-07-18,142.2,16.15,147
254,31,2024-06-09,142.2,142.17,79
255,31,2024-04-22,142.2,142.2,0
256,31,2024-05-26,142.2,142.2,0
257,31,2024-07-07,142.2,120.61,9
258,31,2024-07-22,142.2,142.2,0
259,31,2024-08-27,142.2,142.2,0
260,31,2024-10-12,142.2,114.79,18
261,31,2024-10-26,142.2,142.2,0
262,31,2024-11-27,142.2,142.2,0
263,31,2024-12-26,142.2,142.2,0
264,31,2025-01-24,142.2,142.2,0
265,31,2025-02-27,142.2,142.2,0
266,31,2025-03-28,142.2,142.2,0
267,31,2025-04-28,142.2,142.2,0
268,31,2025-05-27,142.2,142.2,0
269,31,2025-06-27,142.2,142.2,0
270,31,2025-07-22,142.2,142.2,0
271,31,2025-08-22,142.2,142.2,0
272,31,2025-09-25,142.2,142.2,0
273,31,2025-12-21,142.2,134.65,57
274,31,2025-11-23,142.2,142.2,0
275,31,2025-12-22,142.2,142.2,0
276,33,2025-10-30,1155.23,936.78,64
277,33,2025-09-26,1155.23,1155.23,0
278,33,2025-10-23,1155.23,1155.23,0
279,33,2025-11-28,1155.23,1155.23,0
280,33,2025-12-24,1155.23,1155.23,0
281,34,2025-06-22,1473.31,1473.31,0
282,34,2025-09-16,1473.31,1409.69,53
283,34,2025-08-28,1473.31,1473.31,0
284,34,2025-09-26,1473.31,1473.31,0
285,34,2025-10-25,1473.31,1473.31,0
286,34,2025-11-24,1473.31,1473.31,0
287,34,2025-12-23,1473.31,1473.31,0
288,35,2024-10-20,250.72,226.07,58
289,35,2024-09-23,250.72,250.72,0
290,35,2024-10-22,250.72,250.72,0
291,35,2024-11-22,250.72,250.72,0
292,35,2024-12-22,250.72,250.72,0
293,35,2025-01-24,250.72,250.72,0
294,35,2025-02-24,250.72,250.72,0
295,35,2025-03-26,250.72,250.72,0
296,35,2025-04-27,250.72,250.72,0
297,35,2025-05-23,250.72,250.72,0
298,35,2025-06-28,250.72,250.72,0
299,35,2025-07-22,250.72,250.72,0
300,35,2025-08-23,250.72,250.72,0
301,35,2025-09-23,250.72,250.72,0
302,35,2025-10-26,250.72,250.72,0
303,35,2025-11-26,250.72,250.72,0
304,35,2025-12-26,250.72,250.72,0
305,37,2024-09-24,35.69,35.69,0
306,37,2024-10-23,35.69,35.69,0
307,37,2024-11-25,35.69,35.69,0
308,37,2024-12-28,35.69,35.69,0
309,37,2025-01-25,35.69,35.69,0
310,37,2025-03-12,35.69,32.15,12
311,37,2025-03-23,35.69,35.69,0
312,37,2025-04-27,35.69,35.69,0
313,37,2025-06-29,35.69,29.38,35
314,37,2025-06-28,35.69,35.69,0
315,37,2025-07-27,35.69,35.69,0
316,37,2025-08-25,35.69,35.69,0
317,37,2025-09-24,35.69,35.69,0
318,37,2025-10-22,35.69,35.69,0
319,37,2025-11-27,35.69,35.69,0
320,37,2026-02-28,35.69,31.21,63
321,39,2025-04-23,251.13,251.13,0
322,39,2025-05-26,251.13,251.13,0
323,39,2025-06-25,251.13,251.13,0
324,39,2026-01-15,251.13,31.24,174
325,39,2025-08-27,251.13,251.13,0
326,39,2025-09-27,251.13,251.13,0
327,39,2025-10-24,251.13,251.13,0
328,39,2025-11-26,251.13,251.13,0
329,39,2025-12-23,251.13,251.13,0
330,40,2024-11-26,563.38,563.38,0
331,40,2025-01-12,563.38,513.35,15
332,40,2025-04-26,563.38,466.66,89
333,40,2025-02-28,563.38,563.38,0
334,40,2025-03-24,563.38,563.38,0
335,40,2025-04-22,563.38,563.38,0
336,40,2025-05-25,563.38,563.38,0
337,40,2025-06-25,563.38,563.38,0
338,40,2025-07-23,563.38,563.38,0
339,40,2025-08-28,563.38,563.38,0
340,40,2025-09-23,563.38,563.38,0
341,40,2025-10-24,563.38,563.38,0
342,40,2025-11-27,563.38,563.38,0
343,41,2025-10-25,1551.12,1551.12,0
344,41,2025-11-27,1551.12,1551.12,0
345,41,2025-12-27,1551.12,1551.12,0
346,42,2025-06-24,109.35,109.35,0
347,42,2025-07-26,109.35,109.35,0
348,42,2025-08-27,109.35,109.35,0
349,42,2025-09-24,109.35,109.35,0
350,42,2025-10-28,109.35,109.35,0
351,42,2025-11-27,109.35,109.35,0
352,42,2025-12-26,109.35,109.35,0
353,43,2024-12-27,708.15,708.15,0
354,43,2025-02-23,708.15,686.94,28
355,43,2025-02-26,708.15,708.15,0
356,43,2025-03-25,708.15,708.15,0
357,43,2025-04-22,708.15,708.15,0
358,43,2025-07-01,708.15,591.66,36
359,43,2025-06-26,708.15,708.15,0
360,43,2025-07-23,708.15,708.15,0
361,43,2025-08-29,708.15,610.08,3
362,43,2025-09-25,708.15,708.15,0
363,43,2025-10-24,708.15,708.15,0
364,43,2025-11-23,708.15,708.15,0
365,43,2025-12-26,708.15,708.15,0
366,44,2025-07-28,79.01,79.01,0
367,44,2025-08-28,79.01,79.01,0
368,44,2025-12-02,79.01,78.43,68
369,44,2025-10-27,79.01,79.01,0
370,44,2025-11-29,79.01,74.78,7
371,44,2025-12-26,79.01,79.01,0
372,45,2025-12-25,226.03,226.03,0
373,46,2024-12-08,963.72,826.53,10
374,46,2024-12-28,963.72,963.72,0
375,46,2025-01-27,963.72,963.72,0
376,46,2025-02-24,963.72,963.72,0
377,46,2025-03-22,963.72,963.72,0
378,46,2025-04-28,963.72,963.72,0
379,46,2025-05-28,963.72,963.72,0
380,46,2025-07-16,963.72,923.95,22
381,46,2025-07-23,963.72,963.72,0
382,46,2025-08-25,963.72,963.72,0
383,46,2025-09-25,963.72,963.72,0
384,46,2025-10-27,963.72,963.72,0
385,46,2025-11-28,963.72,963.72,0
386,46,2025-12-22,963.72,963.72,0
387,47,2025-09-27,139.81,139.81,0
388,47,2025-10-26,139.81,139.81,0
389,47,2025-11-27,139.81,139.81,0
390,47,2025-12-27,139.81,139.81,0
391,48,2025-05-28,198.72,198.72,0
392,48,2025-06-23,198.72,198.72,0
393,48,2025-08-31,198.72,179.43,40
394,48,2025-08-25,198.72,198.72,0
395,48,2025-09-22,198.72,198.72,0
396,48,2025-12-20,198.72,168.42,55
397,48,2026-01-10,198.72,192.89,47
398,48,2025-12-26,198.72,198.72,0
399,50,2025-05-26,301.29,301.29,0
400,50,2025-06-25,301.29,301.29,0
401,50,2025-07-28,301.29,301.29,0
402,50,2025-08-26,301.29,301.29,0
403,50,2025-09-24,301.29,301.29,0
404,50,2025-10-25,301.29,301.29,0
405,50,2025-11-28,301.29,301.29,0
406,50,2025-12-25,301.29,301.29,0
407,51,2025-02-22,1732.02,1732.02,0
408,51,2025-09-01,1732.02,412.37,159
409,51,2025-04-25,1732.02,1732.02,0
410,51,2025-05-28,1732.02,1732.02,0
411,51,2025-06-22,1732.02,1732.02,0
412,51,2025-07-24,1732.02,1732.02,0
413,51,2025-08-25,1732.02,1732.02,0
414,51,2025-09-22,1732.02,1732.02,0
415,51,2025-10-28,1732.02,1732.02,0
416,51,2025-11-24,1732.02,1732.02,0
417,51,2026-06-20,1732.02,374.71,175
418,52,2025-06-24,543.03,543.03,0
419,52,2025-07-28,543.03,543.03,0
420,52,2025-08-28,543.03,543.03,0
421,52,2025-09-28,543.03,543.03,0
422,52,2025-10-23,543.03,543.03,0
423,52,2025-11-26,543.03,543.03,0
424,52,2025-12-27,543.03,543.03,0
425,53,2024-12-23,227.6,227.6,0
426,53,2025-01-24,227.6,227.6,0
427,53,2025-02-28,227.6,227.6,0
428,53,2025-03-23,227.6,227.6,0
429,53,2025-04-27,227.6,227.6,0
430,53,2025-05-28,227.6,227.6,0
431,53,2025-08-08,227.6,219.16,43
432,53,2025-07-26,227.6,227.6,0
433,53,2025-08-25,227.6,227.6,0
434,53,2025-09-23,227.6,227.6,0
435,53,2025-10-24,227.6,227.6,0
436,53,2025-11-26,227.6,227.6,0
437,53,2025-12-28,227.6,227.6,0
438,54,2025-03-25,371.66,371.66,0
439,54,2025-09-10,371.66,6.11,141
440,54,2025-05-26,371.66,371.66,0
441,54,2025-06-22,371.66,371.66,0
442,54,2025-07-27,371.66,371.66,0
443,54,2025-08-24,371.66,371.66,0
444,54,2025-09-26,371.66,371.66,0
445,54,2025-10-24,371.66,371.66,0
446,54,2025-11-25,371.66,371.66,0
447,54,2025-12-23,371.66,371.66,0
448,55,2025-06-23,879.83,879.83,0
449,55,2025-07-24,879.83,879.83,0
450,55,2025-08-24,879.83,879.83,0
451,55,2025-09-28,879.83,879.83,0
452,55,2025-10-23,879.83,879.83,0
453,55,2025-11-25,879.83,879.83,0
454,55,2025-12-25,879.83,879.83,0
455,56,2025-05-27,390.32,390.32,0
456,56,2025-06-23,390.32,390.32,0
457,56,2025-07-24,390.32,390.32,0
458,56,2025-08-28,390.32,390.32,0
459,56,2025-09-26,390.32,390.32,0
460,56,2025-10-23,390.32,390.32,0
461,56,2025-11-28,390.32,390.32,0
462,56,2025-12-28,390.32,390.32,0
463,57,2025-09-26,1714.22,1714.22,0
464,57,2025-10-24,1714.22,1714.22,0
465,57,2025-11-22,1714.22,1714.22,0
466,57,2025-12-28,1714.22,1714.22,0
467,58,2025-09-23,734.67,734.67,0
468,58,2025-10-26,734.67,734.67,0
469,58,2025-11-26,734.67,734.67,0
470,58,2025-12-23,734.67,734.67,0
471,59,2025-05-17,73.86,71.69,53
472,59,2025-04-22,73.86,73.86,0
473,59,2025-05-28,73.86,73.86,0
474,59,2025-09-01,73.86,72.66,69
475,59,2025-07-23,73.86,73.86,0
476,59,2025-08-28,73.86,73.86,0
477,59,2025-09-28,73.86,73.86,0
478,59,2025-10-23,73.86,73.86,0
479,59,2025-11-24,73.86,73.86,0
480,59,2025-12-24,73.86,73.86,0
481,60,2025-09-23,291.69,291.69,0
482,60,2025-10-27,291.69,291.69,0
483,60,2025-11-22,291.69,291.69,0
484,60,2025-12-24,291.69,291.69,0
485,61,2025-06-22,900.26,900.26,0
486,61,2025-10-10,900.26,853.19,76
487,61,2025-08-22,900.26,900.26,0
488,61,2025-09-28,900.26,900.26,0
489,61,2025-10-27,900.26,900.26,0
490,61,2025-11-23,900.26,900.26,0
491,61,2025-12-27,900.26,900.26,0
492,62,2025-04-08,202.66,1.34,106
493,62,2025-02-25,202.66,10.29,30
494,62,2025-04-16,202.66,183.86,53
495,62,2025-03-28,202.66,202.66,0
496,62,2025-04-27,202.66,202.66,0
497,62,2025-05-22,202.66,202.66,0
498,62,2025-06-24,202.66,202.66,0
499,62,2025-09-21,202.66,186.27,60
500,62,2025-08-22,202.66,202.66,0
501,62,2025-12-07,202.66,186.88,75
502,62,2025-10-25,202.66,202.66,0
503,62,2025-11-24,202.66,202.66,0
504,62,2025-12-27,202.66,202.66,0
505,63,2025-12-25,1671.59,1671.59,0
506,64,2024-02-07,220.8,199.36,14
507,64,2024-02-22,220.8,220.8,0
508,64,2024-03-27,220.8,220.8,0
509,64,2024-04-28,220.8,220.8,0
510,64,2024-05-22,220.8,220.8,0
511,64,2024-06-23,220.8,220.8,0
512,64,2024-07-26,220.8,220.8,0
513,64,2024-08-23,220.8,220.8,0
514,64,2024-09-23,220.8,220.8,0
515,64,2024-10-28,220.8,220.8,0
516,64,2024-11-28,220.8,220.8,0
517,64,2024-12-28,220.8,220.8,0
518,64,2025-01-27,220.8,220.8,0
519,64,2025-02-24,220.8,220.8,0
520,64,2025-03-25,220.8,220.8,0
521,64,2025-04-25,220.8,220.8,0
522,64,2025-05-27,220.8,220.8,0
523,64,2025-06-27,220.8,220.8,0
524,64,2025-07-28,220.8,220.8,0
525,64,2025-08-25,220.8,220.8,0
526,64,2025-09-22,220.8,220.8,0
527,64,2025-10-25,220.8,220.8,0
528,64,2025-12-01,220.8,208.4,3
529,64,2025-12-24,220.8,220.8,0
530,65,2025-04-26,213.6,213.6,0
531,65,2025-05-24,213.6,213.6,0
532,65,2025-06-24,213.6,213.6,0
533,65,2025-07-24,213.6,213.6,0
534,65,2025-10-09,213.6,179.28,45
535,65,2025-09-24,213.6,213.6,0
536,65,2025-10-24,213.6,213.6,0
537,65,2025-11-24,213.6,213.6,0
538,65,2025-12-26,213.6,213.6,0
539,66,2024-11-09,110.15,4.36,139
540,66,2024-09-18,110.15,94.25,52
541,66,2024-08-28,110.15,110.15,0
542,66,2024-09-23,110.15,110.15,0
543,66,2024-10-25,110.15,110.15,0
544,66,2024-11-23,110.15,110.15,0
545,66,2024-12-22,110.15,110.15,0
546,66,2025-01-28,110.15,110.15,0
547,66,2025-02-28,110.15,110.15,0
548,66,2025-03-22,110.15,110.15,0
549,66,2025-04-24,110.15,110.15,0
550,66,2025-08-04,110.15,109.81,69
551,66,2025-12-07,110.15,3.16,166
552,66,2025-07-28,110.15,110.15,0
553,66,2025-08-23,110.15,110.15,0
554,66,2025-09-25,110.15,110.15,0
555,66,2026-01-01,110.15,100.07,67
556,66,2025-11-22,110.15,110.15,0
557,66,2025-12-23,110.15,110.15,0
558,67,2025-08-24,133.94,133.94,0
559,67,2025-09-26,133.94,133.94,0
560,67,2025-10-27,133.94,133.94,0
561,67,2025-11-24,133.94,133.94,0
562,67,2025-12-22,133.94,133.94,0
563,68,2025-06-27,677.94,677.94,0
564,68,2025-08-28,677.94,663.86,37
565,68,2025-08-24,677.94,677.94,0
566,68,2025-09-23,677.94,677.94,0
567,68,2025-10-26,677.94,677.94,0
568,68,2025-11-24,677.94,677.94,0
569,68,2025-12-28,677.94,677.94,0
570,69,2025-08-29,126.31,109.62,64
571,69,2025-07-28,126.31,126.31,0
572,69,2025-08-24,126.31,126.31,0
573,69,2025-09-23,126.31,126.31,0
574,69,2025-11-04,126.31,120.69,7
575,69,2025-11-23,126.31,126.31,0
576,69,2025-12-25,126.31,126.31,0
577,70,2025-11-27,536.09,536.09,0
578,70,2025-12-25,536.09,536.09,0
579,71,2024-01-23,1216.62,1216.62,0
580,71,2024-02-28,1216.62,1216.62,0
581,71,2024-04-06,1216.62,1108.2,14
582,71,2024-04-23,1216.62,1216.62,0
583,71,2024-05-23,1216.62,1216.62,0
584,71,2024-06-23,1216.62,1216.62,0
585,71,2024-07-28,1216.62,1216.62,0
586,71,2024-08-22,1216.62,1216.62,0
587,71,2024-09-25,1216.62,1216.62,0
588,71,2024-10-26,1216.62,1216.62,0
589,71,2025-01-19,1216.62,360.91,58
590,71,2024-12-27,1216.62,1216.62,0
591,71,2025-01-27,1216.62,1216.62,0
592,71,2025-02-28,1216.62,1216.62,0
593,71,2025-03-28,1216.62,1216.62,0
594,71,2025-04-24,1216.62,1216.62,0
595,71,2025-05-22,1216.62,1216.62,0
596,71,2025-06-27,1216.62,1216.62,0
597,71,2025-07-23,1216.62,1216.62,0
598,71,2025-08-28,1216.62,1216.62,0
599,71,2025-09-27,1216.62,1216.62,0
600,71,2025-11-22,1216.62,30.2,30
601,71,2025-11-23,1216.62,1216.62,0
602,71,2025-12-25,1216.62,1216.62,0
603,72,2024-09-23,480.74,480.74,0
604,72,2024-10-23,480.74,480.74,0
605,72,2024-11-28,480.74,480.74,0
606,72,2024-12-27,480.74,480.74,0
607,72,2025-01-25,480.74,480.74,0
608,72,2025-02-22,480.74,480.74,0
609,72,2025-05-07,480.74,401.63,43
610,72,2025-04-24,480.74,480.74,0
611,72,2025-05-26,480.74,480.74,0
612,72,2025-06-22,480.74,480.74,0
613,72,2025-07-27,480.74,480.74,0
614,72,2026-01-15,480.74,126.91,143
615,72,2025-09-25,480.74,480.74,0
616,72,2025-12-27,480.74,455.6,64
617,72,2025-11-28,480.74,480.74,0
618,72,2025-12-25,480.74,480.74,0
619,73,2024-10-27,207.91,207.91,0
620,73,2024-11-28,207.91,207.91,0
621,73,2024-12-24,207.91,207.91,0
622,73,2025-01-24,207.91,207.91,0
623,73,2025-02-23,207.91,207.91,0
624,73,2025-03-22,207.91,207.91,0
625,73,2025-04-22,207.91,207.91,0
626,73,2025-05-26,207.91,207.91,0
627,73,2025-06-28,207.91,207.91,0
628,73,2025-07-24,207.91,207.91,0
629,73,2025-08-28,207.91,207.91,0
630,73,2025-09-28,207.91,207.91,0
631,73,2025-10-23,207.91,207.91,0
632,73,2025-11-22,207.91,207.91,0
633,73,2025-12-23,207.91,207.91,0
634,74,2024-01-23,169.5,169.5,0
635,74,2024-02-27,169.5,169.5,0
636,74,2024-03-23,169.5,169.5,0
637,74,2024-04-27,169.5,169.5,0
638,74,2024-05-28,169.5,169.5,0
639,74,2024-06-24,169.5,169.5,0
640,74,2024-07-26,169.5,169.5,0
641,74,2024-10-10,169.5,158.84,47
642,74,2024-09-25,169.5,169.5,0
643,74,2024-10-24,169.5,169.5,0
644,74,2024-11-24,169.5,169.5,0
645,74,2025-02-05,169.5,146.52,40
646,74,2025-01-27,169.5,169.5,0
647,74,2025-02-25,169.5,169.5,0
648,74,2025-03-26,169.5,169.5,0
649,74,2025-04-24,169.5,169.5,0
650,74,2025-05-28,169.5,169.5,0
651,74,2025-06-28,169.5,169.5,0
652,74,2025-07-28,169.5,169.5,0
653,74,2025-08-23,169.5,169.5,0
654,74,2025-09-27,169.5,169.5,0
655,74,2025-10-26,169.5,169.5,0
656,74,2025-11-23,169.5,169.5,0
657,74,2025-12-24,169.5,169.5,0
658,75,2025-02-23,865.67,865.67,0
659,75,2025-03-24,865.67,865.67,0
660,75,2025-04-23,865.67,865.67,0
661,75,2025-07-13,865.67,693.84,51
662,75,2025-06-25,865.67,865.67,0
663,75,2025-10-02,865.67,826.6,71
664,75,2025-08-22,865.67,865.67,0
665,75,2025-09-25,865.67,865.67,0
666,75,2025-10-28,865.67,865.67,0
667,75,2025-11-22,865.67,865.67,0
668,75,2025-12-24,865.67,865.67,0
669,77,2025-06-23,231.78,188.65,26
670,77,2025-06-26,231.78,231.78,0
671,77,2025-07-27,231.78,231.78,0
672,77,2025-08-23,231.78,231.78,0
673,77,2025-09-26,231.78,231.78,0
674,77,2025-10-26,231.78,231.78,0
675,77,2025-11-23,231.78,231.78,0
676,77,2025-12-23,231.78,231.78,0
677,79,2025-05-25,291.56,291.56,0
678,79,2025-06-22,291.56,291.56,0
679,79,2026-01-17,291.56,11.1,179
680,79,2025-08-25,291.56,291.56,0
681,79,2025-10-23,291.56,260.14,29
682,79,2025-10-23,291.56,291.56,0
683,79,2025-11-22,291.56,291.56,0
684,79,2025-12-24,291.56,291.56,0
685,80,2024-01-27,870.08,870.08,0
686,80,2024-02-28,870.08,870.08,0
687,80,2024-03-24,870.08,870.08,0
688,80,2024-04-27,870.08,870.08,0
689,80,2024-05-27,870.08,870.08,0
690,80,2024-06-23,870.08,870.08,0
691,80,2024-07-23,870.08,870.08,0
692,80,2024-08-24,870.08,870.08,0
693,80,2024-09-23,870.08,870.08,0
694,80,2024-10-25,870.08,870.08,0
695,80,2024-11-22,870.08,870.08,0
696,80,2024-12-27,870.08,870.08,0
697,80,2025-01-27,870.08,870.08,0
698,80,2025-02-27,870.08,870.08,0
699,80,2025-03-27,870.08,870.08,0
700,80,2025-04-22,870.08,870.08,0
701,80,2025-05-28,870.08,870.08,0
702,80,2025-06-25,870.08,870.08,0
703,80,2025-07-27,870.08,870.08,0
704,80,2025-08-25,870.08,870.08,0
705,80,2025-09-27,870.08,870.08,0
706,80,2025-10-23,870.08,870.08,0
707,80,2025-11-25,870.08,870.08,0
708,80,2025-12-24,870.08,870.08,0
709,81,2024-01-24,360.77,360.77,0
710,81,2024-02-26,360.77,360.77,0
711,81,2024-03-27,360.77,360.77,0
712,81,2024-04-24,360.77,360.77,0
713,81,2024-05-23,360.77,360.77,0
714,81,2024-06-22,360.77,360.77,0
715,81,2024-10-25,360.77,94.31,90
716,81,2024-08-22,360.77,360.77,0
717,81,2024-09-23,360.77,360.77,0
718,81,2025-01-14,360.77,302.49,78
719,81,2024-11-28,360.77,360.77,0
720,81,2024-12-28,360.77,360.77,0
721,81,2025-01-24,360.77,360.77,0
722,81,2025-02-27,360.77,360.77,0
723,81,2025-03-25,360.77,360.77,0
724,81,2025-04-25,360.77,360.77,0
725,81,2025-05-22,360.77,360.77,0
726,81,2025-06-24,360.77,360.77,0
727,81,2025-07-25,360.77,360.77,0
728,81,2025-08-23,360.77,360.77,0
729,81,2025-09-27,360.77,360.77,0
730,81,2025-10-23,360.77,360.77,0
731,81,2025-11-24,360.77,360.77,0
732,81,2025-12-23,360.77,360.77,0
733,82,2025-11-24,107.93,107.93,0
734,82,2025-12-27,107.93,107.93,0
735,83,2025-03-22,281.46,281.46,0
736,83,2025-04-26,281.46,281.46,0
737,83,2025-05-28,281.46,281.46,0
738,83,2025-06-27,281.46,281.46,0
739,83,2025-07-28,281.46,281.46,0
740,83,2025-08-27,281.46,281.46,0
741,83,2025-09-28,281.46,281.46,0
742,83,2025-10-25,281.46,281.46,0
743,83,2025-11-26,281.46,281.46,0
744,83,2025-12-22,281.46,281.46,0
745,84,2025-04-23,467.86,467.86,0
746,84,2025-05-22,467.86,467.86,0
747,84,2025-06-24,467.86,467.86,0
748,84,2025-07-26,467.86,467.86,0
749,84,2025-08-28,467.86,467.86,0
750,84,2025-09-23,467.86,467.86,0
751,84,2025-10-22,467.86,467.86,0
752,84,2025-11-28,467.86,467.86,0
753,84,2025-12-26,467.86,467.86,0
754,85,2025-06-22,105.64,105.64,0
755,85,2025-07-28,105.64,105.64,0
756,85,2025-08-22,105.64,105.64,0
757,85,2025-09-22,105.64,105.64,0
758,85,2025-10-23,105.64,105.64,0
759,85,2025-11-27,105.64,105.64,0
760,85,2025-12-26,105.64,105.64,0
761,86,2025-10-12,100.82,16.18,109
762,86,2025-07-22,100.82,100.82,0
763,86,2025-09-03,100.82,96.91,8
764,86,2025-09-27,100.82,100.82,0
765,86,2025-10-28,100.82,100.82,0
766,86,2025-11-24,100.82,100.82,0
767,86,2025-12-28,100.82,100.82,0
768,87,2025-07-27,536.4,536.4,0
769,87,2025-08-26,536.4,536.4,0
770,87,2025-09-23,536.4,536.4,0
771,87,2025-10-23,536.4,536.4,0
772,87,2025-11-22,536.4,536.4,0
773,87,2025-12-26,536.4,536.4,0
774,88,2025-03-25,564.88,564.88,0
775,88,2025-04-25,564.88,564.88,0
776,88,2025-05-27,564.88,564.88,0
777,88,2025-06-28,564.88,564.88,0
778,88,2025-07-23,564.88,564.88,0
779,88,2025-08-25,564.88,564.88,0
780,88,2025-09-24,564.88,564.88,0
781,88,2025-10-26,564.88,564.88,0
782,88,2025-11-28,564.88,564.88,0
783,88,2025-12-24,564.88,564.88,0
784,89,2025-03-24,423.64,423.64,0
785,89,2025-04-23,423.64,423.64,0
786,89,2025-05-28,423.64,423.64,0
787,89,2025-06-23,423.64,423.64,0
788,89,2025-07-25,423.64,423.64,0
789,89,2025-08-23,423.64,423.64,0
790,89,2025-09-23,423.64,423.64,0
791,89,2025-10-26,423.64,423.64,0
792,89,2025-11-26,423.64,423.64,0
793,89,2025-12-28,423.64,423.64,0
794,91,2024-05-28,470.27,470.27,0
795,91,2024-06-26,470.27,470.27,0
796,91,2024-07-28,470.27,470.27,0
797,91,2024-08-26,470.27,470.27,0
798,91,2024-09-24,470.27,470.27,0
799,91,2024-10-27,470.27,470.27,0
800,91,2024-11-23,470.27,470.27,0
801,91,2024-12-25,470.27,470.27,0
802,91,2025-01-28,470.27,470.27,0
803,91,2025-02-24,470.27,470.27,0
804,91,2025-03-27,470.27,470.27,0
805,91,2025-04-25,470.27,470.27,0
806,91,2025-05-25,470.27,470.27,0
807,91,2025-06-27,470.27,470.27,0
808,91,2025-07-23,470.27,470.27,0
809,91,2025-11-21,470.27,393.86,86
810,91,2025-09-27,470.27,470.27,0
811,91,2025-10-26,470.27,470.27,0
812,91,2025-11-24,470.27,470.27,0
813,91,2025-12-25,470.27,470.27,0
814,92,2024-08-25,543.77,543.77,0
815,92,2025-02-13,543.77,92.44,140
816,92,2024-10-22,543.77,543.77,0
817,92,2024-11-24,543.77,543.77,0
818,92,2024-12-23,543.77,543.77,0
819,92,2025-01-27,543.77,543.77,0
820,92,2025-02-27,543.77,543.77,0
821,92,2025-03-28,543.77,543.77,0
822,92,2025-04-25,543.77,543.77,0
823,92,2025-05-25,543.77,543.77,0
824,92,2025-06-26,543.77,543.77,0
825,92,2025-07-26,543.77,543.77,0
826,92,2025-08-22,543.77,543.77,0
827,92,2025-09-22,543.77,543.77,0
828,92,2025-10-28,543.77,543.77,0
829,92,2025-11-23,543.77,543.77,0
830,92,2025-12-25,543.77,543.77,0
831,93,2025-04-24,248.55,248.55,0
832,93,2025-06-11,248.55,239.05,18
833,93,2025-07-14,248.55,231.23,22
834,93,2025-07-28,248.55,248.55,0
835,93,2025-08-26,248.55,248.55,0
836,93,2025-09-24,248.55,248.55,0
837,93,2025-10-22,248.55,248.55,0
838,93,2026-03-10,248.55,4.02,102
839,93,2025-12-25,248.55,248.55,0
840,94,2025-03-23,80.0,78.97,27
841,94,2025-04-02,80.0,64.96,5
842,94,2025-05-09,80.0,72.56,11
843,94,2025-06-11,80.0,70.36,14
844,94,2025-06-25,80.0,80.0,0
845,94,2025-07-23,80.0,80.0,0
846,94,2025-08-28,80.0,80.0,0
847,94,2025-09-25,80.0,80.0,0
848,94,2026-01-04,80.0,27.75,73
849,94,2025-11-22,80.0,80.0,0
850,94,2026-01-09,80.0,77.47,12
851,95,2025-10-26,898.64,898.64,0
852,95,2025-11-22,898.64,898.64,0
853,95,2025-12-24,898.64,898.64,0
854,96,2025-01-25,77.13,77.13,0
855,96,2025-04-06,77.13,69.15,39
856,96,2025-03-28,77.13,77.13,0
857,96,2025-04-24,77.13,77.13,0
858,96,2025-05-22,77.13,77.13,0
859,96,2025-06-22,77.13,77.13,0
860,96,2025-07-27,77.13,77.13,0
861,96,2025-10-06,77.13,62.25,40
862,96,2025-09-26,77.13,77.13,0
863,96,2025-10-23,77.13,77.13,0
864,96,2025-11-28,77.13,77.13,0
865,96,2025-12-26,77.13,77.13,0
866,97,2024-12-15,216.98,175.72,84
867,97,2024-10-23,216.98,216.98,0
868,97,2024-11-23,216.98,216.98,0
869,97,2024-12-23,216.98,216.98,0
870,97,2025-01-23,216.98,216.98,0
871,97,2025-02-25,216.98,216.98,0
872,97,2025-03-25,216.98,216.98,0
873,97,2025-04-27,216.98,216.98,0
874,97,2025-05-26,216.98,216.98,0
875,97,2025-06-28,216.98,216.98,0
876,97,2025-07-25,216.98,216.98,0
877,97,2025-08-23,216.98,216.98,0
878,97,2025-09-27,216.98,216.98,0
879,97,2025-10-24,216.98,216.98,0
880,97,2025-11-24,216.98,216.98,0
881,97,2025-12-23,216.98,216.98,0
882,98,2025-02-23,1171.04,1171.04,0
883,98,2025-03-26,1171.04,1171.04,0
884,98,2025-04-27,1171.04,1171.04,0
885,98,2025-05-27,1171.04,1171.04,0
886,98,2025-06-27,1171.04,1171.04,0
887,98,2025-07-23,1171.04,1171.04,0
888,98,2025-08-25,1171.04,1171.04,0
889,98,2025-09-25,1171.04,1171.04,0
890,98,2025-10-23,1171.04,1171.04,0
891,98,2025-11-28,1171.04,1171.04,0
892,98,2025-12-28,1171.04,1171.04,0
893,99,2025-06-24,590.78,590.78,0
894,99,2025-07-23,590.78,590.78,0
895,99,2025-08-23,590.78,590.78,0
896,99,2025-09-26,590.78,590.78,0
897,99,2025-10-28,590.78,590.78,0
898,99,2025-12-21,590.78,479.75,26
899,99,2026-03-01,590.78,564.99,65
900,100,2025-05-25,167.1,167.1,0
901,100,2025-08-23,167.1,145.3,57
902,100,2025-07-26,167.1,167.1,0
903,100,2025-08-28,167.1,167.1,0
904,100,2025-09-28,167.1,167.1,0
905,100,2025-10-26,167.1,167.1,0
906,100,2025-11-27,167.1,167.1,0
907,100,2025-12-25,167.1,167.1,0
908,101,2024-11-25,196.71,196.71,0
909,101,2024-12-24,196.71,196.71,0
910,101,2025-01-22,196.71,196.71,0
911,101,2025-02-22,196.71,196.71,0
912,101,2025-03-27,196.71,196.71,0
913,101,2025-04-25,196.71,196.71,0
914,101,2025-06-06,196.71,165.14,10
915,101,2025-06-23,196.71,196.71,0
916,101,2025-07-23,196.71,196.71,0
917,101,2025-08-28,196.71,196.71,0
918,101,2025-09-27,196.71,196.71,0
919,101,2025-10-23,196.71,196.71,0
920,101,2025-11-27,196.71,196.71,0
921,101,2025-12-23,196.71,196.71,0
922,102,2024-11-24,290.24,290.24,0
923,102,2024-12-22,290.24,290.24,0
924,102,2025-01-23,290.24,290.24,0
925,102,2025-02-22,290.24,290.24,0
926,102,2025-03-26,290.24,290.24,0
927,102,2025-04-27,290.24,290.24,0
928,102,2025-05-25,290.24,290.24,0
929,102,2025-06-27,290.24,290.24,0
930,102,2025-07-23,290.24,290.24,0
931,102,2025-08-23,290.24,290.24,0
932,102,2025-09-27,290.24,290.24,0
933,102,2025-10-23,290.24,290.24,0
934,102,2025-11-23,290.24,290.24,0
935,102,2025-12-23,290.24,290.24,0
936,103,2025-06-26,88.11,88.11,0
937,103,2025-07-24,88.11,88.11,0
938,103,2025-08-25,88.11,88.11,0
939,103,2025-12-01,88.11,81.82,68
940,103,2025-10-25,88.11,88.11,0
941,103,2026-03-07,88.11,31.36,101
942,103,2025-12-25,88.11,88.11,0
943,104,2025-12-27,252.51,252.51,0
944,105,2025-05-26,360.4,360.4,0
945,105,2025-06-22,360.4,360.4,0
946,105,2025-07-25,360.4,360.4,0
947,105,2025-08-24,360.4,360.4,0
948,105,2025-09-26,360.4,360.4,0
949,105,2025-10-27,360.4,360.4,0
950,105,2025-11-23,360.4,360.4,0
951,105,2025-12-27,360.4,360.4,0
952,106,2025-11-05,343.17,122.15,130
953,106,2025-07-22,343.17,343.17,0
954,106,2025-08-24,343.17,343.17,0
955,106,2025-09-26,343.17,343.17,0
956,106,2025-10-28,343.17,343.17,0
957,106,2025-11-26,343.17,343.17,0
958,106,2025-12-24,343.17,343.17,0
959,107,2025-09-27,160.17,160.17,0
960,107,2025-11-02,160.17,154.86,6
961,107,2025-11-24,160.17,160.17,0
962,107,2025-12-27,160.17,160.17,0
963,108,2025-08-23,1038.02,1038.02,0
964,108,2025-09-28,1038.02,1038.02,0
965,108,2025-10-28,1038.02,1038.02,0
966,108,2025-11-28,1038.02,1038.02,0
967,108,2025-12-27,1038.02,1038.02,0
968,109,2024-12-24,176.46,176.46,0
969,109,2025-01-28,176.46,176.46,0
970,109,2025-02-28,176.46,176.46,0
971,109,2025-03-25,176.46,176.46,0
972,109,2025-04-26,176.46,176.46,0
973,109,2025-05-27,176.46,176.46,0
974,109,2025-06-27,176.46,176.46,0
975,109,2025-07-23,176.46,176.46,0
976,109,2025-08-24,176.46,176.46,0
977,109,2025-09-28,176.46,176.46,0
978,109,2025-10-28,176.46,176.46,0
979,109,2025-11-25,176.46,176.46,0
980,109,2025-12-22,176.46,176.46,0
981,110,2025-05-24,286.68,286.68,0
982,110,2025-06-23,286.68,286.68,0
983,110,2025-07-23,286.68,286.68,0
984,110,2025-08-25,286.68,286.68,0
985,110,2025-11-07,286.68,268.93,43
986,110,2026-02-26,286.68,46.25,126
987,110,2025-12-29,286.68,271.19,37
988,110,2025-12-23,286.68,286.68,0
989,111,2024-11-24,282.98,282.98,0
990,111,2024-12-25,282.98,282.98,0
991,111,2025-01-24,282.98,282.98,0
992,111,2025-02-25,282.98,282.98,0
993,111,2025-03-23,282.98,282.98,0
994,111,2025-04-28,282.98,282.98,0
995,111,2025-05-26,282.98,282.98,0
996,111,2025-06-23,282.98,282.98,0
997,111,2025-07-22,282.98,282.98,0
998,111,2025-08-28,282.98,282.98,0
999,111,2025-09-24,282.98,282.98,0
1000,111,2025-10-27,282.98,282.98,0
1001,111,2025-11-22,282.98,282.98,0
1002,111,2025-12-23,282.98,282.98,0
1003,112,2025-11-23,762.79,762.79,0
1004,112,2025-12-23,762.79,762.79,0
1005,113,2025-04-19,124.76,105.49,23
1006,113,2025-04-28,124.76,124.76,0
1007,113,2025-05-28,124.76,124.76,0
1008,113,2025-06-25,124.76,124.76,0
1009,113,2025-07-27,124.76,124.76,0
1010,113,2025-08-23,124.76,124.76,0
1011,113,2025-09-28,124.76,124.76,0
1012,113,2025-10-22,124.76,124.76,0
1013,113,2025-11-28,124.76,124.76,0
1014,113,2025-12-22,124.76,124.76,0
1015,114,2024-10-27,368.82,368.82,0
1016,114,2024-11-24,368.82,368.82,0
1017,114,2024-12-22,368.82,368.82,0
1018,114,2025-01-26,368.82,368.82,0
1019,114,2025-02-25,368.82,368.82,0
1020,114,2025-03-27,368.82,368.82,0
1021,114,2025-04-27,368.82,368.82,0
1022,114,2025-05-27,368.82,368.82,0
1023,114,2025-06-27,368.82,368.82,0
1024,114,2025-07-27,368.82,368.82,0
1025,114,2025-08-23,368.82,368.82,0
1026,114,2025-09-28,368.82,362.76,1
1027,114,2025-11-28,368.82,342.13,35
1028,114,2025-11-22,368.82,368.82,0
1029,114,2025-12-28,368.82,368.82,0
1030,116,2024-10-26,1112.27,1112.27,0
1031,116,2024-11-28,1112.27,1112.27,0
1032,116,2024-12-26,1112.27,1112.27,0
1033,116,2025-04-22,1112.27,134.06,87
1034,116,2025-02-28,1112.27,1112.27,0
1035,116,2025-03-23,1112.27,1112.27,0
1036,116,2025-04-26,1112.27,1112.27,0
1037,116,2025-08-15,1112.27,938.79,85
1038,116,2025-06-24,1112.27,1112.27,0
1039,116,2025-07-25,1112.27,1112.27,0
1040,116,2025-08-25,1112.27,1112.27,0
1041,116,2025-10-28,1112.27,978.0,31
1042,116,2025-10-31,1112.27,1056.59,3
1043,116,2025-11-22,1112.27,1112.27,0
1044,116,2026-01-16,1112.27,1086.84,20
1045,117,2025-10-25,881.29,881.29,0
1046,117,2025-11-25,881.29,881.29,0
1047,117,2025-12-27,881.29,881.29,0
1048,118,2025-02-23,2271.7,2271.7,0
1049,118,2025-03-25,2271.7,2271.7,0
1050,118,2025-04-26,2271.7,2271.7,0
1051,118,2025-05-28,2271.7,2271.7,0
1052,118,2025-06-25,2271.7,2271.7,0
1053,118,2025-07-22,2271.7,2271.7,0
1054,118,2025-08-26,2271.7,2271.7,0
1055,118,2025-09-27,2271.7,2271.7,0
1056,118,2025-10-27,2271.7,2271.7,0
1057,118,2025-11-22,2271.7,2271.7,0
1058,118,2026-01-05,2271.7,2236.21,13
1059,119,2025-01-28,637.63,637.63,0
1060,119,2025-02-24,637.63,637.63,0
1061,119,2025-03-23,637.63,637.63,0
1062,119,2025-04-24,637.63,637.63,0
1063,119,2025-07-01,637.63,33.81,40
1064,119,2025-06-22,637.63,637.63,0
1065,119,2025-07-22,637.63,637.63,0
1066,119,2025-08-27,637.63,637.63,0
1067,119,2025-09-24,637.63,637.63,0
1068,119,2025-10-26,637.63,637.63,0
1069,119,2025-11-24,637.63,637.63,0
1070,119,2025-12-25,637.63,637.63,0
1071,120,2025-03-22,152.65,152.65,0
1072,120,2025-04-23,152.65,152.65,0
1073,120,2025-05-24,152.65,152.65,0
1074,120,2025-06-23,152.65,152.65,0
1075,120,2025-09-24,152.65,143.07,62
1076,120,2025-11-09,152.65,145.48,79
1077,120,2025-09-27,152.65,152.65,0
1078,120,2025-10-23,152.65,152.65,0
1079,120,2025-12-04,152.65,139.49,10
1080,120,2025-12-24,152.65,152.65,0
1081,121,2024-08-25,377.27,377.27,0
1082,121,2024-09-23,377.27,377.27,0
1083,121,2024-10-26,377.27,377.27,0
1084,121,2024-11-26,377.27,377.27,0
1085,121,2024-12-26,377.27,377.27,0
1086,121,2025-01-27,377.27,377.27,0
1087,121,2025-02-25,377.27,377.27,0
1088,121,2025-03-28,377.27,377.27,0
1089,121,2025-04-23,377.27,377.27,0
1090,121,2025-05-27,377.27,377.27,0
1091,121,2025-07-17,377.27,359.19,22
1092,121,2025-07-25,377.27,377.27,0
1093,121,2025-08-22,377.27,377.27,0
1094,121,2025-11-23,377.27,341.71,56
1095,121,2025-10-25,377.27,377.27,0
1096,121,2025-11-22,377.27,377.27,0
1097,121,2025-12-22,377.27,377.27,0
1098,122,2025-03-25,932.38,932.38,0
1099,122,2025-04-28,932.38,932.38,0
1100,122,2025-05-28,932.38,932.38,0
1101,122,2025-06-28,932.38,932.38,0
1102,122,2025-07-24,932.38,932.38,0
1103,122,2025-08-23,932.38,932.38,0
1104,122,2025-09-26,932.38,932.38,0
1105,122,2025-10-25,932.38,932.38,0
1106,122,2025-11-26,932.38,932.38,0
1107,122,2025-12-22,932.38,932.38,0
1108,123,2025-06-22,197.92,197.92,0
1109,123,2025-07-28,197.92,197.92,0
1110,123,2025-08-23,197.92,197.92,0
1111,123,2025-09-24,197.92,197.92,0
1112,123,2025-10-24,197.92,197.92,0
1113,123,2025-11-27,197.92,197.92,0
1114,123,2025-12-28,197.92,197.92,0
1115,124,2025-05-25,165.45,165.45,0
1116,124,2025-06-24,165.45,165.45,0
1117,124,2025-07-28,165.45,165.45,0
1118,124,2025-08-24,165.45,165.45,0
1119,124,2025-09-23,165.45,165.45,0
1120,124,2025-10-27,165.45,165.45,0
1121,124,2026-05-21,165.45,42.29,180
1122,124,2025-12-25,165.45,165.45,0
1123,125,2024-08-21,655.39,593.59,29
1124,125,2024-08-23,655.39,655.39,0
1125,125,2024-09-24,655.39,655.39,0
1126,125,2025-02-02,655.39,237.54,97
1127,125,2024-11-28,655.39,655.39,0
1128,125,2024-12-23,655.39,655.39,0
1129,125,2025-01-22,655.39,655.39,0
1130,125,2025-02-25,655.39,655.39,0
1131,125,2025-03-24,655.39,655.39,0
1132,125,2025-04-24,655.39,655.39,0
1133,125,2025-05-24,655.39,655.39,0
1134,125,2025-06-24,655.39,655.39,0
1135,125,2025-07-25,655.39,655.39,0
1136,125,2025-08-27,655.39,655.39,0
1137,125,2025-09-22,655.39,655.39,0
1138,125,2025-10-27,655.39,655.39,0
1139,125,2025-11-28,655.39,655.39,0
1140,125,2025-12-24,655.39,655.39,0
1141,126,2025-10-28,97.41,97.41,0
1142,126,2025-11-23,97.41,97.41,0
1143,126,2025-12-28,97.41,97.41,0
1144,127,2024-10-26,300.95,300.95,0
1145,127,2024-11-22,300.95,300.95,0
1146,127,2024-12-23,300.95,300.95,0
1147,127,2025-01-26,300.95,300.95,0
1148,127,2025-02-25,300.95,300.95,0
1149,127,2025-03-26,300.95,300.95,0
1150,127,2025-04-28,300.95,300.95,0
1151,127,2025-05-26,300.95,300.95,0
1152,127,2025-06-28,300.95,300.95,0
1153,127,2025-07-28,300.95,300.95,0
1154,127,2025-08-23,300.95,300.95,0
1155,127,2025-09-23,300.95,300.95,0
1156,127,2025-12-21,300.95,258.83,54
1157,127,2025-11-25,300.95,300.95,0
1158,127,2025-12-27,300.95,300.95,0
1159,129,2024-10-23,256.12,256.12,0
1160,129,2024-11-25,256.12,256.12,0
1161,129,2024-12-26,256.12,256.12,0
1162,129,2025-01-25,256.12,256.12,0
1163,129,2025-02-26,256.12,256.12,0
1164,129,2025-03-25,256.12,256.12,0
1165,129,2025-04-27,256.12,256.12,0
1166,129,2025-05-28,256.12,256.12,0
1167,129,2025-06-25,256.12,256.12,0
1168,129,2025-07-23,256.12,256.12,0
1169,129,2025-08-22,256.12,256.12,0
1170,129,2025-09-23,256.12,256.12,0
1171,129,2025-10-24,256.12,256.12,0
1172,129,2025-11-25,256.12,256.12,0
1173,129,2025-12-28,256.12,256.12,0
1174,131,2025-04-25,239.73,239.73,0
1175,131,2025-05-22,239.73,239.73,0
1176,131,2025-08-07,239.73,228.37,46
1177,131,2025-08-15,239.73,238.33,18
1178,131,2025-08-27,239.73,239.73,0
1179,131,2025-09-22,239.73,239.73,0
1180,131,2025-10-28,239.73,239.73,0
1181,131,2025-11-26,239.73,239.73,0
1182,131,2025-12-25,239.73,239.73,0
1183,132,2025-06-23,1527.18,1527.18,0
1184,132,2025-07-26,1527.18,1527.18,0
1185,132,2025-10-29,1527.18,1377.46,65
1186,132,2025-09-25,1527.18,1527.18,0
1187,132,2025-12-15,1527.18,225.4,49
1188,132,2025-11-24,1527.18,1527.18,0
1189,132,2025-12-23,1527.18,1527.18,0
1190,133,2024-03-14,410.25,345.86,47
1191,133,2024-02-26,410.25,410.25,0
1192,133,2024-03-24,410.25,410.25,0
1193,133,2024-04-26,410.25,410.25,0
1194,133,2024-05-26,410.25,410.25,0
1195,133,2024-06-22,410.25,410.25,0
1196,133,2024-12-06,410.25,14.51,134
1197,133,2024-08-23,410.25,410.25,0
1198,133,2024-09-24,410.25,410.25,0
1199,133,2024-10-22,410.25,410.25,0
1200,133,2024-11-22,410.25,410.25,0
1201,133,2024-12-23,410.25,410.25,0
1202,133,2025-01-27,410.25,410.25,0
1203,133,2025-02-25,410.25,410.25,0
1204,133,2025-03-27,410.25,410.25,0
1205,133,2025-04-28,410.25,410.25,0
1206,133,2025-05-24,410.25,410.25,0
1207,133,2025-06-28,410.25,410.25,0
1208,133,2025-07-23,410.25,410.25,0
1209,133,2025-08-23,410.25,410.25,0
1210,133,2025-09-25,410.25,410.25,0
1211,133,2025-10-24,410.25,410.25,0
1212,133,2025-11-26,410.25,410.25,0
1213,133,2025-12-24,410.25,410.25,0
1214,134,2024-06-24,656.14,656.14,0
1215,134,2024-07-22,656.14,656.14,0
1216,134,2024-08-24,656.14,656.14,0
1217,134,2024-09-26,656.14,656.14,0
1218,134,2024-10-25,656.14,656.14,0
1219,134,2024-11-23,656.14,656.14,0
1220,134,2024-12-27,656.14,656.14,0
1221,134,2025-01-27,656.14,656.14,0
1222,134,2025-02-23,656.14,656.14,0
1223,134,2025-03-26,656.14,656.14,0
1224,134,2025-04-27,656.14,656.14,0
1225,134,2025-05-24,656.14,656.14,0
1226,134,2025-06-22,656.14,656.14,0
1227,134,2025-10-02,656.14,603.83,70
1228,134,2025-08-22,656.14,656.14,0
1229,134,2025-09-27,656.14,656.14,0
1230,134,2025-10-27,656.14,656.14,0
1231,134,2025-11-28,656.14,656.14,0
1232,134,2025-12-28,656.14,656.14,0
1233,135,2025-12-28,298.16,298.16,0
1234,136,2025-07-25,488.04,488.04,0
1235,136,2025-08-22,488.04,488.04,0
1236,136,2025-09-28,488.04,488.04,0
1237,136,2025-10-22,488.04,488.04,0
1238,136,2025-11-27,488.04,488.04,0
1239,136,2025-12-23,488.04,488.04,0
1240,137,2025-06-28,206.57,206.57,0
1241,137,2025-07-23,206.57,206.57,0
1242,137,2025-09-02,206.57,186.08,5
1243,137,2025-09-23,206.57,206.57,0
1244,137,2025-10-22,206.57,206.57,0
1245,137,2025-11-28,206.57,206.57,0
1246,137,2026-06-18,206.57,41.69,177
1247,138,2025-05-23,75.37,75.37,0
1248,138,2025-06-25,75.37,75.37,0
1249,138,2025-07-28,75.37,75.37,0
1250,138,2025-08-24,75.37,75.37,0
1251,138,2025-10-14,75.37,64.84,21
1252,138,2025-10-24,75.37,75.37,0
1253,138,2025-11-24,75.37,75.37,0
1254,138,2025-12-25,75.37,75.37,0
1255,139,2025-05-23,56.92,56.92,0
1256,139,2025-06-25,56.92,56.92,0
1257,139,2025-07-24,56.92,56.92,0
1258,139,2025-08-25,56.92,56.92,0
1259,139,2025-09-25,56.92,56.92,0
1260,139,2025-10-22,56.92,56.92,0
1261,139,2025-11-26,56.92,56.92,0
1262,139,2025-12-25,56.92,56.92,0
1263,140,2025-05-24,670.72,670.72,0
1264,140,2025-06-25,670.72,670.72,0
1265,140,2025-07-22,670.72,670.72,0
1266,140,2025-08-24,670.72,670.72,0
1267,140,2025-09-22,670.72,670.72,0
1268,140,2025-11-16,670.72,631.87,21
1269,140,2025-11-26,670.72,670.72,0
1270,140,2025-12-28,670.72,670.72,0
1271,142,2025-07-22,255.61,255.61,0
1272,142,2025-08-25,255.61,255.61,0
1273,142,2025-09-25,255.61,255.61,0
1274,142,2025-10-26,255.61,255.61,0
1275,142,2026-01-16,255.61,206.51,54
1276,142,2025-12-27,255.61,255.61,0
1277,143,2024-12-23,342.98,342.98,0
1278,143,2025-01-24,342.98,342.98,0
1279,143,2025-02-23,342.98,342.98,0
1280,143,2025-03-24,342.98,342.98,0
1281,143,2025-04-24,342.98,342.98,0
1282,143,2025-05-24,342.98,342.98,0
1283,143,2025-06-22,342.98,342.98,0
1284,143,2025-07-24,342.98,342.98,0
1285,143,2026-01-15,342.98,69.17,144
1286,143,2025-09-28,342.98,342.98,0
1287,143,2025-10-22,342.98,342.98,0
1288,143,2025-11-27,342.98,342.98,0
1289,143,2026-02-09,342.98,304.18,43
1290,144,2025-11-26,201.05,201.05,0
1291,144,2025-12-27,201.05,201.05,0
1292,145,2024-02-25,1722.18,1722.18,0
1293,145,2024-05-08,1722.18,64.25,44
1294,145,2024-04-27,1722.18,1722.18,0
1295,145,2024-05-26,1722.18,1722.18,0
1296,145,2024-06-27,1722.18,1722.18,0
1297,145,2024-07-25,1722.18,1722.18,0
1298,145,2024-08-27,1722.18,1722.18,0
1299,145,2024-09-28,1722.18,1722.18,0
1300,145,2024-10-24,1722.18,1722.18,0
1301,145,2024-11-25,1722.18,1722.18,0
1302,145,2024-12-23,1722.18,1722.18,0
1303,145,2025-01-22,1722.18,1722.18,0
1304,145,2025-02-28,1722.18,1722.18,0
1305,145,2025-03-28,1722.18,1722.18,0
1306,145,2025-04-24,1722.18,1722.18,0
1307,145,2025-05-22,1722.18,1722.18,0
1308,145,2025-06-24,1722.18,1722.18,0
1309,145,2025-07-22,1722.18,1722.18,0
1310,145,2025-08-23,1722.18,1722.18,0
1311,145,2025-09-25,1722.18,1722.18,0
1312,145,2025-10-24,1722.18,1722.18,0
1313,145,2025-11-26,1722.18,1722.18,0
1314,145,2025-12-28,1722.18,1722.18,0
1315,146,2025-11-26,1077.56,1077.56,0
1316,146,2025-12-27,1077.56,1077.56,0
1317,147,2024-10-25,170.31,170.31,0
1318,147,2024-11-23,170.31,170.31,0
1319,147,2024-12-24,170.31,170.31,0
1320,147,2025-02-21,170.31,155.45,24
1321,147,2025-02-22,170.31,170.31,0
1322,147,2025-03-24,170.31,170.31,0
1323,147,2025-04-26,170.31,170.31,0
1324,147,2025-05-25,170.31,170.31,0
1325,147,2025-06-25,170.31,170.31,0
1326,147,2025-07-24,170.31,170.31,0
1327,147,2025-09-03,170.31,142.58,11
1328,147,2025-09-28,170.31,170.31,0
1329,147,2025-10-24,170.31,170.31,0
1330,147,2025-11-27,170.31,170.31,0
1331,147,2025-12-26,170.31,170.31,0
1332,148,2025-08-11,228.64,79.8,45
1333,148,2025-07-25,228.64,228.64,0
1334,148,2025-08-28,228.64,228.64,0
1335,148,2025-09-22,228.64,228.64,0
1336,148,2025-10-26,228.64,228.64,0
1337,148,2025-11-28,228.64,228.64,0
1338,148,2025-12-26,228.64,228.64,0
1339,150,2025-07-25,644.49,644.49,0
1340,150,2025-08-25,644.49,644.49,0
1341,150,2025-09-28,644.49,644.49,0
1342,150,2025-10-26,644.49,644.49,0
1343,150,2025-11-22,644.49,644.49,0
1344,150,2025-12-22,644.49,644.49,0
1345,151,2025-07-24,172.89,172.89,0
1346,151,2025-08-27,172.89,172.89,0
1347,151,2025-09-28,172.89,172.89,0
1348,151,2025-10-25,172.89,172.89,0
1349,151,2025-11-22,172.89,172.89,0
1350,151,2025-12-28,172.89,172.89,0
1351,152,2025-08-25,159.02,159.02,0
1352,152,2025-09-25,159.02,159.02,0
1353,152,2025-10-24,159.02,159.02,0
1354,152,2025-11-23,159.02,159.02,0
1355,152,2025-12-23,159.02,159.02,0
1356,153,2025-11-24,162.18,162.18,0
1357,153,2025-12-24,162.18,162.18,0
1358,155,2024-01-28,137.68,137.68,0
1359,155,2024-02-27,137.68,137.68,0
1360,155,2024-03-23,137.68,137.68,0
1361,155,2024-04-28,137.68,137.68,0
1362,155,2024-08-17,137.68,111.76,82
1363,155,2024-06-28,137.68,137.68,0
1364,155,2024-12-09,137.68,5.11,135
1365,155,2024-08-25,137.68,137.68,0
1366,155,2024-09-26,137.68,137.68,0
1367,155,2024-10-27,137.68,137.68,0
1368,155,2024-11-27,137.68,137.68,0
1369,155,2024-12-28,137.68,137.68,0
1370,155,2025-01-25,137.68,137.68,0
1371,155,2025-05-04,137.68,111.15,68
1372,155,2025-03-28,137.68,137.68,0
1373,155,2025-04-23,137.68,137.68,0
1374,155,2025-05-28,137.68,137.68,0
1375,155,2025-06-22,137.68,137.68,0
1376,155,2025-07-23,137.68,137.68,0
1377,155,2025-08-24,137.68,137.68,0
1378,155,2025-09-23,137.68,137.68,0
1379,155,2025-12-30,137.68,115.65,64
1380,155,2025-11-23,137.68,137.68,0
1381,155,2025-12-28,137.68,137.68,0
1382,156,2024-12-23,617.77,617.77,0
1383,156,2025-01-24,617.77,617.77,0
1384,156,2025-02-22,617.77,617.77,0
1385,156,2025-03-27,617.77,617.77,0
1386,156,2025-04-28,617.77,617.77,0
1387,156,2025-07-28,617.77,552.49,65
1388,156,2025-06-27,617.77,617.77,0
1389,156,2025-07-22,617.77,617.77,0
1390,156,2025-08-24,617.77,617.77,0
1391,156,2025-09-24,617.77,617.77,0
1392,156,2025-10-26,617.77,617.77,0
1393,156,2026-04-25,617.77,95.06,154
1394,156,2025-12-27,617.77,617.77,0
1395,157,2024-02-24,799.8,799.8,0
1396,157,2024-03-22,799.8,799.8,0
1397,157,2024-04-27,799.8,799.8,0
1398,157,2024-05-27,799.8,799.8,0
1399,157,2024-06-22,799.8,799.8,0
1400,157,2024-07-27,799.8,799.8,0
1401,157,2024-08-22,799.8,799.8,0
1402,157,2024-12-12,799.8,63.38,80
1403,157,2024-10-24,799.8,799.8,0
1404,157,2024-11-25,799.8,799.8,0
1405,157,2024-12-24,799.8,799.8,0
1406,157,2025-01-27,799.8,799.8,0
1407,157,2025-02-22,799.8,799.8,0
1408,157,2025-03-26,799.8,799.8,0
1409,157,2025-04-25,799.8,799.8,0
1410,157,2025-05-25,799.8,799.8,0
1411,157,2025-06-26,799.8,799.8,0
1412,157,2025-07-22,799.8,799.8,0
1413,157,2025-08-22,799.8,799.8,0
1414,157,2025-09-27,799.8,799.8,0
1415,157,2025-10-26,799.8,799.8,0
1416,157,2025-11-27,799.8,799.8,0
1417,157,2025-12-28,799.8,799.8,0
1418,158,2024-11-22,278.78,278.78,0
1419,158,2024-12-25,278.78,278.78,0
1420,158,2025-01-25,278.78,278.78,0
1421,158,2025-02-28,278.78,278.78,0
1422,158,2025-03-25,278.78,278.78,0
1423,158,2025-07-22,278.78,92.63,90
1424,158,2025-05-24,278.78,278.78,0
1425,158,2025-06-25,278.78,278.78,0
1426,158,2025-07-28,278.78,278.78,0
1427,158,2025-08-26,278.78,278.78,0
1428,158,2025-09-22,278.78,278.78,0
1429,158,2025-10-24,278.78,278.78,0
1430,158,2025-11-24,278.78,278.78,0
1431,158,2025-12-24,278.78,278.78,0
1432,159,2025-11-28,262.42,262.42,0
1433,159,2025-12-24,262.42,262.42,0
1434,160,2024-06-27,110.88,5.93,62
1435,160,2024-08-22,110.88,93.97,87
1436,160,2024-06-25,110.88,110.88,0
1437,160,2024-07-22,110.88,110.88,0
1438,160,2024-09-13,110.88,89.7,16
1439,160,2024-10-02,110.88,101.84,10
1440,160,2025-01-08,110.88,88.95,76
1441,160,2024-11-23,110.88,110.88,0
1442,160,2024-12-28,110.88,110.88,0
1443,160,2025-01-25,110.88,110.88,0
1444,160,2025-02-22,110.88,110.88,0
1445,160,2025-03-23,110.88,110.88,0
1446,160,2025-04-27,110.88,110.88,0
1447,160,2025-07-01,110.88,94.19,35
1448,160,2025-06-27,110.88,110.88,0
1449,160,2025-07-24,110.88,110.88,0
1450,160,2025-10-14,110.88,110.32,49
1451,160,2025-09-23,110.88,110.88,0
1452,160,2025-10-25,110.88,110.88,0
1453,160,2025-11-24,110.88,110.88,0
1454,160,2025-12-23,110.88,110.88,0
1455,161,2025-08-27,648.82,648.82,0
1456,161,2025-09-28,648.82,648.82,0
1457,161,2025-10-27,648.82,648.82,0
1458,161,2025-11-27,648.82,648.82,0
1459,161,2025-12-28,648.82,648.82,0
1460,162,2025-06-27,539.19,539.19,0
1461,162,2025-07-27,539.19,539.19,0
1462,162,2025-08-26,539.19,539.19,0
1463,162,2025-12-16,539.19,494.56,80
1464,162,2025-10-28,539.19,539.19,0
1465,162,2026-04-06,539.19,143.28,135
1466,162,2025-12-26,539.19,539.19,0
1467,163,2025-09-24,567.65,567.65,0
1468,163,2025-10-28,567.65,567.65,0
1469,163,2025-11-26,567.65,567.65,0
1470,163,2025-12-25,567.65,567.65,0
1471,164,2025-12-22,1400.82,1400.82,0
1472,165,2025-11-22,875.27,875.27,0
1473,165,2025-12-27,875.27,875.27,0
1474,166,2024-06-26,376.44,376.44,0
1475,166,2024-07-23,376.44,376.44,0
1476,166,2024-08-26,376.44,376.44,0
1477,166,2024-09-28,376.44,376.44,0
1478,166,2024-10-25,376.44,376.44,0
1479,166,2024-11-22,376.44,376.44,0
1480,166,2024-12-23,376.44,376.44,0
1481,166,2025-01-25,376.44,376.44,0
1482,166,2025-02-26,376.44,376.44,0
1483,166,2025-03-23,376.44,376.44,0
1484,166,2025-04-23,376.44,376.44,0
1485,166,2025-05-24,376.44,376.44,0
1486,166,2025-06-26,376.44,376.44,0
1487,166,2025-07-27,376.44,376.44,0
1488,166,2025-08-25,376.44,376.44,0
1489,166,2025-09-24,376.44,376.44,0
1490,166,2025-10-25,376.44,376.44,0
1491,166,2025-11-27,376.44,376.44,0
1492,166,2025-12-23,376.44,376.44,0
1493,167,2025-06-28,441.6,441.6,0
1494,167,2025-07-28,441.6,441.6,0
1495,167,2025-08-28,441.6,441.6,0
1496,167,2025-09-22,441.6,441.6,0
1497,167,2025-10-27,441.6,441.6,0
1498,167,2025-11-24,441.6,441.6,0
1499,167,2025-12-26,441.6,441.6,0
1500,168,2025-06-22,252.92,252.92,0
1501,168,2025-08-10,252.92,204.91,17
1502,168,2025-08-28,252.92,252.92,0
1503,168,2025-09-28,252.92,252.92,0
1504,168,2025-10-26,252.92,252.92,0
1505,168,2025-11-23,252.92,252.92,0
1506,168,2025-12-23,252.92,252.92,0
1507,169,2025-04-22,91.76,91.76,0
1508,169,2025-07-11,91.76,78.5,45
1509,169,2025-06-26,91.76,91.76,0
1510,169,2025-10-14,91.76,85.2,84
1511,169,2025-08-25,91.76,91.76,0
1512,169,2025-09-28,91.76,91.76,0
1513,169,2025-10-22,91.76,91.76,0
1514,169,2025-11-24,91.76,91.76,0
1515,169,2025-12-27,91.76,91.76,0
1516,170,2025-06-28,1141.04,1141.04,0
1517,170,2025-07-25,1141.04,1141.04,0
1518,170,2025-08-24,1141.04,1141.04,0
1519,170,2025-09-25,1141.04,1141.04,0
1520,170,2025-10-24,1141.04,1141.04,0
1521,170,2025-11-28,1141.04,1141.04,0
1522,170,2025-12-22,1141.04,1141.04,0
1523,171,2025-04-28,975.94,975.94,0
1524,171,2025-05-25,975.94,975.94,0
1525,171,2025-06-26,975.94,975.94,0
1526,171,2025-07-25,975.94,975.94,0
1527,171,2025-08-22,975.94,975.94,0
1528,171,2025-09-23,975.94,975.94,0
1529,171,2025-10-27,975.94,975.94,0
1530,171,2025-11-27,975.94,975.94,0
1531,171,2025-12-25,975.94,975.94,0
1532,172,2025-12-25,582.02,582.02,0
1533,173,2025-04-24,716.33,716.33,0
1534,173,2025-05-28,716.33,716.33,0
1535,173,2025-07-29,716.33,618.86,34
1536,173,2025-07-23,716.33,716.33,0
1537,173,2025-08-23,716.33,716.33,0
1538,173,2025-09-25,716.33,716.33,0
1539,173,2025-11-21,716.33,672.31,29
1540,173,2025-11-23,716.33,716.33,0
1541,173,2025-12-23,716.33,716.33,0
1542,174,2025-07-27,149.83,149.83,0
1543,174,2025-08-26,149.83,149.83,0
1544,174,2025-09-23,149.83,149.83,0
1545,174,2025-10-25,149.83,149.83,0
1546,174,2025-11-25,149.83,149.83,0
1547,174,2025-12-22,149.83,149.83,0
1548,176,2024-01-22,183.19,183.19,0
1549,176,2024-02-28,183.19,183.19,0
1550,176,2024-03-26,183.19,183.19,0
1551,176,2024-04-27,183.19,183.19,0
1552,176,2024-05-23,183.19,183.19,0
1553,176,2024-06-26,183.19,183.19,0
1554,176,2024-07-28,183.19,183.19,0
1555,176,2024-08-22,183.19,183.19,0
1556,176,2024-09-24,183.19,183.19,0
1557,176,2024-10-27,183.19,183.19,0
1558,176,2024-11-24,183.19,183.19,0
1559,176,2024-12-22,183.19,183.19,0
1560,176,2025-01-23,183.19,183.19,0
1561,176,2025-02-23,183.19,183.19,0
1562,176,2025-03-27,183.19,183.19,0
1563,176,2025-04-27,183.19,183.19,0
1564,176,2025-05-28,183.19,183.19,0
1565,176,2025-06-22,183.19,183.19,0
1566,176,2025-07-25,183.19,183.19,0
1567,176,2025-08-22,183.19,183.19,0
1568,176,2025-11-18,183.19,161.62,51
1569,176,2025-10-25,183.19,183.19,0
1570,176,2025-11-25,183.19,183.19,0
1571,176,2025-12-22,183.19,183.19,0
1572,177,2025-08-23,532.54,532.54,0
1573,177,2025-09-27,532.54,532.54,0
1574,177,2025-10-26,532.54,532.54,0
1575,177,2026-02-17,532.54,478.52,82
1576,177,2025-12-22,532.54,532.54,0
1577,178,2024-07-23,429.74,429.74,0
1578,178,2024-08-24,429.74,429.74,0
1579,178,2024-09-28,429.74,429.74,0
1580,178,2024-10-24,429.74,429.74,0
1581,178,2025-02-11,429.74,423.88,79
1582,178,2024-12-23,429.74,429.74,0
1583,178,2025-01-26,429.74,429.74,0
1584,178,2025-02-25,429.74,429.74,0
1585,178,2025-03-26,429.74,429.74,0
1586,178,2025-04-23,429.74,429.74,0
1587,178,2025-05-27,429.74,429.74,0
1588,178,2025-06-28,429.74,429.74,0
1589,178,2025-07-23,429.74,429.74,0
1590,178,2025-08-25,429.74,429.74,0
1591,178,2025-09-23,429.74,429.74,0
1592,178,2025-10-27,429.74,429.74,0
1593,178,2025-11-27,429.74,429.74,0
1594,178,2025-12-27,429.74,429.74,0
1595,179,2025-06-23,308.27,308.27,0
1596,179,2025-07-24,308.27,308.27,0
1597,179,2025-08-28,308.27,308.27,0
1598,179,2025-09-27,308.27,308.27,0
1599,179,2025-10-22,308.27,308.27,0
1600,179,2025-11-28,308.27,308.27,0
1601,179,2025-12-24,308.27,308.27,0
1602,180,2024-09-27,123.41,123.41,0
1603,180,2024-10-23,123.41,123.41,0
1604,180,2024-11-24,123.41,123.41,0
1605,180,2024-12-27,123.41,123.41,0
1606,180,2025-01-23,123.41,123.41,0
1607,180,2025-02-28,123.41,123.41,0
1608,180,2025-03-24,123.41,123.41,0
1609,180,2025-04-25,123.41,123.41,0
1610,180,2025-05-27,123.41,123.41,0
1611,180,2025-06-27,123.41,123.41,0
1612,180,2025-07-26,123.41,123.41,0
1613,180,2025-08-25,123.41,123.41,0
1614,180,2025-09-25,123.41,123.41,0
1615,180,2025-10-24,123.41,123.41,0
1616,180,2025-11-26,123.41,123.41,0
1617,180,2025-12-27,123.41,123.41,0
1618,181,2025-10-27,190.23,190.23,0
1619,181,2025-11-26,190.23,190.23,0
1620,181,2026-03-05,190.23,174.35,72
1621,182,2025-05-23,665.9,665.9,0
1622,182,2025-06-24,665.9,665.9,0
1623,182,2025-07-23,665.9,665.9,0
1624,182,2025-08-25,665.9,665.9,0
1625,182,2026-01-09,665.9,233.26,107
1626,182,2026-01-20,665.9,44.18,87
1627,182,2025-11-28,665.9,665.9,0
1628,182,2025-12-28,665.9,665.9,0
1629,183,2025-07-02,258.58,234.42,36
1630,183,2025-06-26,258.58,258.58,0
1631,183,2025-07-25,258.58,258.58,0
1632,183,2025-08-26,258.58,258.58,0
1633,183,2025-10-21,258.58,215.68,28
1634,183,2025-10-27,258.58,258.58,0
1635,183,2025-11-28,258.58,258.58,0
1636,183,2025-12-27,258.58,258.58,0
1637,184,2025-12-22,828.2,828.2,0
1638,185,2025-06-24,261.73,261.73,0
1639,185,2025-11-06,261.73,58.26,105
1640,185,2025-08-22,261.73,261.73,0
1641,185,2025-09-23,261.73,261.73,0
1642,185,2025-10-24,261.73,261.73,0
1643,185,2025-11-23,261.73,261.73,0
1644,185,2025-12-27,261.73,261.73,0
1645,186,2024-10-23,990.14,990.14,0
1646,186,2024-11-24,990.14,990.14,0
1647,186,2024-12-26,990.14,990.14,0
1648,186,2025-01-24,990.14,990.14,0
1649,186,2025-02-25,990.14,990.14,0
1650,186,2025-03-23,990.14,990.14,0
1651,186,2025-04-22,990.14,990.14,0
1652,186,2025-05-25,990.14,990.14,0
1653,186,2025-06-28,990.14,990.14,0
1654,186,2025-07-22,990.14,990.14,0
1655,186,2025-08-23,990.14,990.14,0
1656,186,2025-09-27,990.14,990.14,0
1657,186,2025-10-23,990.14,990.14,0
1658,187,2025-04-23,360.13,360.13,0
1659,187,2025-05-28,360.13,360.13,0
1660,187,2025-06-22,360.13,360.13,0
1661,187,2025-07-25,360.13,360.13,0
1662,187,2025-08-27,360.13,360.13,0
1663,187,2025-09-24,360.13,360.13,0
1664,187,2025-10-27,360.13,360.13,0
1665,187,2025-11-25,360.13,360.13,0
1666,187,2025-12-26,360.13,360.13,0
1667,188,2025-06-27,101.38,101.38,0
1668,188,2025-07-28,101.38,101.38,0
1669,188,2025-08-22,101.38,101.38,0
1670,188,2025-10-02,101.38,94.8,7
1671,188,2025-12-06,101.38,84.38,40
1672,188,2025-11-28,101.38,101.38,0
1673,188,2026-01-05,101.38,96.39,14
1674,189,2025-06-26,709.05,709.05,0
1675,189,2025-07-26,709.05,709.05,0
1676,189,2025-08-25,709.05,709.05,0
1677,189,2025-09-22,709.05,709.05,0
1678,189,2025-10-22,709.05,709.05,0
1679,189,2025-11-26,709.05,709.05,0
1680,189,2025-12-27,709.05,709.05,0
1681,190,2025-01-26,173.47,173.47,0
1682,190,2025-02-26,173.47,173.47,0
1683,190,2025-03-28,173.47,173.47,0
1684,190,2025-04-26,173.47,173.47,0
1685,190,2025-05-22,173.47,173.47,0
1686,190,2025-11-26,173.47,40.22,152
1687,190,2025-07-27,173.47,173.47,0
1688,190,2025-08-24,173.47,173.47,0
1689,190,2025-09-24,173.47,173.47,0
1690,190,2025-10-28,173.47,173.47,0
1691,190,2025-11-25,173.47,173.47,0
1692,190,2025-12-26,173.47,173.47,0
1693,191,2025-01-26,560.73,560.73,0
1694,191,2025-02-24,560.73,560.73,0
1695,191,2025-03-28,560.73,560.73,0
1696,191,2025-04-23,560.73,560.73,0
1697,191,2025-05-23,560.73,560.73,0
1698,191,2025-06-26,560.73,560.73,0
1699,191,2025-07-25,560.73,560.73,0
1700,191,2025-08-25,560.73,560.73,0
1701,191,2025-09-23,560.73,560.73,0
1702,191,2025-10-25,560.73,560.73,0
1703,191,2025-11-26,560.73,560.73,0
1704,191,2025-12-26,560.73,560.73,0
1705,192,2025-05-24,65.15,19.26,177
1706,192,2024-12-23,65.15,65.15,0
1707,192,2025-02-14,65.15,55.01,20
1708,192,2025-02-27,65.15,65.15,0
1709,192,2025-03-23,65.15,65.15,0
1710,192,2025-07-07,65.15,60.59,74
1711,192,2025-05-26,65.15,65.15,0
1712,192,2025-06-26,65.15,65.15,0
1713,192,2025-07-29,65.15,57.83,5
1714,192,2025-08-25,65.15,65.15,0
1715,192,2025-09-24,65.15,65.15,0
1716,192,2025-10-26,65.15,65.15,0
1717,192,2025-11-22,65.15,65.15,0
1718,192,2025-12-27,65.15,65.15,0
1719,193,2024-02-23,267.84,267.84,0
1720,193,2024-03-25,267.84,267.84,0
1721,193,2024-04-25,267.84,267.84,0
1722,193,2024-08-01,267.84,237.4,68
1723,193,2024-06-26,267.84,267.84,0
1724,193,2024-07-28,267.84,267.84,0
1725,193,2024-08-24,267.84,267.84,0
1726,193,2024-09-25,267.84,267.84,0
1727,193,2024-10-22,267.84,267.84,0
1728,193,2024-11-27,267.84,267.84,0
1729,193,2024-12-24,267.84,267.84,0
1730,193,2025-02-11,267.84,247.56,20
1731,193,2025-02-22,267.84,267.84,0
1732,193,2025-03-22,267.84,267.84,0
1733,193,2025-04-28,267.84,267.84,0
1734,193,2025-05-23,267.84,267.84,0
1735,193,2025-06-24,267.84,267.84,0
1736,193,2025-07-25,267.84,267.84,0
1737,193,2025-08-23,267.84,267.84,0
1738,193,2025-09-22,267.84,267.84,0
1739,193,2025-10-25,267.84,267.84,0
1740,193,2025-11-25,267.84,267.84,0
1741,193,2025-12-25,267.84,267.84,0
1742,194,2025-11-28,356.31,356.31,0
1743,194,2025-12-23,356.31,356.31,0
1744,195,2024-03-10,919.37,847.71,14
1745,195,2024-07-28,919.37,358.37,123
1746,195,2024-04-22,919.37,919.37,0
1747,195,2024-05-25,919.37,919.37,0
1748,195,2024-06-24,919.37,919.37,0
1749,195,2024-08-20,919.37,918.83,28
1750,195,2024-08-26,919.37,919.37,0
1751,195,2024-11-23,919.37,905.19,58
1752,195,2024-10-22,919.37,919.37,0
1753,195,2024-11-28,919.37,919.37,0
1754,195,2024-12-23,919.37,919.37,0
1755,195,2025-01-22,919.37,919.37,0
1756,195,2025-02-25,919.37,919.37,0
1757,195,2025-03-23,919.37,919.37,0
1758,195,2025-04-27,919.37,919.37,0
1759,195,2025-05-27,919.37,919.37,0
1760,195,2025-06-28,919.37,919.37,0
1761,195,2025-07-22,919.37,919.37,0
1762,195,2025-08-26,919.37,919.37,0
1763,195,2025-09-23,919.37,919.37,0
1764,195,2025-10-26,919.37,919.37,0
1765,195,2025-11-24,919.37,919.37,0
1766,195,2025-12-26,919.37,919.37,0
1767,196,2024-11-28,421.69,421.69,0
1768,196,2024-12-25,421.69,421.69,0
1769,196,2025-01-27,421.69,421.69,0
1770,196,2025-02-25,421.69,421.69,0
1771,196,2025-03-28,421.69,421.69,0
1772,196,2025-04-23,421.69,421.69,0
1773,196,2025-10-25,421.69,137.45,155
1774,196,2025-06-26,421.69,421.69,0
1775,196,2025-07-23,421.69,421.69,0
1776,196,2025-08-25,421.69,421.69,0
1777,196,2025-12-07,421.69,350.3,72
1778,196,2025-10-28,421.69,421.69,0
1779,196,2025-11-25,421.69,421.69,0
1780,196,2025-12-28,421.69,421.69,0
1781,197,2024-12-26,335.19,335.19,0
1782,197,2025-01-23,335.19,335.19,0
1783,197,2025-02-26,335.19,335.19,0
1784,197,2025-03-28,335.19,335.19,0
1785,197,2025-07-13,335.19,307.85,82
1786,197,2025-05-28,335.19,335.19,0
1787,197,2025-06-25,335.19,335.19,0
1788,197,2025-07-23,335.19,335.19,0
1789,197,2025-08-26,335.19,335.19,0
1790,197,2025-09-23,335.19,335.19,0
1791,197,2025-10-26,335.19,335.19,0
1792,197,2026-02-17,335.19,323.09,84
1793,197,2025-12-26,335.19,335.19,0
1794,199,2025-12-26,1858.69,1858.69,0
1795,200,2025-01-11,385.87,330.17,16
1796,200,2025-01-27,385.87,385.87,0
1797,200,2025-02-26,385.87,385.87,0
1798,200,2025-03-25,385.87,385.87,0
1799,200,2025-04-22,385.87,385.87,0
1800,200,2025-05-23,385.87,385.87,0
1801,200,2025-06-26,385.87,385.87,0
1802,200,2025-07-22,385.87,385.87,0
1803,200,2025-08-24,385.87,385.87,0
1804,200,2025-09-22,385.87,385.87,0
1805,200,2025-10-25,385.87,385.87,0
1806,200,2025-11-27,385.87,385.87,0
1807,200,2025-12-28,385.87,385.87,0
1808,201,2024-03-23,84.1,71.4,57
1809,201,2024-02-22,84.1,84.1,0
1810,201,2024-04-03,84.1,69.14,8
1811,201,2024-04-26,84.1,84.1,0
1812,201,2024-06-16,84.1,82.24,23
1813,201,2024-08-05,84.1,71.97,40
1814,201,2024-10-05,84.1,68.82,69
1815,201,2024-08-25,84.1,84.1,0
1816,201,2024-09-23,84.1,84.1,0
1817,201,2024-12-17,84.1,76.88,53
1818,201,2024-11-24,84.1,84.1,0
1819,201,2024-12-22,84.1,84.1,0
1820,201,2025-01-27,84.1,73.64,1
1821,201,2025-02-24,84.1,84.1,0
1822,201,2025-03-22,84.1,84.1,0
1823,201,2025-04-23,84.1,84.1,0
1824,201,2025-05-28,84.1,84.1,0
1825,201,2025-06-28,84.1,84.1,0
1826,201,2025-07-22,84.1,84.1,0
1827,201,2025-08-28,84.1,84.1,0
1828,201,2025-10-30,84.1,74.81,34
1829,201,2025-10-27,84.1,84.1,0
1830,201,2026-01-20,84.1,21.61,56
1831,201,2026-03-04,84.1,82.19,71
1832,202,2025-06-27,170.1,170.1,0
1833,202,2025-07-26,170.1,170.1,0
1834,202,2025-08-28,170.1,170.1,0
1835,202,2025-09-25,170.1,170.1,0
1836,202,2025-10-27,170.1,170.1,0
1837,202,2025-11-23,170.1,170.1,0
1838,202,2025-12-27,170.1,170.1,0
1839,203,2025-02-25,469.32,469.32,0
1840,203,2025-03-24,469.32,469.32,0
1841,203,2025-04-24,469.32,469.32,0
1842,203,2025-05-26,469.32,469.32,0
1843,203,2025-06-23,469.32,469.32,0
1844,203,2025-07-24,469.32,469.32,0
1845,203,2025-08-22,469.32,469.32,0
1846,203,2025-09-25,469.32,469.32,0
1847,203,2025-10-27,469.32,469.32,0
1848,203,2025-11-26,469.32,469.32,0
1849,203,2025-12-24,469.32,469.32,0
1850,204,2024-01-27,317.94,317.94,0
1851,204,2024-02-23,317.94,317.94,0
1852,204,2024-03-23,317.94,317.94,0
1853,204,2024-04-26,317.94,317.94,0
1854,204,2024-05-25,317.94,317.94,0
1855,204,2024-06-24,317.94,317.94,0
1856,204,2024-07-27,317.94,317.94,0
1857,204,2024-08-25,317.94,317.94,0
1858,204,2024-09-23,317.94,317.94,0
1859,204,2024-10-28,317.94,317.94,0
1860,204,2024-12-07,317.94,257.37,12
1861,204,2024-12-24,317.94,317.94,0
1862,204,2025-01-24,317.94,317.94,0
1863,204,2025-02-28,317.94,317.94,0
1864,204,2025-03-28,317.94,317.94,0
1865,204,2025-06-29,317.94,295.11,63
1866,204,2025-05-26,317.94,317.94,0
1867,204,2025-06-24,317.94,317.94,0
1868,204,2025-07-22,317.94,317.94,0
1869,204,2025-08-28,317.94,317.94,0
1870,204,2025-09-24,317.94,317.94,0
1871,204,2025-10-26,317.94,317.94,0
1872,204,2025-11-25,317.94,317.94,0
1873,204,2025-12-26,317.94,317.94,0
1874,205,2025-06-27,1027.44,1027.44,0
1875,205,2025-07-23,1027.44,1027.44,0
1876,205,2025-08-28,1027.44,1027.44,0
1877,205,2025-09-24,1027.44,1027.44,0
1878,205,2025-10-22,1027.44,1027.44,0
1879,205,2025-11-23,1027.44,1027.44,0
1880,205,2025-12-23,1027.44,1027.44,0
1881,206,2024-10-22,769.42,769.42,0
1882,206,2024-12-06,769.42,754.2,12
1883,206,2024-12-26,769.42,769.42,0
1884,206,2025-01-22,769.42,769.42,0
1885,206,2025-02-25,769.42,769.42,0
1886,206,2025-03-27,769.42,769.42,0
1887,206,2025-04-22,769.42,769.42,0
1888,206,2025-05-24,769.42,769.42,0
1889,206,2025-06-25,769.42,769.42,0
1890,206,2025-07-28,769.42,769.42,0
1891,206,2025-10-02,769.42,728.65,37
1892,206,2025-09-23,769.42,769.42,0
1893,206,2025-10-28,769.42,769.42,0
1894,206,2025-11-23,769.42,769.42,0
1895,206,2025-12-26,769.42,769.42,0
1896,207,2025-01-24,1143.53,1143.53,0
1897,207,2025-02-23,1143.53,1143.53,0
1898,207,2025-03-27,1143.53,1143.53,0
1899,207,2025-04-22,1143.53,1143.53,0
1900,207,2025-05-27,1143.53,1143.53,0
1901,207,2025-09-24,1143.53,1078.33,88
1902,207,2025-07-22,1143.53,1143.53,0
1903,207,2025-08-23,1143.53,1143.53,0
1904,207,2025-09-22,1143.53,1143.53,0
1905,207,2025-10-27,1143.53,1143.53,0
1906,207,2026-03-27,1143.53,325.11,121
1907,207,2026-02-23,1143.53,924.01,60
1908,208,2025-10-27,187.39,150.08,61
1909,208,2025-09-24,187.39,187.39,0
1910,208,2025-12-30,187.39,168.33,68
1911,208,2025-11-22,187.39,187.39,0
1912,208,2025-12-22,187.39,187.39,0
1913,209,2024-01-23,672.15,672.15,0
1914,209,2024-02-28,672.15,672.15,0
1915,209,2024-03-24,672.15,672.15,0
1916,209,2024-04-23,672.15,672.15,0
1917,209,2024-05-25,672.15,672.15,0
1918,209,2024-06-26,672.15,672.15,0
1919,209,2024-07-23,672.15,672.15,0
1920,209,2024-08-25,672.15,672.15,0
1921,209,2024-09-25,672.15,672.15,0
1922,209,2024-10-28,672.15,672.15,0
1923,209,2024-11-27,672.15,672.15,0
1924,209,2024-12-28,672.15,672.15,0
1925,210,2025-09-08,453.84,363.4,76
1926,210,2025-07-23,453.84,453.84,0
1927,210,2025-08-22,453.84,453.84,0
1928,210,2025-09-23,453.84,453.84,0
1929,210,2025-10-26,453.84,453.84,0
1930,210,2025-11-26,453.84,453.84,0
1931,210,2025-12-23,453.84,453.84,0
1932,211,2025-04-26,899.95,899.95,0
1933,211,2025-05-22,899.95,899.95,0
1934,211,2025-06-27,899.95,899.95,0
1935,211,2025-07-23,899.95,899.95,0
1936,211,2025-08-24,899.95,899.95,0
1937,211,2025-09-26,899.95,899.95,0
1938,211,2025-10-28,899.95,899.95,0
1939,211,2025-11-26,899.95,899.95,0
1940,211,2025-12-24,899.95,899.95,0
1941,212,2024-10-25,436.46,436.46,0
1942,212,2024-11-22,436.46,436.46,0
1943,212,2024-12-25,436.46,436.46,0
1944,212,2025-01-22,436.46,436.46,0
1945,212,2025-04-14,436.46,62.01,50
1946,212,2025-03-23,436.46,436.46,0
1947,212,2025-07-19,436.46,429.4,85
1948,212,2025-05-22,436.46,436.46,0
1949,212,2025-06-22,436.46,436.46,0
1950,212,2025-07-23,436.46,436.46,0
1951,212,2025-11-04,436.46,433.96,72
1952,212,2025-09-25,436.46,436.46,0
1953,212,2025-10-28,436.46,436.46,0
1954,212,2025-11-25,436.46,436.46,0
1955,212,2025-12-22,436.46,436.46,0
1956,214,2024-01-22,560.63,560.63,0
1957,214,2024-02-23,560.63,560.63,0
1958,214,2024-03-22,560.63,560.63,0
1959,214,2024-04-24,560.63,560.63,0
1960,214,2024-05-22,560.63,560.63,0
1961,214,2024-06-22,560.63,560.63,0
1962,214,2024-07-23,560.63,560.63,0
1963,214,2024-08-24,560.63,560.63,0
1964,214,2024-09-28,560.63,560.63,0
1965,214,2024-11-23,560.63,520.45,28
1966,214,2024-11-25,560.63,560.63,0
1967,214,2024-12-26,560.63,560.63,0
1968,214,2025-01-24,560.63,560.63,0
1969,214,2025-02-25,560.63,560.63,0
1970,214,2025-03-26,560.63,560.63,0
1971,214,2025-04-26,560.63,560.63,0
1972,214,2025-05-22,560.63,560.63,0
1973,214,2025-06-22,560.63,560.63,0
1974,214,2025-07-22,560.63,560.63,0
1975,214,2025-08-26,560.63,560.63,0
1976,214,2025-09-22,560.63,560.63,0
1977,214,2025-10-25,560.63,560.63,0
1978,214,2025-11-27,560.63,560.63,0
1979,214,2025-12-26,560.63,560.63,0
1980,215,2025-05-22,584.69,584.69,0
1981,215,2025-06-28,584.69,584.69,0
1982,215,2025-07-28,584.69,584.69,0
1983,215,2025-08-25,584.69,584.69,0
1984,215,2025-09-25,584.69,584.69,0
1985,215,2025-10-24,584.69,584.69,0
1986,215,2026-01-08,584.69,11.08,42
1987,215,2025-12-23,584.69,584.69,0
1988,216,2025-02-22,80.84,80.84,0
1989,216,2025-03-22,80.84,80.84,0
1990,216,2025-07-18,80.84,74.64,84
1991,216,2025-05-25,80.84,80.84,0
1992,216,2025-06-23,80.84,80.84,0
1993,216,2025-07-27,80.84,80.84,0
1994,216,2025-08-27,80.84,80.84,0
1995,216,2025-09-24,80.84,80.84,0
1996,216,2025-10-27,80.84,80.84,0
1997,216,2025-11-26,80.84,80.84,0
1998,216,2025-12-23,80.84,80.84,0
1999,217,2025-06-27,546.63,546.63,0
2000,217,2025-10-12,546.63,461.69,79
2001,217,2025-12-03,546.63,5.73,102
2002,217,2025-09-25,546.63,546.63,0
2003,217,2025-10-24,546.63,546.63,0
2004,217,2025-11-25,546.63,546.63,0
2005,217,2025-12-28,546.63,546.63,0
2006,218,2025-05-23,290.27,290.27,0
2007,218,2025-06-24,290.27,290.27,0
2008,218,2025-07-23,290.27,290.27,0
2009,218,2025-08-22,290.27,290.27,0
2010,218,2025-09-27,290.27,290.27,0
2011,218,2025-10-27,290.27,290.27,0
2012,218,2025-11-24,290.27,290.27,0
2013,218,2025-12-24,290.27,290.27,0
2014,219,2025-12-28,131.26,131.26,0
2015,220,2025-01-22,353.21,353.21,0
2016,220,2025-02-24,353.21,353.21,0
2017,220,2025-03-24,353.21,353.21,0
2018,220,2025-04-25,353.21,353.21,0
2019,220,2025-05-26,353.21,353.21,0
2020,220,2025-06-23,353.21,353.21,0
2021,220,2025-07-24,353.21,353.21,0
2022,220,2025-08-22,353.21,353.21,0
2023,220,2025-09-24,353.21,353.21,0
2024,220,2025-10-24,353.21,353.21,0
2025,220,2025-11-26,353.21,353.21,0
2026,220,2025-12-22,353.21,353.21,0
2027,221,2025-08-28,404.77,404.77,0
2028,221,2025-09-25,404.77,364.88,2
2029,221,2025-10-26,404.77,404.77,0
2030,221,2025-11-26,404.77,401.07,1
2031,221,2025-12-25,404.77,404.77,0
2032,222,2025-02-07,333.26,74.23,102
2033,222,2024-11-25,333.26,333.26,0
2034,222,2024-12-26,333.26,333.26,0
2035,222,2025-03-13,333.26,284.5,47
2036,222,2025-02-24,333.26,333.26,0
2037,222,2025-08-08,333.26,98.7,135
2038,222,2025-04-30,333.26,273.95,3
2039,222,2025-05-22,333.26,333.26,0
2040,222,2025-06-27,333.26,333.26,0
2041,222,2025-08-01,333.26,327.07,7
2042,222,2025-10-13,333.26,300.99,47
2043,222,2025-09-27,333.26,333.26,0
2044,222,2025-10-27,333.26,333.26,0
2045,223,2025-06-22,385.66,385.66,0
2046,223,2025-07-25,385.66,385.66,0
2047,223,2025-08-25,385.66,385.66,0
2048,223,2025-09-26,385.66,385.66,0
2049,223,2025-10-23,385.66,385.66,0
2050,223,2025-11-27,385.66,385.66,0
2051,223,2025-12-22,385.66,385.66,0
2052,224,2025-05-25,403.08,403.08,0
2053,224,2025-06-24,403.08,403.08,0
2054,224,2025-07-24,403.08,403.08,0
2055,224,2025-08-23,403.08,403.08,0
2056,224,2025-09-28,403.08,403.08,0
2057,224,2025-10-28,403.08,403.08,0
2058,224,2025-11-27,403.08,403.08,0
2059,224,2025-12-25,403.08,403.08,0
2060,225,2025-09-01,564.72,460.35,40
2061,225,2025-08-28,564.72,564.72,0
2062,225,2025-09-24,564.72,564.72,0
2063,225,2025-10-26,564.72,564.72,0
2064,225,2025-11-26,564.72,564.72,0
2065,225,2025-12-22,564.72,564.72,0
2066,226,2025-10-22,104.72,104.72,0
2067,226,2025-11-23,104.72,104.72,0
2068,226,2025-12-24,104.72,104.72,0
2069,227,2025-06-23,1038.39,1038.39,0
2070,227,2025-07-24,1038.39,1038.39,0
2071,227,2025-08-27,1038.39,1038.39,0
2072,227,2025-09-25,1038.39,1038.39,0
2073,227,2025-10-23,1038.39,1038.39,0
2074,227,2025-11-28,1038.39,1038.39,0
2075,227,2026-01-15,1038.39,834.96,18
2076,228,2025-12-23,273.84,273.84,0
2077,230,2025-07-25,130.01,130.01,0
2078,230,2025-08-24,130.01,130.01,0
2079,230,2025-09-24,130.01,130.01,0
2080,230,2025-10-22,130.01,130.01,0
2081,230,2025-11-26,130.01,130.01,0
2082,230,2025-12-27,130.01,130.01,0
2083,231,2024-02-28,163.47,163.47,0
2084,231,2024-03-27,163.47,163.47,0
2085,231,2024-04-25,163.47,163.47,0
2086,231,2024-05-26,163.47,163.47,0
2087,231,2024-06-25,163.47,163.47,0
2088,231,2024-07-23,163.47,163.47,0
2089,231,2024-08-28,163.47,163.47,0
2090,231,2024-09-24,163.47,163.47,0
2091,231,2024-10-26,163.47,163.47,0
2092,231,2024-11-25,163.47,163.47,0
2093,231,2024-12-26,163.47,163.47,0
2094,231,2025-01-24,163.47,163.47,0
2095,231,2025-02-27,163.47,163.47,0
2096,231,2025-03-24,163.47,163.47,0
2097,231,2025-04-26,163.47,163.47,0
2098,231,2025-05-25,163.47,163.47,0
2099,231,2025-06-26,163.47,163.47,0
2100,231,2025-07-23,163.47,163.47,0
2101,231,2025-08-27,163.47,163.47,0
2102,231,2025-09-24,163.47,163.47,0
2103,231,2025-10-27,163.47,163.47,0
2104,231,2025-11-24,163.47,163.47,0
2105,231,2025-12-22,163.47,163.47,0
2106,232,2025-06-22,214.06,214.06,0
2107,232,2025-07-25,214.06,214.06,0
2108,232,2025-08-26,214.06,214.06,0
2109,232,2025-09-26,214.06,214.06,0
2110,232,2025-12-19,214.06,213.54,54
2111,232,2026-01-07,214.06,203.59,40
2112,232,2025-12-27,214.06,214.06,0
2113,233,2025-01-23,395.09,395.09,0
2114,233,2025-02-25,395.09,395.09,0
2115,233,2025-03-25,395.09,395.09,0
2116,233,2025-04-26,395.09,395.09,0
2117,233,2025-05-24,395.09,395.09,0
2118,233,2025-06-26,395.09,395.09,0
2119,233,2025-07-22,395.09,395.09,0
2120,233,2025-08-28,395.09,395.09,0
2121,233,2025-09-25,395.09,395.09,0
2122,233,2025-10-22,395.09,395.09,0
2123,233,2025-11-25,395.09,395.09,0
2124,233,2025-12-24,395.09,395.09,0
2125,235,2024-07-27,267.89,267.89,0
2126,235,2024-08-27,267.89,267.89,0
2127,235,2024-09-23,267.89,267.89,0
2128,235,2024-12-30,267.89,261.78,66
2129,235,2024-11-22,267.89,267.89,0
2130,235,2024-12-24,267.89,267.89,0
2131,235,2025-01-28,267.89,267.89,0
2132,235,2025-02-28,267.89,267.89,0
2133,235,2025-05-08,267.89,243.95,41
2134,235,2025-04-23,267.89,267.89,0
2135,235,2025-05-25,267.89,267.89,0
2136,235,2025-06-28,267.89,267.89,0
2137,235,2025-09-08,267.89,241.87,45
2138,235,2025-08-26,267.89,267.89,0
2139,235,2025-09-22,267.89,267.89,0
2140,235,2025-10-28,267.89,267.89,0
2141,235,2026-02-13,267.89,92.23,78
2142,235,2025-12-25,267.89,267.89,0
2143,236,2025-03-27,908.12,908.12,0
2144,236,2025-04-28,908.12,908.12,0
2145,236,2025-05-22,908.12,908.12,0
2146,236,2025-06-23,908.12,908.12,0
2147,236,2025-07-24,908.12,908.12,0
2148,236,2025-08-24,908.12,908.12,0
2149,236,2025-09-23,908.12,908.12,0
2150,236,2025-10-22,908.12,908.12,0
2151,236,2025-11-27,908.12,908.12,0
2152,236,2025-12-26,908.12,908.12,0
2153,237,2024-09-01,185.67,163.03,65
2154,237,2024-07-27,185.67,185.67,0
2155,237,2024-08-24,185.67,185.67,0
2156,237,2024-09-24,185.67,185.67,0
2157,237,2024-10-23,185.67,185.67,0
2158,237,2024-11-27,185.67,185.67,0
2159,237,2024-12-25,185.67,185.67,0
2160,237,2025-04-26,185.67,183.86,89
2161,237,2025-02-28,185.67,185.67,0
2162,237,2025-03-23,185.67,185.67,0
2163,237,2025-04-22,185.67,185.67,0
2164,237,2025-05-25,185.67,185.67,0
2165,237,2025-06-28,185.67,185.67,0
2166,237,2025-07-23,185.67,185.67,0
2167,237,2025-08-23,185.67,185.67,0
2168,237,2025-09-24,185.67,185.67,0
2169,237,2025-10-26,185.67,185.67,0
2170,237,2025-11-22,185.67,185.67,0
2171,237,2025-12-28,185.67,185.67,0
2172,238,2025-02-25,513.29,513.29,0
2173,238,2025-03-24,513.29,513.29,0
2174,238,2025-04-23,513.29,513.29,0
2175,238,2025-05-28,513.29,513.29,0
2176,238,2025-06-27,513.29,513.29,0
2177,238,2025-07-25,513.29,513.29,0
2178,238,2025-08-24,513.29,513.29,0
2179,238,2025-09-25,513.29,513.29,0
2180,238,2025-10-28,513.29,513.29,0
2181,238,2025-11-26,513.29,513.29,0
2182,238,2025-12-27,513.29,513.29,0
2183,239,2025-06-28,125.01,125.01,0
2184,239,2025-07-25,125.01,125.01,0
2185,239,2025-08-26,125.01,125.01,0
2186,239,2025-09-30,125.01,120.12,7
2187,239,2025-10-26,125.01,125.01,0
2188,239,2025-11-23,125.01,125.01,0
2189,239,2025-12-26,125.01,125.01,0
2190,240,2024-03-23,1068.38,1068.38,0
2191,240,2024-04-23,1068.38,1068.38,0
2192,240,2024-05-24,1068.38,1068.38,0
2193,240,2024-06-25,1068.38,1068.38,0
2194,240,2024-07-28,1068.38,1068.38,0
2195,240,2024-08-28,1068.38,1068.38,0
2196,240,2024-09-24,1068.38,1068.38,0
2197,240,2024-10-28,1068.38,1068.38,0
2198,240,2024-11-22,1068.38,1068.38,0
2199,240,2024-12-26,1068.38,1068.38,0
2200,240,2025-01-28,1068.38,1068.38,0
2201,240,2025-02-28,1068.38,1068.38,0
2202,240,2025-03-28,1068.38,1068.38,0
2203,240,2025-04-24,1068.38,1068.38,0
2204,240,2025-05-23,1068.38,1068.38,0
2205,240,2025-06-24,1068.38,1068.38,0
2206,240,2025-07-22,1068.38,1068.38,0
2207,240,2025-08-28,1068.38,1068.38,0
2208,240,2025-09-24,1068.38,1068.38,0
2209,240,2025-10-22,1068.38,1068.38,0
2210,240,2025-11-24,1068.38,1068.38,0
2211,240,2025-12-24,1068.38,1068.38,0
2212,241,2024-03-24,155.43,155.43,0
2213,241,2024-04-28,155.43,155.43,0
2214,241,2024-05-22,155.43,155.43,0
2215,241,2024-06-28,155.43,155.43,0
2216,241,2024-07-24,155.43,155.43,0
2217,241,2024-08-27,155.43,155.43,0
2218,241,2024-09-22,155.43,155.43,0
2219,241,2024-12-19,155.43,136.2,54
2220,241,2024-11-23,155.43,155.43,0
2221,241,2024-12-26,155.43,155.43,0
2222,241,2025-01-23,155.43,155.43,0
2223,241,2025-02-27,155.43,155.43,0
2224,241,2025-03-26,155.43,155.43,0
2225,241,2025-04-22,155.43,155.43,0
2226,241,2025-05-27,155.43,155.43,0
2227,241,2025-06-28,155.43,155.43,0
2228,241,2025-07-28,155.43,155.43,0
2229,241,2025-08-26,155.43,155.43,0
2230,241,2025-09-26,155.43,155.43,0
2231,241,2025-10-24,155.43,155.43,0
2232,241,2025-11-28,155.43,155.43,0
2233,241,2025-12-27,155.43,155.43,0
2234,242,2025-08-28,684.97,684.97,0
2235,242,2025-09-28,684.97,684.97,0
2236,242,2025-10-28,684.97,684.97,0
2237,242,2025-11-27,684.97,684.97,0
2238,242,2025-12-27,684.97,684.97,0
2239,243,2025-04-28,1007.12,1007.12,0
2240,243,2025-05-25,1007.12,1007.12,0
2241,243,2025-06-25,1007.12,1007.12,0
2242,243,2025-07-27,1007.12,1007.12,0
2243,243,2025-08-27,1007.12,1007.12,0
2244,243,2025-11-17,1007.12,948.63,55
2245,243,2025-10-25,1007.12,1007.12,0
2246,243,2025-11-28,1007.12,1007.12,0
2247,243,2025-12-26,1007.12,1007.12,0
2248,244,2024-06-26,187.81,187.81,0
2249,244,2024-09-24,187.81,54.45,63
2250,244,2024-08-27,187.81,187.81,0
2251,244,2024-09-25,187.81,187.81,0
2252,244,2024-10-22,187.81,187.81,0
2253,244,2024-11-27,187.81,187.81,0
2254,244,2024-12-22,187.81,187.81,0
2255,244,2025-01-27,187.81,187.81,0
2256,244,2025-05-03,187.81,157.77,68
2257,244,2025-03-27,187.81,187.81,0
2258,244,2025-04-25,187.81,187.81,0
2259,244,2025-05-26,187.81,187.81,0
2260,244,2025-06-25,187.81,187.81,0
2261,244,2025-07-23,187.81,187.81,0
2262,244,2025-09-17,187.81,187.37,25
2263,244,2025-09-23,187.81,187.81,0
2264,244,2025-10-24,187.81,187.81,0
2265,244,2025-11-23,187.81,187.81,0
2266,244,2025-12-27,187.81,187.81,0
2267,245,2025-01-25,854.92,854.92,0
2268,245,2025-02-24,854.92,854.92,0
2269,245,2025-05-20,854.92,800.32,57
2270,245,2025-04-28,854.92,854.92,0
2271,245,2025-05-24,854.92,854.92,0
2272,245,2025-06-25,854.92,854.92,0
2273,245,2025-07-27,854.92,854.92,0
2274,245,2025-11-02,854.92,826.9,68
2275,245,2025-10-02,854.92,773.67,8
2276,245,2025-10-23,854.92,854.92,0
2277,245,2026-01-08,854.92,743.61,47
2278,245,2025-12-22,854.92,854.92,0
2279,247,2025-12-23,2367.9,2367.9,0
2280,249,2024-10-27,284.06,284.06,0
2281,249,2024-11-23,284.06,284.06,0
2282,249,2024-12-25,284.06,284.06,0
2283,249,2025-01-26,284.06,284.06,0
2284,249,2025-02-22,284.06,284.06,0
2285,249,2025-03-23,284.06,284.06,0
2286,249,2025-04-22,284.06,284.06,0
2287,249,2025-05-24,284.06,284.06,0
2288,249,2025-06-22,284.06,284.06,0
2289,249,2025-07-23,284.06,284.06,0
2290,249,2025-08-26,284.06,284.06,0
2291,249,2025-09-28,284.06,284.06,0
2292,249,2025-10-27,284.06,284.06,0
2293,249,2025-11-22,284.06,284.06,0
2294,249,2025-12-27,284.06,284.06,0
2295,250,2025-04-25,629.64,629.64,0
2296,250,2025-05-22,629.64,629.64,0
2297,250,2025-06-23,629.64,629.64,0
2298,250,2025-07-26,629.64,629.64,0
2299,250,2025-08-27,629.64,629.64,0
2300,250,2025-09-25,629.64,629.64,0
2301,250,2025-10-22,629.64,629.64,0
2302,250,2025-11-24,629.64,629.64,0
2303,250,2025-12-23,629.64,629.64,0
2304,251,2024-07-26,336.2,336.2,0
2305,251,2024-08-26,336.2,336.2,0
2306,251,2024-09-27,336.2,336.2,0
2307,251,2024-10-24,336.2,336.2,0
2308,251,2024-11-22,336.2,336.2,0
2309,251,2024-12-25,336.2,336.2,0
2310,251,2025-01-27,336.2,336.2,0
2311,251,2025-02-27,336.2,336.2,0
2312,251,2025-03-28,336.2,336.2,0
2313,251,2025-04-26,336.2,336.2,0
2314,251,2025-05-22,336.2,336.2,0
2315,251,2025-06-28,336.2,336.2,0
2316,251,2025-07-26,336.2,336.2,0
2317,251,2025-08-26,336.2,336.2,0
2318,251,2025-09-25,336.2,336.2,0
2319,251,2025-10-24,336.2,336.2,0
2320,251,2025-11-27,336.2,336.2,0
2321,251,2025-12-24,336.2,336.2,0
2322,252,2025-01-24,304.62,304.62,0
2323,252,2025-02-27,304.62,304.62,0
2324,252,2025-03-25,304.62,304.62,0
2325,252,2025-04-22,304.62,304.62,0
2326,252,2025-05-28,304.62,304.62,0
2327,252,2025-06-26,304.62,304.62,0
2328,252,2025-09-12,304.62,278.05,50
2329,252,2025-08-23,304.62,304.62,0
2330,252,2025-09-26,304.62,304.62,0
2331,252,2025-10-27,304.62,304.62,0
2332,252,2025-11-23,304.62,304.62,0
2333,252,2025-12-26,304.62,304.62,0
2334,253,2025-06-28,169.28,169.28,0
2335,253,2025-07-23,169.28,169.28,0
2336,253,2025-08-28,169.28,169.28,0
2337,253,2025-09-24,169.28,169.28,0
2338,253,2025-12-28,169.28,151.12,64
2339,253,2026-04-09,169.28,66.82,137
2340,253,2025-12-31,169.28,144.05,4
2341,254,2024-04-28,113.25,113.25,0
2342,254,2024-05-25,113.25,113.25,0
2343,254,2024-06-25,113.25,113.25,0
2344,254,2024-07-28,113.25,113.25,0
2345,254,2024-08-26,113.25,113.25,0
2346,254,2024-09-28,113.25,113.25,0
2347,254,2024-10-22,113.25,113.25,0
2348,254,2024-11-27,113.25,113.25,0
2349,254,2024-12-27,113.25,113.25,0
2350,254,2025-01-22,113.25,113.25,0
2351,254,2025-02-24,113.25,113.25,0
2352,254,2025-03-25,113.25,113.25,0
2353,254,2025-04-28,113.25,113.25,0
2354,254,2025-05-23,113.25,113.25,0
2355,254,2025-06-25,113.25,113.25,0
2356,254,2025-07-23,113.25,113.25,0
2357,254,2025-08-24,113.25,113.25,0
2358,254,2025-09-24,113.25,113.25,0
2359,254,2025-10-25,113.25,113.25,0
2360,254,2025-11-27,113.25,113.25,0
2361,254,2025-12-25,113.25,113.25,0
2362,255,2025-05-10,1051.72,1035.51,16
2363,255,2025-05-24,1051.72,1051.72,0
2364,255,2025-06-25,1051.72,1051.72,0
2365,255,2025-07-31,1051.72,1032.78,9
2366,255,2025-08-27,1051.72,1051.72,0
2367,255,2025-09-26,1051.72,1051.72,0
2368,255,2025-10-26,1051.72,1051.72,0
2369,255,2025-11-25,1051.72,1051.72,0
2370,255,2025-12-24,1051.72,1051.72,0
2371,256,2024-07-26,278.44,278.44,0
2372,256,2024-08-24,278.44,278.44,0
2373,256,2024-09-22,278.44,278.44,0
2374,256,2024-10-24,278.44,278.44,0
2375,256,2024-11-26,278.44,278.44,0
2376,256,2024-12-24,278.44,278.44,0
2377,256,2025-01-23,278.44,278.44,0
2378,256,2025-02-27,278.44,278.44,0
2379,256,2025-03-24,278.44,278.44,0
2380,256,2025-06-24,278.44,262.56,57
2381,256,2025-05-22,278.44,278.44,0
2382,256,2025-10-19,278.44,11.81,119
2383,256,2025-07-28,278.44,278.44,0
2384,256,2025-08-25,278.44,278.44,0
2385,256,2025-09-22,278.44,278.44,0
2386,256,2025-10-28,278.44,278.44,0
2387,256,2025-11-24,278.44,278.44,0
2388,256,2025-12-26,278.44,278.44,0
2389,257,2025-06-23,1206.49,1206.49,0
2390,257,2025-07-26,1206.49,1206.49,0
2391,257,2025-08-28,1206.49,1206.49,0
2392,257,2025-09-27,1206.49,1206.49,0
2393,257,2025-10-23,1206.49,1206.49,0
2394,257,2025-11-28,1206.49,1206.49,0
2395,257,2025-12-22,1206.49,1206.49,0
2396,260,2024-10-28,149.6,149.6,0
2397,260,2024-11-26,149.6,149.6,0
2398,260,2024-12-22,149.6,149.6,0
2399,260,2025-01-26,149.6,149.6,0
2400,260,2025-02-23,149.6,149.6,0
2401,260,2025-03-22,149.6,149.6,0
2402,260,2025-04-22,149.6,149.6,0
2403,260,2025-11-23,149.6,25.32,179
2404,260,2025-06-28,149.6,149.6,0
2405,260,2025-07-22,149.6,149.6,0
2406,260,2025-08-23,149.6,149.6,0
2407,260,2025-09-27,149.6,149.6,0
2408,260,2025-10-25,149.6,149.6,0
2409,260,2025-11-26,149.6,149.6,0
2410,260,2025-12-27,149.6,149.6,0
2411,261,2025-04-29,86.86,78.84,37
2412,261,2025-04-22,86.86,86.86,0
2413,261,2025-05-25,86.86,86.86,0
2414,261,2025-06-23,86.86,86.86,0
2415,261,2025-07-26,86.86,86.86,0
2416,261,2025-08-23,86.86,86.86,0
2417,261,2025-09-28,86.86,86.86,0
2418,261,2025-10-23,86.86,86.86,0
2419,261,2025-11-25,86.86,86.86,0
2420,261,2025-12-28,86.86,86.86,0
2421,262,2024-09-22,885.94,885.94,0
2422,262,2024-10-28,885.94,885.94,0
2423,262,2024-11-23,885.94,885.94,0
2424,262,2024-12-27,885.94,885.94,0
2425,262,2025-01-27,885.94,885.94,0
2426,262,2025-02-26,885.94,885.94,0
2427,262,2025-03-26,885.94,885.94,0
2428,262,2025-04-24,885.94,885.94,0
2429,262,2025-05-25,885.94,885.94,0
2430,262,2025-06-23,885.94,885.94,0
2431,262,2025-07-25,885.94,885.94,0
2432,262,2025-08-26,885.94,885.94,0
2433,262,2025-09-24,885.94,885.94,0
2434,263,2025-10-22,526.02,526.02,0
2435,263,2025-11-27,526.02,526.02,0
2436,263,2025-12-26,526.02,526.02,0
2437,264,2025-05-22,314.64,314.64,0
2438,264,2025-06-25,314.64,314.64,0
2439,264,2025-07-23,314.64,314.64,0
2440,264,2025-08-24,314.64,314.64,0
2441,264,2025-09-24,314.64,314.64,0
2442,264,2025-11-12,314.64,286.14,17
2443,264,2025-11-26,314.64,314.64,0
2444,264,2025-12-27,314.64,314.64,0
2445,265,2025-12-24,68.17,68.17,0
2446,266,2025-08-28,3466.29,3466.29,0
2447,266,2025-09-25,3466.29,3466.29,0
2448,266,2025-10-28,3466.29,3466.29,0
2449,266,2025-11-25,3466.29,3466.29,0
2450,266,2025-12-26,3466.29,3466.29,0
2451,267,2024-09-26,608.22,608.22,0
2452,267,2024-10-23,608.22,608.22,0
2453,267,2024-11-28,608.22,608.22,0
2454,267,2024-12-23,608.22,608.22,0
2455,267,2025-01-26,608.22,608.22,0
2456,267,2025-02-24,608.22,608.22,0
2457,267,2025-03-27,608.22,608.22,0
2458,267,2025-04-24,608.22,608.22,0
2459,267,2025-05-22,608.22,608.22,0
2460,267,2025-06-23,608.22,608.22,0
2461,267,2025-07-24,608.22,608.22,0
2462,267,2025-08-23,608.22,608.22,0
2463,267,2025-09-25,608.22,608.22,0
2464,267,2025-10-25,608.22,608.22,0
2465,267,2025-11-22,608.22,608.22,0
2466,267,2025-12-26,608.22,608.22,0
2467,269,2025-11-25,275.23,275.23,0
2468,269,2025-12-22,275.23,275.23,0
2469,270,2025-12-01,326.49,275.51,39
2470,270,2025-11-23,326.49,326.49,0
2471,270,2025-12-26,326.49,326.49,0
2472,271,2025-06-25,96.13,96.13,0
2473,271,2025-07-28,96.13,96.13,0
2474,271,2025-08-25,96.13,96.13,0
2475,271,2025-09-25,96.13,96.13,0
2476,271,2025-12-22,96.13,90.59,61
2477,271,2025-11-26,96.13,96.13,0
2478,271,2025-12-28,96.13,96.13,0
2479,272,2024-12-26,330.81,330.81,0
2480,272,2025-01-27,330.81,330.81,0
2481,272,2025-02-24,330.81,330.81,0
2482,272,2025-03-27,330.81,330.81,0
2483,272,2025-04-24,330.81,330.81,0
2484,272,2025-05-28,330.81,330.81,0
2485,272,2025-06-26,330.81,330.81,0
2486,272,2025-07-28,330.81,330.81,0
2487,272,2025-09-30,330.81,330.58,37
2488,272,2025-09-22,330.81,330.81,0
2489,272,2025-10-25,330.81,330.81,0
2490,272,2025-11-25,330.81,330.81,0
2491,272,2025-12-28,330.81,330.81,0
2492,273,2025-10-22,479.04,479.04,0
2493,273,2025-11-24,479.04,479.04,0
2494,273,2025-12-24,479.04,479.04,0
2495,274,2024-01-22,77.18,77.18,0
2496,274,2024-02-27,77.18,77.18,0
2497,274,2024-05-29,77.18,69.91,64
2498,274,2024-04-24,77.18,77.18,0
2499,274,2024-05-25,77.18,77.18,0
2500,274,2024-06-25,77.18,77.18,0
2501,274,2024-07-22,77.18,77.18,0
2502,274,2024-08-26,77.18,77.18,0
2503,274,2024-09-28,77.18,77.18,0
2504,274,2024-10-23,77.18,77.18,0
2505,274,2024-11-25,77.18,77.18,0
2506,274,2024-12-25,77.18,77.18,0
2507,274,2025-01-24,77.18,77.18,0
2508,274,2025-02-28,77.18,77.18,0
2509,274,2025-03-23,77.18,77.18,0
2510,274,2025-04-23,77.18,77.18,0
2511,274,2025-05-25,77.18,77.18,0
2512,274,2025-06-28,77.18,77.18,0
2513,274,2025-07-22,77.18,77.18,0
2514,274,2025-08-23,77.18,77.18,0
2515,274,2025-09-24,77.18,77.18,0
2516,274,2025-10-25,77.18,77.18,0
2517,274,2025-12-14,77.18,77.11,18
2518,274,2025-12-26,77.18,77.18,0
2519,275,2025-01-27,491.33,491.33,0
2520,275,2025-02-25,491.33,491.33,0
2521,275,2025-03-28,491.33,491.33,0
2522,275,2025-04-23,491.33,491.33,0
2523,275,2025-05-27,491.33,491.33,0
2524,275,2025-06-24,491.33,491.33,0
2525,275,2025-07-25,491.33,491.33,0
2526,275,2025-08-26,491.33,491.33,0
2527,275,2025-09-22,491.33,491.33,0
2528,275,2025-10-28,491.33,491.33,0
2529,275,2025-11-25,491.33,491.33,0
2530,275,2025-12-28,491.33,491.33,0
2531,277,2025-01-25,588.03,588.03,0
2532,277,2025-02-28,588.03,588.03,0
2533,277,2025-03-25,588.03,588.03,0
2534,277,2025-04-26,588.03,588.03,0
2535,277,2025-05-23,588.03,588.03,0
2536,277,2025-06-22,588.03,588.03,0
2537,277,2025-07-27,588.03,588.03,0
2538,277,2025-08-22,588.03,588.03,0
2539,277,2025-09-27,588.03,588.03,0
2540,277,2025-10-26,588.03,588.03,0
2541,277,2025-11-22,588.03,588.03,0
2542,277,2025-12-27,588.03,588.03,0
2543,279,2025-11-26,445.01,445.01,0
2544,279,2025-12-23,445.01,445.01,0
2545,280,2024-10-22,171.21,171.21,0
2546,280,2024-11-22,171.21,171.21,0
2547,280,2024-12-26,171.21,171.21,0
2548,280,2025-04-04,171.21,12.45,68
2549,280,2025-02-27,171.21,171.21,0
2550,280,2025-03-24,171.21,171.21,0
2551,280,2025-04-25,171.21,171.21,0
2552,280,2025-05-28,171.21,171.21,0
2553,280,2025-06-28,171.21,171.21,0
2554,280,2025-07-25,171.21,171.21,0
2555,280,2026-01-03,171.21,50.15,134
2556,280,2025-09-26,171.21,171.21,0
2557,280,2025-10-22,171.21,171.21,0
2558,280,2025-11-27,171.21,171.21,0
2559,280,2025-12-28,171.21,171.21,0
2560,281,2025-05-26,596.45,596.45,0
2561,281,2025-08-31,596.45,537.85,70
2562,281,2025-07-25,596.45,596.45,0
2563,281,2025-08-25,596.45,596.45,0
2564,281,2025-09-27,596.45,596.45,0
2565,281,2025-10-26,596.45,596.45,0
2566,281,2025-11-27,596.45,596.45,0
2567,281,2025-12-23,596.45,596.45,0
2568,282,2025-03-23,832.5,832.5,0
2569,282,2025-04-26,832.5,832.5,0
2570,282,2025-05-22,832.5,832.5,0
2571,282,2025-06-25,832.5,832.5,0
2572,282,2025-07-28,832.5,832.5,0
2573,282,2025-08-27,832.5,832.5,0
2574,282,2025-09-28,832.5,832.5,0
2575,282,2025-10-28,832.5,832.5,0
2576,282,2025-11-26,832.5,832.5,0
2577,282,2025-12-25,832.5,832.5,0
2578,283,2025-06-27,671.73,671.73,0
2579,283,2025-07-25,671.73,671.73,0
2580,283,2025-08-28,671.73,671.73,0
2581,283,2025-09-26,671.73,671.73,0
2582,283,2025-10-28,671.73,671.73,0
2583,283,2025-11-25,671.73,671.73,0
2584,283,2025-12-24,671.73,671.73,0
2585,284,2025-02-26,1529.38,1529.38,0
2586,284,2025-03-26,1529.38,1529.38,0
2587,284,2025-04-22,1529.38,1529.38,0
2588,284,2025-05-26,1529.38,1529.38,0
2589,284,2025-06-28,1529.38,1529.38,0
2590,284,2025-07-23,1529.38,1529.38,0
2591,284,2025-08-26,1529.38,1529.38,0
2592,284,2025-09-28,1529.38,1529.38,0
2593,284,2025-10-23,1529.38,1529.38,0
2594,284,2025-11-22,1529.38,1529.38,0
2595,284,2025-12-25,1529.38,1529.38,0
2596,285,2025-12-27,223.76,223.76,0
2597,286,2025-01-23,286.09,286.09,0
2598,286,2025-02-26,286.09,286.09,0
2599,286,2025-03-27,286.09,286.09,0
2600,286,2025-04-25,286.09,286.09,0
2601,286,2025-08-09,286.09,1.4,77
2602,286,2025-06-24,286.09,286.09,0
2603,286,2025-07-25,286.09,286.09,0
2604,286,2025-08-28,286.09,258.65,2
2605,286,2025-09-23,286.09,286.09,0
2606,286,2025-10-23,286.09,286.09,0
2607,286,2025-11-25,286.09,286.09,0
2608,286,2026-02-21,286.09,277.72,56
2609,287,2025-05-27,507.6,507.6,0
2610,287,2025-06-28,507.6,507.6,0
2611,287,2025-07-25,507.6,507.6,0
2612,287,2025-08-27,507.6,507.6,0
2613,287,2025-09-23,507.6,507.6,0
2614,287,2025-10-22,507.6,507.6,0
2615,287,2025-11-27,507.6,507.6,0
2616,287,2025-12-28,507.6,507.6,0
2617,288,2025-03-06,317.05,283.7,10
2618,288,2025-03-22,317.05,317.05,0
2619,288,2025-04-23,317.05,317.05,0
2620,288,2025-05-22,317.05,317.05,0
2621,288,2025-06-26,317.05,317.05,0
2622,288,2025-07-27,317.05,317.05,0
2623,288,2025-08-26,317.05,317.05,0
2624,288,2025-09-25,317.05,317.05,0
2625,288,2025-10-24,317.05,317.05,0
2626,288,2025-11-28,317.05,317.05,0
2627,288,2025-12-27,317.05,317.05,0
2628,289,2025-03-25,1530.82,1530.82,0
2629,289,2025-04-28,1530.82,1530.82,0
2630,289,2025-05-22,1530.82,1530.82,0
2631,289,2025-06-25,1530.82,1530.82,0
2632,289,2025-07-28,1530.82,1530.82,0
2633,289,2025-08-25,1530.82,1530.82,0
2634,289,2025-09-24,1530.82,1530.82,0
2635,289,2025-10-26,1530.82,1530.82,0
2636,289,2025-11-23,1530.82,1530.82,0
2637,289,2025-12-28,1530.82,1530.82,0
2638,290,2024-11-28,240.39,240.39,0
2639,290,2024-12-24,240.39,240.39,0
2640,290,2025-01-25,240.39,240.39,0
2641,290,2025-02-27,240.39,240.39,0
2642,290,2025-03-25,240.39,240.39,0
2643,290,2025-04-24,240.39,240.39,0
2644,290,2025-05-25,240.39,240.39,0
2645,290,2025-06-23,240.39,240.39,0
2646,290,2025-07-23,240.39,240.39,0
2647,290,2025-08-27,240.39,240.39,0
2648,290,2025-09-28,240.39,240.39,0
2649,290,2025-10-27,240.39,240.39,0
2650,290,2025-11-24,240.39,240.39,0
2651,290,2025-12-22,240.39,240.39,0
2652,291,2025-08-08,1398.67,1162.08,75
2653,291,2025-06-24,1398.67,1398.67,0
2654,291,2025-07-25,1398.67,1398.67,0
2655,291,2025-08-23,1398.67,1398.67,0
2656,291,2025-09-23,1398.67,1398.67,0
2657,291,2025-10-26,1398.67,1398.67,0
2658,291,2025-11-26,1398.67,1398.67,0
2659,291,2025-12-23,1398.67,1398.67,0
2660,292,2025-05-27,169.32,169.32,0
2661,292,2025-06-27,169.32,169.32,0
2662,292,2025-07-25,169.32,169.32,0
2663,292,2025-08-22,169.32,169.32,0
2664,292,2025-09-28,169.32,169.32,0
2665,292,2025-10-26,169.32,169.32,0
2666,292,2025-11-24,169.32,169.32,0
2667,292,2025-12-28,169.32,169.32,0
2668,293,2024-04-26,47.39,47.39,0
2669,293,2024-05-22,47.39,47.39,0
2670,293,2024-06-26,47.39,47.39,0
2671,293,2024-07-23,47.39,47.39,0
2672,293,2024-08-28,47.39,47.39,0
2673,293,2024-09-22,47.39,47.39,0
2674,293,2024-10-24,47.39,47.39,0
2675,293,2024-11-24,47.39,47.39,0
2676,293,2024-12-23,47.39,47.39,0
2677,293,2025-01-23,47.39,47.39,0
2678,293,2025-02-25,47.39,47.39,0
2679,293,2025-03-23,47.39,47.39,0
2680,293,2025-04-24,47.39,47.39,0
2681,293,2025-05-22,47.39,47.39,0
2682,293,2025-09-07,47.39,41.44,72
2683,293,2025-07-22,47.39,47.39,0
2684,293,2025-10-14,47.39,40.72,51
2685,293,2025-09-23,47.39,47.39,0
2686,293,2025-10-23,47.39,47.39,0
2687,293,2025-12-25,47.39,38.95,29
2688,293,2025-12-28,47.39,47.39,0
2689,294,2025-07-25,51.55,51.55,0
2690,294,2025-08-25,51.55,51.55,0
2691,294,2025-09-22,51.55,51.55,0
2692,294,2026-01-09,51.55,48.05,75
2693,294,2025-11-26,51.55,51.55,0
2694,294,2025-12-26,51.55,51.55,0
2695,296,2024-12-23,345.47,345.47,0
2696,296,2025-01-26,345.47,345.47,0
2697,296,2025-02-27,345.47,345.47,0
2698,296,2025-03-24,345.47,345.47,0
2699,296,2025-05-26,345.47,286.83,30
2700,296,2025-05-23,345.47,345.47,0
2701,296,2025-06-28,345.47,345.47,0
2702,296,2025-07-28,345.47,345.47,0
2703,296,2025-08-28,345.47,345.47,0
2704,296,2025-09-23,345.47,345.47,0
2705,296,2025-10-28,345.47,345.47,0
2706,296,2025-11-25,345.47,345.47,0
2707,296,2025-12-28,345.47,345.47,0
2708,297,2025-02-23,293.25,293.25,0
2709,297,2025-05-04,293.25,271.9,40
2710,297,2025-04-26,293.25,293.25,0
2711,297,2025-05-23,293.25,293.25,0
2712,297,2025-06-24,293.25,293.25,0
2713,297,2025-07-27,293.25,293.25,0
2714,297,2025-08-27,293.25,293.25,0
2715,297,2025-09-25,293.25,293.25,0
2716,297,2025-10-23,293.25,293.25,0
2717,297,2025-11-28,293.25,293.25,0
2718,297,2025-12-22,293.25,293.25,0
2719,298,2025-06-24,561.12,561.12,0
2720,298,2025-07-23,561.12,561.12,0
2721,298,2025-08-27,561.12,561.12,0
2722,298,2025-09-26,561.12,561.12,0
2723,298,2025-10-25,561.12,561.12,0
2724,298,2025-11-22,561.12,561.12,0
2725,298,2025-12-22,561.12,561.12,0
2726,299,2024-10-28,547.1,547.1,0
2727,299,2024-11-23,547.1,547.1,0
2728,299,2024-12-27,547.1,547.1,0
2729,299,2025-01-26,547.1,547.1,0
2730,299,2025-02-28,547.1,547.1,0
2731,299,2025-03-22,547.1,547.1,0
2732,299,2025-04-26,547.1,547.1,0
2733,299,2025-05-25,547.1,547.1,0
2734,299,2025-06-28,547.1,547.1,0
2735,299,2025-07-23,547.1,547.1,0
2736,299,2025-08-28,547.1,547.1,0
2737,299,2025-09-27,547.1,547.1,0
2738,299,2025-10-22,547.1,547.1,0
2739,299,2025-11-25,547.1,547.1,0
2740,299,2025-12-27,547.1,547.1,0
2741,300,2025-05-23,189.57,189.57,0
2742,300,2025-06-26,189.57,189.57,0
2743,300,2025-07-24,189.57,189.57,0
2744,300,2025-08-25,189.57,189.57,0
2745,300,2025-09-25,189.57,189.57,0
2746,300,2025-10-24,189.57,189.57,0
2747,300,2025-11-28,189.57,189.57,0
2748,300,2025-12-28,189.57,189.57,0
2749,301,2024-12-22,721.48,721.48,0
2750,301,2025-03-27,721.48,628.48,61
2751,301,2025-02-26,721.48,721.48,0
2752,301,2025-03-28,721.48,721.48,0
2753,301,2025-04-25,721.48,721.48,0
2754,301,2025-05-23,721.48,721.48,0
2755,301,2025-06-23,721.48,721.48,0
2756,301,2025-07-22,721.48,721.48,0
2757,301,2025-08-23,721.48,721.48,0
2758,301,2025-09-27,721.48,721.48,0
2759,301,2025-10-24,721.48,721.48,0
2760,301,2025-11-22,721.48,721.48,0
2761,301,2026-03-22,721.48,616.76,89
2762,303,2024-08-22,820.37,820.37,0
2763,303,2024-09-23,820.37,820.37,0
2764,303,2024-10-23,820.37,820.37,0
2765,303,2024-11-22,820.37,820.37,0
2766,303,2024-12-25,820.37,820.37,0
2767,303,2025-01-24,820.37,820.37,0
2768,303,2025-02-26,820.37,820.37,0
2769,303,2025-03-24,820.37,820.37,0
2770,303,2025-04-24,820.37,820.37,0
2771,303,2025-05-27,820.37,820.37,0
2772,303,2025-06-26,820.37,820.37,0
2773,303,2025-07-22,820.37,820.37,0
2774,303,2025-08-28,820.37,820.37,0
2775,303,2025-12-11,820.37,782.48,76
2776,303,2025-10-26,820.37,820.37,0
2777,303,2025-11-22,820.37,820.37,0
2778,303,2025-12-26,820.37,820.37,0
2779,304,2025-11-28,185.79,185.79,0
2780,304,2025-12-25,185.79,185.79,0
2781,305,2025-08-24,110.27,110.27,0
2782,305,2025-11-28,110.27,8.02,61
2783,305,2025-10-25,110.27,110.27,0
2784,305,2025-11-25,110.27,110.27,0
2785,305,2026-02-20,110.27,102.59,56
2786,306,2025-01-28,292.37,292.37,0
2787,306,2025-02-28,292.37,292.37,0
2788,306,2025-03-28,292.37,292.37,0
2789,306,2025-04-22,292.37,292.37,0
2790,306,2025-05-28,292.37,292.37,0
2791,306,2025-06-22,292.37,292.37,0
2792,306,2025-07-26,292.37,292.37,0
2793,306,2025-08-25,292.37,292.37,0
2794,306,2025-09-24,292.37,292.37,0
2795,306,2025-10-25,292.37,292.37,0
2796,306,2025-11-25,292.37,292.37,0
2797,306,2025-12-26,292.37,292.37,0
2798,307,2024-11-28,1306.12,1306.12,0
2799,307,2024-12-25,1306.12,1306.12,0
2800,307,2025-01-22,1306.12,1306.12,0
2801,307,2025-02-28,1306.12,1306.12,0
2802,307,2025-03-24,1306.12,1306.12,0
2803,307,2025-04-24,1306.12,1306.12,0
2804,307,2025-05-23,1306.12,1306.12,0
2805,307,2025-06-25,1306.12,1306.12,0
2806,307,2025-07-23,1306.12,1306.12,0
2807,307,2025-08-27,1306.12,1306.12,0
2808,307,2025-09-24,1306.12,1306.12,0
2809,307,2025-10-28,1306.12,1306.12,0
2810,307,2025-11-23,1306.12,1306.12,0
2811,307,2025-12-22,1306.12,1306.12,0
2812,308,2024-11-25,405.65,405.65,0
2813,308,2024-12-25,405.65,405.65,0
2814,308,2025-04-22,405.65,349.67,89
2815,308,2025-02-23,405.65,405.65,0
2816,308,2025-03-25,405.65,405.65,0
2817,308,2025-04-27,405.65,405.65,0
2818,308,2025-05-26,405.65,405.65,0
2819,308,2025-08-01,405.65,333.23,38
2820,308,2025-07-28,405.65,405.65,0
2821,308,2025-08-24,405.65,405.65,0
2822,308,2025-11-25,405.65,331.26,62
2823,308,2025-10-25,405.65,405.65,0
2824,308,2025-11-26,405.65,405.65,0
2825,308,2025-12-27,405.65,405.65,0
2826,309,2025-05-24,586.18,487.41,62
2827,309,2025-04-28,586.18,586.18,0
2828,309,2025-05-22,586.18,586.18,0
2829,309,2025-06-26,586.18,586.18,0
2830,309,2025-07-22,586.18,586.18,0
2831,309,2025-08-26,586.18,586.18,0
2832,309,2025-10-04,586.18,474.4,7
2833,309,2026-01-17,586.18,585.82,85
2834,309,2025-11-27,586.18,586.18,0
2835,309,2025-12-23,586.18,586.18,0
2836,310,2024-07-25,277.56,277.56,0
2837,310,2024-08-22,277.56,277.56,0
2838,310,2024-09-25,277.56,277.56,0
2839,310,2024-10-27,277.56,277.56,0
2840,310,2024-11-27,277.56,277.56,0
2841,310,2024-12-24,277.56,277.56,0
2842,310,2025-01-24,277.56,277.56,0
2843,310,2025-02-28,277.56,277.56,0
2844,310,2025-06-06,277.56,241.05,70
2845,310,2025-04-25,277.56,277.56,0
2846,310,2025-05-27,277.56,277.56,0
2847,310,2025-06-24,277.56,277.56,0
2848,310,2025-07-25,277.56,277.56,0
2849,310,2025-08-23,277.56,277.56,0
2850,310,2025-09-25,277.56,277.56,0
2851,310,2025-10-23,277.56,277.56,0
2852,310,2025-11-25,277.56,277.56,0
2853,310,2025-12-25,277.56,277.56,0
2854,311,2024-04-24,316.38,316.38,0
2855,311,2024-05-26,316.38,316.38,0
2856,311,2024-06-24,316.38,316.38,0
2857,311,2024-07-25,316.38,316.38,0
2858,311,2024-08-28,316.38,316.38,0
2859,311,2024-09-26,316.38,316.38,0
2860,311,2024-10-26,316.38,316.38,0
2861,311,2024-11-27,316.38,316.38,0
2862,311,2024-12-27,316.38,316.38,0
2863,311,2025-01-24,316.38,316.38,0
2864,311,2025-03-08,316.38,268.08,12
2865,311,2025-04-30,316.38,296.25,34
2866,311,2025-04-24,316.38,316.38,0
2867,311,2025-05-22,316.38,316.38,0
2868,311,2025-06-22,316.38,316.38,0
2869,311,2025-07-23,316.38,316.38,0
2870,311,2025-08-25,316.38,316.38,0
2871,311,2025-09-22,316.38,316.38,0
2872,311,2025-10-26,316.38,316.38,0
2873,311,2026-01-22,316.38,265.55,55
2874,311,2025-12-22,316.38,316.38,0
2875,312,2025-10-23,168.84,168.84,0
2876,312,2026-01-05,168.84,149.09,43
2877,312,2026-04-15,168.84,62.95,112
2878,313,2025-06-22,395.06,395.06,0
2879,313,2025-07-25,395.06,395.06,0
2880,313,2025-08-28,395.06,395.06,0
2881,313,2025-09-26,395.06,395.06,0
2882,313,2025-10-23,395.06,395.06,0
2883,313,2025-11-27,395.06,395.06,0
2884,313,2025-12-23,395.06,395.06,0
2885,314,2025-03-23,612.75,612.75,0
2886,314,2025-04-24,612.75,612.75,0
2887,314,2025-05-28,612.75,612.75,0
2888,314,2025-06-22,612.75,612.75,0
2889,314,2025-07-25,612.75,612.75,0
2890,314,2025-08-22,612.75,612.75,0
2891,314,2025-09-25,612.75,612.75,0
2892,314,2026-01-12,612.75,143.46,76
2893,314,2026-02-18,612.75,529.28,82
2894,314,2025-12-28,612.75,612.75,0
2895,315,2024-03-22,238.36,238.36,0
2896,315,2024-04-26,238.36,238.36,0
2897,315,2024-05-27,238.36,238.36,0
2898,315,2024-07-20,238.36,199.34,25
2899,315,2024-07-24,238.36,238.36,0
2900,315,2024-08-26,238.36,238.36,0
2901,315,2024-09-27,238.36,238.36,0
2902,315,2024-10-23,238.36,238.36,0
2903,315,2024-11-23,238.36,238.36,0
2904,315,2024-12-25,238.36,238.36,0
2905,315,2025-01-27,238.36,238.36,0
2906,315,2025-02-27,238.36,238.36,0
2907,315,2025-03-26,238.36,238.36,0
2908,315,2025-04-23,238.36,238.36,0
2909,315,2025-05-25,238.36,238.36,0
2910,315,2025-06-24,238.36,238.36,0
2911,315,2025-07-28,238.36,238.36,0
2912,315,2025-08-23,238.36,238.36,0
2913,315,2025-09-23,238.36,238.36,0
2914,315,2025-10-28,238.36,238.36,0
2915,315,2025-11-25,238.36,238.36,0
2916,315,2025-12-25,238.36,238.36,0
2917,316,2025-04-26,381.99,381.99,0
2918,316,2025-05-24,381.99,381.99,0
2919,316,2025-06-24,381.99,381.99,0
2920,316,2025-07-27,381.99,381.99,0
2921,316,2025-11-02,381.99,328.46,71
2922,316,2025-09-26,381.99,381.99,0
2923,316,2025-10-23,381.99,381.99,0
2924,316,2025-12-28,381.99,306.41,30
2925,316,2025-12-22,381.99,381.99,0
2926,317,2025-05-22,111.78,111.78,0
2927,317,2025-06-28,111.78,111.78,0
2928,317,2025-07-26,111.78,111.78,0
2929,317,2025-08-25,111.78,111.78,0
2930,317,2025-09-26,111.78,111.78,0
2931,317,2025-10-22,111.78,111.78,0
2932,317,2025-11-27,111.78,111.78,0
2933,317,2025-12-27,111.78,111.78,0
2934,319,2025-01-22,644.73,644.73,0
2935,319,2025-02-27,644.73,644.73,0
2936,319,2025-03-22,644.73,644.73,0
2937,319,2025-04-28,644.73,644.73,0
2938,319,2025-05-26,644.73,644.73,0
2939,319,2025-06-22,644.73,644.73,0
2940,319,2025-07-22,644.73,644.73,0
2941,319,2025-08-28,644.73,644.73,0
2942,319,2025-09-28,644.73,644.73,0
2943,319,2025-10-26,644.73,644.73,0
2944,319,2025-11-24,644.73,644.73,0
2945,319,2025-12-23,644.73,644.73,0
2946,320,2024-07-24,309.32,309.32,0
2947,320,2024-08-25,309.32,309.32,0
2948,320,2024-09-23,309.32,309.32,0
2949,320,2024-10-26,309.32,309.32,0
2950,320,2024-11-27,309.32,309.32,0
2951,320,2024-12-23,309.32,309.32,0
2952,320,2025-01-28,309.32,309.32,0
2953,320,2025-02-24,309.32,309.32,0
2954,320,2025-03-27,309.32,309.32,0
2955,320,2025-04-26,309.32,309.32,0
2956,320,2025-05-22,309.32,309.32,0
2957,320,2025-06-27,309.32,309.32,0
2958,320,2025-07-27,309.32,309.32,0
2959,320,2025-11-21,309.32,34.71,89
2960,320,2025-09-23,309.32,309.32,0
2961,320,2025-10-26,309.32,309.32,0
2962,320,2025-11-26,309.32,309.32,0
2963,320,2025-12-28,309.32,309.32,0
2964,321,2025-02-25,486.75,486.75,0
2965,321,2025-03-26,486.75,486.75,0
2966,321,2025-04-25,486.75,486.75,0
2967,321,2025-05-28,486.75,486.75,0
2968,321,2025-06-28,486.75,486.75,0
2969,321,2025-07-24,486.75,486.75,0
2970,321,2025-08-28,486.75,486.75,0
2971,321,2025-09-25,486.75,486.75,0
2972,321,2025-10-23,486.75,486.75,0
2973,321,2025-11-22,486.75,486.75,0
2974,321,2026-02-01,486.75,468.73,35
2975,322,2025-06-24,583.27,583.27,0
2976,322,2025-07-26,583.27,583.27,0
2977,322,2025-08-28,583.27,583.27,0
2978,322,2025-09-26,583.27,583.27,0
2979,322,2025-10-23,583.27,583.27,0
2980,322,2026-01-23,583.27,506.44,59
2981,322,2025-12-26,583.27,583.27,0
2982,323,2024-03-25,135.71,135.71,0
2983,323,2024-04-25,135.71,135.71,0
2984,323,2024-05-27,135.71,135.71,0
2985,323,2024-06-23,135.71,135.71,0
2986,323,2024-07-23,135.71,135.71,0
2987,323,2024-08-27,135.71,135.71,0
2988,323,2024-09-24,135.71,135.71,0
2989,323,2024-10-25,135.71,135.71,0
2990,323,2024-12-11,135.71,124.72,17
2991,323,2025-02-04,135.71,43.46,38
2992,323,2025-01-25,135.71,135.71,0
2993,323,2025-02-27,135.71,135.71,0
2994,323,2025-03-26,135.71,135.71,0
2995,323,2025-04-23,135.71,135.71,0
2996,323,2025-05-27,135.71,135.71,0
2997,323,2025-10-25,135.71,12.85,124
2998,323,2025-09-08,135.71,118.36,47
2999,323,2025-08-23,135.71,135.71,0
3000,323,2025-09-23,135.71,135.71,0
3001,323,2025-10-25,135.71,135.71,0
3002,323,2025-11-23,135.71,135.71,0
3003,323,2025-12-22,135.71,135.71,0
3004,324,2025-04-24,863.99,863.99,0
3005,324,2025-05-26,863.99,863.99,0
3006,324,2025-06-26,863.99,863.99,0
3007,324,2025-07-23,863.99,863.99,0
3008,324,2025-08-24,863.99,863.99,0
3009,324,2025-09-24,863.99,863.99,0
3010,324,2025-10-24,863.99,863.99,0
3011,324,2025-11-27,863.99,863.99,0
3012,324,2025-12-27,863.99,863.99,0
3013,325,2024-11-27,278.36,278.36,0
3014,325,2024-12-23,278.36,278.36,0
3015,325,2025-01-23,278.36,278.36,0
3016,325,2025-02-24,278.36,278.36,0
3017,325,2025-03-25,278.36,278.36,0
3018,325,2025-04-23,278.36,278.36,0
3019,325,2025-05-25,278.36,278.36,0
3020,325,2025-06-22,278.36,278.36,0
3021,325,2025-07-25,278.36,278.36,0
3022,325,2025-08-24,278.36,278.36,0
3023,325,2025-09-28,278.36,278.36,0
3024,325,2025-10-23,278.36,278.36,0
3025,325,2025-11-25,278.36,278.36,0
3026,325,2025-12-26,278.36,278.36,0
3027,326,2025-07-23,1433.87,1433.87,0
3028,326,2025-08-27,1433.87,1433.87,0
3029,326,2025-09-26,1433.87,1433.87,0
3030,326,2025-10-25,1433.87,1433.87,0
3031,326,2025-11-27,1433.87,1433.87,0
3032,326,2025-12-26,1433.87,1433.87,0
3033,327,2025-02-26,180.28,180.28,0
3034,327,2025-03-25,180.28,180.28,0
3035,327,2025-04-27,180.28,180.28,0
3036,327,2025-05-23,180.28,180.28,0
3037,327,2025-06-27,180.28,180.28,0
3038,327,2025-07-25,180.28,180.28,0
3039,327,2025-08-26,180.28,180.28,0
3040,327,2025-09-28,180.28,180.28,0
3041,327,2025-10-25,180.28,180.28,0
3042,327,2025-11-26,180.28,180.28,0
3043,327,2025-12-27,180.28,180.28,0
3044,328,2025-11-25,133.58,133.58,0
3045,328,2025-12-25,133.58,133.58,0
3046,329,2025-01-22,471.4,471.4,0
3047,329,2025-02-22,471.4,471.4,0
3048,329,2025-03-22,471.4,471.4,0
3049,329,2025-04-23,471.4,471.4,0
3050,329,2025-05-23,471.4,471.4,0
3051,329,2025-06-25,471.4,471.4,0
3052,329,2025-07-28,471.4,471.4,0
3053,329,2025-08-23,471.4,471.4,0
3054,329,2025-09-23,471.4,471.4,0
3055,329,2025-10-24,471.4,471.4,0
3056,329,2026-02-01,471.4,156.62,67
3057,329,2025-12-23,471.4,471.4,0
3058,330,2025-12-21,586.13,98.87,151
3059,330,2025-08-27,586.13,586.13,0
3060,330,2025-09-22,586.13,586.13,0
3061,330,2025-10-22,586.13,586.13,0
3062,330,2025-11-25,586.13,586.13,0
3063,330,2025-12-25,586.13,586.13,0
3064,331,2025-05-22,654.86,654.86,0
3065,331,2025-06-28,654.86,654.86,0
3066,331,2025-07-24,654.86,654.86,0
3067,331,2025-08-23,654.86,654.86,0
3068,331,2025-09-25,654.86,654.86,0
3069,331,2025-10-24,654.86,654.86,0
3070,331,2025-11-23,654.86,654.86,0
3071,331,2025-12-24,654.86,654.86,0
3072,332,2025-05-24,689.2,689.2,0
3073,332,2025-06-26,689.2,689.2,0
3074,332,2025-07-28,689.2,689.2,0
3075,332,2025-08-25,689.2,689.2,0
3076,332,2025-09-23,689.2,689.2,0
3077,332,2025-10-27,689.2,689.2,0
3078,332,2025-11-23,689.2,689.2,0
3079,332,2025-12-24,689.2,689.2,0
3080,333,2025-05-27,70.06,67.03,5
3081,333,2025-06-24,70.06,70.06,0
3082,333,2025-10-06,70.06,61.82,74
3083,333,2025-08-27,70.06,70.06,0
3084,333,2025-09-24,70.06,70.06,0
3085,333,2025-11-27,70.06,19.32,33
3086,333,2025-11-26,70.06,70.06,0
3087,333,2025-12-27,70.06,70.06,0
3088,335,2025-02-27,96.37,96.37,0
3089,335,2025-03-24,96.37,96.37,0
3090,335,2025-04-27,96.37,96.37,0
3091,335,2025-05-27,96.37,96.37,0
3092,335,2025-06-27,96.37,96.37,0
3093,335,2025-07-24,96.37,96.37,0
3094,335,2025-09-24,96.37,88.89,32
3095,335,2025-09-24,96.37,96.37,0
3096,335,2025-10-28,96.37,96.37,0
3097,335,2025-12-13,96.37,91.87,17
3098,335,2025-12-24,96.37,96.37,0
3099,337,2024-02-25,955.15,955.15,0
3100,337,2024-03-22,955.15,955.15,0
3101,337,2024-04-25,955.15,955.15,0
3102,337,2024-05-26,955.15,955.15,0
3103,337,2024-06-22,955.15,955.15,0
3104,337,2024-07-27,955.15,955.15,0
3105,337,2024-11-13,955.15,797.59,82
3106,337,2024-09-24,955.15,955.15,0
3107,337,2024-10-24,955.15,955.15,0
3108,337,2024-11-28,955.15,955.15,0
3109,337,2024-12-23,955.15,955.15,0
3110,337,2025-01-22,955.15,955.15,0
3111,337,2025-02-26,955.15,955.15,0
3112,337,2025-03-26,955.15,955.15,0
3113,337,2025-04-27,955.15,955.15,0
3114,337,2025-05-28,955.15,955.15,0
3115,337,2025-06-22,955.15,955.15,0
3116,337,2025-07-28,955.15,955.15,0
3117,337,2025-08-27,955.15,955.15,0
3118,337,2025-09-23,955.15,955.15,0
3119,337,2025-10-28,955.15,955.15,0
3120,337,2025-11-25,955.15,955.15,0
3121,337,2025-12-24,955.15,955.15,0
3122,338,2025-05-22,366.82,366.82,0
3123,338,2025-06-24,366.82,366.82,0
3124,338,2025-07-25,366.82,366.82,0
3125,338,2025-12-09,366.82,18.44,103
3126,338,2025-09-26,366.82,366.82,0
3127,338,2025-10-26,366.82,366.82,0
3128,338,2025-11-24,366.82,366.82,0
3129,338,2025-12-27,366.82,366.82,0
3130,339,2025-03-26,231.18,231.18,0
3131,339,2025-04-27,231.18,231.18,0
3132,339,2025-05-28,231.18,231.18,0
3133,339,2025-06-22,231.18,231.18,0
3134,339,2025-07-23,231.18,231.18,0
3135,339,2025-08-23,231.18,231.18,0
3136,339,2025-09-28,231.18,231.18,0
3137,339,2025-10-25,231.18,231.18,0
3138,339,2025-11-26,231.18,231.18,0
3139,339,2025-12-22,231.18,231.18,0
3140,340,2025-06-22,310.22,310.22,0
3141,340,2025-07-28,310.22,310.22,0
3142,340,2025-08-25,310.22,310.22,0
3143,340,2025-09-28,310.22,310.22,0
3144,340,2025-10-23,310.22,310.22,0
3145,340,2025-11-26,310.22,310.22,0
3146,340,2025-12-22,310.22,310.22,0
3147,341,2026-03-15,850.68,739.16,79
3148,342,2025-09-25,100.16,100.16,0
3149,342,2025-10-28,100.16,100.16,0
3150,342,2025-11-23,100.16,100.16,0
3151,342,2025-12-24,100.16,100.16,0
3152,343,2025-10-25,155.53,155.53,0
3153,343,2025-11-28,155.53,155.53,0
3154,343,2025-12-22,155.53,155.53,0
3155,344,2024-11-27,125.26,125.26,0
3156,344,2024-12-22,125.26,125.26,0
3157,344,2025-01-22,125.26,125.26,0
3158,344,2025-05-21,125.26,111.45,86
3159,344,2025-03-24,125.26,125.26,0
3160,344,2025-04-24,125.26,125.26,0
3161,344,2025-05-24,125.26,125.26,0
3162,344,2025-06-24,125.26,125.26,0
3163,344,2025-07-25,125.26,125.26,0
3164,344,2025-08-25,125.26,125.26,0
3165,344,2025-09-25,125.26,125.26,0
3166,344,2025-10-22,125.26,125.26,0
3167,344,2025-11-22,125.26,125.26,0
3168,344,2025-12-28,125.26,125.26,0
3169,345,2025-02-27,848.88,848.88,0
3170,345,2025-03-24,848.88,848.88,0
3171,345,2025-04-24,848.88,848.88,0
3172,345,2025-05-27,848.88,848.88,0
3173,345,2025-06-23,848.88,848.88,0
3174,345,2025-07-26,848.88,848.88,0
3175,345,2025-08-25,848.88,848.88,0
3176,345,2025-09-22,848.88,848.88,0
3177,345,2025-10-24,848.88,848.88,0
3178,345,2025-11-28,848.88,848.88,0
3179,345,2025-12-26,848.88,848.88,0
3180,347,2025-11-25,253.45,253.45,0
3181,347,2025-12-22,253.45,253.45,0
3182,348,2025-01-26,201.85,201.85,0
3183,348,2025-02-22,201.85,201.85,0
3184,348,2025-03-25,201.85,201.85,0
3185,348,2025-07-04,201.85,178.55,67
3186,348,2025-05-26,201.85,201.85,0
3187,348,2025-06-28,201.85,201.85,0
3188,348,2025-07-26,201.85,201.85,0
3189,348,2025-08-28,201.85,201.85,0
3190,348,2025-09-28,201.85,201.85,0
3191,348,2025-10-27,201.85,201.85,0
3192,348,2025-12-22,201.85,181.28,30
3193,348,2026-06-12,201.85,66.63,168
3194,349,2025-08-28,195.42,195.42,0
3195,349,2025-09-28,195.42,195.42,0
3196,349,2025-10-27,195.42,195.42,0
3197,349,2025-11-27,195.42,195.42,0
3198,349,2025-12-23,195.42,195.42,0
3199,350,2024-12-12,229.57,90.56,79
3200,350,2024-10-28,229.57,229.57,0
3201,350,2024-11-23,229.57,229.57,0
3202,350,2024-12-26,229.57,229.57,0
3203,350,2025-01-25,229.57,229.57,0
3204,350,2025-02-27,229.57,229.57,0
3205,350,2025-03-24,229.57,229.57,0
3206,350,2025-06-01,229.57,218.66,36
3207,350,2025-05-23,229.57,229.57,0
3208,350,2025-06-28,229.57,229.57,0
3209,350,2025-07-27,229.57,229.57,0
3210,350,2025-08-22,229.57,229.57,0
3211,350,2025-09-27,229.57,229.57,0
3212,350,2025-10-27,229.57,229.57,0
3213,350,2025-11-24,229.57,229.57,0
3214,350,2026-04-30,229.57,16.89,125
3215,351,2025-09-24,200.45,200.45,0
3216,351,2025-10-28,200.45,200.45,0
3217,351,2025-11-23,200.45,200.45,0
3218,351,2025-12-26,200.45,200.45,0
3219,352,2025-06-24,173.83,173.83,0
3220,352,2025-07-22,173.83,173.83,0
3221,352,2025-08-28,173.83,173.83,0
3222,352,2025-09-25,173.83,173.83,0
3223,352,2025-10-22,173.83,173.83,0
3224,352,2025-12-24,173.83,144.11,32
3225,352,2025-12-28,173.83,173.83,0
3226,353,2024-08-26,1026.23,1026.23,0
3227,353,2024-09-23,1026.23,1026.23,0
3228,353,2024-10-24,1026.23,1026.23,0
3229,353,2024-11-23,1026.23,1026.23,0
3230,353,2024-12-23,1026.23,1026.23,0
3231,353,2025-01-23,1026.23,1026.23,0
3232,353,2025-02-27,1026.23,1026.23,0
3233,353,2025-03-23,1026.23,1026.23,0
3234,353,2025-04-27,1026.23,1026.23,0
3235,353,2025-05-26,1026.23,1026.23,0
3236,353,2025-06-22,1026.23,1026.23,0
3237,353,2025-07-27,1026.23,1026.23,0
3238,353,2025-08-24,1026.23,1026.23,0
3239,353,2025-09-27,1026.23,1026.23,0
3240,353,2025-10-27,1026.23,1026.23,0
3241,353,2025-11-25,1026.23,1026.23,0
3242,353,2025-12-28,1026.23,1026.23,0
3243,354,2025-05-26,433.03,433.03,0
3244,354,2025-06-26,433.03,433.03,0
3245,354,2025-07-26,433.03,433.03,0
3246,354,2025-08-26,433.03,433.03,0
3247,354,2025-09-24,433.03,433.03,0
3248,354,2025-10-27,433.03,433.03,0
3249,354,2025-11-27,433.03,433.03,0
3250,354,2025-12-22,433.03,433.03,0
3251,355,2024-11-06,354.76,314.16,39
3252,355,2024-10-22,354.76,354.76,0
3253,355,2024-11-27,354.76,354.76,0
3254,355,2024-12-25,354.76,354.76,0
3255,355,2025-01-28,354.76,354.76,0
3256,355,2025-02-22,354.76,354.76,0
3257,355,2025-03-26,354.76,354.76,0
3258,355,2025-04-27,354.76,354.76,0
3259,355,2025-05-27,354.76,354.76,0
3260,355,2025-07-11,354.76,333.24,18
3261,355,2025-07-28,354.76,354.76,0
3262,355,2025-08-23,354.76,354.76,0
3263,355,2025-09-26,354.76,354.76,0
3264,356,2025-04-22,158.16,158.16,0
3265,356,2025-05-24,158.16,158.16,0
3266,356,2025-06-28,158.16,158.16,0
3267,356,2025-07-27,158.16,158.16,0
3268,356,2025-08-28,158.16,158.16,0
3269,356,2025-09-26,158.16,158.16,0
3270,356,2025-10-24,158.16,158.16,0
3271,356,2025-11-24,158.16,158.16,0
3272,356,2025-12-26,158.16,158.16,0
3273,357,2025-04-23,524.51,524.51,0
3274,357,2025-05-23,524.51,524.51,0
3275,357,2025-06-22,524.51,524.51,0
3276,357,2025-07-25,524.51,524.51,0
3277,357,2025-08-23,524.51,524.51,0
3278,357,2025-09-23,524.51,524.51,0
3279,357,2025-10-28,524.51,524.51,0
3280,357,2025-11-23,524.51,524.51,0
3281,357,2025-12-26,524.51,524.51,0
3282,358,2025-12-23,1263.85,1263.85,0
3283,359,2025-07-24,397.58,397.58,0
3284,359,2025-08-28,397.58,346.17,3
3285,359,2025-09-23,397.58,397.58,0
3286,359,2025-10-27,397.58,397.58,0
3287,359,2025-11-27,397.58,397.58,0
3288,359,2026-01-07,397.58,393.66,12
3289,360,2024-08-26,583.44,583.44,0
3290,360,2024-09-28,583.44,583.44,0
3291,360,2024-10-22,583.44,583.44,0
3292,360,2024-11-25,583.44,583.44,0
3293,360,2024-12-24,583.44,583.44,0
3294,360,2025-01-27,583.44,583.44,0
3295,360,2025-02-25,583.44,583.44,0
3296,360,2025-03-23,583.44,583.44,0
3297,360,2025-04-22,583.44,583.44,0
3298,360,2025-05-22,583.44,583.44,0
3299,360,2025-06-22,583.44,583.44,0
3300,360,2025-07-27,583.44,583.44,0
3301,360,2025-08-23,583.44,583.44,0
3302,360,2025-09-27,583.44,583.44,0
3303,360,2025-10-26,583.44,583.44,0
3304,360,2025-11-25,583.44,583.44,0
3305,360,2025-12-25,583.44,583.44,0
3306,361,2024-06-27,267.88,267.88,0
3307,361,2024-09-18,267.88,223.85,55
3308,361,2024-08-25,267.88,267.88,0
3309,361,2024-09-23,267.88,267.88,0
3310,361,2024-10-26,267.88,267.88,0
3311,361,2024-11-22,267.88,267.88,0
3312,361,2024-12-24,267.88,267.88,0
3313,361,2025-01-22,267.88,267.88,0
3314,361,2025-02-25,267.88,267.88,0
3315,361,2025-03-22,267.88,267.88,0
3316,361,2025-04-24,267.88,267.88,0
3317,361,2025-05-26,267.88,267.88,0
3318,361,2025-09-01,267.88,250.89,70
3319,361,2025-07-28,267.88,267.88,0
3320,361,2025-08-23,267.88,267.88,0
3321,361,2025-09-26,267.88,267.88,0
3322,361,2025-10-28,267.88,267.88,0
3323,361,2025-11-24,267.88,267.88,0
3324,361,2025-12-24,267.88,267.88,0
3325,362,2024-09-21,180.51,176.2,24
3326,362,2024-09-26,180.51,180.51,0
3327,362,2024-10-24,180.51,180.51,0
3328,362,2024-11-28,180.51,180.51,0
3329,362,2024-12-26,180.51,180.51,0
3330,362,2025-01-25,180.51,180.51,0
3331,362,2025-02-28,180.51,180.51,0
3332,362,2025-06-08,180.51,1.7,76
3333,362,2025-04-27,180.51,180.51,0
3334,362,2025-05-23,180.51,180.51,0
3335,362,2025-06-25,180.51,180.51,0
3336,362,2025-09-19,180.51,150.49,56
3337,362,2025-08-24,180.51,180.51,0
3338,362,2025-09-23,180.51,180.51,0
3339,362,2025-10-26,180.51,180.51,0
3340,362,2025-11-22,180.51,180.51,0
3341,362,2025-12-25,180.51,180.51,0
3342,363,2025-07-23,397.57,397.57,0
3343,363,2025-08-28,397.57,397.57,0
3344,363,2025-09-25,397.57,397.57,0
3345,363,2025-10-23,397.57,397.57,0
3346,363,2025-11-24,397.57,397.57,0
3347,363,2025-12-23,397.57,397.57,0
3348,364,2024-07-22,238.88,238.88,0
3349,364,2024-09-23,238.88,200.57,26
3350,364,2024-12-13,238.88,32.79,76
3351,364,2025-01-08,238.88,207.67,73
3352,364,2025-01-10,238.88,205.34,47
3353,364,2024-12-27,238.88,238.88,0
3354,364,2025-01-27,238.88,238.88,0
3355,364,2025-03-28,238.88,57.18,30
3356,364,2025-03-25,238.88,238.88,0
3357,364,2025-04-26,238.88,238.88,0
3358,364,2025-08-07,238.88,64.11,73
3359,364,2025-06-26,238.88,238.88,0
3360,364,2025-07-28,238.88,238.88,0
3361,364,2025-08-22,238.88,238.88,0
3362,364,2025-09-23,238.88,238.88,0
3363,364,2025-12-26,238.88,207.01,59
3364,364,2025-11-24,238.88,238.88,0
3365,364,2025-12-23,238.88,238.88,0
3366,365,2025-05-28,217.45,217.45,0
3367,365,2025-06-23,217.45,217.45,0
3368,365,2025-08-12,217.45,202.76,16
3369,365,2025-08-23,217.45,217.45,0
3370,365,2025-09-25,217.45,217.45,0
3371,365,2025-10-28,217.45,217.45,0
3372,365,2025-11-26,217.45,217.45,0
3373,365,2026-02-10,217.45,179.53,45
3374,366,2025-07-26,551.85,535.37,30
3375,366,2025-07-26,551.85,551.85,0
3376,366,2025-08-25,551.85,551.85,0
3377,366,2025-09-24,551.85,551.85,0
3378,366,2025-10-27,551.85,551.85,0
3379,366,2026-01-26,551.85,474.0,64
3380,366,2025-12-25,551.85,551.85,0
3381,367,2025-08-24,228.49,228.49,0
3382,367,2025-09-24,228.49,228.49,0
3383,367,2025-10-26,228.49,228.49,0
3384,367,2025-11-22,228.49,228.49,0
3385,367,2025-12-26,228.49,228.49,0
3386,368,2025-06-28,215.22,215.22,0
3387,368,2025-07-25,215.22,215.22,0
3388,368,2025-08-25,215.22,215.22,0
3389,368,2025-09-24,215.22,215.22,0
3390,368,2025-10-28,215.22,215.22,0
3391,368,2025-11-25,215.22,215.22,0
3392,368,2025-12-25,215.22,215.22,0
3393,369,2025-09-25,180.51,180.51,0
3394,369,2025-10-25,180.51,180.51,0
3395,369,2025-11-25,180.51,180.51,0
3396,369,2025-12-26,180.51,180.51,0
3397,371,2025-03-25,554.16,554.16,0
3398,371,2025-04-26,554.16,554.16,0
3399,371,2025-05-22,554.16,554.16,0
3400,371,2025-06-27,554.16,554.16,0
3401,371,2025-07-26,554.16,554.16,0
3402,371,2025-08-25,554.16,554.16,0
3403,371,2025-09-23,554.16,554.16,0
3404,371,2025-10-26,554.16,554.16,0
3405,371,2025-11-24,554.16,554.16,0
3406,371,2025-12-27,554.16,554.16,0
3407,372,2024-11-26,892.62,892.62,0
3408,372,2024-12-24,892.62,892.62,0
3409,372,2025-01-28,892.62,892.62,0
3410,372,2025-02-24,892.62,892.62,0
3411,372,2025-03-24,892.62,892.62,0
3412,372,2025-04-26,892.62,892.62,0
3413,372,2025-05-25,892.62,892.62,0
3414,372,2025-06-22,892.62,892.62,0
3415,372,2025-07-22,892.62,892.62,0
3416,372,2025-08-27,892.62,892.62,0
3417,372,2025-09-23,892.62,892.62,0
3418,372,2025-10-26,892.62,892.62,0
3419,372,2025-11-27,892.62,892.62,0
3420,372,2025-12-22,892.62,892.62,0
3421,373,2025-08-28,1532.36,1532.36,0
3422,373,2025-09-28,1532.36,1532.36,0
3423,373,2025-10-23,1532.36,1532.36,0
3424,373,2025-11-24,1532.36,1532.36,0
3425,373,2025-12-26,1532.36,1532.36,0
3426,374,2024-05-28,180.74,180.74,0
3427,374,2024-06-27,180.74,180.74,0
3428,374,2024-07-27,180.74,180.74,0
3429,374,2024-08-24,180.74,180.74,0
3430,374,2024-09-25,180.74,180.74,0
3431,374,2024-10-28,180.74,180.74,0
3432,374,2024-11-26,180.74,180.74,0
3433,374,2025-01-27,180.74,174.68,32
3434,374,2025-01-26,180.74,180.74,0
3435,374,2025-02-28,180.74,180.74,0
3436,374,2025-03-23,180.74,180.74,0
3437,374,2025-06-11,180.74,165.49,46
3438,374,2025-05-23,180.74,180.74,0
3439,374,2025-06-27,180.74,180.74,0
3440,374,2025-07-28,180.74,180.74,0
3441,374,2025-08-27,180.74,180.74,0
3442,374,2025-09-26,180.74,180.74,0
3443,374,2025-10-27,180.74,180.74,0
3444,374,2025-11-22,180.74,180.74,0
3445,374,2025-12-22,180.74,180.74,0
3446,375,2025-09-28,228.87,228.87,0
3447,375,2025-10-23,228.87,228.87,0
3448,375,2026-01-10,228.87,196.42,48
3449,375,2025-12-27,228.87,228.87,0
3450,376,2025-09-26,512.72,512.72,0
3451,376,2025-10-27,512.72,512.72,0
3452,376,2025-11-22,512.72,512.72,0
3453,376,2025-12-22,512.72,512.72,0
3454,377,2025-04-26,999.96,999.96,0
3455,377,2025-05-25,999.96,999.96,0
3456,377,2025-08-06,999.96,811.49,40
3457,377,2025-07-25,999.96,999.96,0
3458,377,2025-08-27,999.96,999.96,0
3459,377,2026-03-20,999.96,41.66,175
3460,377,2025-10-25,999.96,999.96,0
3461,377,2026-04-25,999.96,40.13,154
3462,377,2025-12-22,999.96,999.96,0
3463,378,2025-11-24,301.57,301.57,0
3464,378,2025-12-22,301.57,301.57,0
3465,379,2024-06-27,487.75,487.75,0
3466,379,2024-07-28,487.75,487.75,0
3467,379,2024-08-24,487.75,487.75,0
3468,379,2024-09-28,487.75,487.75,0
3469,379,2024-10-26,487.75,487.75,0
3470,379,2024-11-28,487.75,487.75,0
3471,379,2024-12-27,487.75,487.75,0
3472,379,2025-02-11,487.75,455.37,14
3473,379,2025-02-26,487.75,487.75,0
3474,379,2025-03-23,487.75,487.75,0
3475,379,2025-04-27,487.75,487.75,0
3476,379,2025-05-24,487.75,487.75,0
3477,379,2025-06-28,487.75,487.75,0
3478,379,2025-07-22,487.75,487.75,0
3479,379,2025-09-10,487.75,484.57,17
3480,379,2025-09-28,487.75,487.75,0
3481,379,2025-10-24,487.75,487.75,0
3482,379,2025-11-27,487.75,487.75,0
3483,379,2025-12-24,487.75,487.75,0
3484,380,2025-07-26,424.71,424.71,0
3485,380,2025-08-25,424.71,424.71,0
3486,380,2025-09-23,424.71,424.71,0
3487,380,2025-10-23,424.71,424.71,0
3488,380,2025-11-28,424.71,424.71,0
3489,380,2026-03-09,424.71,374.87,74
3490,381,2025-06-27,785.46,785.46,0
3491,381,2025-07-26,785.46,785.46,0
3492,381,2025-08-27,785.46,785.46,0
3493,381,2025-09-27,785.46,785.46,0
3494,381,2025-10-28,785.46,785.46,0
3495,381,2025-11-25,785.46,785.46,0
3496,381,2025-12-26,785.46,785.46,0
3497,382,2025-06-26,614.42,614.42,0
3498,382,2025-07-28,614.42,614.42,0
3499,382,2025-10-10,614.42,114.28,43
3500,382,2025-09-28,614.42,614.42,0
3501,382,2025-10-22,614.42,614.42,0
3502,382,2025-11-27,614.42,614.42,0
3503,382,2025-12-27,614.42,614.42,0
3504,383,2025-03-27,406.77,406.77,0
3505,383,2025-04-22,406.77,406.77,0
3506,383,2025-05-26,406.77,406.77,0
3507,383,2025-06-28,406.77,406.77,0
3508,383,2025-07-27,406.77,406.77,0
3509,383,2025-08-26,406.77,406.77,0
3510,383,2025-09-28,406.77,406.77,0
3511,383,2025-10-28,406.77,406.77,0
3512,383,2025-11-24,406.77,406.77,0
3513,383,2025-12-27,406.77,406.77,0
3514,384,2025-09-25,250.19,250.19,0
3515,384,2025-10-28,250.19,250.19,0
3516,384,2025-11-26,250.19,250.19,0
3517,384,2025-12-24,250.19,250.19,0
3518,385,2025-12-27,259.44,259.44,0
3519,386,2025-12-26,379.54,379.54,0
3520,387,2025-04-26,181.11,181.11,0
3521,387,2025-05-26,181.11,181.11,0
3522,387,2025-06-27,181.11,181.11,0
3523,387,2025-07-24,181.11,181.11,0
3524,387,2025-08-24,181.11,181.11,0
3525,387,2025-09-24,181.11,181.11,0
3526,387,2025-10-27,181.11,181.11,0
3527,387,2025-11-25,181.11,181.11,0
3528,387,2025-12-24,181.11,181.11,0
3529,388,2024-03-27,82.2,82.2,0
3530,388,2024-04-23,82.2,82.2,0
3531,388,2024-05-24,82.2,82.2,0
3532,388,2024-06-26,82.2,82.2,0
3533,388,2024-07-24,82.2,82.2,0
3534,388,2024-08-26,82.2,82.2,0
3535,388,2024-09-28,82.2,82.2,0
3536,388,2024-10-28,82.2,82.2,0
3537,388,2024-11-22,82.2,82.2,0
3538,388,2024-12-23,82.2,82.2,0
3539,388,2025-01-26,82.2,82.2,0
3540,388,2025-02-23,82.2,82.2,0
3541,388,2025-03-22,82.2,82.2,0
3542,388,2025-07-17,82.2,67.41,80
3543,388,2025-05-23,82.2,82.2,0
3544,388,2025-12-02,82.2,0.78,157
3545,388,2025-07-24,82.2,82.2,0
3546,388,2025-08-31,82.2,74.21,4
3547,388,2025-09-26,82.2,82.2,0
3548,388,2025-10-25,82.2,82.2,0
3549,388,2025-11-26,82.2,82.2,0
3550,388,2025-12-26,82.2,82.2,0
3551,390,2025-08-27,208.53,208.53,0
3552,390,2025-09-24,208.53,208.53,0
3553,390,2025-10-27,208.53,208.53,0
3554,390,2025-11-23,208.53,208.53,0
3555,390,2025-12-23,208.53,208.53,0
3556,391,2024-10-26,1689.31,1689.31,0
3557,391,2024-11-22,1689.31,1689.31,0
3558,391,2024-12-22,1689.31,1689.31,0
3559,391,2025-01-25,1689.31,1689.31,0
3560,391,2025-02-22,1689.31,1689.31,0
3561,391,2025-03-26,1689.31,1689.31,0
3562,391,2025-04-23,1689.31,1689.31,0
3563,391,2025-05-23,1689.31,1689.31,0
3564,391,2025-06-24,1689.31,1689.31,0
3565,391,2025-07-25,1689.31,1689.31,0
3566,391,2025-08-25,1689.31,1689.31,0
3567,391,2025-09-23,1689.31,1689.31,0
3568,391,2025-10-22,1689.31,1689.31,0
3569,391,2025-11-28,1689.31,1689.31,0
3570,391,2025-12-25,1689.31,1689.31,0
3571,392,2025-08-27,386.18,386.18,0
3572,392,2025-09-24,386.18,386.18,0
3573,392,2025-11-05,386.18,313.67,11
3574,392,2026-01-12,386.18,319.63,48
3575,392,2025-12-22,386.18,386.18,0
3576,393,2024-05-23,469.79,469.79,0
3577,393,2024-06-28,469.79,469.79,0
3578,393,2024-07-26,469.79,469.79,0
3579,393,2024-08-24,469.79,469.79,0
3580,393,2024-11-12,469.79,425.54,51
3581,393,2024-10-26,469.79,469.79,0
3582,393,2024-11-23,469.79,469.79,0
3583,393,2024-12-28,469.79,469.79,0
3584,393,2025-01-27,469.79,469.79,0
3585,393,2025-02-25,469.79,469.79,0
3586,393,2025-03-25,469.79,469.79,0
3587,393,2025-04-27,469.79,469.79,0
3588,393,2025-05-24,469.79,469.79,0
3589,393,2025-06-25,469.79,469.79,0
3590,393,2025-07-27,469.79,469.79,0
3591,393,2025-08-23,469.79,469.79,0
3592,393,2025-11-01,469.79,58.15,36
3593,393,2025-10-23,469.79,469.79,0
3594,393,2025-11-23,469.79,469.79,0
3595,393,2025-12-25,469.79,469.79,0
3596,394,2025-01-26,297.49,297.49,0
3597,394,2025-02-26,297.49,297.49,0
3598,394,2025-03-26,297.49,297.49,0
3599,394,2025-04-26,297.49,297.49,0
3600,394,2025-05-28,297.49,297.49,0
3601,394,2025-06-22,297.49,297.49,0
3602,394,2025-07-25,297.49,297.49,0
3603,394,2025-08-26,297.49,297.49,0
3604,394,2025-09-28,297.49,297.49,0
3605,394,2025-10-24,297.49,297.49,0
3606,394,2025-11-27,297.49,297.49,0
3607,394,2025-12-22,297.49,297.49,0
3608,395,2024-06-27,539.06,539.06,0
3609,395,2024-07-25,539.06,539.06,0
3610,395,2024-08-24,539.06,539.06,0
3611,395,2024-09-24,539.06,539.06,0
3612,395,2024-10-28,539.06,539.06,0
3613,395,2024-11-25,539.06,539.06,0
3614,395,2024-12-23,539.06,539.06,0
3615,395,2025-01-23,539.06,539.06,0
3616,395,2025-02-24,539.06,539.06,0
3617,395,2025-03-26,539.06,539.06,0
3618,395,2025-04-24,539.06,539.06,0
3619,395,2025-05-22,539.06,539.06,0
3620,395,2025-08-24,539.06,47.66,57
3621,395,2025-07-24,539.06,539.06,0
3622,395,2025-08-24,539.06,539.06,0
3623,395,2025-09-28,539.06,539.06,0
3624,395,2025-10-25,539.06,539.06,0
3625,395,2026-01-18,539.06,503.17,55
3626,395,2025-12-25,539.06,539.06,0
3627,396,2025-01-22,334.7,334.7,0
3628,396,2025-05-21,334.7,275.0,85
3629,396,2025-03-26,334.7,334.7,0
3630,396,2025-04-28,334.7,334.7,0
3631,396,2025-05-22,334.7,334.7,0
3632,396,2025-06-24,334.7,334.7,0
3633,396,2025-07-22,334.7,334.7,0
3634,396,2025-08-28,334.7,334.7,0
3635,396,2025-09-22,334.7,334.7,0
3636,396,2025-10-22,334.7,334.7,0
3637,396,2025-11-25,334.7,334.7,0
3638,396,2025-12-22,334.7,334.7,0
3639,397,2024-10-28,338.93,338.93,0
3640,397,2024-11-27,338.93,338.93,0
3641,397,2024-12-24,338.93,338.93,0
3642,397,2025-01-27,338.93,338.93,0
3643,397,2025-02-23,338.93,338.93,0
3644,397,2025-03-26,338.93,338.93,0
3645,397,2025-04-28,338.93,338.93,0
3646,397,2025-05-23,338.93,338.93,0
3647,397,2025-06-26,338.93,338.93,0
3648,397,2025-10-18,338.93,280.15,85
3649,397,2025-08-28,338.93,338.93,0
3650,397,2025-09-22,338.93,338.93,0
3651,397,2025-10-28,338.93,338.93,0
3652,397,2025-11-25,338.93,338.93,0
3653,397,2025-12-28,338.93,338.93,0
3654,398,2025-12-22,1353.79,1353.79,0
3655,399,2025-12-25,2079.92,2079.92,0
3656,400,2024-10-28,327.75,327.75,0
3657,400,2025-02-22,327.75,280.85,89
3658,400,2024-12-28,327.75,327.75,0
3659,400,2025-01-24,327.75,327.75,0
3660,400,2025-02-25,327.75,327.75,0
3661,400,2025-03-27,327.75,327.75,0
3662,400,2025-04-28,327.75,327.75,0
3663,400,2025-05-27,327.75,327.75,0
3664,400,2025-06-24,327.75,327.75,0
3665,400,2025-07-25,327.75,327.75,0
3666,400,2025-08-25,327.75,327.75,0
3667,400,2025-09-22,327.75,327.75,0
3668,400,2025-10-27,327.75,327.75,0
3669,400,2025-11-24,327.75,327.75,0
3670,400,2025-12-22,327.75,327.75,0
3671,401,2025-06-23,138.26,138.26,0
3672,401,2025-10-07,138.26,121.76,72
3673,401,2025-08-26,138.26,138.26,0
3674,401,2025-09-27,138.26,138.26,0
3675,401,2025-11-23,138.26,116.86,30
3676,401,2025-11-25,138.26,138.26,0
3677,401,2025-12-24,138.26,138.26,0
3678,402,2024-01-28,405.57,405.57,0
3679,402,2024-02-22,405.57,405.57,0
3680,402,2024-03-23,405.57,405.57,0
3681,402,2024-04-26,405.57,405.57,0
3682,402,2024-05-26,405.57,405.57,0
3683,402,2024-06-22,405.57,405.57,0
3684,402,2024-07-27,405.57,405.57,0
3685,402,2024-08-22,405.57,405.57,0
3686,402,2024-09-26,405.57,405.57,0
3687,402,2024-10-26,405.57,405.57,0
3688,402,2024-11-27,405.57,405.57,0
3689,402,2024-12-27,405.57,405.57,0
3690,402,2025-01-24,405.57,405.57,0
3691,402,2025-02-22,405.57,405.57,0
3692,402,2025-03-22,405.57,405.57,0
3693,402,2025-04-23,405.57,405.57,0
3694,402,2025-05-28,405.57,405.57,0
3695,402,2025-06-22,405.57,405.57,0
3696,402,2025-07-25,405.57,405.57,0
3697,402,2025-08-25,405.57,405.57,0
3698,402,2025-09-25,405.57,405.57,0
3699,402,2025-10-23,405.57,405.57,0
3700,403,2025-04-27,191.16,191.16,0
3701,403,2025-08-01,191.16,9.88,65
3702,403,2025-06-28,191.16,191.16,0
3703,403,2025-07-26,191.16,191.16,0
3704,403,2025-08-25,191.16,191.16,0
3705,403,2025-12-03,191.16,58.32,69
3706,403,2025-10-24,191.16,191.16,0
3707,403,2025-11-25,191.16,191.16,0
3708,403,2025-12-28,191.16,191.16,0
3709,405,2024-07-25,1538.94,1538.94,0
3710,405,2024-08-24,1538.94,1538.94,0
3711,405,2024-09-28,1538.94,1538.94,0
3712,405,2024-10-22,1538.94,1538.94,0
3713,405,2024-11-28,1538.94,1538.94,0
3714,405,2024-12-22,1538.94,1538.94,0
3715,405,2025-01-22,1538.94,1538.94,0
3716,405,2025-02-24,1538.94,1538.94,0
3717,405,2025-03-24,1538.94,1538.94,0
3718,405,2025-04-23,1538.94,1538.94,0
3719,405,2025-05-23,1538.94,1538.94,0
3720,405,2025-06-28,1538.94,1538.94,0
3721,405,2025-07-23,1538.94,1538.94,0
3722,405,2025-08-25,1538.94,1538.94,0
3723,405,2025-09-27,1538.94,1538.94,0
3724,405,2025-10-22,1538.94,1538.94,0
3725,405,2025-11-26,1538.94,1538.94,0
3726,405,2025-12-26,1538.94,1538.94,0
3727,406,2025-03-27,320.62,320.62,0
3728,406,2025-04-28,320.62,320.62,0
3729,406,2025-05-24,320.62,320.62,0
3730,406,2025-06-27,320.62,320.62,0
3731,406,2025-07-27,320.62,320.62,0
3732,406,2025-08-24,320.62,320.62,0
3733,406,2025-09-25,320.62,320.62,0
3734,406,2025-10-22,320.62,320.62,0
3735,406,2025-12-10,320.62,292.52,14
3736,406,2025-12-23,320.62,320.62,0
3737,407,2025-07-17,233.45,214.89,51
3738,407,2025-06-26,233.45,233.45,0
3739,407,2025-07-22,233.45,233.45,0
3740,407,2026-01-06,233.45,36.62,135
3741,407,2025-09-24,233.45,233.45,0
3742,407,2025-10-23,233.45,233.45,0
3743,407,2025-11-28,233.45,233.45,0
3744,407,2025-12-28,233.45,233.45,0
3745,408,2025-05-24,865.57,865.57,0
3746,408,2025-06-28,865.57,865.57,0
3747,408,2025-07-25,865.57,865.57,0
3748,408,2025-08-26,865.57,865.57,0
3749,408,2025-09-23,865.57,865.57,0
3750,408,2025-10-22,865.57,865.57,0
3751,408,2025-11-23,865.57,865.57,0
3752,408,2025-12-22,865.57,865.57,0
3753,409,2025-11-27,528.72,528.72,0
3754,409,2025-12-25,528.72,528.72,0
3755,410,2025-06-25,110.24,110.24,0
3756,410,2025-07-25,110.24,110.24,0
3757,410,2025-08-27,110.24,110.24,0
3758,410,2025-09-28,110.24,110.24,0
3759,410,2025-10-28,110.24,110.24,0
3760,410,2025-11-24,110.24,110.24,0
3761,410,2025-12-25,110.24,110.24,0
3762,411,2024-10-27,962.99,962.99,0
3763,411,2024-11-26,962.99,962.99,0
3764,411,2024-12-28,962.99,962.99,0
3765,411,2025-01-22,962.99,962.99,0
3766,411,2025-02-25,962.99,962.99,0
3767,411,2025-03-27,962.99,962.99,0
3768,411,2025-04-28,962.99,962.99,0
3769,411,2025-05-23,962.99,962.99,0
3770,411,2025-06-24,962.99,962.99,0
3771,411,2025-07-26,962.99,962.99,0
3772,411,2025-08-24,962.99,962.99,0
3773,411,2025-09-25,962.99,962.99,0
3774,411,2025-10-22,962.99,962.99,0
3775,412,2025-01-23,3121.51,3121.51,0
3776,412,2025-02-27,3121.51,3121.51,0
3777,412,2025-03-25,3121.51,3121.51,0
3778,412,2025-04-25,3121.51,3121.51,0
3779,412,2025-07-06,3121.51,3008.2,39
3780,412,2025-06-25,3121.51,3121.51,0
3781,412,2025-07-22,3121.51,3121.51,0
3782,412,2025-08-22,3121.51,3121.51,0
3783,412,2025-09-22,3121.51,3121.51,0
3784,412,2025-10-27,3121.51,3121.51,0
3785,412,2025-11-22,3121.51,3121.51,0
3786,412,2025-12-23,3121.51,3121.51,0
3787,413,2025-12-22,728.76,728.76,0
3788,414,2025-03-23,203.72,203.72,0
3789,414,2025-06-24,203.72,188.08,57
3790,414,2025-05-23,203.72,203.72,0
3791,414,2025-06-27,203.72,203.72,0
3792,414,2025-07-24,203.72,203.72,0
3793,414,2025-09-27,203.72,189.5,32
3794,414,2025-09-28,203.72,203.72,0
3795,414,2025-10-26,203.72,203.72,0
3796,414,2025-12-17,203.72,165.19,22
3797,414,2025-12-22,203.72,203.72,0
3798,415,2025-06-24,120.72,120.72,0
3799,415,2025-07-27,120.72,120.72,0
3800,415,2025-08-25,120.72,120.72,0
3801,415,2025-09-22,120.72,120.72,0
3802,415,2025-10-22,120.72,120.72,0
3803,415,2025-11-23,120.72,120.72,0
3804,415,2025-12-22,120.72,120.72,0
3805,416,2025-09-22,211.71,211.71,0
3806,416,2025-10-26,211.71,211.71,0
3807,416,2025-11-26,211.71,211.71,0
3808,416,2025-12-24,211.71,211.71,0
3809,417,2024-07-27,210.43,210.43,0
3810,417,2024-08-25,210.43,210.43,0
3811,417,2024-10-01,210.43,189.58,8
3812,417,2025-02-14,210.43,74.98,114
3813,417,2024-11-24,210.43,210.43,0
3814,417,2025-06-05,210.43,83.42,159
3815,417,2025-01-22,210.43,210.43,0
3816,417,2025-02-27,210.43,210.43,0
3817,417,2025-03-27,210.43,210.43,0
3818,417,2025-05-22,210.43,189.37,25
3819,417,2025-05-23,210.43,210.43,0
3820,417,2025-06-24,210.43,210.43,0
3821,417,2025-07-27,210.43,210.43,0
3822,417,2025-08-25,210.43,210.43,0
3823,417,2025-09-27,210.43,210.43,0
3824,417,2025-10-28,210.43,210.43,0
3825,417,2025-11-23,210.43,210.43,0
3826,417,2026-03-12,210.43,197.46,79
3827,418,2025-05-22,97.29,97.29,0
3828,418,2025-06-25,97.29,97.29,0
3829,418,2025-07-26,97.29,97.29,0
3830,418,2025-08-26,97.29,97.29,0
3831,418,2025-09-27,97.29,97.29,0
3832,418,2025-10-28,97.29,97.29,0
3833,418,2025-11-24,97.29,97.29,0
3834,418,2026-01-13,97.29,85.67,17
3835,419,2025-10-26,174.75,174.75,0
3836,419,2025-11-22,174.75,174.75,0
3837,419,2025-12-28,174.75,174.75,0
3838,420,2025-10-27,330.68,330.68,0
3839,420,2025-11-27,330.68,330.68,0
3840,420,2025-12-25,330.68,330.68,0
3841,421,2025-06-24,151.69,151.69,0
3842,421,2025-07-25,151.69,151.69,0
3843,421,2025-11-08,151.69,135.06,78
3844,421,2025-09-28,151.69,151.69,0
3845,421,2025-10-28,151.69,151.69,0
3846,421,2025-11-28,151.69,151.69,0
3847,421,2025-12-27,151.69,151.69,0
3848,422,2024-11-26,959.26,959.26,0
3849,422,2025-01-06,959.26,850.52,10
3850,422,2025-01-28,959.26,959.26,0
3851,422,2025-02-25,959.26,959.26,0
3852,422,2025-04-04,959.26,857.97,10
3853,422,2025-04-22,959.26,959.26,0
3854,422,2025-05-26,959.26,959.26,0
3855,422,2025-06-28,959.26,959.26,0
3856,422,2025-07-28,959.26,959.26,0
3857,422,2025-08-23,959.26,959.26,0
3858,422,2025-09-23,959.26,959.26,0
3859,422,2025-10-25,959.26,959.26,0
3860,422,2025-11-28,959.26,959.26,0
3861,422,2026-03-14,959.26,109.09,78
3862,423,2025-09-24,1385.27,1385.27,0
3863,423,2025-10-24,1385.27,1385.27,0
3864,423,2025-11-27,1385.27,1385.27,0
3865,423,2025-12-25,1385.27,1385.27,0
3866,424,2025-05-24,282.1,282.1,0
3867,424,2025-06-26,282.1,282.1,0
3868,424,2025-07-23,282.1,282.1,0
3869,424,2025-08-28,282.1,282.1,0
3870,424,2025-09-28,282.1,282.1,0
3871,424,2025-10-28,282.1,282.1,0
3872,424,2025-11-25,282.1,282.1,0
3873,424,2025-12-26,282.1,282.1,0
3874,425,2025-11-24,925.44,925.44,0
3875,425,2025-12-26,925.44,925.44,0
3876,426,2025-06-25,181.27,181.27,0
3877,426,2025-07-23,181.27,181.27,0
3878,426,2025-08-28,181.27,181.27,0
3879,426,2025-09-23,181.27,181.27,0
3880,426,2025-10-22,181.27,181.27,0
3881,426,2025-11-25,181.27,181.27,0
3882,426,2025-12-26,181.27,181.27,0
3883,427,2025-04-28,257.59,257.59,0
3884,427,2025-05-22,257.59,257.59,0
3885,427,2025-06-23,257.59,257.59,0
3886,427,2025-07-25,257.59,257.59,0
3887,427,2025-10-03,257.59,214.19,39
3888,427,2025-09-25,257.59,257.59,0
3889,427,2025-10-22,257.59,257.59,0
3890,427,2025-11-28,257.59,257.59,0
3891,427,2025-12-26,257.59,257.59,0
3892,428,2025-10-25,71.39,71.39,0
3893,428,2025-11-23,71.39,71.39,0
3894,428,2025-12-22,71.39,71.39,0
3895,429,2025-02-23,459.03,459.03,0
3896,429,2025-03-24,459.03,459.03,0
3897,429,2025-04-28,459.03,459.03,0
3898,429,2025-05-24,459.03,459.03,0
3899,429,2025-06-26,459.03,459.03,0
3900,429,2025-07-28,459.03,459.03,0
3901,429,2025-08-22,459.03,459.03,0
3902,429,2025-09-25,459.03,459.03,0
3903,429,2025-11-17,459.03,412.66,22
3904,429,2026-01-22,459.03,441.84,56
3905,429,2025-12-22,459.03,459.03,0
3906,430,2024-10-23,171.83,171.83,0
3907,430,2024-11-22,171.83,171.83,0
3908,430,2024-12-26,171.83,171.83,0
3909,430,2025-01-22,171.83,171.83,0
3910,430,2025-02-23,171.83,171.83,0
3911,430,2025-03-23,171.83,171.83,0
3912,430,2025-04-26,171.83,171.83,0
3913,430,2025-05-22,171.83,171.83,0
3914,430,2025-06-27,171.83,171.83,0
3915,430,2025-07-28,171.83,171.83,0
3916,430,2025-08-23,171.83,171.83,0
3917,430,2025-09-26,171.83,171.83,0
3918,430,2025-10-23,171.83,171.83,0
3919,430,2025-11-24,171.83,171.83,0
3920,430,2025-12-23,171.83,171.83,0
3921,431,2025-08-06,169.71,149.4,70
3922,431,2025-06-27,169.71,169.71,0
3923,431,2025-07-28,169.71,169.71,0
3924,431,2025-08-22,169.71,169.71,0
3925,431,2025-09-22,169.71,169.71,0
3926,431,2025-10-25,169.71,169.71,0
3927,431,2025-11-23,169.71,169.71,0
3928,431,2025-12-22,169.71,169.71,0
3929,432,2024-03-25,209.55,209.55,0
3930,432,2024-04-22,209.55,209.55,0
3931,432,2024-05-28,209.55,209.55,0
3932,432,2024-06-22,209.55,209.55,0
3933,432,2024-07-26,209.55,209.55,0
3934,432,2024-11-15,209.55,55.72,84
3935,432,2024-09-26,209.55,209.55,0
3936,432,2024-10-23,209.55,209.55,0
3937,432,2024-11-26,209.55,209.55,0
3938,432,2024-12-25,209.55,209.55,0
3939,432,2025-01-23,209.55,209.55,0
3940,432,2025-02-26,209.55,209.55,0
3941,432,2025-03-23,209.55,209.55,0
3942,432,2025-04-26,209.55,209.55,0
3943,432,2025-05-23,209.55,209.55,0
3944,432,2025-06-27,209.55,192.31,4
3945,432,2025-07-22,209.55,209.55,0
3946,432,2025-08-22,209.55,209.55,0
3947,432,2025-09-23,209.55,209.55,0
3948,432,2025-10-23,209.55,209.55,0
3949,432,2025-11-23,209.55,209.55,0
3950,432,2025-12-28,209.55,209.55,0
3951,434,2024-04-26,333.43,333.43,0
3952,434,2024-05-22,333.43,333.43,0
3953,434,2024-06-28,333.43,333.43,0
3954,434,2024-07-28,333.43,333.43,0
3955,434,2024-08-23,333.43,333.43,0
3956,434,2024-11-21,333.43,3.52,58
3957,434,2024-10-23,333.43,333.43,0
3958,434,2024-11-22,333.43,333.43,0
3959,434,2025-03-12,333.43,6.76,76
3960,434,2025-01-25,333.43,333.43,0
3961,434,2025-02-23,333.43,333.43,0
3962,434,2025-03-22,333.43,333.43,0
3963,434,2025-04-25,333.43,333.43,0
3964,434,2025-05-23,333.43,333.43,0
3965,434,2025-06-23,333.43,333.43,0
3966,434,2025-07-26,333.43,333.43,0
3967,434,2025-08-23,333.43,333.43,0
3968,434,2025-09-22,333.43,333.43,0
3969,434,2025-10-25,333.43,333.43,0
3970,434,2025-11-24,333.43,333.43,0
3971,434,2025-12-28,333.43,333.43,0
3972,435,2025-09-13,364.85,303.55,83
3973,435,2025-07-25,364.85,364.85,0
3974,435,2025-08-27,364.85,364.85,0
3975,435,2025-11-21,364.85,324.9,59
3976,435,2025-10-22,364.85,364.85,0
3977,435,2025-12-07,364.85,342.25,11
3978,435,2025-12-25,364.85,364.85,0
3979,436,2025-07-26,2111.95,2111.95,0
3980,436,2025-08-26,2111.95,2111.95,0
3981,436,2025-09-22,2111.95,2111.95,0
3982,436,2025-10-25,2111.95,2111.95,0
3983,436,2025-11-24,2111.95,2111.95,0
3984,436,2025-12-25,2111.95,2111.95,0
3985,437,2025-08-28,1170.6,1170.6,0
3986,437,2025-09-27,1170.6,1170.6,0
3987,437,2025-10-24,1170.6,1170.6,0
3988,437,2025-11-27,1170.6,1170.6,0
3989,437,2025-12-23,1170.6,1170.6,0
3990,438,2024-08-23,521.63,521.63,0
3991,438,2024-09-25,521.63,521.63,0
3992,438,2024-11-26,521.63,107.18,30
3993,438,2024-11-28,521.63,521.63,0
3994,438,2024-12-24,521.63,521.63,0
3995,438,2025-01-25,521.63,521.63,0
3996,438,2025-07-20,521.63,51.0,146
3997,438,2025-03-24,521.63,521.63,0
3998,438,2025-04-22,521.63,521.63,0
3999,438,2025-05-27,521.63,521.63,0
4000,438,2025-06-22,521.63,521.63,0
4001,438,2025-07-27,521.63,521.63,0
4002,438,2025-08-27,521.63,521.63,0
4003,438,2025-10-03,521.63,428.63,10
4004,438,2025-10-25,521.63,521.63,0
4005,438,2025-11-27,521.63,521.63,0
4006,438,2025-12-23,521.63,521.63,0
4007,439,2024-03-13,249.13,41.05,46
4008,439,2024-03-11,249.13,212.61,12
4009,439,2024-03-23,249.13,249.13,0
4010,439,2024-04-23,249.13,249.13,0
4011,439,2024-05-22,249.13,249.13,0
4012,439,2024-06-23,249.13,249.13,0
4013,439,2024-07-28,249.13,249.13,0
4014,439,2024-08-24,249.13,249.13,0
4015,439,2024-09-23,249.13,249.13,0
4016,439,2024-10-26,249.13,249.13,0
4017,439,2024-12-02,249.13,238.79,6
4018,439,2024-12-26,249.13,249.13,0
4019,439,2025-01-28,249.13,249.13,0
4020,439,2025-02-26,249.13,249.13,0
4021,439,2025-03-26,249.13,249.13,0
4022,439,2025-04-22,249.13,249.13,0
4023,439,2025-05-27,249.13,249.13,0
4024,439,2025-06-24,249.13,249.13,0
4025,439,2025-07-22,249.13,249.13,0
4026,439,2025-08-22,249.13,249.13,0
4027,439,2025-10-10,249.13,232.22,16
4028,441,2025-10-29,176.89,37.15,125
4029,441,2025-07-28,176.89,176.89,0
4030,441,2025-08-24,176.89,176.89,0
4031,441,2025-11-15,176.89,156.52,49
4032,441,2025-10-27,176.89,176.89,0
4033,441,2025-11-28,176.89,176.89,0
4034,441,2025-12-28,176.89,176.89,0
4035,443,2024-01-23,377.7,377.7,0
4036,443,2024-02-28,377.7,377.7,0
4037,443,2024-03-25,377.7,377.7,0
4038,443,2024-04-25,377.7,326.38,1
4039,444,2024-08-25,420.16,420.16,0
4040,444,2024-09-25,420.16,420.16,0
4041,444,2024-10-24,420.16,420.16,0
4042,444,2024-11-25,420.16,420.16,0
4043,444,2024-12-22,420.16,420.16,0
4044,444,2025-01-25,420.16,420.16,0
4045,444,2025-02-25,420.16,420.16,0
4046,444,2025-03-26,420.16,420.16,0
4047,444,2025-04-24,420.16,420.16,0
4048,444,2025-06-28,420.16,383.01,32
4049,444,2025-06-28,420.16,420.16,0
4050,444,2025-07-27,420.16,420.16,0
4051,444,2025-08-22,420.16,420.16,0
4052,444,2025-09-24,420.16,420.16,0
4053,444,2025-10-25,420.16,420.16,0
4054,444,2025-11-25,420.16,420.16,0
4055,444,2025-12-22,420.16,420.16,0
4056,445,2025-06-28,731.17,731.17,0
4057,445,2025-07-23,731.17,731.17,0
4058,445,2025-08-28,731.17,651.98,6
4059,445,2025-09-25,731.17,731.17,0
4060,445,2025-10-23,731.17,731.17,0
4061,445,2025-11-25,731.17,731.17,0
4062,445,2025-12-23,731.17,731.17,0
4063,446,2024-06-11,221.57,205.19,79
4064,446,2024-04-24,221.57,221.57,0
4065,446,2024-05-27,221.57,221.57,0
4066,446,2024-08-12,221.57,197.17,47
4067,446,2024-07-22,221.57,221.57,0
4068,446,2024-08-24,221.57,221.57,0
4069,446,2024-09-24,221.57,221.57,0
4070,446,2024-10-24,221.57,221.57,0
4071,446,2024-11-23,221.57,221.57,0
4072,446,2024-12-23,221.57,221.57,0
4073,446,2025-01-26,221.57,221.57,0
4074,446,2025-02-27,221.57,221.57,0
4075,446,2025-04-15,221.57,181.61,19
4076,446,2025-06-12,221.57,52.9,51
4077,446,2025-05-24,221.57,221.57,0
4078,446,2025-06-24,221.57,221.57,0
4079,446,2025-07-24,221.57,221.57,0
4080,446,2025-08-22,221.57,221.57,0
4081,446,2025-09-24,221.57,221.57,0
4082,446,2025-10-22,221.57,221.57,0
4083,446,2025-11-27,221.57,221.57,0
4084,446,2025-12-25,221.57,221.57,0
4085,447,2024-05-25,326.19,326.19,0
4086,447,2024-07-21,326.19,289.55,25
4087,447,2024-07-28,326.19,326.19,0
4088,447,2024-09-24,326.19,287.94,27
4089,447,2024-09-28,326.19,326.19,0
4090,447,2024-10-22,326.19,326.19,0
4091,447,2025-05-19,326.19,41.39,174
4092,447,2024-12-22,326.19,326.19,0
4093,447,2025-01-27,326.19,326.19,0
4094,447,2025-02-23,326.19,326.19,0
4095,447,2025-03-24,326.19,326.19,0
4096,447,2025-04-28,326.19,326.19,0
4097,447,2025-08-30,326.19,50.26,100
4098,447,2025-06-25,326.19,326.19,0
4099,447,2025-07-23,326.19,326.19,0
4100,447,2025-08-24,326.19,326.19,0
4101,447,2025-09-22,326.19,326.19,0
4102,447,2025-10-24,326.19,326.19,0
4103,447,2025-11-26,326.19,326.19,0
4104,447,2025-12-26,326.19,326.19,0
4105,448,2025-12-26,128.61,128.61,0
4106,449,2025-05-27,1390.4,1390.4,0
4107,449,2025-06-24,1390.4,1390.4,0
4108,449,2025-07-24,1390.4,1390.4,0
4109,449,2025-08-26,1390.4,1390.4,0
4110,449,2025-09-26,1390.4,1390.4,0
4111,449,2025-10-25,1390.4,1390.4,0
4112,449,2025-11-27,1390.4,1390.4,0
4113,449,2025-12-28,1390.4,1390.4,0
4114,450,2025-05-23,143.31,143.31,0
4115,450,2025-06-24,143.31,143.31,0
4116,450,2025-07-25,143.31,143.31,0
4117,450,2025-09-21,143.31,129.73,25
4118,450,2026-02-03,143.31,45.18,132
4119,450,2025-10-26,143.31,143.31,0
4120,450,2025-11-24,143.31,143.31,0
4121,450,2025-12-27,143.31,143.31,0
4122,451,2025-02-25,373.15,373.15,0
4123,451,2025-03-26,373.15,373.15,0
4124,451,2025-04-23,373.15,373.15,0
4125,451,2025-06-28,373.15,368.41,33
4126,451,2025-06-25,373.15,373.15,0
4127,451,2025-07-22,373.15,373.15,0
4128,451,2025-08-27,373.15,373.15,0
4129,451,2025-09-22,373.15,373.15,0
4130,451,2025-10-22,373.15,373.15,0
4131,451,2025-11-27,373.15,373.15,0
4132,451,2025-12-22,373.15,373.15,0
4133,452,2025-05-02,83.6,5.43,68
4134,452,2025-03-24,83.6,83.6,0
4135,452,2025-04-24,83.6,83.6,0
4136,452,2025-08-23,83.6,83.44,88
4137,452,2025-06-26,83.6,83.6,0
4138,452,2025-07-23,83.6,83.6,0
4139,452,2025-08-26,83.6,83.6,0
4140,452,2025-09-22,83.6,83.6,0
4141,452,2025-10-24,83.6,83.6,0
4142,452,2026-02-18,83.6,12.4,82
4143,452,2025-12-25,83.6,83.6,0
4144,453,2024-12-24,213.75,213.75,0
4145,453,2025-01-27,213.75,213.75,0
4146,453,2025-02-23,213.75,213.75,0
4147,453,2025-03-23,213.75,213.75,0
4148,453,2025-04-22,213.75,213.75,0
4149,453,2025-06-24,213.75,184.88,33
4150,453,2025-06-24,213.75,213.75,0
4151,453,2025-07-24,213.75,213.75,0
4152,453,2025-08-25,213.75,213.75,0
4153,453,2025-09-26,213.75,213.75,0
4154,453,2025-10-24,213.75,213.75,0
4155,453,2025-11-25,213.75,213.75,0
4156,453,2025-12-22,213.75,213.75,0
4157,456,2024-02-23,441.06,441.06,0
4158,456,2024-03-28,441.06,441.06,0
4159,456,2024-04-24,441.06,441.06,0
4160,456,2024-05-28,441.06,441.06,0
4161,456,2024-06-22,441.06,441.06,0
4162,456,2024-07-22,441.06,441.06,0
4163,456,2024-11-07,441.06,390.39,72
4164,456,2024-09-28,441.06,441.06,0
4165,456,2024-10-25,441.06,441.06,0
4166,456,2024-11-26,441.06,441.06,0
4167,456,2024-12-28,441.06,441.06,0
4168,456,2025-01-22,441.06,441.06,0
4169,456,2025-02-22,441.06,441.06,0
4170,456,2025-03-22,441.06,441.06,0
4171,456,2025-04-28,441.06,441.06,0
4172,456,2025-07-17,441.06,399.34,54
4173,456,2025-06-24,441.06,441.06,0
4174,456,2025-07-22,441.06,441.06,0
4175,456,2025-08-25,441.06,441.06,0
4176,456,2025-09-27,441.06,441.06,0
4177,456,2026-03-27,441.06,131.8,152
4178,456,2025-11-24,441.06,441.06,0
4179,456,2025-12-24,441.06,441.06,0
4180,458,2025-05-27,295.65,295.65,0
4181,458,2025-06-28,295.65,295.65,0
4182,458,2025-07-24,295.65,295.65,0
4183,458,2025-08-26,295.65,295.65,0
4184,458,2025-09-26,295.65,295.65,0
4185,458,2025-10-26,295.65,295.65,0
4186,458,2025-11-24,295.65,295.65,0
4187,458,2025-12-23,295.65,295.65,0
4188,459,2025-06-23,412.54,412.54,0
4189,459,2025-07-22,412.54,412.54,0
4190,459,2025-09-23,412.54,389.69,28
4191,459,2025-09-23,412.54,412.54,0
4192,459,2025-10-26,412.54,412.54,0
4193,459,2025-11-26,412.54,412.54,0
4194,459,2025-12-28,412.54,412.54,0
4195,460,2024-08-25,304.61,304.61,0
4196,460,2024-09-23,304.61,304.61,0
4197,460,2024-10-26,304.61,304.61,0
4198,460,2024-11-24,304.61,304.61,0
4199,460,2024-12-26,304.61,304.61,0
4200,460,2025-01-27,304.61,304.61,0
4201,460,2025-02-27,304.61,304.61,0
4202,460,2025-03-27,304.61,304.61,0
4203,460,2025-04-28,304.61,304.61,0
4204,460,2025-08-17,304.61,77.0,87
4205,460,2025-06-22,304.61,304.61,0
4206,460,2025-07-25,304.61,304.61,0
4207,460,2025-08-22,304.61,304.61,0
4208,460,2025-10-27,304.61,254.39,33
4209,460,2025-10-24,304.61,304.61,0
4210,460,2025-11-26,304.61,304.61,0
4211,460,2025-12-22,304.61,304.61,0
4212,462,2025-06-27,216.52,216.52,0
4213,462,2025-07-23,216.52,216.52,0
4214,462,2025-08-27,216.52,216.52,0
4215,462,2025-09-27,216.52,216.52,0
4216,462,2025-10-27,216.52,216.52,0
4217,462,2025-11-28,216.52,216.52,0
4218,462,2025-12-26,216.52,216.52,0
4219,463,2024-09-27,286.23,286.23,0
4220,463,2024-10-27,286.23,284.44,1
4221,463,2025-03-19,286.23,87.75,116
4222,463,2024-12-28,286.23,286.23,0
4223,463,2025-01-26,286.23,286.23,0
4224,463,2025-02-22,286.23,286.23,0
4225,463,2025-03-22,286.23,286.23,0
4226,463,2025-04-22,286.23,286.23,0
4227,463,2025-05-23,286.23,286.23,0
4228,463,2025-06-27,286.23,286.23,0
4229,463,2025-07-27,286.23,286.23,0
4230,463,2025-08-25,286.23,286.23,0
4231,463,2025-09-24,286.23,286.23,0
4232,464,2024-08-24,1530.78,1530.78,0
4233,464,2024-09-27,1530.78,1530.78,0
4234,464,2024-10-23,1530.78,1530.78,0
4235,464,2024-11-25,1530.78,1530.78,0
4236,464,2024-12-27,1530.78,1530.78,0
4237,464,2025-01-27,1530.78,1530.78,0
4238,464,2025-02-26,1530.78,1530.78,0
4239,464,2025-03-25,1530.78,1530.78,0
4240,464,2025-06-14,1530.78,1444.49,53
4241,464,2025-05-27,1530.78,1530.78,0
4242,464,2025-06-28,1530.78,1530.78,0
4243,464,2025-07-25,1530.78,1530.78,0
4244,464,2025-08-22,1530.78,1530.78,0
4245,464,2026-01-12,1530.78,206.52,106
4246,464,2025-10-26,1530.78,1530.78,0
4247,464,2025-11-22,1530.78,1530.78,0
4248,464,2025-12-22,1530.78,1530.78,0
4249,465,2025-07-23,235.59,235.59,0
4250,465,2025-11-03,235.59,199.26,73
4251,465,2025-09-25,235.59,235.59,0
4252,465,2025-10-22,235.59,235.59,0
4253,465,2025-11-23,235.59,235.59,0
4254,465,2025-12-22,235.59,235.59,0
4255,466,2025-02-17,1258.5,1172.97,20
4256,466,2025-02-24,1258.5,1258.5,0
4257,466,2025-03-22,1258.5,1258.5,0
4258,466,2025-10-23,1258.5,192.26,178
4259,466,2025-05-24,1258.5,1258.5,0
4260,466,2025-06-25,1258.5,1258.5,0
4261,466,2025-10-11,1258.5,185.83,80
4262,466,2025-08-22,1258.5,1258.5,0
4263,466,2025-09-22,1258.5,1258.5,0
4264,466,2025-10-28,1258.5,1258.5,0
4265,466,2025-11-22,1258.5,1258.5,0
4266,466,2025-12-25,1258.5,1258.5,0
4267,467,2025-12-23,714.97,714.97,0
4268,468,2025-10-23,1480.21,1480.21,0
4269,468,2025-11-22,1480.21,1480.21,0
4270,468,2025-12-28,1480.21,1480.21,0
4271,469,2025-03-11,114.74,32.49,138
4272,469,2024-11-24,114.74,114.74,0
4273,469,2024-12-26,114.74,114.74,0
4274,469,2025-01-24,114.74,114.74,0
4275,469,2025-02-24,114.74,114.74,0
4276,469,2025-03-25,114.74,114.74,0
4277,469,2025-07-21,114.74,43.87,90
4278,469,2025-05-23,114.74,114.74,0
4279,469,2025-06-27,114.74,114.74,0
4280,469,2025-07-28,114.74,114.74,0
4281,469,2025-08-26,114.74,114.74,0
4282,469,2025-09-23,114.74,114.74,0
4283,469,2025-10-23,114.74,114.74,0
4284,469,2025-11-24,114.74,114.74,0
4285,469,2025-12-25,114.74,114.74,0
4286,470,2025-12-11,367.83,344.01,45
4287,470,2025-11-26,367.83,367.83,0
4288,470,2025-12-25,367.83,367.83,0
4289,471,2024-01-27,1449.19,1449.19,0
4290,471,2024-02-22,1449.19,1449.19,0
4291,471,2024-03-27,1449.19,1449.19,0
4292,471,2024-04-26,1449.19,1449.19,0
4293,471,2024-05-24,1449.19,1449.19,0
4294,471,2024-06-22,1449.19,1449.19,0
4295,471,2024-07-23,1449.19,1449.19,0
4296,471,2024-08-24,1449.19,1449.19,0
4297,471,2024-09-25,1449.19,1449.19,0
4298,471,2024-10-26,1449.19,1449.19,0
4299,471,2024-11-27,1449.19,1449.19,0
4300,471,2024-12-27,1449.19,1449.19,0
4301,471,2025-01-25,1449.19,1449.19,0
4302,471,2025-02-26,1449.19,1449.19,0
4303,471,2025-03-27,1449.19,1449.19,0
4304,471,2025-04-24,1449.19,1449.19,0
4305,471,2025-09-22,1449.19,168.59,117
4306,471,2025-12-03,1449.19,265.98,162
4307,471,2025-07-25,1449.19,1449.19,0
4308,471,2025-08-24,1449.19,1449.19,0
4309,471,2025-09-28,1449.19,1449.19,0
4310,471,2025-10-22,1449.19,1449.19,0
4311,471,2025-11-25,1449.19,1449.19,0
4312,471,2025-12-26,1449.19,1449.19,0
4313,472,2025-06-23,210.12,210.12,0
4314,472,2025-07-26,210.12,210.12,0
4315,472,2025-08-24,210.12,210.12,0
4316,472,2025-09-26,210.12,210.12,0
4317,472,2025-10-27,210.12,210.12,0
4318,472,2025-11-27,210.12,210.12,0
4319,472,2025-12-24,210.12,210.12,0
4320,473,2025-06-27,88.3,88.3,0
4321,473,2025-07-23,88.3,88.3,0
4322,473,2025-08-25,88.3,88.3,0
4323,473,2026-03-01,88.3,28.56,156
4324,473,2025-10-24,88.3,88.3,0
4325,473,2026-05-03,88.3,5.84,159
4326,473,2025-12-23,88.3,88.3,0
4327,474,2025-05-23,198.35,198.35,0
4328,474,2025-06-25,198.35,198.35,0
4329,474,2025-07-30,198.35,187.16,6
4330,474,2025-08-25,198.35,198.35,0
4331,474,2025-09-25,198.35,198.35,0
4332,474,2025-10-23,198.35,198.35,0
4333,474,2025-11-25,198.35,198.35,0
4334,474,2025-12-27,198.35,198.35,0
4335,475,2025-04-24,286.39,286.39,0
4336,475,2025-05-28,286.39,286.39,0
4337,475,2025-06-28,286.39,286.39,0
4338,475,2025-07-25,286.39,286.39,0
4339,475,2025-08-23,286.39,286.39,0
4340,475,2025-09-24,286.39,286.39,0
4341,475,2025-10-24,286.39,286.39,0
4342,475,2025-11-28,286.39,286.39,0
4343,475,2025-12-23,286.39,286.39,0
4344,477,2025-05-25,213.78,213.78,0
4345,477,2025-06-26,213.78,213.78,0
4346,477,2025-07-26,213.78,213.78,0
4347,477,2025-08-25,213.78,213.78,0
4348,477,2025-09-24,213.78,213.78,0
4349,477,2025-10-28,213.78,213.78,0
4350,477,2025-12-19,213.78,200.63,23
4351,477,2025-12-24,213.78,213.78,0
4352,478,2025-05-24,727.78,727.78,0
4353,478,2025-12-05,727.78,117.12,162
4354,478,2025-07-22,727.78,727.78,0
4355,478,2025-08-22,727.78,727.78,0
4356,478,2025-09-26,727.78,727.78,0
4357,478,2025-10-25,727.78,727.78,0
4358,478,2025-11-28,727.78,727.78,0
4359,478,2025-12-26,727.78,727.78,0
4360,479,2025-09-28,164.49,164.49,0
4361,479,2025-10-26,164.49,164.49,0
4362,479,2025-11-23,164.49,164.49,0
4363,479,2025-12-23,164.49,164.49,0
4364,480,2025-01-23,236.1,236.1,0
4365,480,2025-02-25,236.1,236.1,0
4366,480,2025-03-26,236.1,236.1,0
4367,480,2025-04-22,236.1,236.1,0
4368,480,2025-05-27,236.1,236.1,0
4369,480,2025-08-25,236.1,20.97,58
4370,480,2025-07-24,236.1,236.1,0
4371,480,2025-08-27,236.1,236.1,0
4372,480,2025-09-26,236.1,236.1,0
4373,480,2025-10-25,236.1,236.1,0
4374,480,2025-11-26,236.1,236.1,0
4375,480,2025-12-28,236.1,236.1,0
4376,481,2024-09-25,662.7,662.7,0
4377,481,2024-10-26,662.7,662.7,0
4378,481,2024-11-27,662.7,662.7,0
4379,481,2025-01-10,662.7,556.26,13
4380,481,2025-01-28,662.7,662.7,0
4381,481,2025-02-26,662.7,662.7,0
4382,481,2025-03-24,662.7,662.7,0
4383,481,2025-04-27,662.7,662.7,0
4384,481,2025-05-26,662.7,662.7,0
4385,481,2025-06-22,662.7,662.7,0
4386,481,2025-07-28,662.7,662.7,0
4387,481,2025-08-26,662.7,662.7,0
4388,481,2025-09-25,662.7,662.7,0
4389,481,2025-10-27,662.7,662.7,0
4390,481,2025-11-27,662.7,662.7,0
4391,481,2025-12-25,662.7,662.7,0
4392,482,2025-05-24,487.46,487.46,0
4393,482,2025-06-26,487.46,487.46,0
4394,482,2025-07-23,487.46,487.46,0
4395,482,2025-08-28,487.46,487.46,0
4396,482,2025-09-28,487.46,487.46,0
4397,482,2025-10-23,487.46,487.46,0
4398,482,2025-11-22,487.46,487.46,0
4399,482,2025-12-24,487.46,487.46,0
4400,483,2024-11-25,166.98,166.98,0
4401,483,2024-12-27,166.98,166.98,0
4402,483,2025-01-27,166.98,166.98,0
4403,483,2025-02-23,166.98,166.98,0
4404,483,2025-04-13,166.98,160.21,16
4405,483,2025-04-24,166.98,166.98,0
4406,483,2025-05-26,166.98,166.98,0
4407,483,2025-06-23,166.98,166.98,0
4408,483,2025-08-20,166.98,155.16,24
4409,483,2025-10-16,166.98,5.29,51
4410,483,2025-11-25,166.98,148.82,62
4411,483,2025-10-26,166.98,166.98,0
4412,483,2026-02-16,166.98,151.33,83
4413,483,2025-12-22,166.98,166.98,0
4414,484,2025-03-22,585.86,585.86,0
4415,484,2025-04-23,585.86,585.86,0
4416,484,2025-05-24,585.86,585.86,0
4417,484,2025-06-22,585.86,585.86,0
4418,484,2025-07-24,585.86,585.86,0
4419,484,2025-08-26,585.86,585.86,0
4420,484,2025-09-23,585.86,585.86,0
4421,484,2025-10-28,585.86,507.01,3
4422,484,2025-11-27,585.86,585.86,0
4423,484,2025-12-22,585.86,585.86,0
4424,486,2026-03-10,859.31,747.47,73
4425,487,2025-08-21,278.42,30.83,88
4426,487,2025-06-26,278.42,278.42,0
4427,487,2025-08-13,278.42,259.37,19
4428,487,2025-08-24,278.42,278.42,0
4429,487,2025-10-14,278.42,249.92,18
4430,487,2025-10-26,278.42,278.42,0
4431,487,2025-11-28,278.42,278.42,0
4432,487,2025-12-26,278.42,278.42,0
4433,488,2025-05-28,390.96,390.96,0
4434,488,2025-06-27,390.96,390.96,0
4435,488,2025-07-25,390.96,390.96,0
4436,488,2025-08-25,390.96,390.96,0
4437,488,2025-09-23,390.96,390.96,0
4438,488,2025-10-26,390.96,390.96,0
4439,488,2025-12-11,390.96,351.0,15
4440,488,2025-12-26,390.96,390.96,0
4441,489,2024-01-23,660.78,660.78,0
4442,489,2024-02-22,660.78,660.78,0
4443,489,2024-03-26,660.78,660.78,0
4444,489,2024-04-25,660.78,660.78,0
4445,489,2024-05-24,660.78,660.78,0
4446,489,2024-06-27,660.78,660.78,0
4447,489,2024-07-28,660.78,660.78,0
4448,489,2024-08-23,660.78,660.78,0
4449,489,2024-09-28,660.78,660.78,0
4450,489,2024-10-28,660.78,660.78,0
4451,489,2024-11-28,660.78,660.78,0
4452,489,2024-12-25,660.78,660.78,0
4453,489,2025-01-26,660.78,660.78,0
4454,489,2025-02-23,660.78,660.78,0
4455,489,2025-05-01,660.78,574.95,38
4456,489,2025-04-26,660.78,660.78,0
4457,489,2025-06-26,660.78,544.36,34
4458,489,2025-06-22,660.78,660.78,0
4459,489,2025-07-27,660.78,660.78,0
4460,489,2025-08-22,660.78,660.78,0
4461,489,2025-09-28,660.78,660.78,0
4462,489,2025-10-23,660.78,660.78,0
4463,489,2025-11-23,660.78,660.78,0
4464,489,2025-12-27,660.78,660.78,0
4465,490,2024-03-05,275.56,238.05,41
4466,490,2024-04-26,275.56,59.23,59
4467,490,2024-03-23,275.56,275.56,0
4468,490,2024-04-24,275.56,275.56,0
4469,490,2024-05-27,275.56,275.56,0
4470,490,2024-07-29,275.56,64.94,32
4471,490,2024-07-26,275.56,275.56,0
4472,490,2024-08-24,275.56,275.56,0
4473,490,2024-09-27,275.56,275.56,0
4474,490,2024-10-26,275.56,275.56,0
4475,490,2025-01-23,275.56,268.82,59
4476,490,2024-12-23,275.56,275.56,0
4477,490,2025-01-23,275.56,275.56,0
4478,490,2025-02-22,275.56,275.56,0
4479,490,2025-03-26,275.56,275.56,0
4480,490,2025-04-25,275.56,275.56,0
4481,490,2025-05-26,275.56,275.56,0
4482,490,2025-06-28,275.56,275.56,0
4483,490,2025-07-28,275.56,275.56,0
4484,490,2025-11-17,275.56,259.88,83
4485,490,2025-09-26,275.56,275.56,0
4486,490,2025-10-24,275.56,275.56,0
4487,490,2025-11-25,275.56,275.56,0
4488,490,2025-12-22,275.56,275.56,0
4489,491,2025-04-23,251.56,251.56,0
4490,491,2025-05-27,251.56,251.56,0
4491,491,2025-06-27,251.56,251.56,0
4492,491,2025-07-27,251.56,251.56,0
4493,491,2025-08-22,251.56,251.56,0
4494,491,2025-09-24,251.56,251.56,0
4495,491,2025-10-24,251.56,251.56,0
4496,491,2025-11-25,251.56,251.56,0
4497,491,2025-12-23,251.56,251.56,0
4498,492,2025-09-22,288.39,288.39,0
4499,492,2026-02-21,288.39,84.34,121
4500,492,2025-11-25,288.39,288.39,0
4501,492,2025-12-24,288.39,288.39,0
4502,493,2025-04-26,91.53,91.53,0
4503,493,2025-05-27,91.53,91.53,0
4504,493,2025-06-30,91.53,73.29,4
4505,493,2025-07-28,91.53,91.53,0
4506,493,2025-08-28,91.53,91.53,0
4507,493,2025-09-27,91.53,91.53,0
4508,493,2025-10-28,91.53,91.53,0
4509,493,2025-11-27,91.53,91.53,0
4510,493,2025-12-24,91.53,91.53,0
4511,494,2025-04-24,227.31,227.31,0
4512,494,2025-05-25,227.31,227.31,0
4513,494,2025-06-23,227.31,227.31,0
4514,494,2025-09-11,227.31,223.51,48
4515,494,2025-08-23,227.31,227.31,0
4516,494,2025-09-27,227.31,227.31,0
4517,494,2025-10-24,227.31,227.31,0
4518,494,2025-11-23,227.31,227.31,0
4519,494,2025-12-22,227.31,227.31,0
4520,495,2025-06-27,1043.06,993.46,2
4521,495,2025-07-28,1043.06,1043.06,0
4522,495,2025-08-26,1043.06,1043.06,0
4523,495,2025-09-27,1043.06,1043.06,0
4524,495,2025-10-25,1043.06,1043.06,0
4525,495,2025-11-26,1043.06,1043.06,0
4526,495,2025-12-25,1043.06,1043.06,0
4527,496,2025-06-27,859.2,859.2,0
4528,496,2025-07-28,859.2,859.2,0
4529,496,2025-08-25,859.2,859.2,0
4530,496,2025-11-27,859.2,794.16,61
4531,496,2025-10-22,859.2,859.2,0
4532,496,2025-11-26,859.2,859.2,0
4533,496,2025-12-26,859.2,859.2,0
4534,497,2025-11-26,193.82,193.82,0
4535,497,2025-12-22,193.82,193.82,0
4536,498,2025-06-28,261.27,261.27,0
4537,498,2025-07-26,261.27,261.27,0
4538,498,2025-08-22,261.27,261.27,0
4539,498,2025-09-22,261.27,261.27,0
4540,498,2025-10-25,261.27,261.27,0
4541,498,2025-11-22,261.27,261.27,0
4542,498,2025-12-23,261.27,261.27,0
4543,499,2024-06-27,96.19,96.19,0
4544,499,2024-07-24,96.19,96.19,0
4545,499,2024-08-27,96.19,96.19,0
4546,499,2024-09-22,96.19,96.19,0
4547,499,2024-10-23,96.19,96.19,0
4548,499,2025-02-14,96.19,31.65,80
4549,499,2024-12-25,96.19,96.19,0
4550,499,2025-01-25,96.19,96.19,0
4551,499,2025-02-28,96.19,96.19,0
4552,499,2025-03-23,96.19,96.19,0
4553,499,2025-04-28,96.19,96.19,0
4554,499,2025-05-25,96.19,96.19,0
4555,499,2025-06-25,96.19,96.19,0
4556,499,2025-07-26,96.19,96.19,0
4557,499,2025-08-26,96.19,82.69,1
4558,499,2025-09-26,96.19,96.19,0
4559,499,2025-10-28,96.19,96.19,0
4560,499,2025-11-28,96.19,96.19,0
4561,499,2025-12-26,96.19,96.19,0
4562,501,2025-06-13,42.82,36.77,77
4563,501,2025-04-28,42.82,42.82,0
4564,501,2025-05-22,42.82,42.82,0
4565,501,2025-07-25,42.82,39.68,27
4566,501,2025-07-28,42.82,39.82,4
4567,501,2025-11-21,42.82,37.33,87
4568,501,2025-09-22,42.82,42.82,0
4569,501,2026-02-15,42.82,0.48,110
4570,501,2025-11-27,42.82,42.82,0
4571,501,2025-12-24,42.82,42.82,0
4572,502,2025-05-13,756.13,724.47,51
4573,502,2025-04-28,756.13,756.13,0
4574,502,2025-05-24,756.13,756.13,0
4575,502,2025-11-14,756.13,132.89,141
4576,502,2025-07-26,756.13,756.13,0
4577,502,2025-11-11,756.13,698.09,81
4578,502,2025-12-08,756.13,711.32,73
4579,502,2025-10-24,756.13,756.13,0
4580,502,2025-11-22,756.13,756.13,0
4581,502,2026-06-20,756.13,173.57,180
4582,503,2024-04-08,108.72,103.91,46
4583,503,2024-03-28,108.72,108.72,0
4584,503,2024-04-27,108.72,108.72,0
4585,503,2024-05-28,108.72,108.72,0
4586,503,2024-06-22,108.72,108.72,0
4587,503,2024-07-26,108.72,108.72,0
4588,503,2024-08-28,108.72,108.72,0
4589,503,2024-09-27,108.72,108.72,0
4590,503,2024-10-23,108.72,108.72,0
4591,503,2025-01-29,108.72,103.11,65
4592,503,2024-12-24,108.72,108.72,0
4593,503,2025-01-28,108.72,108.72,0
4594,503,2025-02-24,108.72,108.72,0
4595,503,2025-05-15,108.72,88.04,48
4596,503,2025-06-09,108.72,102.24,45
4597,503,2025-07-21,108.72,89.51,56
4598,503,2025-06-26,108.72,108.72,0
4599,503,2025-09-08,108.72,95.09,45
4600,503,2025-08-26,108.72,108.72,0
4601,503,2025-09-29,108.72,102.3,5
4602,503,2025-10-22,108.72,108.72,0
4603,503,2025-11-23,108.72,108.72,0
4604,503,2025-12-28,108.72,108.72,0
4605,504,2025-06-24,135.66,135.66,0
4606,504,2025-07-27,135.66,135.66,0
4607,504,2025-08-23,135.66,135.66,0
4608,504,2025-09-25,135.66,135.66,0
4609,504,2025-10-23,135.66,135.66,0
4610,504,2025-11-28,135.66,135.66,0
4611,504,2025-12-27,135.66,135.66,0
4612,505,2024-12-27,779.47,779.47,0
4613,505,2025-03-07,779.47,769.37,38
4614,505,2025-02-26,779.47,779.47,0
4615,505,2025-03-27,779.47,779.47,0
4616,505,2025-04-27,779.47,779.47,0
4617,505,2025-05-26,779.47,779.47,0
4618,505,2025-08-08,779.47,769.39,46
4619,505,2025-07-23,779.47,779.47,0
4620,505,2025-08-22,779.47,779.47,0
4621,505,2025-09-25,779.47,779.47,0
4622,505,2025-10-23,779.47,779.47,0
4623,505,2026-02-14,779.47,727.99,82
4624,505,2025-12-28,779.47,779.47,0
4625,506,2025-07-02,184.23,178.13,71
4626,506,2025-05-24,184.23,184.23,0
4627,506,2025-06-26,184.23,184.23,0
4628,506,2025-07-22,184.23,184.23,0
4629,506,2025-08-22,184.23,184.23,0
4630,506,2025-09-28,184.23,184.23,0
4631,506,2025-10-23,184.23,184.23,0
4632,506,2025-11-24,184.23,184.23,0
4633,506,2026-01-21,184.23,168.67,29
4634,507,2025-01-22,159.51,159.51,0
4635,507,2025-02-28,159.51,159.51,0
4636,507,2025-03-25,159.51,159.51,0
4637,507,2025-04-27,159.51,159.51,0
4638,507,2025-05-25,159.51,159.51,0
4639,507,2025-06-26,159.51,159.51,0
4640,507,2025-07-24,159.51,159.51,0
4641,507,2025-08-24,159.51,159.51,0
4642,507,2025-09-27,159.51,159.51,0
4643,507,2025-10-23,159.51,159.51,0
4644,507,2025-11-23,159.51,159.51,0
4645,507,2025-12-23,159.51,159.51,0
4646,508,2025-01-27,504.79,504.79,0
4647,508,2025-02-24,504.79,504.79,0
4648,508,2025-03-23,504.79,504.79,0
4649,508,2025-04-25,504.79,504.79,0
4650,508,2025-05-24,504.79,504.79,0
4651,508,2025-06-28,504.79,504.79,0
4652,508,2025-07-22,504.79,504.79,0
4653,508,2025-08-24,504.79,504.79,0
4654,508,2025-09-23,504.79,504.79,0
4655,508,2025-10-23,504.79,504.79,0
4656,508,2025-11-24,504.79,504.79,0
4657,508,2025-12-25,504.79,504.79,0
4658,509,2025-06-24,329.94,329.94,0
4659,509,2025-07-23,329.94,329.94,0
4660,509,2025-08-22,329.94,329.94,0
4661,509,2025-09-27,329.94,329.94,0
4662,509,2025-10-25,329.94,329.94,0
4663,509,2025-11-23,329.94,329.94,0
4664,509,2025-12-27,329.94,329.94,0
4665,510,2024-12-28,160.94,160.94,0
4666,510,2025-01-26,160.94,160.94,0
4667,510,2025-02-25,160.94,160.94,0
4668,510,2025-03-27,160.94,160.94,0
4669,510,2025-04-26,160.94,160.94,0
4670,510,2025-05-27,160.94,160.94,0
4671,510,2025-06-26,160.94,160.94,0
4672,510,2025-07-22,160.94,160.94,0
4673,510,2025-08-25,160.94,160.94,0
4674,510,2025-09-25,160.94,160.94,0
4675,510,2025-12-29,160.94,137.8,67
4676,510,2025-11-24,160.94,160.94,0
4677,510,2025-12-22,160.94,160.94,0
4678,511,2024-09-23,92.53,92.53,0
4679,511,2024-10-28,92.53,92.53,0
4680,511,2024-11-23,92.53,92.53,0
4681,511,2024-12-22,92.53,92.53,0
4682,511,2025-04-12,92.53,15.83,76
4683,511,2025-02-24,92.53,92.53,0
4684,511,2025-03-28,92.53,92.53,0
4685,511,2025-04-22,92.53,92.53,0
4686,511,2025-05-27,92.53,92.53,0
4687,511,2025-06-28,92.53,92.53,0
4688,511,2025-07-23,92.53,92.53,0
4689,511,2025-12-02,92.53,31.33,98
4690,511,2025-09-28,92.53,92.53,0
4691,511,2025-10-23,92.53,92.53,0
4692,511,2025-11-27,92.53,92.53,0
4693,511,2025-12-23,92.53,92.53,0
4694,512,2025-01-23,59.07,59.07,0
4695,512,2025-02-27,59.07,59.07,0
4696,512,2025-03-22,59.07,59.07,0
4697,512,2025-04-24,59.07,59.07,0
4698,512,2025-05-26,59.07,59.07,0
4699,512,2025-06-27,59.07,59.07,0
4700,512,2025-07-22,59.07,59.07,0
4701,512,2025-08-23,59.07,59.07,0
4702,512,2025-09-26,59.07,59.07,0
4703,512,2025-11-28,59.07,48.83,31
4704,512,2025-11-22,59.07,59.07,0
4705,512,2025-12-26,59.07,59.07,0
4706,513,2025-07-23,154.82,154.82,0
4707,513,2025-08-22,154.82,154.82,0
4708,513,2025-09-25,154.82,154.82,0
4709,513,2025-12-25,154.82,143.93,61
4710,513,2025-11-28,154.82,154.82,0
4711,513,2025-12-24,154.82,154.82,0
4712,514,2025-11-17,432.29,414.16,55
4713,514,2025-10-24,432.29,432.29,0
4714,514,2025-11-27,432.29,432.29,0
4715,514,2025-12-25,432.29,432.29,0
4716,515,2025-07-26,309.41,309.41,0
4717,515,2025-08-24,309.41,309.41,0
4718,515,2025-09-26,309.41,309.41,0
4719,515,2025-10-23,309.41,309.41,0
4720,515,2025-11-27,309.41,309.41,0
4721,515,2025-12-28,309.41,309.41,0
4722,516,2025-05-28,711.62,711.62,0
4723,516,2025-06-25,711.62,711.62,0
4724,516,2025-07-26,711.62,711.62,0
4725,516,2025-08-22,711.62,711.62,0
4726,516,2025-09-25,711.62,711.62,0
4727,516,2025-10-22,711.62,711.62,0
4728,516,2025-11-26,711.62,711.62,0
4729,516,2025-12-23,711.62,711.62,0
4730,518,2024-06-26,499.21,499.21,0
4731,518,2024-07-27,499.21,499.21,0
4732,518,2024-08-27,499.21,499.21,0
4733,518,2024-09-27,499.21,499.21,0
4734,518,2024-10-27,499.21,499.21,0
4735,518,2024-11-28,499.21,499.21,0
4736,518,2024-12-22,499.21,499.21,0
4737,518,2025-01-22,499.21,499.21,0
4738,518,2025-02-27,499.21,499.21,0
4739,518,2025-03-28,499.21,499.21,0
4740,518,2025-04-23,499.21,499.21,0
4741,518,2025-05-28,499.21,499.21,0
4742,518,2025-06-22,499.21,499.21,0
4743,518,2025-07-27,499.21,499.21,0
4744,518,2025-08-22,499.21,499.21,0
4745,518,2025-09-22,499.21,499.21,0
4746,518,2025-10-26,499.21,499.21,0
4747,518,2026-01-15,499.21,426.66,48
4748,518,2025-12-22,499.21,499.21,0
4749,519,2024-01-24,497.26,497.26,0
4750,519,2024-02-26,497.26,497.26,0
4751,519,2024-03-24,497.26,497.26,0
4752,519,2024-04-23,497.26,497.26,0
4753,519,2024-05-26,497.26,497.26,0
4754,519,2024-06-25,497.26,497.26,0
4755,519,2024-07-28,497.26,497.26,0
4756,519,2024-08-28,497.26,497.26,0
4757,519,2024-09-24,497.26,497.26,0
4758,519,2024-10-23,497.26,497.26,0
4759,519,2024-11-22,497.26,497.26,0
4760,519,2024-12-24,497.26,497.26,0
4761,519,2025-01-24,497.26,497.26,0
4762,519,2025-02-24,497.26,497.26,0
4763,519,2025-03-26,497.26,497.26,0
4764,519,2025-04-24,497.26,497.26,0
4765,519,2025-05-26,497.26,497.26,0
4766,519,2025-06-23,497.26,497.26,0
4767,519,2025-08-25,497.26,438.68,33
4768,519,2025-08-22,497.26,497.26,0
4769,519,2025-09-27,497.26,497.26,0
4770,519,2025-10-28,497.26,497.26,0
4771,519,2025-11-27,497.26,497.26,0
4772,519,2025-12-28,497.26,497.26,0
4773,520,2025-03-26,128.93,128.93,0
4774,520,2025-04-24,128.93,128.93,0
4775,520,2025-05-22,128.93,128.93,0
4776,520,2025-06-27,128.93,128.93,0
4777,520,2025-07-27,128.93,128.93,0
4778,520,2025-08-25,128.93,128.93,0
4779,520,2025-09-27,128.93,128.93,0
4780,520,2025-10-24,128.93,128.93,0
4781,520,2025-11-27,128.93,128.93,0
4782,520,2025-12-23,128.93,128.93,0
4783,521,2025-09-22,117.68,117.68,0
4784,521,2025-10-23,117.68,117.68,0
4785,521,2025-11-22,117.68,117.68,0
4786,521,2025-12-26,117.68,117.68,0
4787,522,2024-07-22,1058.91,1058.91,0
4788,522,2024-08-26,1058.91,1058.91,0
4789,522,2024-09-22,1058.91,1058.91,0
4790,522,2024-10-23,1058.91,1058.91,0
4791,522,2024-11-28,1058.91,1058.91,0
4792,522,2024-12-24,1058.91,1058.91,0
4793,522,2025-01-26,1058.91,1058.91,0
4794,522,2025-02-26,1058.91,1058.91,0
4795,522,2025-03-26,1058.91,1058.91,0
4796,522,2025-04-27,1058.91,1058.91,0
4797,522,2025-05-24,1058.91,1058.91,0
4798,522,2025-06-23,1058.91,1058.91,0
4799,522,2025-07-26,1058.91,1058.91,0
4800,523,2024-03-22,153.77,153.77,0
4801,523,2024-07-15,153.77,127.96,80
4802,523,2024-07-25,153.77,149.11,61
4803,523,2024-06-24,153.77,153.77,0
4804,523,2024-07-22,153.77,153.77,0
4805,523,2024-08-25,153.77,153.77,0
4806,523,2024-09-25,153.77,153.77,0
4807,523,2024-12-28,153.77,148.82,61
4808,523,2025-02-28,153.77,27.31,92
4809,523,2024-12-23,153.77,153.77,0
4810,523,2025-04-14,153.77,146.64,80
4811,523,2025-02-28,153.77,153.77,0
4812,523,2025-05-26,153.77,143.5,59
4813,523,2025-05-12,153.77,152.05,17
4814,523,2025-05-24,153.77,153.77,0
4815,523,2025-06-28,153.77,153.77,0
4816,523,2025-07-24,153.77,153.77,0
4817,523,2025-08-22,153.77,153.77,0
4818,523,2025-09-26,153.77,153.77,0
4819,523,2025-10-28,153.77,153.77,0
4820,523,2026-02-16,153.77,123.81,85
4821,523,2025-12-22,153.77,153.77,0
4822,524,2024-11-26,201.52,201.52,0
4823,524,2025-02-01,201.52,184.91,36
4824,524,2025-05-21,201.52,54.56,114
4825,524,2025-02-23,201.52,201.52,0
4826,524,2025-03-22,201.52,201.52,0
4827,524,2025-04-23,201.52,201.52,0
4828,524,2025-05-26,201.52,201.52,0
4829,524,2025-06-26,201.52,201.52,0
4830,524,2025-07-23,201.52,201.52,0
4831,524,2025-09-02,201.52,171.09,9
4832,524,2025-09-27,201.52,201.52,0
4833,524,2025-10-24,201.52,201.52,0
4834,524,2026-05-05,201.52,47.65,160
4835,524,2025-12-23,201.52,201.52,0
4836,525,2024-07-25,420.19,420.19,0
4837,525,2024-08-26,420.19,420.19,0
4838,525,2024-09-28,420.19,420.19,0
4839,525,2024-10-28,420.19,420.19,0
4840,525,2024-11-22,420.19,420.19,0
4841,525,2024-12-22,420.19,420.19,0
4842,525,2025-01-24,420.19,420.19,0
4843,525,2025-02-24,420.19,420.19,0
4844,525,2025-03-28,420.19,420.19,0
4845,525,2025-04-23,420.19,420.19,0
4846,525,2025-05-28,420.19,420.19,0
4847,525,2025-06-28,420.19,420.19,0
4848,525,2025-07-24,420.19,420.19,0
4849,525,2025-08-27,420.19,420.19,0
4850,525,2025-11-24,420.19,384.65,63
4851,525,2025-10-26,420.19,420.19,0
4852,525,2025-11-25,420.19,420.19,0
4853,525,2025-12-28,420.19,420.19,0
4854,526,2024-12-23,332.78,332.78,0
4855,526,2025-01-25,332.78,332.78,0
4856,526,2025-03-29,332.78,274.71,34
4857,526,2025-03-27,332.78,332.78,0
4858,526,2025-05-04,332.78,301.74,12
4859,526,2025-05-24,332.78,332.78,0
4860,526,2025-06-27,332.78,332.78,0
4861,526,2025-07-28,332.78,332.78,0
4862,526,2025-08-27,332.78,332.78,0
4863,526,2025-10-18,332.78,280.23,22
4864,526,2025-10-28,332.78,332.78,0
4865,526,2025-11-26,332.78,332.78,0
4866,526,2025-12-26,332.78,332.78,0
4867,527,2025-04-28,207.57,207.57,0
4868,527,2025-05-28,207.57,207.57,0
4869,527,2025-06-23,207.57,207.57,0
4870,527,2025-07-22,207.57,207.57,0
4871,527,2025-08-22,207.57,207.57,0
4872,527,2025-12-03,207.57,71.32,69
4873,527,2025-10-22,207.57,207.57,0
4874,527,2025-11-24,207.57,207.57,0
4875,527,2026-02-06,207.57,173.52,41
4876,528,2025-08-23,699.95,699.95,0
4877,528,2025-09-23,699.95,699.95,0
4878,528,2025-10-26,699.95,699.95,0
4879,528,2025-11-28,699.95,699.95,0
4880,528,2025-12-27,699.95,699.95,0
4881,529,2024-02-25,699.52,699.52,0
4882,529,2024-03-24,699.52,699.52,0
4883,529,2024-05-12,699.52,577.37,15
4884,529,2024-06-16,699.52,606.25,21
4885,529,2024-06-24,699.52,699.52,0
4886,529,2024-07-27,699.52,699.52,0
4887,529,2024-08-28,699.52,699.52,0
4888,529,2024-09-26,699.52,699.52,0
4889,529,2024-10-28,699.52,618.29,4
4890,529,2024-11-23,699.52,699.52,0
4891,529,2024-12-26,699.52,699.52,0
4892,529,2025-01-28,699.52,699.52,0
4893,529,2025-02-28,699.52,699.52,0
4894,529,2025-03-27,699.52,699.52,0
4895,529,2025-04-23,699.52,699.52,0
4896,529,2025-05-22,699.52,699.52,0
4897,529,2025-06-22,699.52,699.52,0
4898,529,2025-07-23,699.52,699.52,0
4899,529,2025-08-23,699.52,699.52,0
4900,529,2025-09-26,699.52,699.52,0
4901,529,2025-10-24,699.52,699.52,0
4902,529,2025-11-28,699.52,699.52,0
4903,529,2025-12-23,699.52,699.52,0
4904,531,2025-06-28,827.31,827.31,0
4905,531,2025-07-22,827.31,827.31,0
4906,531,2025-08-26,827.31,827.31,0
4907,531,2025-11-14,827.31,822.95,52
4908,531,2025-12-21,827.31,701.75,56
4909,531,2025-11-23,827.31,827.31,0
4910,531,2025-12-25,827.31,827.31,0
4911,532,2025-01-25,479.31,479.31,0
4912,532,2025-02-28,479.31,479.31,0
4913,532,2025-03-24,479.31,479.31,0
4914,532,2025-04-25,479.31,479.31,0
4915,532,2025-05-28,479.31,479.31,0
4916,532,2025-06-27,479.31,479.31,0
4917,532,2025-07-28,479.31,479.31,0
4918,532,2025-08-23,479.31,479.31,0
4919,532,2025-09-25,479.31,479.31,0
4920,532,2025-10-26,479.31,479.31,0
4921,532,2025-11-26,479.31,479.31,0
4922,532,2025-12-23,479.31,479.31,0
4923,533,2025-05-24,304.18,304.18,0
4924,533,2025-06-28,304.18,304.18,0
4925,533,2025-07-25,304.18,304.18,0
4926,533,2025-08-22,304.18,304.18,0
4927,533,2025-09-28,304.18,304.18,0
4928,533,2025-10-25,304.18,304.18,0
4929,533,2025-11-26,304.18,304.18,0
4930,533,2025-12-28,304.18,304.18,0
4931,534,2024-09-27,314.78,314.78,0
4932,534,2025-04-03,314.78,65.37,157
4933,534,2024-11-27,314.78,314.78,0
4934,534,2024-12-23,314.78,314.78,0
4935,534,2025-01-24,314.78,314.78,0
4936,534,2025-04-01,314.78,74.68,33
4937,534,2025-03-23,314.78,314.78,0
4938,534,2025-04-27,314.78,314.78,0
4939,534,2025-05-24,314.78,314.78,0
4940,534,2025-06-24,314.78,314.78,0
4941,534,2025-07-28,314.78,314.78,0
4942,534,2026-01-17,314.78,76.45,144
4943,534,2025-09-22,314.78,314.78,0
4944,535,2024-08-29,264.63,233.64,6
4945,535,2024-11-19,264.63,253.18,52
4946,535,2024-10-24,264.63,264.63,0
4947,535,2025-01-22,264.63,14.56,60
4948,535,2025-01-06,264.63,261.95,14
4949,535,2025-01-23,264.63,264.63,0
4950,535,2025-02-23,264.63,264.63,0
4951,535,2025-04-23,264.63,259.01,28
4952,535,2025-04-28,264.63,264.63,0
4953,535,2025-05-28,264.63,264.63,0
4954,535,2025-06-27,264.63,264.63,0
4955,535,2025-07-24,264.63,264.63,0
4956,535,2025-10-23,264.63,38.59,56
4957,535,2025-10-25,264.63,219.89,32
4958,535,2025-10-25,264.63,264.63,0
4959,535,2025-11-24,264.63,264.63,0
4960,535,2025-12-22,264.63,264.63,0
4961,536,2024-06-22,560.32,560.32,0
4962,536,2024-07-22,560.32,560.32,0
4963,536,2024-08-26,560.32,560.32,0
4964,536,2024-09-26,560.32,560.32,0
4965,536,2024-10-23,560.32,560.32,0
4966,536,2024-11-25,560.32,560.32,0
4967,536,2024-12-24,560.32,560.32,0
4968,536,2025-01-24,560.32,560.32,0
4969,536,2025-02-28,560.32,560.32,0
4970,536,2025-05-22,560.32,470.06,55
4971,536,2025-04-27,560.32,560.32,0
4972,536,2025-05-24,560.32,560.32,0
4973,536,2025-06-24,560.32,560.32,0
4974,536,2025-07-28,560.32,560.32,0
4975,536,2025-08-26,560.32,560.32,0
4976,536,2025-09-24,560.32,560.32,0
4977,536,2025-10-27,560.32,560.32,0
4978,536,2025-11-28,560.32,560.32,0
4979,536,2025-12-22,560.32,560.32,0
4980,537,2025-04-26,78.85,78.85,0
4981,537,2025-05-26,78.85,78.85,0
4982,537,2025-06-22,78.85,78.85,0
4983,537,2025-07-24,78.85,78.85,0
4984,537,2025-08-28,78.85,78.85,0
4985,537,2025-09-28,78.85,78.85,0
4986,537,2025-12-28,78.85,63.22,67
4987,537,2025-11-25,78.85,78.85,0
4988,537,2025-12-28,78.85,78.85,0
4989,539,2025-06-26,791.37,791.37,0
4990,539,2025-07-22,791.37,791.37,0
4991,539,2025-08-24,791.37,791.37,0
4992,539,2025-09-28,791.37,791.37,0
4993,539,2025-10-23,791.37,791.37,0
4994,539,2025-11-27,791.37,791.37,0
4995,539,2025-12-22,791.37,791.37,0
4996,540,2025-06-26,397.38,397.38,0
4997,540,2025-08-29,397.38,343.03,33
4998,540,2025-08-28,397.38,397.38,0
4999,540,2025-09-28,397.38,397.38,0
5000,540,2025-10-23,397.38,397.38,0
5001,540,2025-11-22,397.38,397.38,0
5002,540,2025-12-28,397.38,397.38,0
5003,541,2024-10-28,991.14,991.14,0
5004,541,2024-11-22,991.14,991.14,0
5005,541,2024-12-27,991.14,991.14,0
5006,541,2025-01-28,991.14,991.14,0
5007,541,2025-02-27,991.14,991.14,0
5008,541,2025-03-26,991.14,991.14,0
5009,541,2025-04-27,991.14,991.14,0
5010,541,2025-05-25,991.14,991.14,0
5011,541,2025-06-28,991.14,991.14,0
5012,541,2025-07-22,991.14,991.14,0
5013,541,2025-08-23,991.14,991.14,0
5014,541,2025-09-26,991.14,991.14,0
5015,541,2025-10-22,991.14,991.14,0
5016,542,2025-02-24,158.1,158.1,0
5017,542,2025-03-23,158.1,158.1,0
5018,542,2025-04-25,158.1,158.1,0
5019,542,2025-05-25,158.1,158.1,0
5020,542,2025-06-27,158.1,158.1,0
5021,542,2025-07-27,158.1,158.1,0
5022,542,2025-08-22,158.1,158.1,0
5023,542,2025-09-26,158.1,158.1,0
5024,542,2026-01-16,158.1,132.79,81
5025,542,2025-11-27,158.1,158.1,0
5026,542,2025-12-22,158.1,158.1,0
5027,543,2025-10-26,262.12,262.12,0
5028,543,2025-11-22,262.12,262.12,0
5029,543,2025-12-23,262.12,262.12,0
5030,544,2025-11-25,272.31,272.31,0
5031,544,2025-12-25,272.31,272.31,0
5032,545,2025-03-28,124.71,124.71,0
5033,545,2025-04-28,124.71,124.71,0
5034,545,2025-05-25,124.71,124.71,0
5035,545,2025-06-24,124.71,124.71,0
5036,545,2025-07-24,124.71,124.71,0
5037,545,2025-08-25,124.71,124.71,0
5038,545,2025-09-23,124.71,124.71,0
5039,545,2025-10-26,124.71,124.71,0
5040,545,2025-11-23,124.71,124.71,0
5041,545,2025-12-27,124.71,124.71,0
5042,546,2025-06-26,142.56,142.56,0
5043,546,2025-07-25,142.56,142.56,0
5044,546,2025-08-27,142.56,142.56,0
5045,546,2025-09-24,142.56,142.56,0
5046,546,2025-10-22,142.56,142.56,0
5047,546,2025-11-28,142.56,142.56,0
5048,546,2025-12-26,142.56,142.56,0
5049,548,2025-10-25,211.56,211.56,0
5050,548,2025-11-24,211.56,211.56,0
5051,548,2025-12-25,211.56,211.56,0
5052,549,2024-09-22,585.4,585.4,0
5053,549,2024-10-25,585.4,585.4,0
5054,549,2024-11-28,585.4,585.4,0
5055,549,2024-12-28,585.4,585.4,0
5056,549,2025-01-26,585.4,585.4,0
5057,549,2025-02-23,585.4,585.4,0
5058,549,2025-03-26,585.4,585.4,0
5059,549,2025-04-28,585.4,585.4,0
5060,549,2025-05-24,585.4,585.4,0
5061,549,2025-06-26,585.4,585.4,0
5062,549,2025-07-28,585.4,585.4,0
5063,549,2025-08-26,585.4,585.4,0
5064,549,2025-09-26,585.4,585.4,0
5065,549,2025-10-24,585.4,585.4,0
5066,549,2025-11-26,585.4,585.4,0
5067,549,2025-12-28,585.4,585.4,0
5068,551,2025-02-22,969.42,969.42,0
5069,551,2025-03-22,969.42,969.42,0
5070,551,2025-06-12,969.42,962.96,47
5071,551,2025-05-24,969.42,969.42,0
5072,551,2025-06-25,969.42,969.42,0
5073,551,2025-07-25,969.42,969.42,0
5074,551,2025-08-28,969.42,969.42,0
5075,551,2025-09-23,969.42,969.42,0
5076,551,2025-10-28,969.42,923.48,3
5077,551,2025-11-26,969.42,969.42,0
5078,551,2025-12-24,969.42,969.42,0
5079,552,2025-10-03,204.28,194.64,72
5080,552,2025-08-23,204.28,204.28,0
5081,552,2025-09-25,204.28,204.28,0
5082,552,2025-10-24,204.28,204.28,0
5083,552,2025-11-22,204.28,204.28,0
5084,552,2025-12-25,204.28,204.28,0
5085,553,2024-06-24,180.49,180.49,0
5086,553,2024-12-22,180.49,11.04,149
5087,553,2024-10-07,180.49,5.7,43
5088,553,2024-11-22,180.49,47.34,59
5089,553,2024-10-28,180.49,180.49,0
5090,553,2025-03-07,180.49,47.53,101
5091,553,2025-01-15,180.49,162.57,20
5092,553,2025-01-22,180.49,180.49,0
5093,553,2025-02-25,180.49,180.49,0
5094,553,2025-03-24,180.49,180.49,0
5095,553,2025-04-25,180.49,180.49,0
5096,553,2025-05-27,180.49,180.49,0
5097,553,2025-06-22,180.49,180.49,0
5098,553,2025-07-25,180.49,180.49,0
5099,553,2025-08-27,180.49,180.49,0
5100,553,2025-09-27,180.49,180.49,0
5101,553,2025-10-27,180.49,180.49,0
5102,553,2025-11-26,180.49,180.49,0
5103,553,2025-12-27,180.49,180.49,0
5104,554,2024-11-26,401.14,401.14,0
5105,554,2024-12-27,401.14,401.14,0
5106,554,2025-01-24,401.14,401.14,0
5107,554,2025-02-27,401.14,401.14,0
5108,554,2025-03-25,401.14,401.14,0
5109,554,2025-04-28,401.14,401.14,0
5110,554,2025-05-28,401.14,401.14,0
5111,554,2025-06-26,401.14,401.14,0
5112,554,2025-07-23,401.14,401.14,0
5113,554,2025-08-28,401.14,401.14,0
5114,554,2025-09-28,401.14,401.14,0
5115,554,2025-10-22,401.14,401.14,0
5116,554,2025-11-28,401.14,401.14,0
5117,554,2025-12-26,401.14,401.14,0
5118,555,2025-03-24,185.64,185.64,0
5119,555,2025-04-25,185.64,185.64,0
5120,555,2025-05-25,185.64,185.64,0
5121,555,2025-06-28,185.64,185.64,0
5122,555,2025-07-27,185.64,185.64,0
5123,555,2025-08-25,185.64,185.64,0
5124,555,2025-09-22,185.64,185.64,0
5125,555,2025-10-25,185.64,185.64,0
5126,555,2025-11-28,185.64,185.64,0
5127,555,2025-12-25,185.64,185.64,0
5128,556,2025-01-23,373.67,373.67,0
5129,556,2025-03-30,373.67,309.11,33
5130,556,2025-03-24,373.67,373.67,0
5131,556,2025-04-23,373.67,373.67,0
5132,556,2025-05-26,373.67,373.67,0
5133,556,2025-06-26,373.67,373.67,0
5134,556,2025-07-26,373.67,373.67,0
5135,556,2025-08-28,373.67,373.67,0
5136,556,2025-09-28,373.67,373.67,0
5137,556,2025-10-27,373.67,373.67,0
5138,556,2025-12-07,373.67,318.15,10
5139,556,2025-12-22,373.67,373.67,0
5140,557,2025-12-24,247.57,247.57,0
5141,558,2025-11-24,606.65,546.51,28
5142,558,2025-11-24,606.65,606.65,0
5143,558,2025-12-28,606.65,606.65,0
5144,559,2024-06-27,647.71,647.71,0
5145,559,2024-07-24,647.71,647.71,0
5146,559,2024-08-26,647.71,647.71,0
5147,559,2024-09-23,647.71,647.71,0
5148,559,2024-10-27,647.71,647.71,0
5149,559,2024-11-28,647.71,647.71,0
5150,559,2024-12-27,647.71,647.71,0
5151,559,2025-01-28,647.71,647.71,0
5152,559,2025-02-24,647.71,647.71,0
5153,559,2025-03-23,647.71,647.71,0
5154,559,2025-04-23,647.71,647.71,0
5155,559,2025-05-26,647.71,647.71,0
5156,559,2025-06-28,647.71,647.71,0
5157,559,2025-07-23,647.71,647.71,0
5158,559,2025-08-27,647.71,647.71,0
5159,559,2025-09-28,647.71,647.71,0
5160,559,2025-10-27,647.71,647.71,0
5161,559,2025-11-23,647.71,647.71,0
5162,559,2025-12-25,647.71,647.71,0
5163,560,2024-11-23,2171.2,2171.2,0
5164,560,2024-12-26,2171.2,2171.2,0
5165,560,2025-01-22,2171.2,2171.2,0
5166,560,2025-02-24,2171.2,2171.2,0
5167,560,2025-03-25,2171.2,2171.2,0
5168,560,2025-04-27,2171.2,2171.2,0
5169,560,2025-05-23,2171.2,2171.2,0
5170,560,2025-06-25,2171.2,2171.2,0
5171,560,2025-07-22,2171.2,2171.2,0
5172,560,2025-08-25,2171.2,2171.2,0
5173,560,2025-09-24,2171.2,2171.2,0
5174,560,2025-10-25,2171.2,2171.2,0
5175,560,2025-11-28,2171.2,2171.2,0
5176,560,2025-12-26,2171.2,2171.2,0
5177,561,2025-09-22,974.45,974.45,0
5178,561,2025-10-24,974.45,974.45,0
5179,561,2025-11-23,974.45,974.45,0
5180,561,2026-01-21,974.45,861.21,27
5181,562,2024-04-26,2201.72,2201.72,0
5182,562,2024-05-26,2201.72,2201.72,0
5183,562,2024-06-23,2201.72,2201.72,0
5184,562,2024-07-23,2201.72,2201.72,0
5185,562,2024-08-27,2201.72,2201.72,0
5186,562,2024-09-26,2201.72,2201.72,0
5187,562,2024-10-22,2201.72,2201.72,0
5188,562,2024-11-24,2201.72,2201.72,0
5189,562,2024-12-26,2201.72,2201.72,0
5190,562,2025-01-22,2201.72,2201.72,0
5191,562,2025-02-28,2201.72,2201.72,0
5192,562,2025-03-26,2201.72,2201.72,0
5193,562,2025-04-26,2201.72,2201.72,0
5194,562,2025-05-27,2201.72,2201.72,0
5195,562,2025-06-24,2201.72,2201.72,0
5196,562,2025-07-27,2201.72,2201.72,0
5197,562,2025-08-28,2201.72,2201.72,0
5198,562,2025-09-24,2201.72,2201.72,0
5199,562,2025-10-22,2201.72,2201.72,0
5200,562,2025-11-22,2201.72,2201.72,0
5201,562,2025-12-25,2201.72,2201.72,0
5202,563,2025-04-22,331.28,331.28,0
5203,563,2025-05-25,331.28,331.28,0
5204,563,2025-06-25,331.28,331.28,0
5205,563,2025-07-28,331.28,331.28,0
5206,563,2025-08-23,331.28,331.28,0
5207,563,2025-09-24,331.28,331.28,0
5208,563,2025-10-22,331.28,331.28,0
5209,563,2025-11-23,331.28,331.28,0
5210,563,2025-12-24,331.28,331.28,0
5211,564,2024-09-26,126.3,104.06,29
5212,564,2024-09-28,126.3,126.3,0
5213,564,2024-10-23,126.3,126.3,0
5214,564,2024-11-23,126.3,126.3,0
5215,564,2024-12-27,126.3,126.3,0
5216,564,2025-01-24,126.3,126.3,0
5217,564,2025-02-28,126.3,126.3,0
5218,564,2025-03-28,126.3,126.3,0
5219,564,2025-04-25,126.3,126.3,0
5220,564,2025-05-26,126.3,126.3,0
5221,564,2025-06-24,126.3,126.3,0
5222,564,2025-07-26,126.3,126.3,0
5223,564,2025-08-22,126.3,126.3,0
5224,564,2025-12-16,126.3,6.43,82
5225,564,2025-10-23,126.3,126.3,0
5226,564,2025-11-23,126.3,126.3,0
5227,564,2025-12-26,126.3,126.3,0
5228,566,2025-04-23,3105.08,3105.08,0
5229,566,2025-05-22,3105.08,3105.08,0
5230,566,2025-06-24,3105.08,3105.08,0
5231,566,2025-07-28,3105.08,3105.08,0
5232,566,2025-08-24,3105.08,3105.08,0
5233,566,2025-09-27,3105.08,3105.08,0
5234,566,2025-10-22,3105.08,3105.08,0
5235,566,2025-11-27,3105.08,3105.08,0
5236,566,2025-12-23,3105.08,3105.08,0
5237,567,2024-06-22,1442.02,1442.02,0
5238,567,2024-07-26,1442.02,1442.02,0
5239,567,2024-08-25,1442.02,1442.02,0
5240,567,2024-09-25,1442.02,1442.02,0
5241,567,2024-10-23,1442.02,1442.02,0
5242,567,2024-11-23,1442.02,1442.02,0
5243,567,2024-12-25,1442.02,1442.02,0
5244,567,2025-01-24,1442.02,1442.02,0
5245,567,2025-02-25,1442.02,1442.02,0
5246,567,2025-03-25,1442.02,1442.02,0
5247,567,2025-04-22,1442.02,1442.02,0
5248,567,2025-05-26,1442.02,1442.02,0
5249,567,2025-06-27,1442.02,1442.02,0
5250,567,2025-07-22,1442.02,1442.02,0
5251,567,2025-08-27,1442.02,1442.02,0
5252,567,2025-09-24,1442.02,1442.02,0
5253,567,2025-10-23,1442.02,1442.02,0
5254,567,2025-11-28,1442.02,1442.02,0
5255,567,2025-12-22,1442.02,1442.02,0
5256,568,2025-02-27,1073.55,1073.55,0
5257,568,2025-03-27,1073.55,1073.55,0
5258,568,2025-04-25,1073.55,1073.55,0
5259,568,2025-11-11,1073.55,54.05,169
5260,568,2025-06-24,1073.55,1073.55,0
5261,568,2025-07-22,1073.55,1073.55,0
5262,568,2025-08-25,1073.55,1073.55,0
5263,568,2025-09-28,1073.55,1073.55,0
5264,568,2025-10-27,1073.55,1073.55,0
5265,568,2025-11-27,1073.55,1073.55,0
5266,568,2025-12-24,1073.55,1073.55,0
5267,569,2024-12-24,305.53,305.53,0
5268,569,2025-01-22,305.53,305.53,0
5269,569,2025-02-27,305.53,305.53,0
5270,569,2025-03-27,305.53,305.53,0
5271,569,2025-04-26,305.53,305.53,0
5272,569,2025-07-23,305.53,277.75,62
5273,569,2025-06-27,305.53,305.53,0
5274,569,2025-07-27,305.53,305.53,0
5275,569,2025-11-03,305.53,258.97,71
5276,569,2025-09-22,305.53,305.53,0
5277,569,2025-10-23,305.53,305.53,0
5278,569,2025-11-24,305.53,305.53,0
5279,569,2025-12-22,305.53,305.53,0
5280,570,2024-01-22,501.36,501.36,0
5281,570,2024-02-27,501.36,501.36,0
5282,570,2024-03-24,501.36,501.36,0
5283,570,2024-04-28,501.36,501.36,0
5284,570,2024-05-28,501.36,501.36,0
5285,570,2024-06-28,501.36,501.36,0
5286,570,2024-07-22,501.36,501.36,0
5287,570,2024-08-25,501.36,501.36,0
5288,570,2024-09-27,501.36,501.36,0
5289,570,2024-10-25,501.36,501.36,0
5290,570,2024-11-25,501.36,501.36,0
5291,570,2024-12-22,501.36,501.36,0
5292,570,2025-01-23,501.36,501.36,0
5293,570,2025-02-25,501.36,501.36,0
5294,570,2025-03-28,501.36,501.36,0
5295,570,2025-04-22,501.36,501.36,0
5296,570,2025-05-23,501.36,501.36,0
5297,570,2025-06-24,501.36,501.36,0
5298,570,2025-07-24,501.36,501.36,0
5299,570,2025-08-23,501.36,501.36,0
5300,570,2025-09-27,501.36,501.36,0
5301,570,2025-10-26,501.36,501.36,0
5302,570,2025-11-25,501.36,501.36,0
5303,570,2025-12-26,501.36,501.36,0
5304,571,2024-03-26,64.44,64.44,0
5305,571,2024-04-23,64.44,64.44,0
5306,571,2024-05-23,64.44,64.44,0
5307,571,2024-06-28,64.44,64.44,0
5308,571,2024-07-23,64.44,64.44,0
5309,571,2024-08-27,64.44,64.44,0
5310,571,2024-09-22,64.44,64.44,0
5311,571,2025-01-19,64.44,62.16,83
5312,571,2025-02-16,64.44,24.81,82
5313,571,2025-01-25,64.44,62.68,32
5314,571,2025-01-23,64.44,64.44,0
5315,571,2025-05-03,64.44,56.71,70
5316,571,2025-03-24,64.44,64.44,0
5317,571,2025-04-28,64.44,64.44,0
5318,571,2025-08-09,64.44,63.88,79
5319,571,2025-06-27,64.44,64.44,0
5320,571,2025-08-23,64.44,14.32,32
5321,571,2025-08-26,64.44,64.44,0
5322,571,2025-09-25,64.44,64.44,0
5323,571,2025-10-25,64.44,64.44,0
5324,571,2025-11-26,64.44,64.44,0
5325,571,2025-12-26,64.44,64.44,0
5326,573,2025-05-26,316.44,316.44,0
5327,573,2025-06-24,316.44,316.44,0
5328,573,2025-07-23,316.44,316.44,0
5329,573,2025-08-22,316.44,316.44,0
5330,573,2025-09-26,316.44,316.44,0
5331,573,2025-10-27,316.44,316.44,0
5332,573,2026-02-02,316.44,262.64,71
5333,573,2025-12-24,316.44,316.44,0
5334,574,2024-01-24,141.15,141.15,0
5335,574,2024-02-25,141.15,141.15,0
5336,574,2024-03-30,141.15,120.07,2
5337,574,2024-04-25,141.15,141.15,0
5338,574,2024-05-23,141.15,141.15,0
5339,574,2024-08-01,141.15,114.83,36
5340,574,2024-07-24,141.15,141.15,0
5341,574,2024-08-22,141.15,141.15,0
5342,574,2024-09-25,141.15,141.15,0
5343,574,2024-10-26,141.15,141.15,0
5344,574,2024-12-18,141.15,134.77,26
5345,574,2024-12-27,141.15,141.15,0
5346,574,2025-02-19,141.15,117.78,28
5347,574,2025-02-26,141.15,141.15,0
5348,574,2025-03-23,141.15,141.15,0
5349,574,2025-04-28,141.15,141.15,0
5350,574,2025-05-23,141.15,141.15,0
5351,574,2025-06-25,141.15,141.15,0
5352,574,2025-07-23,141.15,141.15,0
5353,574,2025-08-26,141.15,141.15,0
5354,574,2025-09-24,141.15,141.15,0
5355,574,2025-10-27,141.15,141.15,0
5356,574,2025-11-23,141.15,141.15,0
5357,574,2025-12-23,141.15,141.15,0
5358,576,2025-01-25,194.8,194.8,0
5359,576,2025-02-23,194.8,194.8,0
5360,576,2025-03-28,194.8,194.8,0
5361,576,2025-04-23,194.8,194.8,0
5362,576,2025-05-23,194.8,194.8,0
5363,576,2025-06-27,194.8,194.8,0
5364,576,2025-09-25,194.8,171.69,64
5365,576,2025-08-28,194.8,194.8,0
5366,576,2025-09-25,194.8,194.8,0
5367,576,2025-10-23,194.8,194.8,0
5368,576,2025-11-25,194.8,194.8,0
5369,576,2025-12-27,194.8,194.8,0
5370,577,2024-04-25,211.56,211.56,0
5371,577,2024-05-28,211.56,211.56,0
5372,577,2024-06-23,211.56,211.56,0
5373,577,2024-07-25,211.56,211.56,0
5374,577,2024-08-24,211.56,211.56,0
5375,577,2024-09-22,211.56,211.56,0
5376,577,2024-10-24,211.56,211.56,0
5377,577,2024-11-23,211.56,211.56,0
5378,577,2025-03-04,211.56,184.08,67
5379,577,2025-01-24,211.56,211.56,0
5380,577,2025-02-22,211.56,211.56,0
5381,577,2025-04-08,211.56,209.8,13
5382,577,2025-04-27,211.56,211.56,0
5383,577,2025-05-26,211.56,211.56,0
5384,577,2025-08-04,211.56,174.21,39
5385,577,2025-07-22,211.56,211.56,0
5386,577,2025-08-28,211.56,211.56,0
5387,577,2025-09-27,211.56,211.56,0
5388,577,2025-10-28,211.56,211.56,0
5389,577,2025-11-27,211.56,211.56,0
5390,577,2025-12-23,211.56,211.56,0
5391,578,2025-02-24,584.83,584.83,0
5392,578,2025-03-23,584.83,584.83,0
5393,578,2025-04-28,584.83,584.83,0
5394,578,2025-05-23,584.83,584.83,0
5395,578,2025-06-26,584.83,584.83,0
5396,578,2025-07-26,584.83,584.83,0
5397,578,2025-08-26,584.83,584.83,0
5398,578,2025-09-23,584.83,584.83,0
5399,578,2025-10-26,584.83,584.83,0
5400,578,2025-11-23,584.83,584.83,0
5401,578,2025-12-23,584.83,584.83,0
5402,579,2025-01-27,115.89,115.89,0
5403,579,2025-02-28,115.89,115.89,0
5404,579,2025-06-09,115.89,111.89,77
5405,579,2025-04-22,115.89,115.89,0
5406,579,2025-05-24,115.89,115.89,0
5407,579,2025-06-23,115.89,115.89,0
5408,579,2025-07-28,115.89,115.89,0
5409,579,2025-08-27,115.89,115.89,0
5410,579,2025-09-25,115.89,115.89,0
5411,579,2025-10-28,115.89,115.89,0
5412,579,2025-11-27,115.89,115.89,0
5413,579,2025-12-25,115.89,115.89,0
5414,580,2025-06-17,443.19,388.82,26
5415,580,2025-06-22,443.19,443.19,0
5416,580,2025-07-27,443.19,443.19,0
5417,580,2025-08-22,443.19,443.19,0
5418,580,2025-09-27,443.19,443.19,0
5419,580,2025-10-28,443.19,443.19,0
5420,580,2025-11-22,443.19,443.19,0
5421,580,2025-12-28,443.19,443.19,0
5422,581,2024-08-23,521.23,521.23,0
5423,581,2024-09-23,521.23,521.23,0
5424,581,2024-10-26,521.23,521.23,0
5425,581,2024-11-22,521.23,521.23,0
5426,581,2024-12-28,521.23,521.23,0
5427,581,2025-01-25,521.23,521.23,0
5428,581,2025-02-26,521.23,521.23,0
5429,581,2025-03-25,521.23,521.23,0
5430,581,2025-04-22,521.23,521.23,0
5431,581,2025-06-19,521.23,484.81,27
5432,581,2025-06-27,521.23,521.23,0
5433,581,2025-07-28,521.23,521.23,0
5434,581,2025-08-27,521.23,521.23,0
5435,581,2026-01-27,521.23,101.22,121
5436,581,2025-10-23,521.23,521.23,0
5437,581,2025-11-25,521.23,521.23,0
5438,581,2025-12-28,521.23,521.23,0
5439,582,2024-09-22,295.38,295.38,0
5440,582,2024-10-25,295.38,295.38,0
5441,582,2024-11-28,295.38,295.38,0
5442,582,2024-12-24,295.38,295.38,0
5443,582,2025-01-25,295.38,295.38,0
5444,582,2025-02-24,295.38,295.38,0
5445,582,2025-03-25,295.38,295.38,0
5446,582,2025-04-28,295.38,295.38,0
5447,582,2025-05-22,295.38,295.38,0
5448,582,2025-06-26,295.38,295.38,0
5449,582,2025-07-26,295.38,295.38,0
5450,582,2025-08-25,295.38,295.38,0
5451,582,2025-09-23,295.38,295.38,0
5452,582,2026-03-02,295.38,10.54,129
5453,582,2025-11-22,295.38,295.38,0
5454,582,2025-12-28,295.38,295.38,0
5455,583,2025-07-31,280.96,260.54,33
5456,583,2025-09-19,280.96,93.82,59
5457,583,2025-10-17,280.96,251.64,50
5458,583,2025-09-24,280.96,280.96,0
5459,583,2025-10-23,280.96,280.96,0
5460,583,2025-11-24,280.96,280.96,0
5461,583,2025-12-26,280.96,280.96,0
5462,584,2025-03-26,146.76,146.76,0
5463,584,2025-04-23,146.76,146.76,0
5464,584,2025-05-22,146.76,146.76,0
5465,584,2025-06-26,146.76,146.76,0
5466,584,2025-07-24,146.76,146.76,0
5467,584,2025-08-27,146.76,146.76,0
5468,584,2025-09-28,146.76,146.76,0
5469,584,2025-10-24,146.76,146.76,0
5470,584,2025-11-27,146.76,146.76,0
5471,584,2025-12-22,146.76,146.76,0
5472,585,2025-06-22,420.58,420.58,0
5473,585,2025-07-22,420.58,420.58,0
5474,585,2025-08-22,420.58,420.58,0
5475,585,2025-09-25,420.58,420.58,0
5476,585,2025-10-22,420.58,420.58,0
5477,585,2025-11-25,420.58,420.58,0
5478,585,2025-12-22,420.58,420.58,0
5479,586,2025-07-23,372.49,372.49,0
5480,586,2025-08-22,372.49,372.49,0
5481,586,2025-09-24,372.49,372.49,0
5482,586,2026-01-18,372.49,77.51,86
5483,586,2025-11-23,372.49,372.49,0
5484,586,2025-12-27,372.49,372.49,0
5485,587,2025-05-24,376.46,376.46,0
5486,587,2025-06-23,376.46,376.46,0
5487,587,2025-07-28,376.46,376.46,0
5488,587,2025-11-17,376.46,74.94,87
5489,587,2025-09-24,376.46,376.46,0
5490,587,2025-10-24,376.46,376.46,0
5491,587,2025-11-27,376.46,376.46,0
5492,587,2025-12-28,376.46,376.46,0
5493,588,2024-07-21,187.87,186.37,56
5494,588,2024-08-22,187.87,182.61,55
5495,588,2024-10-16,187.87,45.86,82
5496,588,2024-08-23,187.87,187.87,0
5497,588,2024-09-22,187.87,187.87,0
5498,588,2024-10-22,187.87,187.87,0
5499,588,2024-11-22,187.87,187.87,0
5500,588,2024-12-26,187.87,187.87,0
5501,588,2025-01-22,187.87,187.87,0
5502,588,2025-02-25,187.87,187.87,0
5503,588,2025-03-28,187.87,187.87,0
5504,588,2025-04-23,187.87,187.87,0
5505,588,2025-07-25,187.87,175.69,63
5506,588,2025-06-28,187.87,187.87,0
5507,588,2025-07-27,187.87,187.87,0
5508,588,2025-08-22,187.87,187.87,0
5509,588,2025-09-24,187.87,187.87,0
5510,588,2025-10-24,187.87,187.87,0
5511,588,2025-11-24,187.87,187.87,0
5512,588,2026-05-14,187.87,68.72,140
5513,589,2024-02-23,1012.23,1012.23,0
5514,589,2024-03-22,1012.23,1012.23,0
5515,589,2024-04-22,1012.23,1012.23,0
5516,589,2024-05-24,1012.23,1012.23,0
5517,589,2024-06-28,1012.23,1012.23,0
5518,589,2024-07-26,1012.23,1012.23,0
5519,589,2024-08-28,1012.23,1012.23,0
5520,589,2024-09-26,1012.23,1012.23,0
5521,589,2024-10-27,1012.23,1012.23,0
5522,589,2024-11-24,1012.23,1012.23,0
5523,589,2024-12-24,1012.23,1012.23,0
5524,589,2025-01-22,1012.23,1012.23,0
5525,589,2025-02-28,1012.23,1012.23,0
5526,589,2025-03-28,1012.23,1012.23,0
5527,589,2025-04-26,1012.23,1012.23,0
5528,589,2025-05-27,1012.23,1012.23,0
5529,589,2025-06-26,1012.23,1012.23,0
5530,589,2025-07-22,1012.23,1012.23,0
5531,589,2025-09-17,1012.23,1009.2,21
5532,589,2025-09-27,1012.23,1012.23,0
5533,589,2025-10-26,1012.23,1012.23,0
5534,589,2025-11-26,1012.23,1012.23,0
5535,589,2025-12-25,1012.23,1012.23,0
5536,590,2025-09-26,86.44,86.44,0
5537,590,2025-10-23,86.44,86.44,0
5538,590,2025-11-24,86.44,86.44,0
5539,590,2025-12-25,86.44,86.44,0
5540,591,2025-05-27,1088.36,1088.36,0
5541,591,2025-06-25,1088.36,1088.36,0
5542,591,2025-12-14,1088.36,153.36,142
5543,591,2025-08-27,1088.36,1088.36,0
5544,591,2025-09-27,1088.36,1088.36,0
5545,591,2025-10-23,1088.36,1088.36,0
5546,591,2025-11-23,1088.36,1088.36,0
5547,591,2026-03-03,1088.36,900.05,69
5548,592,2025-04-22,410.34,410.34,0
5549,592,2025-05-22,410.34,410.34,0
5550,592,2025-12-20,410.34,128.72,175
5551,592,2025-07-22,410.34,410.34,0
5552,592,2025-08-28,410.34,410.34,0
5553,592,2025-09-22,410.34,410.34,0
5554,592,2025-10-26,410.34,410.34,0
5555,592,2026-02-17,410.34,391.88,81
5556,592,2025-12-23,410.34,410.34,0
5557,593,2024-11-24,602.06,602.06,0
5558,593,2024-12-27,602.06,602.06,0
5559,593,2025-01-26,602.06,602.06,0
5560,593,2025-02-23,602.06,602.06,0
5561,593,2025-03-24,602.06,602.06,0
5562,593,2025-04-22,602.06,602.06,0
5563,593,2025-08-01,602.06,541.09,71
5564,593,2025-06-24,602.06,602.06,0
5565,593,2025-07-28,602.06,602.06,0
5566,593,2025-08-24,602.06,602.06,0
5567,593,2025-09-28,602.06,602.06,0
5568,593,2025-10-24,602.06,602.06,0
5569,593,2025-11-23,602.06,602.06,0
5570,593,2025-12-23,602.06,602.06,0
5571,594,2025-06-28,237.23,237.23,0
5572,594,2025-07-27,237.23,237.23,0
5573,594,2025-08-24,237.23,237.23,0
5574,594,2025-09-25,237.23,237.23,0
5575,594,2025-10-26,237.23,237.23,0
5576,594,2026-01-03,237.23,223.26,39
5577,594,2025-12-22,237.23,237.23,0
5578,595,2024-10-23,107.86,107.86,0
5579,595,2024-11-27,107.86,107.86,0
5580,595,2024-12-25,107.86,107.86,0
5581,595,2025-01-28,107.86,107.86,0
5582,595,2025-02-27,107.86,107.86,0
5583,595,2025-03-27,107.86,107.86,0
5584,595,2025-04-26,107.86,107.86,0
5585,595,2025-05-26,107.86,107.86,0
5586,595,2025-06-23,107.86,107.86,0
5587,595,2025-07-22,107.86,107.86,0
5588,595,2025-08-25,107.86,107.86,0
5589,595,2026-03-17,107.86,7.66,173
5590,595,2025-10-25,107.86,107.86,0
5591,595,2025-11-26,107.86,107.86,0
5592,595,2025-12-28,107.86,107.86,0
5593,596,2025-03-23,985.56,985.56,0
5594,596,2025-04-22,985.56,985.56,0
5595,596,2025-05-27,985.56,985.56,0
5596,596,2025-06-26,985.56,985.56,0
5597,596,2025-07-25,985.56,985.56,0
5598,596,2025-08-24,985.56,985.56,0
5599,596,2025-09-22,985.56,985.56,0
5600,596,2025-10-26,985.56,985.56,0
5601,596,2025-11-28,985.56,985.56,0
5602,596,2025-12-24,985.56,985.56,0
5603,597,2025-11-25,297.27,297.27,0
5604,597,2025-12-22,297.27,297.27,0
5605,598,2025-09-17,221.27,192.18,51
5606,598,2025-08-27,221.27,221.27,0
5607,598,2025-09-23,221.27,221.27,0
5608,598,2025-10-28,221.27,221.27,0
5609,598,2025-11-25,221.27,221.27,0
5610,598,2026-02-04,221.27,191.93,38
5611,599,2025-12-22,291.78,291.78,0
5612,600,2024-11-22,113.6,113.6,0
5613,600,2024-12-25,113.6,113.6,0
5614,600,2025-01-22,113.6,113.6,0
5615,600,2025-02-27,113.6,113.6,0
5616,600,2025-03-25,113.6,113.6,0
5617,600,2025-04-25,113.6,113.6,0
5618,600,2025-05-22,113.6,113.6,0
5619,600,2025-06-25,113.6,113.6,0
5620,600,2025-07-22,113.6,113.6,0
5621,600,2025-08-24,113.6,113.6,0
5622,600,2025-11-22,113.6,103.34,59
5623,600,2025-10-24,113.6,113.6,0
5624,600,2025-11-23,113.6,113.6,0
5625,600,2025-12-22,113.6,113.6,0
5626,601,2025-08-24,498.01,498.01,0
5627,601,2025-09-23,498.01,498.01,0
5628,601,2025-10-22,498.01,498.01,0
5629,601,2025-11-24,498.01,498.01,0
5630,601,2025-12-27,498.01,498.01,0
5631,602,2025-01-22,504.51,504.51,0
5632,602,2025-02-26,504.51,504.51,0
5633,602,2025-03-24,504.51,504.51,0
5634,602,2025-04-23,504.51,504.51,0
5635,602,2025-06-19,504.51,464.73,28
5636,602,2025-06-26,504.51,504.51,0
5637,602,2025-07-23,504.51,504.51,0
5638,602,2025-08-25,504.51,504.51,0
5639,602,2025-09-22,504.51,504.51,0
5640,602,2025-10-27,504.51,504.51,0
5641,602,2025-11-24,504.51,504.51,0
5642,602,2025-12-27,504.51,504.51,0
5643,603,2024-10-23,288.07,288.07,0
5644,603,2024-11-28,288.07,288.07,0
5645,603,2024-12-23,288.07,288.07,0
5646,603,2025-01-28,288.07,288.07,0
5647,603,2025-02-25,288.07,288.07,0
5648,603,2025-03-28,288.07,288.07,0
5649,603,2025-04-22,288.07,288.07,0
5650,603,2025-05-23,288.07,288.07,0
5651,603,2025-06-28,288.07,288.07,0
5652,603,2025-09-04,288.07,260.11,44
5653,603,2025-10-06,288.07,244.27,43
5654,603,2025-09-27,288.07,288.07,0
5655,603,2025-10-24,288.07,288.07,0
5656,604,2025-10-27,72.11,72.11,0
5657,604,2025-11-23,72.11,72.11,0
5658,604,2025-12-27,72.11,72.11,0
5659,605,2025-02-28,2129.71,2129.71,0
5660,605,2025-03-28,2129.71,2129.71,0
5661,605,2025-04-23,2129.71,2129.71,0
5662,605,2025-05-26,2129.71,2129.71,0
5663,605,2025-06-26,2129.71,2129.71,0
5664,605,2025-07-25,2129.71,2129.71,0
5665,605,2025-08-27,2129.71,2129.71,0
5666,605,2025-09-25,2129.71,2129.71,0
5667,605,2025-10-28,2129.71,2129.71,0
5668,605,2025-11-26,2129.71,2129.71,0
5669,605,2025-12-22,2129.71,2129.71,0
5670,606,2025-09-30,237.56,53.31,67
5671,606,2025-08-28,237.56,237.56,0
5672,606,2025-09-26,237.56,237.56,0
5673,606,2026-02-08,237.56,3.26,109
5674,606,2025-11-22,237.56,237.56,0
5675,606,2025-12-23,237.56,237.56,0
5676,607,2025-03-26,270.45,270.45,0
5677,607,2025-04-23,270.45,270.45,0
5678,607,2025-05-25,270.45,270.45,0
5679,607,2025-07-19,270.45,227.51,24
5680,607,2025-07-26,270.45,270.45,0
5681,607,2025-08-25,270.45,270.45,0
5682,607,2025-09-28,270.45,270.45,0
5683,607,2025-10-23,270.45,270.45,0
5684,607,2025-11-25,270.45,270.45,0
5685,607,2025-12-23,270.45,270.45,0
5686,608,2025-07-12,347.22,298.53,47
5687,608,2025-06-24,347.22,347.22,0
5688,608,2025-07-23,347.22,347.22,0
5689,608,2025-08-23,347.22,347.22,0
5690,608,2025-09-23,347.22,347.22,0
5691,608,2025-11-22,347.22,333.4,30
5692,608,2025-11-22,347.22,347.22,0
5693,608,2025-12-25,347.22,347.22,0
5694,609,2024-07-22,480.25,480.25,0
5695,609,2024-08-23,480.25,480.25,0
5696,609,2024-11-02,480.25,386.63,35
5697,609,2024-10-23,480.25,480.25,0
5698,609,2024-12-07,480.25,403.54,14
5699,609,2024-12-23,480.25,480.25,0
5700,609,2025-01-26,480.25,480.25,0
5701,609,2025-02-23,480.25,480.25,0
5702,609,2025-03-23,480.25,480.25,0
5703,609,2025-04-22,480.25,480.25,0
5704,609,2025-05-24,480.25,480.25,0
5705,609,2025-06-28,480.25,480.25,0
5706,609,2025-07-26,480.25,480.25,0
5707,609,2025-08-24,480.25,480.25,0
5708,609,2026-01-14,480.25,191.92,112
5709,609,2025-10-26,480.25,480.25,0
5710,609,2025-11-27,480.25,480.25,0
5711,609,2025-12-22,480.25,480.25,0
5712,610,2026-01-12,464.74,73.74,107
5713,610,2026-01-12,464.74,426.67,81
5714,610,2025-11-28,464.74,464.74,0
5715,610,2025-12-27,464.74,464.74,0
5716,611,2025-06-22,206.05,206.05,0
5717,611,2025-10-23,206.05,56.94,92
5718,611,2025-08-26,206.05,206.05,0
5719,611,2025-09-26,206.05,206.05,0
5720,611,2025-10-28,206.05,206.05,0
5721,611,2025-11-26,206.05,206.05,0
5722,611,2025-12-25,206.05,206.05,0
5723,612,2024-09-27,84.82,84.82,0
5724,612,2024-10-23,84.82,84.82,0
5725,612,2024-11-25,84.82,84.82,0
5726,612,2024-12-25,84.82,84.82,0
5727,612,2025-02-12,84.82,73.97,16
5728,612,2025-02-28,84.82,84.82,0
5729,612,2025-03-27,84.82,84.82,0
5730,612,2025-04-28,84.82,84.82,0
5731,612,2025-05-27,84.82,84.82,0
5732,612,2025-06-25,84.82,84.82,0
5733,612,2025-07-22,84.82,84.82,0
5734,612,2025-08-25,84.82,84.82,0
5735,612,2025-09-22,84.82,84.82,0
5736,612,2025-10-23,84.82,84.82,0
5737,612,2025-11-25,84.82,84.82,0
5738,612,2025-12-28,84.82,84.82,0
5739,613,2025-06-07,78.08,75.85,75
5740,613,2025-04-23,78.08,78.08,0
5741,613,2025-05-26,78.08,78.08,0
5742,613,2025-12-06,78.08,13.81,161
5743,613,2025-07-22,78.08,78.08,0
5744,613,2025-08-26,78.08,78.08,0
5745,613,2025-09-28,78.08,78.08,0
5746,613,2025-10-26,78.08,78.08,0
5747,613,2025-11-28,78.08,78.08,0
5748,613,2025-12-28,78.08,78.08,0
5749,615,2024-12-22,243.16,243.16,0
5750,615,2025-01-22,243.16,243.16,0
5751,615,2025-02-26,243.16,243.16,0
5752,615,2025-03-24,243.16,243.16,0
5753,615,2025-04-25,243.16,243.16,0
5754,615,2025-05-26,243.16,243.16,0
5755,615,2025-06-25,243.16,243.16,0
5756,615,2025-07-22,243.16,243.16,0
5757,615,2025-08-28,243.16,243.16,0
5758,615,2025-09-25,243.16,243.16,0
5759,615,2025-10-24,243.16,243.16,0
5760,615,2025-11-22,243.16,243.16,0
5761,615,2025-12-22,243.16,243.16,0
5762,616,2025-09-26,121.88,121.88,0
5763,616,2025-10-27,121.88,121.88,0
5764,616,2025-11-22,121.88,121.88,0
5765,616,2025-12-23,121.88,121.88,0
5766,617,2025-04-26,480.55,480.55,0
5767,617,2025-05-23,480.55,480.55,0
5768,617,2025-06-26,480.55,480.55,0
5769,617,2025-07-25,480.55,480.55,0
5770,617,2025-08-27,480.55,480.55,0
5771,617,2025-09-22,480.55,480.55,0
5772,617,2025-10-24,480.55,480.55,0
5773,617,2025-11-28,480.55,480.55,0
5774,617,2025-12-22,480.55,480.55,0
5775,618,2024-01-22,146.51,146.51,0
5776,618,2024-02-28,146.51,146.51,0
5777,618,2024-03-23,146.51,146.51,0
5778,618,2024-04-25,146.51,146.51,0
5779,618,2024-05-26,146.51,146.51,0
5780,618,2024-06-27,146.51,146.51,0
5781,618,2024-07-27,146.51,146.51,0
5782,618,2024-08-23,146.51,146.51,0
5783,618,2024-09-27,146.51,146.51,0
5784,618,2024-11-11,146.51,132.68,17
5785,618,2025-03-09,146.51,55.26,106
5786,618,2024-12-24,146.51,146.51,0
5787,618,2025-01-24,146.51,146.51,0
5788,618,2025-02-23,146.51,146.51,0
5789,618,2025-03-22,146.51,146.51,0
5790,618,2025-04-22,146.51,146.51,0
5791,618,2025-05-28,146.51,146.51,0
5792,618,2025-06-27,146.51,146.51,0
5793,618,2025-07-24,146.51,146.51,0
5794,618,2025-08-28,146.51,146.51,0
5795,618,2025-09-23,146.51,146.51,0
5796,618,2025-10-26,146.51,146.51,0
5797,618,2025-11-23,146.51,146.51,0
5798,618,2025-12-28,146.51,146.51,0
5799,619,2024-08-27,342.85,342.85,0
5800,619,2024-09-28,342.85,342.85,0
5801,619,2024-10-24,342.85,342.85,0
5802,619,2024-11-26,342.85,342.85,0
5803,619,2024-12-26,342.85,342.85,0
5804,619,2025-01-27,342.85,342.85,0
5805,619,2025-02-27,342.85,342.85,0
5806,619,2025-03-27,342.85,342.85,0
5807,619,2025-04-28,342.85,342.85,0
5808,619,2025-05-22,342.85,342.85,0
5809,619,2025-06-25,342.85,342.85,0
5810,619,2025-07-25,342.85,342.85,0
5811,619,2025-08-22,342.85,342.85,0
5812,619,2025-09-25,342.85,342.85,0
5813,619,2025-10-24,342.85,342.85,0
5814,619,2025-11-23,342.85,342.85,0
5815,619,2025-12-25,342.85,342.85,0
5816,620,2025-01-27,163.24,163.24,0
5817,620,2025-02-26,163.24,163.24,0
5818,620,2025-03-28,163.24,163.24,0
5819,620,2025-04-24,163.24,163.24,0
5820,620,2025-05-27,163.24,163.24,0
5821,620,2025-08-09,163.24,154.77,48
5822,620,2026-01-17,163.24,60.32,173
5823,620,2025-10-11,163.24,162.15,49
5824,620,2025-11-14,163.24,143.72,50
5825,620,2025-10-23,163.24,163.24,0
5826,620,2025-11-26,163.24,163.24,0
5827,620,2025-12-22,163.24,163.24,0
5828,621,2025-12-24,2161.12,2161.12,0
5829,622,2025-10-28,460.49,460.49,0
5830,622,2025-11-28,460.49,460.49,0
5831,622,2025-12-28,460.49,460.49,0
5832,623,2025-10-28,98.3,80.51,1
5833,623,2025-11-28,98.3,98.3,0
5834,623,2025-12-22,98.3,98.3,0
5835,624,2025-03-23,223.46,223.46,0
5836,624,2025-04-28,223.46,223.46,0
5837,624,2025-05-25,223.46,223.46,0
5838,624,2025-06-23,223.46,223.46,0
5839,624,2025-07-24,223.46,223.46,0
5840,624,2025-08-24,223.46,223.46,0
5841,624,2025-09-22,223.46,223.46,0
5842,624,2025-10-24,223.46,192.49,1
5843,624,2025-11-24,223.46,223.46,0
5844,624,2025-12-27,223.46,223.46,0
5845,625,2025-05-25,234.67,234.67,0
5846,625,2025-06-26,234.67,234.67,0
5847,625,2025-07-22,234.67,234.67,0
5848,625,2025-08-28,234.67,234.67,0
5849,625,2025-09-26,234.67,234.67,0
5850,625,2025-10-25,234.67,234.67,0
5851,625,2025-11-26,234.67,234.67,0
5852,625,2025-12-27,234.67,234.67,0
5853,626,2024-02-27,238.89,238.89,0
5854,626,2024-03-28,238.89,238.89,0
5855,626,2024-04-24,238.89,238.89,0
5856,626,2024-05-26,238.89,238.89,0
5857,626,2024-06-23,238.89,238.89,0
5858,626,2024-07-23,238.89,238.89,0
5859,626,2024-10-26,238.89,209.11,63
5860,626,2024-12-21,238.89,7.35,89
5861,626,2024-10-26,238.89,238.89,0
5862,626,2024-11-22,238.89,238.89,0
5863,626,2024-12-23,238.89,238.89,0
5864,626,2025-01-26,238.89,238.89,0
5865,626,2025-02-22,238.89,238.89,0
5866,626,2025-03-26,238.89,238.89,0
5867,626,2025-04-22,238.89,238.89,0
5868,626,2025-05-27,238.89,238.89,0
5869,626,2025-06-24,238.89,238.89,0
5870,626,2025-07-27,238.89,238.89,0
5871,626,2025-11-18,238.89,206.45,82
5872,626,2025-09-28,238.89,238.89,0
5873,626,2025-10-26,238.89,238.89,0
5874,626,2025-11-22,238.89,238.89,0
5875,626,2025-12-25,238.89,238.89,0
5876,627,2024-01-25,400.84,400.84,0
5877,627,2024-02-28,400.84,400.84,0
5878,627,2024-03-28,400.84,400.84,0
5879,627,2024-04-24,400.84,400.84,0
5880,627,2024-05-28,400.84,400.84,0
5881,627,2024-06-23,400.84,400.84,0
5882,627,2024-07-24,400.84,400.84,0
5883,627,2024-08-22,400.84,400.84,0
5884,627,2024-09-22,400.84,400.84,0
5885,627,2024-10-27,400.84,400.84,0
5886,628,2024-05-23,187.97,187.97,0
5887,628,2024-06-22,187.97,187.97,0
5888,628,2024-07-27,187.97,187.97,0
5889,628,2024-08-26,187.97,187.97,0
5890,628,2024-09-27,187.97,187.97,0
5891,628,2024-10-25,187.97,187.97,0
5892,628,2024-11-22,187.97,187.97,0
5893,628,2024-12-25,187.97,187.97,0
5894,628,2025-01-26,187.97,187.97,0
5895,628,2025-02-24,187.97,187.97,0
5896,628,2025-03-26,187.97,187.97,0
5897,628,2025-04-23,187.97,187.97,0
5898,628,2025-05-27,187.97,187.97,0
5899,628,2025-06-22,187.97,187.97,0
5900,628,2025-07-27,187.97,187.97,0
5901,628,2025-08-22,187.97,187.97,0
5902,628,2025-09-23,187.97,187.97,0
5903,628,2025-10-24,187.97,187.97,0
5904,628,2025-11-23,187.97,187.97,0
5905,628,2025-12-26,187.97,187.97,0
5906,629,2025-01-23,1165.13,1165.13,0
5907,629,2025-02-28,1165.13,1165.13,0
5908,629,2025-03-22,1165.13,1165.13,0
5909,629,2025-04-25,1165.13,1165.13,0
5910,629,2025-05-25,1165.13,1165.13,0
5911,629,2025-06-24,1165.13,1165.13,0
5912,629,2025-07-24,1165.13,1165.13,0
5913,629,2025-08-28,1165.13,1165.13,0
5914,629,2025-09-27,1165.13,1165.13,0
5915,629,2025-10-22,1165.13,1165.13,0
5916,629,2026-02-02,1165.13,1144.63,67
5917,629,2025-12-26,1165.13,1165.13,0
5918,630,2025-09-25,260.26,260.26,0
5919,630,2025-10-27,260.26,260.26,0
5920,630,2025-11-28,260.26,260.26,0
5921,630,2025-12-26,260.26,260.26,0
5922,631,2025-06-25,301.15,301.15,0
5923,631,2025-07-26,301.15,301.15,0
5924,631,2025-08-26,301.15,301.15,0
5925,631,2025-09-24,301.15,301.15,0
5926,631,2025-10-22,301.15,301.15,0
5927,631,2025-11-22,301.15,301.15,0
5928,631,2025-12-27,301.15,301.15,0
5929,633,2025-09-27,131.27,131.27,0
5930,633,2025-10-23,131.27,131.27,0
5931,633,2025-11-25,131.27,131.27,0
5932,633,2025-12-23,131.27,131.27,0
5933,634,2024-09-05,551.85,483.25,43
5934,634,2024-08-27,551.85,551.85,0
5935,634,2024-09-23,551.85,551.85,0
5936,634,2024-10-27,551.85,551.85,0
5937,634,2024-11-23,551.85,551.85,0
5938,634,2024-12-28,551.85,551.85,0
5939,634,2025-01-26,551.85,551.85,0
5940,634,2025-02-23,551.85,551.85,0
5941,634,2025-03-25,551.85,551.85,0
5942,634,2025-04-24,551.85,551.85,0
5943,634,2025-06-01,551.85,488.23,6
5944,634,2025-06-22,551.85,551.85,0
5945,634,2025-07-24,551.85,551.85,0
5946,635,2025-03-23,285.75,285.75,0
5947,635,2025-04-28,285.75,285.75,0
5948,635,2025-05-27,285.75,285.75,0
5949,635,2025-06-27,285.75,285.75,0
5950,635,2025-07-23,285.75,285.75,0
5951,635,2025-08-26,285.75,285.75,0
5952,635,2025-09-28,285.75,285.75,0
5953,635,2025-10-28,285.75,285.75,0
5954,635,2025-11-23,285.75,285.75,0
5955,635,2025-12-25,285.75,285.75,0
5956,636,2025-08-24,842.27,842.27,0
5957,636,2025-09-23,842.27,842.27,0
5958,636,2025-10-27,842.27,842.27,0
5959,636,2025-11-22,842.27,842.27,0
5960,636,2025-12-28,842.27,842.27,0
5961,637,2025-11-22,336.93,336.93,0
5962,637,2025-12-22,336.93,336.93,0
5963,638,2025-06-28,467.6,467.6,0
5964,638,2025-07-27,467.6,467.6,0
5965,638,2025-08-24,467.6,467.6,0
5966,638,2025-11-23,467.6,392.98,62
5967,638,2025-10-23,467.6,467.6,0
5968,638,2025-11-26,467.6,467.6,0
5969,638,2025-12-26,467.6,467.6,0
5970,639,2025-01-28,288.21,288.21,0
5971,639,2025-02-27,288.21,288.21,0
5972,639,2025-03-24,288.21,288.21,0
5973,639,2025-04-22,288.21,288.21,0
5974,639,2025-05-23,288.21,288.21,0
5975,639,2025-06-23,288.21,288.21,0
5976,639,2025-07-24,288.21,288.21,0
5977,639,2025-08-25,288.21,288.21,0
5978,639,2025-09-27,288.21,288.21,0
5979,639,2025-10-28,288.21,288.21,0
5980,639,2025-11-25,288.21,288.21,0
5981,639,2025-12-26,288.21,288.21,0
5982,640,2025-02-23,488.07,488.07,0
5983,640,2025-03-28,488.07,488.07,0
5984,640,2025-04-23,488.07,488.07,0
5985,640,2025-05-27,488.07,488.07,0
5986,640,2025-06-27,488.07,488.07,0
5987,640,2025-07-26,488.07,488.07,0
5988,640,2025-08-23,488.07,488.07,0
5989,640,2025-09-28,488.07,488.07,0
5990,640,2025-10-22,488.07,488.07,0
5991,640,2025-11-23,488.07,488.07,0
5992,640,2025-12-26,488.07,488.07,0
5993,641,2025-06-28,873.0,873.0,0
5994,641,2025-07-24,873.0,873.0,0
5995,641,2025-08-26,873.0,873.0,0
5996,641,2025-09-27,873.0,873.0,0
5997,641,2025-10-27,873.0,873.0,0
5998,641,2025-11-23,873.0,873.0,0
5999,641,2025-12-25,873.0,873.0,0
6000,642,2025-09-15,1001.06,194.79,80
6001,642,2025-07-26,1001.06,1001.06,0
6002,642,2025-08-25,1001.06,1001.06,0
6003,642,2025-09-22,1001.06,1001.06,0
6004,642,2025-10-25,1001.06,1001.06,0
6005,642,2025-11-27,1001.06,1001.06,0
6006,642,2025-12-25,1001.06,1001.06,0
6007,643,2025-05-17,737.09,591.16,56
6008,643,2025-04-26,737.09,737.09,0
6009,643,2025-05-26,737.09,737.09,0
6010,643,2025-06-28,737.09,737.09,0
6011,643,2025-07-27,737.09,737.09,0
6012,643,2025-10-15,737.09,684.38,52
6013,643,2025-09-25,737.09,737.09,0
6014,643,2025-10-26,737.09,737.09,0
6015,643,2025-11-27,737.09,737.09,0
6016,643,2025-12-22,737.09,737.09,0
6017,644,2025-12-24,261.55,261.55,0
6018,645,2025-05-28,186.96,186.96,0
6019,645,2025-06-27,186.96,186.96,0
6020,645,2025-10-19,186.96,162.26,86
6021,645,2025-08-27,186.96,186.96,0
6022,645,2025-09-25,186.96,186.96,0
6023,645,2025-10-24,186.96,186.96,0
6024,645,2025-11-24,186.96,186.96,0
6025,645,2025-12-24,186.96,186.96,0
6026,646,2025-03-27,110.19,110.19,0
6027,646,2025-04-23,110.19,110.19,0
6028,646,2025-05-22,110.19,110.19,0
6029,646,2025-06-27,110.19,110.19,0
6030,646,2025-07-25,110.19,110.19,0
6031,646,2025-08-22,110.19,110.19,0
6032,646,2025-09-24,110.19,110.19,0
6033,646,2025-11-28,110.19,95.18,36
6034,646,2025-11-23,110.19,110.19,0
6035,646,2025-12-22,110.19,110.19,0
6036,647,2025-09-22,462.21,462.21,0
6037,647,2026-01-11,462.21,428.48,81
6038,647,2025-11-25,462.21,462.21,0
6039,647,2025-12-23,462.21,462.21,0
6040,648,2025-06-28,86.86,86.86,0
6041,648,2025-07-23,86.86,86.86,0
6042,648,2025-12-19,86.86,4.49,118
6043,648,2025-10-09,86.86,84.76,16
6044,648,2025-10-25,86.86,86.86,0
6045,648,2025-11-26,86.86,86.86,0
6046,648,2025-12-28,86.86,86.86,0
6047,649,2025-05-10,542.15,194.43,46
6048,649,2025-04-28,542.15,542.15,0
6049,649,2025-05-24,542.15,542.15,0
6050,649,2025-06-25,542.15,542.15,0
6051,649,2025-07-24,542.15,542.15,0
6052,649,2025-08-26,542.15,542.15,0
6053,649,2025-09-26,542.15,542.15,0
6054,649,2025-10-25,542.15,542.15,0
6055,649,2025-11-28,542.15,542.15,0
6056,649,2025-12-28,542.15,542.15,0
6057,650,2025-05-26,157.66,157.66,0
6058,650,2025-06-22,157.66,157.66,0
6059,650,2025-07-27,157.66,157.66,0
6060,650,2025-08-27,157.66,157.66,0
6061,650,2025-09-28,157.66,157.66,0
6062,650,2025-10-24,157.66,157.66,0
6063,650,2026-04-27,157.66,30.53,150
6064,650,2025-12-25,157.66,157.66,0
6065,651,2024-10-22,308.14,308.14,0
6066,651,2025-01-07,308.14,118.34,44
6067,651,2024-12-24,308.14,308.14,0
6068,651,2025-01-22,308.14,308.14,0
6069,651,2025-02-25,308.14,308.14,0
6070,651,2025-03-24,308.14,308.14,0
6071,651,2025-04-26,308.14,308.14,0
6072,651,2025-05-27,308.14,308.14,0
6073,651,2025-06-22,308.14,308.14,0
6074,651,2025-07-27,308.14,308.14,0
6075,651,2025-08-28,308.14,308.14,0
6076,651,2025-09-23,308.14,308.14,0
6077,651,2025-11-07,308.14,296.38,12
6078,652,2025-01-28,213.09,213.09,0
6079,652,2025-02-27,213.09,213.09,0
6080,652,2025-03-26,213.09,213.09,0
6081,652,2025-04-26,213.09,213.09,0
6082,652,2025-05-25,213.09,213.09,0
6083,652,2025-08-20,213.09,172.01,57
6084,652,2025-12-04,213.09,19.82,129
6085,652,2025-10-17,213.09,79.83,51
6086,652,2025-09-27,213.09,213.09,0
6087,652,2025-10-22,213.09,213.09,0
6088,652,2025-11-23,213.09,213.09,0
6089,652,2026-02-10,213.09,185.79,44
6090,654,2025-04-25,158.42,158.42,0
6091,654,2025-05-24,158.42,158.42,0
6092,654,2025-07-31,158.42,140.55,39
6093,654,2025-08-06,158.42,141.01,12
6094,654,2025-08-22,158.42,158.42,0
6095,654,2025-09-22,158.42,158.42,0
6096,654,2025-10-22,158.42,158.42,0
6097,654,2025-11-22,158.42,158.42,0
6098,654,2025-12-24,158.42,158.42,0
6099,655,2025-06-22,701.64,701.64,0
6100,655,2025-07-23,701.64,701.64,0
6101,655,2025-08-24,701.64,701.64,0
6102,655,2025-09-25,701.64,701.64,0
6103,655,2025-10-25,701.64,701.64,0
6104,655,2025-11-23,701.64,701.64,0
6105,655,2025-12-23,701.64,701.64,0
6106,656,2025-09-26,104.45,104.45,0
6107,656,2025-10-24,104.45,104.45,0
6108,656,2025-11-24,104.45,104.45,0
6109,656,2025-12-27,104.45,104.45,0
6110,657,2024-05-26,80.21,80.21,0
6111,657,2024-08-13,80.21,65.07,47
6112,657,2024-07-22,80.21,80.21,0
6113,657,2024-08-22,80.21,80.21,0
6114,657,2024-11-06,80.21,69.62,43
6115,657,2024-10-22,80.21,80.21,0
6116,657,2024-11-24,80.21,80.21,0
6117,657,2024-12-25,80.21,80.21,0
6118,657,2025-01-28,80.21,80.21,0
6119,657,2025-02-27,80.21,80.21,0
6120,657,2025-03-24,80.21,80.21,0
6121,657,2025-04-24,80.21,80.21,0
6122,657,2025-05-27,80.21,80.21,0
6123,657,2025-09-18,80.21,78.49,85
6124,657,2025-07-27,80.21,80.21,0
6125,657,2025-08-28,80.21,80.21,0
6126,657,2025-10-27,80.21,67.7,29
6127,657,2025-10-23,80.21,80.21,0
6128,657,2025-11-25,80.21,80.21,0
6129,657,2025-12-27,80.21,80.21,0
6130,658,2024-07-26,492.88,492.88,0
6131,658,2024-08-28,492.88,492.88,0
6132,658,2024-09-23,492.88,492.88,0
6133,658,2024-10-22,492.88,492.88,0
6134,658,2024-11-26,492.88,492.88,0
6135,658,2024-12-26,492.88,492.88,0
6136,658,2025-01-25,492.88,492.88,0
6137,658,2025-03-18,492.88,424.35,20
6138,658,2025-03-22,492.88,492.88,0
6139,658,2025-04-24,492.88,492.88,0
6140,658,2025-05-28,492.88,492.88,0
6141,658,2025-06-28,492.88,492.88,0
6142,658,2025-07-26,492.88,492.88,0
6143,658,2025-08-28,492.88,492.88,0
6144,658,2025-09-27,492.88,492.88,0
6145,658,2025-10-26,492.88,492.88,0
6146,658,2025-11-26,492.88,492.88,0
6147,658,2025-12-24,492.88,492.88,0
6148,659,2025-01-23,194.8,194.8,0
6149,659,2025-02-27,194.8,194.8,0
6150,659,2025-03-22,194.8,194.8,0
6151,659,2025-04-22,194.8,194.8,0
6152,659,2025-05-25,194.8,194.8,0
6153,659,2025-06-22,194.8,194.8,0
6154,659,2025-07-26,194.8,194.8,0
6155,659,2025-08-22,194.8,194.8,0
6156,659,2025-09-26,194.8,194.8,0
6157,659,2025-10-26,194.8,194.8,0
6158,659,2025-11-26,194.8,194.8,0
6159,659,2025-12-25,194.8,194.8,0
6160,660,2025-06-27,382.5,382.5,0
6161,660,2025-07-25,382.5,382.5,0
6162,660,2025-08-22,382.5,382.5,0
6163,660,2025-09-28,382.5,382.5,0
6164,660,2025-10-27,382.5,382.5,0
6165,660,2025-11-28,382.5,382.5,0
6166,660,2025-12-27,382.5,382.5,0
6167,661,2024-07-22,434.56,434.56,0
6168,661,2024-08-23,434.56,434.56,0
6169,661,2024-09-28,434.56,434.56,0
6170,661,2024-10-24,434.56,434.56,0
6171,661,2024-11-27,434.56,434.56,0
6172,661,2024-12-24,434.56,434.56,0
6173,661,2025-01-28,434.56,434.56,0
6174,661,2025-02-22,434.56,434.56,0
6175,661,2025-03-26,434.56,434.56,0
6176,661,2025-04-28,434.56,434.56,0
6177,661,2025-08-03,434.56,375.1,67
6178,661,2025-06-23,434.56,434.56,0
6179,661,2025-07-24,434.56,434.56,0
6180,662,2025-06-25,94.94,94.94,0
6181,662,2025-07-24,94.94,94.94,0
6182,662,2025-08-22,94.94,94.94,0
6183,662,2025-09-28,94.94,94.94,0
6184,662,2025-10-27,94.94,94.94,0
6185,662,2025-11-24,94.94,94.94,0
6186,662,2025-12-23,94.94,94.94,0
6187,663,2025-05-24,303.75,303.75,0
6188,663,2025-06-27,303.75,303.75,0
6189,663,2025-07-26,303.75,303.75,0
6190,663,2025-08-24,303.75,303.75,0
6191,663,2025-09-24,303.75,303.75,0
6192,663,2025-10-23,303.75,303.75,0
6193,663,2025-11-27,303.75,303.75,0
6194,663,2025-12-27,303.75,303.75,0
6195,664,2025-06-28,187.09,187.09,0
6196,664,2025-07-27,187.09,187.09,0
6197,664,2025-10-04,187.09,156.6,39
6198,664,2025-09-23,187.09,187.09,0
6199,664,2025-10-23,187.09,187.09,0
6200,664,2025-11-25,187.09,187.09,0
6201,664,2025-12-22,187.09,187.09,0
6202,665,2024-09-27,418.03,418.03,0
6203,665,2024-10-27,418.03,418.03,0
6204,665,2024-11-22,418.03,418.03,0
6205,665,2024-12-28,418.03,418.03,0
6206,665,2025-01-24,418.03,418.03,0
6207,665,2025-07-26,418.03,95.81,153
6208,665,2025-03-28,418.03,418.03,0
6209,665,2025-06-13,418.03,376.89,49
6210,665,2025-05-26,418.03,418.03,0
6211,665,2025-06-23,418.03,418.03,0
6212,665,2025-07-22,418.03,418.03,0
6213,665,2025-08-26,418.03,418.03,0
6214,665,2026-01-17,418.03,141.89,116
6215,665,2025-10-26,418.03,418.03,0
6216,665,2025-11-24,418.03,418.03,0
6217,665,2025-12-28,418.03,418.03,0
6218,666,2024-08-27,240.4,240.4,0
6219,666,2024-09-25,240.4,240.4,0
6220,666,2024-10-24,240.4,240.4,0
6221,666,2024-11-23,240.4,240.4,0
6222,666,2024-12-24,240.4,240.4,0
6223,666,2025-01-23,240.4,240.4,0
6224,666,2025-05-03,240.4,232.96,68
6225,666,2025-03-26,240.4,240.4,0
6226,666,2025-04-22,240.4,240.4,0
6227,666,2025-07-13,240.4,237.01,48
6228,666,2025-06-23,240.4,240.4,0
6229,666,2025-07-27,240.4,240.4,0
6230,666,2026-01-14,240.4,91.57,145
6231,666,2025-09-28,240.4,240.4,0
6232,666,2025-10-27,240.4,240.4,0
6233,666,2025-11-26,240.4,240.4,0
6234,666,2026-01-26,240.4,215.99,32
6235,667,2024-12-23,226.01,226.01,0
6236,667,2025-01-23,226.01,226.01,0
6237,667,2025-02-25,226.01,226.01,0
6238,667,2025-03-24,226.01,226.01,0
6239,667,2025-04-26,226.01,226.01,0
6240,667,2025-05-25,226.01,226.01,0
6241,667,2025-06-27,226.01,226.01,0
6242,667,2025-07-27,226.01,226.01,0
6243,667,2025-08-26,226.01,226.01,0
6244,667,2025-09-28,226.01,226.01,0
6245,667,2025-10-27,226.01,226.01,0
6246,667,2025-11-22,226.01,226.01,0
6247,667,2025-12-28,226.01,226.01,0
6248,668,2025-10-25,615.12,615.12,0
6249,668,2025-11-22,615.12,615.12,0
6250,668,2026-03-17,615.12,561.66,80
6251,669,2024-01-28,591.8,591.8,0
6252,669,2024-02-25,591.8,591.8,0
6253,669,2024-03-25,591.8,591.8,0
6254,669,2024-04-26,591.8,591.8,0
6255,669,2024-05-24,591.8,591.8,0
6256,669,2024-06-27,591.8,591.8,0
6257,669,2024-07-27,591.8,591.8,0
6258,669,2024-08-26,591.8,591.8,0
6259,669,2024-09-25,591.8,591.8,0
6260,669,2024-12-26,591.8,540.65,61
6261,669,2024-11-26,591.8,591.8,0
6262,669,2024-12-23,591.8,591.8,0
6263,669,2025-01-22,591.8,591.8,0
6264,669,2025-02-26,591.8,591.8,0
6265,669,2025-03-27,591.8,591.8,0
6266,669,2025-04-26,591.8,591.8,0
6267,669,2025-05-25,591.8,591.8,0
6268,669,2025-06-22,591.8,591.8,0
6269,669,2025-07-23,591.8,591.8,0
6270,669,2025-08-28,591.8,591.8,0
6271,669,2025-09-26,591.8,591.8,0
6272,669,2025-10-27,591.8,591.8,0
6273,669,2025-11-22,591.8,591.8,0
6274,669,2025-12-24,591.8,591.8,0
6275,671,2024-08-12,222.94,7.45,76
6276,671,2024-06-25,222.94,222.94,0
6277,671,2024-10-18,222.94,186.73,87
6278,671,2024-08-26,222.94,222.94,0
6279,671,2024-09-23,222.94,222.94,0
6280,671,2024-10-25,222.94,222.94,0
6281,671,2024-12-04,222.94,205.59,10
6282,671,2024-12-24,222.94,222.94,0
6283,671,2025-01-26,222.94,222.94,0
6284,671,2025-02-23,222.94,222.94,0
6285,671,2025-03-25,222.94,222.94,0
6286,671,2025-04-28,222.94,222.94,0
6287,671,2025-07-15,222.94,197.12,48
6288,672,2025-07-25,305.7,305.7,0
6289,672,2025-11-19,305.7,66.62,87
6290,672,2025-09-26,305.7,305.7,0
6291,672,2026-01-12,305.7,247.43,82
6292,672,2025-11-25,305.7,305.7,0
6293,672,2026-02-05,305.7,256.64,43
6294,673,2025-04-27,307.84,307.84,0
6295,673,2025-05-27,307.84,307.84,0
6296,673,2025-06-25,307.84,307.84,0
6297,673,2025-07-27,307.84,307.84,0
6298,673,2025-10-21,307.84,247.27,56
6299,673,2025-09-26,307.84,307.84,0
6300,673,2025-10-25,307.84,307.84,0
6301,673,2025-11-28,307.84,307.84,0
6302,673,2025-12-24,307.84,307.84,0
6303,674,2025-06-25,200.09,200.09,0
6304,674,2025-07-24,200.09,200.09,0
6305,674,2025-08-26,200.09,200.09,0
6306,674,2025-09-23,200.09,200.09,0
6307,674,2025-10-24,200.09,200.09,0
6308,674,2025-11-25,200.09,200.09,0
6309,674,2025-12-25,200.09,200.09,0
6310,675,2025-05-14,315.42,255.6,16
6311,675,2025-05-27,315.42,315.42,0
6312,675,2025-06-26,315.42,315.42,0
6313,675,2025-07-22,315.42,315.42,0
6314,675,2025-08-22,315.42,315.42,0
6315,675,2025-12-01,315.42,31.95,66
6316,675,2025-10-23,315.42,315.42,0
6317,675,2025-11-28,315.42,315.42,0
6318,675,2026-03-08,315.42,274.05,70
6319,676,2025-10-27,475.8,475.8,0
6320,676,2025-11-26,475.8,475.8,0
6321,676,2025-12-26,475.8,475.8,0
6322,677,2025-06-22,421.47,421.47,0
6323,677,2025-07-27,421.47,421.47,0
6324,677,2025-08-27,421.47,421.47,0
6325,677,2025-09-28,421.47,421.47,0
6326,677,2025-10-22,421.47,421.47,0
6327,677,2025-11-22,421.47,421.47,0
6328,677,2025-12-25,421.47,421.47,0
6329,678,2025-03-22,427.5,427.5,0
6330,678,2025-04-24,427.5,427.5,0
6331,678,2025-05-26,427.5,427.5,0
6332,678,2025-06-22,427.5,427.5,0
6333,678,2025-07-25,427.5,427.5,0
6334,678,2025-08-28,427.5,427.5,0
6335,678,2025-09-23,427.5,427.5,0
6336,678,2025-10-22,427.5,427.5,0
6337,678,2025-11-24,427.5,427.5,0
6338,678,2026-02-05,427.5,351.36,39
6339,679,2024-09-26,1621.22,1621.22,0
6340,679,2024-10-28,1621.22,1621.22,0
6341,679,2024-11-22,1621.22,1621.22,0
6342,679,2024-12-23,1621.22,1621.22,0
6343,679,2025-01-23,1621.22,1621.22,0
6344,679,2025-02-23,1621.22,1621.22,0
6345,679,2025-03-27,1621.22,1621.22,0
6346,679,2025-08-14,1621.22,307.02,108
6347,679,2025-05-28,1621.22,1621.22,0
6348,679,2025-06-27,1621.22,1621.22,0
6349,679,2025-07-24,1621.22,1621.22,0
6350,679,2025-08-26,1621.22,1621.22,0
6351,679,2025-09-25,1621.22,1621.22,0
6352,679,2025-12-10,1621.22,1597.93,48
6353,679,2025-11-23,1621.22,1621.22,0
6354,679,2025-12-26,1621.22,1621.22,0
6355,680,2025-02-28,177.96,177.96,0
6356,680,2025-03-28,177.96,177.96,0
6357,680,2025-04-27,177.96,177.96,0
6358,680,2025-05-28,177.96,177.96,0
6359,680,2025-06-25,177.96,177.96,0
6360,680,2025-07-26,177.96,177.96,0
6361,680,2025-08-26,177.96,177.96,0
6362,680,2025-09-27,177.96,177.96,0
6363,680,2025-10-27,177.96,177.96,0
6364,680,2026-01-06,177.96,160.68,42
6365,680,2025-12-24,177.96,177.96,0
6366,681,2025-11-24,259.4,259.4,0
6367,681,2025-12-24,259.4,259.4,0
6368,682,2025-12-27,353.89,353.89,0
6369,683,2025-01-27,262.58,262.58,0
6370,683,2025-02-22,262.58,262.58,0
6371,683,2025-03-24,262.58,262.58,0
6372,683,2025-04-25,262.58,262.58,0
6373,683,2025-05-23,262.58,262.58,0
6374,683,2025-06-26,262.58,262.58,0
6375,683,2025-09-17,262.58,240.18,57
6376,683,2025-08-23,262.58,262.58,0
6377,683,2025-09-27,262.58,262.58,0
6378,683,2025-10-24,262.58,262.58,0
6379,683,2025-11-27,262.58,262.58,0
6380,683,2025-12-24,262.58,262.58,0
6381,684,2025-03-25,493.13,493.13,0
6382,684,2025-04-23,493.13,493.13,0
6383,684,2025-05-27,493.13,493.13,0
6384,684,2025-06-24,493.13,493.13,0
6385,684,2025-07-27,493.13,493.13,0
6386,684,2025-08-25,493.13,493.13,0
6387,684,2025-10-31,493.13,470.24,34
6388,684,2025-10-28,493.13,493.13,0
6389,684,2025-11-23,493.13,493.13,0
6390,684,2025-12-28,493.13,493.13,0
6391,685,2025-07-22,287.41,287.41,0
6392,685,2025-08-24,287.41,287.41,0
6393,685,2025-09-25,287.41,287.41,0
6394,685,2025-10-28,287.41,287.41,0
6395,685,2025-11-26,287.41,287.41,0
6396,685,2026-02-03,287.41,258.48,40
6397,686,2025-12-26,602.65,602.65,0
6398,687,2025-04-27,119.14,119.14,0
6399,687,2025-05-22,119.14,119.14,0
6400,687,2025-06-26,119.14,119.14,0
6401,687,2025-07-23,119.14,119.14,0
6402,687,2025-10-31,119.14,30.31,66
6403,687,2025-09-26,119.14,119.14,0
6404,687,2025-10-28,119.14,119.14,0
6405,687,2025-11-28,119.14,119.14,0
6406,687,2025-12-24,119.14,119.14,0
6407,688,2025-03-28,735.21,735.21,0
6408,688,2025-07-04,735.21,635.4,70
6409,688,2025-05-26,735.21,735.21,0
6410,688,2025-06-24,735.21,735.21,0
6411,688,2025-07-23,735.21,735.21,0
6412,688,2025-08-24,735.21,735.21,0
6413,688,2025-09-25,735.21,735.21,0
6414,688,2025-10-26,735.21,735.21,0
6415,688,2025-11-24,735.21,735.21,0
6416,688,2025-12-22,735.21,735.21,0
6417,689,2025-06-27,143.15,143.15,0
6418,689,2025-07-26,143.15,143.15,0
6419,689,2025-08-22,143.15,143.15,0
6420,689,2025-10-17,143.15,120.91,20
6421,689,2025-10-25,143.15,143.15,0
6422,689,2025-11-24,143.15,143.15,0
6423,689,2025-12-26,143.15,143.15,0
6424,690,2024-08-22,155.1,155.1,0
6425,690,2024-09-28,155.1,155.1,0
6426,690,2024-10-24,155.1,155.1,0
6427,690,2024-12-13,155.1,139.14,17
6428,690,2024-12-26,155.1,155.1,0
6429,690,2025-01-22,155.1,155.1,0
6430,690,2025-02-25,155.1,155.1,0
6431,690,2025-03-27,155.1,155.1,0
6432,690,2025-04-28,155.1,155.1,0
6433,690,2025-05-26,155.1,155.1,0
6434,690,2025-06-26,155.1,155.1,0
6435,690,2025-07-28,155.1,155.1,0
6436,690,2026-01-15,155.1,31.67,140
6437,690,2025-09-26,155.1,155.1,0
6438,690,2025-10-23,155.1,155.1,0
6439,690,2025-11-25,155.1,155.1,0
6440,690,2025-12-25,155.1,155.1,0
6441,692,2025-05-08,95.5,91.0,11
6442,692,2025-05-23,95.5,95.5,0
6443,692,2025-06-22,95.5,95.5,0
6444,692,2025-07-22,95.5,95.5,0
6445,692,2025-12-19,95.5,24.66,114
6446,692,2025-09-25,95.5,95.5,0
6447,692,2026-01-10,95.5,85.9,77
6448,692,2025-11-24,95.5,95.5,0
6449,692,2025-12-26,95.5,95.5,0
6450,693,2024-04-26,684.98,684.98,0
6451,693,2024-05-27,684.98,684.98,0
6452,693,2024-06-22,684.98,684.98,0
6453,693,2024-07-23,684.98,684.98,0
6454,693,2024-08-28,684.98,684.98,0
6455,693,2024-11-20,684.98,197.23,55
6456,693,2024-10-28,684.98,684.98,0
6457,693,2024-11-22,684.98,684.98,0
6458,693,2024-12-28,684.98,684.98,0
6459,693,2025-01-24,684.98,684.98,0
6460,693,2025-07-12,684.98,126.99,137
6461,693,2025-03-23,684.98,684.98,0
6462,693,2025-04-22,684.98,684.98,0
6463,693,2025-05-27,684.98,684.98,0
6464,693,2025-12-13,684.98,7.58,169
6465,693,2025-07-27,684.98,684.98,0
6466,693,2025-08-27,684.98,684.98,0
6467,693,2025-09-24,684.98,684.98,0
6468,693,2025-10-27,684.98,684.98,0
6469,693,2025-11-22,684.98,684.98,0
6470,693,2025-12-24,684.98,684.98,0
6471,694,2025-02-25,65.18,65.18,0
6472,694,2025-03-23,65.18,65.18,0
6473,694,2025-04-25,65.18,65.18,0
6474,694,2025-05-27,65.18,65.18,0
6475,694,2025-07-28,65.18,54.56,30
6476,694,2025-07-24,65.18,65.18,0
6477,694,2025-09-11,65.18,55.98,20
6478,694,2025-09-26,65.18,65.18,0
6479,694,2025-10-26,65.18,65.18,0
6480,694,2025-11-27,65.18,65.18,0
6481,694,2025-12-25,65.18,65.18,0
6482,695,2024-04-24,496.89,496.89,0
6483,695,2024-05-27,496.89,496.89,0
6484,695,2024-06-23,496.89,496.89,0
6485,695,2024-08-04,496.89,471.46,10
6486,695,2024-08-27,496.89,496.89,0
6487,695,2024-09-25,496.89,496.89,0
6488,695,2024-10-28,496.89,496.89,0
6489,695,2025-01-31,496.89,146.63,67
6490,695,2024-12-28,496.89,496.89,0
6491,695,2025-01-27,496.89,496.89,0
6492,695,2025-03-11,496.89,449.49,16
6493,695,2025-08-23,496.89,111.13,153
6494,695,2025-04-23,496.89,496.89,0
6495,695,2025-05-23,496.89,496.89,0
6496,695,2025-09-14,496.89,422.31,84
6497,695,2025-07-22,496.89,496.89,0
6498,695,2025-08-24,496.89,496.89,0
6499,695,2025-09-25,496.89,496.89,0
6500,695,2025-10-24,496.89,496.89,0
6501,695,2025-11-24,496.89,496.89,0
6502,695,2026-02-21,496.89,455.67,59
6503,696,2025-06-22,861.0,861.0,0
6504,696,2025-07-26,861.0,861.0,0
6505,696,2025-08-26,861.0,861.0,0
6506,696,2025-09-27,861.0,861.0,0
6507,696,2025-10-26,861.0,861.0,0
6508,696,2026-02-19,861.0,63.08,83
6509,696,2025-12-22,861.0,861.0,0
6510,698,2024-09-23,103.08,103.08,0
6511,698,2024-10-26,103.08,103.08,0
6512,698,2024-11-28,103.08,103.08,0
6513,698,2024-12-26,103.08,103.08,0
6514,698,2025-01-25,103.08,103.08,0
6515,698,2025-02-22,103.08,103.08,0
6516,698,2025-03-26,103.08,103.08,0
6517,698,2025-04-24,103.08,103.08,0
6518,698,2025-05-22,103.08,103.08,0
6519,698,2025-06-26,103.08,103.08,0
6520,698,2025-07-23,103.08,103.08,0
6521,698,2025-08-27,103.08,103.08,0
6522,698,2025-09-27,103.08,103.08,0
6523,698,2025-10-27,103.08,103.08,0
6524,698,2026-01-26,103.08,83.59,61
6525,698,2025-12-25,103.08,103.08,0
6526,699,2024-09-25,125.34,125.34,0
6527,699,2024-10-22,125.34,125.34,0
6528,699,2024-11-26,125.34,125.34,0
6529,699,2024-12-23,125.34,125.34,0
6530,699,2025-01-23,125.34,125.34,0
6531,699,2025-02-27,125.34,125.34,0
6532,699,2025-03-26,125.34,125.34,0
6533,699,2025-04-25,125.34,125.34,0
6534,699,2025-05-27,125.34,125.34,0
6535,699,2025-06-24,125.34,125.34,0
6536,699,2025-07-25,125.34,125.34,0
6537,699,2025-08-22,125.34,125.34,0
6538,699,2025-09-22,125.34,125.34,0
6539,699,2025-12-13,125.34,103.96,49
6540,699,2025-11-25,125.34,125.34,0
6541,699,2026-03-02,125.34,11.66,69
6542,700,2024-07-25,372.24,372.24,0
6543,700,2024-08-22,372.24,372.24,0
6544,700,2024-09-27,372.24,372.24,0
6545,700,2024-10-28,372.24,372.24,0
6546,700,2024-11-27,372.24,372.24,0
6547,700,2024-12-28,372.24,372.24,0
6548,700,2025-01-23,372.24,372.24,0
6549,700,2025-02-22,372.24,372.24,0
6550,700,2025-03-24,372.24,372.24,0
6551,700,2025-04-22,372.24,372.24,0
6552,700,2025-05-23,372.24,372.24,0
6553,700,2025-06-23,372.24,372.24,0
6554,700,2025-09-23,372.24,354.46,61
6555,700,2025-08-24,372.24,372.24,0
6556,700,2025-09-28,372.24,372.24,0
6557,700,2025-10-23,372.24,372.24,0
6558,700,2025-11-24,372.24,372.24,0
6559,700,2025-12-25,372.24,372.24,0
6560,701,2025-10-27,724.39,724.39,0
6561,701,2025-11-26,724.39,724.39,0
6562,701,2025-12-28,724.39,724.39,0
6563,702,2025-02-28,284.59,284.59,0
6564,702,2025-03-24,284.59,284.59,0
6565,702,2025-04-26,284.59,284.59,0
6566,702,2025-06-08,284.59,251.96,11
6567,702,2025-06-27,284.59,284.59,0
6568,702,2025-07-27,284.59,284.59,0
6569,702,2025-08-27,284.59,284.59,0
6570,702,2025-09-26,284.59,284.59,0
6571,702,2025-10-27,284.59,284.59,0
6572,702,2025-11-24,284.59,284.59,0
6573,702,2025-12-26,284.59,284.59,0
6574,703,2025-04-28,525.03,525.03,0
6575,703,2025-05-22,525.03,525.03,0
6576,703,2025-06-23,525.03,525.03,0
6577,703,2025-07-22,525.03,525.03,0
6578,703,2025-08-25,525.03,525.03,0
6579,703,2025-09-28,525.03,525.03,0
6580,703,2025-10-27,525.03,525.03,0
6581,703,2025-11-23,525.03,525.03,0
6582,703,2025-12-28,525.03,525.03,0
6583,704,2025-09-20,338.79,301.84,87
6584,704,2025-08-23,338.79,336.13,26
6585,704,2025-08-25,338.79,338.79,0
6586,704,2025-09-25,338.79,338.79,0
6587,704,2025-10-28,338.79,338.79,0
6588,704,2025-11-28,338.79,338.79,0
6589,704,2025-12-22,338.79,338.79,0
6590,705,2025-08-13,1033.46,941.49,83
6591,705,2025-06-28,1033.46,1033.46,0
6592,705,2025-10-12,1033.46,77.52,81
6593,705,2025-09-23,1033.46,937.62,28
6594,705,2025-09-25,1033.46,1033.46,0
6595,705,2025-12-12,1033.46,910.4,46
6596,705,2025-11-26,1033.46,1033.46,0
6597,705,2025-12-27,1033.46,1033.46,0
6598,706,2025-03-28,85.29,85.29,0
6599,706,2025-04-25,85.29,85.29,0
6600,706,2025-05-23,85.29,85.29,0
6601,706,2025-06-25,85.29,85.29,0
6602,706,2025-07-25,85.29,85.29,0
6603,706,2025-08-28,85.29,85.29,0
6604,706,2025-09-23,85.29,85.29,0
6605,706,2025-10-24,85.29,85.29,0
6606,706,2025-11-26,85.29,85.29,0
6607,706,2025-12-25,85.29,85.29,0
6608,709,2025-08-28,607.08,607.08,0
6609,709,2025-09-25,607.08,607.08,0
6610,709,2025-10-26,607.08,607.08,0
6611,709,2025-11-25,607.08,607.08,0
6612,709,2025-12-23,607.08,607.08,0
6613,710,2025-06-25,256.69,256.69,0
6614,710,2025-07-24,256.69,256.69,0
6615,710,2025-08-23,256.69,256.69,0
6616,710,2025-09-28,256.69,256.69,0
6617,710,2025-10-27,256.69,256.69,0
6618,710,2026-02-14,256.69,211.51,79
6619,710,2025-12-27,256.69,256.69,0
6620,711,2024-12-27,240.13,240.13,0
6621,711,2025-02-26,240.13,233.07,31
6622,711,2025-02-25,240.13,240.13,0
6623,711,2025-03-26,240.13,240.13,0
6624,711,2025-04-28,240.13,240.13,0
6625,711,2025-05-28,240.13,240.13,0
6626,711,2025-06-24,240.13,240.13,0
6627,711,2025-07-26,240.13,240.13,0
6628,711,2025-10-04,240.13,228.97,39
6629,711,2025-09-28,240.13,240.13,0
6630,711,2025-10-25,240.13,240.13,0
6631,711,2025-11-26,240.13,237.09,2
6632,711,2025-12-25,240.13,240.13,0
6633,712,2024-11-26,289.33,289.33,0
6634,712,2024-12-28,289.33,289.33,0
6635,712,2025-01-23,289.33,289.33,0
6636,712,2025-02-28,289.33,289.33,0
6637,712,2025-03-23,289.33,289.33,0
6638,712,2025-04-25,289.33,289.33,0
6639,712,2025-06-20,289.33,274.21,27
6640,712,2025-06-28,289.33,289.33,0
6641,712,2025-07-26,289.33,289.33,0
6642,712,2025-08-26,289.33,289.33,0
6643,712,2025-09-25,289.33,289.33,0
6644,712,2025-10-26,289.33,289.33,0
6645,712,2025-11-22,289.33,289.33,0
6646,712,2025-12-24,289.33,289.33,0
6647,713,2025-05-24,313.77,313.77,0
6648,713,2025-06-23,313.77,313.77,0
6649,713,2025-07-23,313.77,313.77,0
6650,713,2025-10-04,313.77,277.04,43
6651,713,2025-09-22,313.77,313.77,0
6652,713,2025-10-23,313.77,313.77,0
6653,713,2025-11-22,313.77,313.77,0
6654,713,2026-01-28,313.77,277.24,31
6655,715,2025-06-25,265.18,265.18,0
6656,715,2025-10-20,265.18,92.48,90
6657,715,2025-08-26,265.18,265.18,0
6658,715,2025-09-28,265.18,265.18,0
6659,715,2025-10-27,265.18,265.18,0
6660,715,2025-11-25,265.18,265.18,0
6661,715,2025-12-23,265.18,265.18,0
6662,716,2025-03-26,819.66,819.66,0
6663,716,2025-04-26,819.66,819.66,0
6664,716,2025-05-26,819.66,819.66,0
6665,716,2025-08-22,819.66,193.57,56
6666,716,2025-07-25,819.66,819.66,0
6667,716,2025-08-26,819.66,819.66,0
6668,716,2025-09-28,819.66,819.66,0
6669,716,2025-10-26,819.66,819.66,0
6670,716,2025-11-28,819.66,819.66,0
6671,716,2025-12-27,819.66,819.66,0
6672,717,2025-06-25,247.78,247.78,0
6673,717,2025-07-23,247.78,247.78,0
6674,717,2025-08-25,247.78,247.78,0
6675,717,2025-09-22,247.78,247.78,0
6676,717,2025-10-28,247.78,247.78,0
6677,717,2025-11-28,247.78,247.78,0
6678,717,2025-12-23,247.78,247.78,0
6679,718,2025-04-25,924.14,924.14,0
6680,718,2025-05-22,924.14,924.14,0
6681,718,2025-06-24,924.14,924.14,0
6682,718,2025-07-27,924.14,924.14,0
6683,718,2025-08-24,924.14,924.14,0
6684,718,2025-09-24,924.14,924.14,0
6685,718,2025-10-23,924.14,924.14,0
6686,718,2025-11-28,924.14,924.14,0
6687,718,2025-12-26,924.14,924.14,0
6688,719,2024-04-24,284.5,284.5,0
6689,719,2024-05-26,284.5,284.5,0
6690,719,2024-06-25,284.5,284.5,0
6691,719,2024-07-24,284.5,284.5,0
6692,719,2024-08-23,284.5,284.5,0
6693,719,2024-09-22,284.5,284.5,0
6694,719,2024-10-24,284.5,284.5,0
6695,719,2024-11-23,284.5,284.5,0
6696,719,2025-01-28,284.5,280.51,32
6697,719,2025-01-25,284.5,284.5,0
6698,719,2025-02-28,284.5,284.5,0
6699,719,2025-03-27,284.5,284.5,0
6700,719,2025-04-24,284.5,284.5,0
6701,719,2025-05-22,284.5,284.5,0
6702,719,2025-06-22,284.5,284.5,0
6703,719,2025-07-25,284.5,284.5,0
6704,719,2025-08-22,284.5,284.5,0
6705,719,2025-09-25,284.5,284.5,0
6706,719,2025-10-26,284.5,284.5,0
6707,719,2025-11-24,284.5,284.5,0
6708,719,2025-12-23,284.5,284.5,0
6709,720,2024-05-22,282.05,282.05,0
6710,720,2024-06-22,282.05,282.05,0
6711,720,2024-07-25,282.05,282.05,0
6712,720,2024-08-23,282.05,282.05,0
6713,720,2024-09-23,282.05,282.05,0
6714,720,2024-10-27,282.05,282.05,0
6715,720,2025-01-16,282.05,258.83,50
6716,720,2024-12-22,282.05,282.05,0
6717,720,2025-01-28,282.05,282.05,0
6718,720,2025-02-26,282.05,282.05,0
6719,720,2025-03-22,282.05,282.05,0
6720,720,2025-04-28,282.05,282.05,0
6721,720,2025-05-28,282.05,282.05,0
6722,720,2025-06-27,282.05,282.05,0
6723,720,2025-07-24,282.05,282.05,0
6724,720,2025-08-27,282.05,282.05,0
6725,720,2025-09-26,282.05,282.05,0
6726,720,2025-10-25,282.05,282.05,0
6727,720,2025-11-26,282.05,282.05,0
6728,720,2025-12-24,282.05,282.05,0
6729,721,2025-09-29,517.68,436.99,36
6730,721,2025-09-25,517.68,517.68,0
6731,721,2025-10-26,517.68,517.68,0
6732,721,2025-11-22,517.68,517.68,0
6733,721,2025-12-24,517.68,517.68,0
6734,722,2025-03-26,123.28,123.28,0
6735,722,2025-04-23,123.28,123.28,0
6736,722,2025-05-23,123.28,123.28,0
6737,722,2025-06-28,123.28,123.28,0
6738,722,2025-07-27,123.28,123.28,0
6739,722,2025-08-28,123.28,123.28,0
6740,722,2025-09-23,123.28,123.28,0
6741,722,2025-10-22,123.28,123.28,0
6742,722,2025-11-25,123.28,123.28,0
6743,722,2025-12-28,123.28,123.28,0
6744,723,2025-09-22,73.7,73.7,0
6745,723,2025-10-27,73.7,73.7,0
6746,723,2025-11-24,73.7,73.7,0
6747,723,2025-12-28,73.7,73.7,0
6748,724,2024-10-22,393.21,393.21,0
6749,724,2024-11-25,393.21,393.21,0
6750,724,2024-12-25,393.21,393.21,0
6751,724,2025-01-24,393.21,393.21,0
6752,724,2025-02-26,393.21,393.21,0
6753,724,2025-03-23,393.21,393.21,0
6754,724,2025-04-22,393.21,393.21,0
6755,724,2025-05-27,393.21,393.21,0
6756,724,2025-06-27,393.21,393.21,0
6757,724,2025-07-23,393.21,393.21,0
6758,724,2025-08-31,393.21,379.51,6
6759,724,2025-09-22,393.21,393.21,0
6760,724,2025-10-28,393.21,393.21,0
6761,724,2025-11-25,393.21,393.21,0
6762,724,2025-12-26,393.21,393.21,0
6763,725,2025-04-22,154.32,154.32,0
6764,725,2025-05-26,154.32,154.32,0
6765,725,2025-06-25,154.32,154.32,0
6766,725,2025-08-08,154.32,130.77,14
6767,725,2025-08-25,154.32,154.32,0
6768,725,2025-09-23,154.32,154.32,0
6769,725,2025-10-22,154.32,154.32,0
6770,725,2025-11-27,154.32,154.32,0
6771,725,2025-12-26,154.32,154.32,0
6772,726,2024-08-25,174.11,174.11,0
6773,726,2024-09-28,174.11,174.11,0
6774,726,2024-10-24,174.11,174.11,0
6775,726,2024-11-27,174.11,174.11,0
6776,726,2025-02-13,174.11,149.28,50
6777,726,2025-01-25,174.11,174.11,0
6778,726,2025-02-28,174.11,174.11,0
6779,726,2025-03-25,174.11,174.11,0
6780,726,2025-04-24,174.11,174.11,0
6781,726,2025-05-23,174.11,174.11,0
6782,726,2025-06-23,174.11,174.11,0
6783,726,2025-07-28,174.11,174.11,0
6784,726,2025-08-28,174.11,174.11,0
6785,726,2025-09-24,174.11,174.11,0
6786,726,2025-10-23,174.11,174.11,0
6787,726,2025-11-24,174.11,174.11,0
6788,726,2025-12-23,174.11,174.11,0
6789,727,2025-03-26,2190.12,2190.12,0
6790,727,2025-04-26,2190.12,2190.12,0
6791,727,2025-05-28,2190.12,2190.12,0
6792,727,2025-11-24,2190.12,380.29,149
6793,727,2025-07-24,2190.12,2190.12,0
6794,727,2025-08-27,2190.12,2190.12,0
6795,727,2025-09-26,2190.12,2190.12,0
6796,727,2025-10-25,2190.12,2190.12,0
6797,727,2026-02-24,2190.12,2135.87,89
6798,727,2025-12-24,2190.12,2190.12,0
6799,728,2025-04-26,166.1,166.1,0
6800,728,2025-07-17,166.1,161.08,50
6801,728,2025-06-23,166.1,166.1,0
6802,728,2025-07-26,166.1,166.1,0
6803,728,2025-08-26,166.1,166.1,0
6804,728,2025-09-22,166.1,166.1,0
6805,728,2025-10-22,166.1,166.1,0
6806,728,2025-11-26,166.1,166.1,0
6807,728,2025-12-28,166.1,166.1,0
6808,729,2024-12-22,158.21,158.21,0
6809,729,2025-01-22,158.21,158.21,0
6810,729,2025-02-22,158.21,158.21,0
6811,729,2025-03-26,158.21,158.21,0
6812,729,2025-04-24,158.21,158.21,0
6813,729,2025-05-25,158.21,158.21,0
6814,729,2025-06-28,158.21,158.21,0
6815,729,2025-07-22,158.21,158.21,0
6816,729,2025-08-26,158.21,158.21,0
6817,729,2025-12-18,158.21,145.79,81
6818,729,2026-02-26,158.21,26.26,125
6819,729,2025-11-25,158.21,158.21,0
6820,729,2025-12-22,158.21,158.21,0
6821,730,2024-08-25,277.34,277.34,0
6822,730,2024-09-25,277.34,277.34,0
6823,730,2024-10-23,277.34,277.34,0
6824,730,2024-11-23,277.34,277.34,0
6825,730,2024-12-23,277.34,277.34,0
6826,730,2025-01-26,277.34,277.34,0
6827,730,2025-02-23,277.34,277.34,0
6828,730,2025-03-22,277.34,277.34,0
6829,730,2025-05-01,277.34,245.08,9
6830,730,2025-05-24,277.34,277.34,0
6831,730,2025-06-23,277.34,277.34,0
6832,730,2025-07-27,277.34,277.34,0
6833,730,2025-08-25,277.34,277.34,0
6834,730,2025-09-27,277.34,277.34,0
6835,730,2025-10-22,277.34,277.34,0
6836,730,2025-11-26,277.34,277.34,0
6837,730,2025-12-28,277.34,277.34,0
6838,731,2025-10-26,370.44,370.44,0
6839,731,2025-11-28,370.44,370.44,0
6840,731,2025-12-25,370.44,370.44,0
6841,732,2025-03-26,306.83,306.83,0
6842,732,2025-04-27,306.83,306.83,0
6843,732,2025-05-25,306.83,306.83,0
6844,732,2025-11-26,306.83,8.04,157
6845,732,2025-08-05,306.83,282.1,12
6846,732,2025-08-24,306.83,306.83,0
6847,732,2025-09-26,306.83,306.83,0
6848,732,2025-10-24,306.83,306.83,0
6849,732,2025-11-25,306.83,306.83,0
6850,732,2025-12-24,306.83,306.83,0
6851,733,2024-06-22,563.61,563.61,0
6852,733,2024-07-25,563.61,563.61,0
6853,733,2024-08-24,563.61,563.61,0
6854,733,2024-09-27,563.61,563.61,0
6855,733,2024-10-26,563.61,563.61,0
6856,733,2024-11-25,563.61,563.61,0
6857,733,2024-12-26,563.61,563.61,0
6858,733,2025-01-25,563.61,563.61,0
6859,733,2025-03-14,563.61,515.45,14
6860,733,2025-03-27,563.61,563.61,0
6861,733,2025-04-28,563.61,563.61,0
6862,733,2025-05-26,563.61,563.61,0
6863,733,2025-06-25,563.61,563.61,0
6864,733,2025-07-24,563.61,563.61,0
6865,733,2025-08-22,563.61,563.61,0
6866,733,2025-09-23,563.61,563.61,0
6867,733,2025-10-23,563.61,563.61,0
6868,733,2025-11-25,563.61,563.61,0
6869,733,2025-12-26,563.61,563.61,0
6870,734,2025-01-27,599.67,599.67,0
6871,734,2025-02-24,599.67,599.67,0
6872,734,2025-03-28,599.67,599.67,0
6873,734,2025-04-25,599.67,599.67,0
6874,734,2025-05-26,599.67,599.67,0
6875,734,2025-06-24,599.67,599.67,0
6876,734,2025-07-26,599.67,599.67,0
6877,734,2025-08-23,599.67,599.67,0
6878,734,2025-09-22,599.67,599.67,0
6879,734,2025-10-23,599.67,599.67,0
6880,734,2025-11-22,599.67,599.67,0
6881,734,2025-12-23,599.67,599.67,0
6882,735,2025-02-25,433.48,433.48,0
6883,735,2025-03-25,433.48,433.48,0
6884,735,2025-04-23,433.48,433.48,0
6885,735,2025-05-24,433.48,433.48,0
6886,735,2025-06-24,433.48,433.48,0
6887,735,2025-07-27,433.48,433.48,0
6888,735,2025-08-22,433.48,433.48,0
6889,735,2025-09-24,433.48,433.48,0
6890,735,2025-10-27,433.48,433.48,0
6891,735,2025-11-25,433.48,433.48,0
6892,735,2025-12-25,433.48,433.48,0
6893,736,2025-11-18,248.61,8.78,147
6894,736,2025-07-24,248.61,248.61,0
6895,736,2025-08-22,248.61,248.61,0
6896,736,2025-09-22,248.61,248.61,0
6897,736,2025-10-28,248.61,248.61,0
6898,736,2025-11-26,248.61,248.61,0
6899,736,2025-12-24,248.61,248.61,0
6900,737,2024-10-26,128.77,128.77,0
6901,737,2024-11-28,128.77,128.77,0
6902,737,2024-12-27,128.77,128.77,0
6903,737,2025-01-24,128.77,128.77,0
6904,737,2025-02-24,128.77,128.77,0
6905,737,2025-03-24,128.77,128.77,0
6906,737,2025-04-22,128.77,128.77,0
6907,737,2025-05-22,128.77,128.77,0
6908,737,2025-06-27,128.77,128.77,0
6909,737,2025-08-09,128.77,124.79,14
6910,737,2025-08-27,128.77,128.77,0
6911,737,2025-09-24,128.77,128.77,0
6912,737,2025-10-22,128.77,128.77,0
6913,737,2025-11-27,128.77,128.77,0
6914,737,2026-04-15,128.77,12.01,108
6915,738,2025-01-28,839.68,839.68,0
6916,738,2025-02-26,839.68,839.68,0
6917,738,2025-03-22,839.68,839.68,0
6918,738,2025-04-24,839.68,839.68,0
6919,738,2025-05-26,839.68,839.68,0
6920,738,2025-06-25,839.68,839.68,0
6921,738,2025-07-28,839.68,839.68,0
6922,738,2025-08-27,839.68,839.68,0
6923,738,2025-09-25,839.68,839.68,0
6924,738,2025-10-27,839.68,839.68,0
6925,738,2026-01-17,839.68,753.52,55
6926,738,2025-12-24,839.68,839.68,0
6927,739,2025-01-17,318.73,272.28,54
6928,739,2025-06-13,318.73,15.69,169
6929,739,2025-01-26,318.73,318.73,0
6930,739,2025-05-20,318.73,29.34,83
6931,739,2025-03-25,318.73,318.73,0
6932,739,2025-04-26,318.73,318.73,0
6933,739,2025-05-22,318.73,318.73,0
6934,739,2025-06-25,318.73,318.73,0
6935,739,2025-07-28,318.73,318.73,0
6936,739,2025-08-23,318.73,318.73,0
6937,739,2025-09-27,318.73,318.73,0
6938,739,2025-10-25,318.73,318.73,0
6939,739,2025-11-26,318.73,318.73,0
6940,740,2024-12-27,378.91,378.91,0
6941,740,2025-01-27,378.91,378.91,0
6942,740,2025-02-25,378.91,378.91,0
6943,740,2025-03-25,378.91,378.91,0
6944,740,2025-04-26,378.91,378.91,0
6945,740,2025-05-27,378.91,378.91,0
6946,740,2025-06-24,378.91,378.91,0
6947,740,2025-07-24,378.91,378.91,0
6948,740,2025-08-27,378.91,378.91,0
6949,740,2025-09-26,378.91,378.91,0
6950,740,2025-10-24,378.91,378.91,0
6951,740,2025-11-23,378.91,378.91,0
6952,740,2025-12-22,378.91,378.91,0
6953,741,2025-11-28,252.93,252.93,0
6954,741,2025-12-28,252.93,252.93,0
6955,742,2025-04-26,826.75,826.75,0
6956,742,2025-05-24,826.75,826.75,0
6957,742,2025-06-28,826.75,826.75,0
6958,742,2025-07-24,826.75,826.75,0
6959,742,2025-08-27,826.75,826.75,0
6960,742,2025-09-25,826.75,826.75,0
6961,742,2025-10-23,826.75,826.75,0
6962,742,2025-11-27,826.75,826.75,0
6963,742,2025-12-25,826.75,826.75,0
6964,743,2024-01-27,285.9,285.9,0
6965,743,2024-04-16,285.9,247.16,53
6966,743,2024-06-22,285.9,232.61,89
6967,743,2024-04-27,285.9,285.9,0
6968,743,2024-05-22,285.9,285.9,0
6969,743,2024-06-26,285.9,285.9,0
6970,743,2024-07-28,285.9,285.9,0
6971,743,2024-08-27,285.9,285.9,0
6972,743,2024-09-28,285.9,285.9,0
6973,743,2025-04-04,285.9,24.82,160
6974,743,2024-11-27,285.9,285.9,0
6975,743,2024-12-27,285.9,285.9,0
6976,743,2025-01-24,285.9,285.9,0
6977,743,2025-05-06,285.9,252.55,69
6978,743,2025-03-28,285.9,285.9,0
6979,743,2025-04-24,285.9,285.9,0
6980,743,2025-05-27,285.9,285.9,0
6981,743,2025-07-06,285.9,243.73,8
6982,743,2025-09-13,285.9,11.57,49
6983,743,2025-08-23,285.9,285.9,0
6984,743,2025-09-27,285.9,285.9,0
6985,743,2025-10-22,285.9,285.9,0
6986,743,2025-11-23,285.9,285.9,0
6987,743,2025-12-25,285.9,285.9,0
6988,744,2025-04-22,543.26,543.26,0
6989,744,2025-05-28,543.26,543.26,0
6990,744,2025-06-24,543.26,543.26,0
6991,744,2025-07-23,543.26,543.26,0
6992,744,2025-08-28,543.26,543.26,0
6993,744,2025-09-27,543.26,543.26,0
6994,744,2025-10-28,543.26,543.26,0
6995,744,2025-11-26,543.26,543.26,0
6996,744,2025-12-25,543.26,543.26,0
6997,745,2024-10-12,157.94,147.55,19
6998,745,2024-10-24,157.94,157.94,0
6999,745,2024-11-23,157.94,157.94,0
7000,745,2024-12-23,157.94,157.94,0
7001,745,2025-01-27,157.94,157.94,0
7002,745,2025-02-25,157.94,157.94,0
7003,745,2025-03-23,157.94,157.94,0
7004,745,2025-07-15,157.94,128.77,82
7005,745,2025-05-27,157.94,157.94,0
7006,745,2025-06-22,157.94,157.94,0
7007,745,2025-07-26,157.94,157.94,0
7008,745,2025-08-24,157.94,157.94,0
7009,745,2025-09-24,157.94,157.94,0
7010,745,2025-10-26,157.94,157.94,0
7011,745,2025-11-24,157.94,157.94,0
7012,745,2025-12-23,157.94,157.94,0
7013,746,2025-06-25,410.4,410.4,0
7014,746,2025-07-28,410.4,410.4,0
7015,746,2025-08-24,410.4,410.4,0
7016,746,2025-09-24,410.4,410.4,0
7017,746,2025-10-28,410.4,410.4,0
7018,746,2025-11-22,410.4,410.4,0
7019,746,2025-12-24,410.4,410.4,0
7020,747,2025-09-27,473.44,473.44,0
7021,747,2025-10-26,473.44,473.44,0
7022,747,2025-12-24,473.44,442.15,29
7023,747,2025-12-23,473.44,473.44,0
7024,748,2024-10-26,887.09,887.09,0
7025,748,2024-11-25,887.09,887.09,0
7026,748,2024-12-22,887.09,887.09,0
7027,748,2025-01-23,887.09,887.09,0
7028,748,2025-02-28,887.09,887.09,0
7029,748,2025-03-28,887.09,887.09,0
7030,748,2025-04-24,887.09,887.09,0
7031,748,2025-05-28,887.09,887.09,0
7032,748,2025-06-28,887.09,887.09,0
7033,748,2025-07-28,887.09,887.09,0
7034,748,2025-08-23,887.09,887.09,0
7035,748,2025-09-24,887.09,887.09,0
7036,748,2025-10-26,887.09,887.09,0
7037,748,2025-11-23,887.09,887.09,0
7038,748,2025-12-23,887.09,887.09,0
7039,749,2025-06-25,986.26,986.26,0
7040,749,2025-07-27,986.26,986.26,0
7041,749,2025-08-24,986.26,986.26,0
7042,749,2025-09-27,986.26,986.26,0
7043,749,2025-10-26,986.26,986.26,0
7044,749,2025-11-27,986.26,986.26,0
7045,749,2025-12-22,986.26,986.26,0
7046,751,2025-12-22,479.3,479.3,0
7047,752,2024-04-26,309.63,309.63,0
7048,752,2024-05-22,309.63,309.63,0
7049,752,2024-06-22,309.63,309.63,0
7050,752,2024-07-26,309.63,309.63,0
7051,752,2024-08-26,309.63,309.63,0
7052,752,2024-09-24,309.63,309.63,0
7053,752,2024-10-27,309.63,309.63,0
7054,752,2024-11-24,309.63,309.63,0
7055,752,2024-12-25,309.63,309.63,0
7056,752,2025-01-28,309.63,309.63,0
7057,752,2025-02-25,309.63,309.63,0
7058,752,2025-03-26,309.63,309.63,0
7059,752,2025-04-27,309.63,309.63,0
7060,752,2025-05-22,309.63,309.63,0
7061,752,2025-06-25,309.63,309.63,0
7062,752,2025-07-26,309.63,309.63,0
7063,752,2025-08-27,309.63,309.63,0
7064,752,2025-10-29,309.63,299.5,34
7065,752,2025-10-22,309.63,309.63,0
7066,752,2025-11-22,309.63,309.63,0
7067,752,2025-12-27,309.63,309.63,0
7068,753,2025-05-22,663.96,663.96,0
7069,753,2025-06-26,663.96,663.96,0
7070,753,2025-10-22,663.96,109.72,90
7071,753,2025-08-28,663.96,663.96,0
7072,753,2025-09-24,663.96,663.96,0
7073,753,2025-10-26,663.96,663.96,0
7074,753,2025-11-27,663.96,663.96,0
7075,753,2025-12-27,663.96,663.96,0
7076,754,2025-01-26,165.91,165.91,0
7077,754,2025-02-27,165.91,165.91,0
7078,754,2025-05-23,165.91,142.67,60
7079,754,2025-04-24,165.91,165.91,0
7080,754,2025-05-28,165.91,165.91,0
7081,754,2025-06-25,165.91,165.91,0
7082,754,2025-07-23,165.91,165.91,0
7083,754,2025-08-28,165.91,165.91,0
7084,754,2025-09-22,165.91,165.91,0
7085,754,2025-10-27,165.91,165.91,0
7086,754,2025-11-27,165.91,165.91,0
7087,754,2025-12-24,165.91,165.91,0
7088,755,2025-02-28,715.16,715.16,0
7089,755,2025-03-26,715.16,715.16,0
7090,755,2025-04-28,715.16,715.16,0
7091,755,2025-05-22,715.16,715.16,0
7092,755,2025-06-22,715.16,715.16,0
7093,755,2025-07-28,715.16,715.16,0
7094,755,2025-08-28,715.16,715.16,0
7095,755,2025-09-26,715.16,715.16,0
7096,755,2025-10-24,715.16,715.16,0
7097,755,2025-11-22,715.16,715.16,0
7098,755,2025-12-22,715.16,715.16,0
7099,756,2025-06-27,191.32,191.32,0
7100,756,2025-07-28,191.32,191.32,0
7101,756,2025-08-26,191.32,191.32,0
7102,756,2025-09-22,191.32,191.32,0
7103,756,2025-10-26,191.32,191.32,0
7104,756,2025-11-22,191.32,191.32,0
7105,756,2025-12-24,191.32,191.32,0
7106,757,2025-10-25,192.54,192.54,0
7107,757,2025-11-27,192.54,192.54,0
7108,757,2025-12-28,192.54,192.54,0
7109,759,2025-05-27,354.95,354.95,0
7110,759,2025-06-26,354.95,354.95,0
7111,759,2025-07-26,354.95,354.95,0
7112,759,2025-08-27,354.95,354.95,0
7113,759,2025-12-13,354.95,350.21,76
7114,759,2026-01-30,354.95,102.84,100
7115,759,2025-11-25,354.95,354.95,0
7116,759,2025-12-28,354.95,354.95,0
7117,760,2025-02-22,310.68,310.68,0
7118,760,2025-03-22,310.68,310.68,0
7119,760,2025-04-24,310.68,310.68,0
7120,760,2025-05-22,310.68,310.68,0
7121,760,2025-06-26,310.68,310.68,0
7122,760,2025-07-26,310.68,310.68,0
7123,760,2025-08-23,310.68,310.68,0
7124,760,2025-09-22,310.68,310.68,0
7125,760,2025-10-22,310.68,310.68,0
7126,760,2025-11-22,310.68,310.68,0
7127,760,2025-12-25,310.68,310.68,0
7128,761,2025-06-12,388.34,382.37,79
7129,761,2025-04-27,388.34,388.34,0
7130,761,2025-05-25,388.34,360.01,2
7131,761,2025-06-28,388.34,388.34,0
7132,761,2025-07-25,388.34,388.34,0
7133,761,2025-08-25,388.34,388.34,0
7134,761,2025-09-23,388.34,388.34,0
7135,761,2025-10-23,388.34,388.34,0
7136,761,2025-11-24,388.34,388.34,0
7137,761,2025-12-23,388.34,388.34,0
7138,762,2024-04-23,761.77,761.77,0
7139,762,2024-05-23,761.77,761.77,0
7140,762,2024-06-24,761.77,761.77,0
7141,762,2024-07-25,761.77,761.77,0
7142,762,2024-08-25,761.77,761.77,0
7143,762,2025-03-14,761.77,245.38,173
7144,762,2024-10-27,761.77,761.77,0
7145,762,2024-11-27,761.77,761.77,0
7146,762,2024-12-24,761.77,761.77,0
7147,762,2025-01-28,761.77,761.77,0
7148,762,2025-02-23,761.77,761.77,0
7149,762,2025-03-25,761.77,761.77,0
7150,762,2025-04-26,761.77,761.77,0
7151,762,2025-05-25,761.77,761.77,0
7152,762,2025-06-24,761.77,761.77,0
7153,762,2025-07-23,761.77,761.77,0
7154,762,2025-08-22,761.77,761.77,0
7155,762,2025-09-27,761.77,761.77,0
7156,762,2025-10-27,761.77,761.77,0
7157,762,2026-04-17,761.77,121.25,144
7158,762,2026-05-23,761.77,242.52,152
7159,764,2025-11-23,87.08,87.08,0
7160,764,2025-12-25,87.08,87.08,0
7161,765,2025-01-25,115.84,115.84,0
7162,765,2025-02-27,115.84,115.84,0
7163,765,2025-03-24,115.84,115.84,0
7164,765,2025-04-24,115.84,115.84,0
7165,765,2025-05-27,115.84,115.84,0
7166,765,2025-06-28,115.84,115.84,0
7167,765,2025-07-24,115.84,115.84,0
7168,765,2025-08-25,115.84,115.84,0
7169,765,2025-09-25,115.84,115.84,0
7170,765,2025-10-27,115.84,115.84,0
7171,765,2025-11-22,115.84,115.84,0
7172,765,2025-12-24,115.84,115.84,0
7173,766,2025-04-23,1630.0,1630.0,0
7174,766,2025-05-27,1630.0,1630.0,0
7175,766,2025-06-24,1630.0,1630.0,0
7176,766,2025-07-28,1630.0,1630.0,0
7177,766,2025-08-26,1630.0,1630.0,0
7178,766,2025-11-25,1630.0,1545.74,60
7179,766,2025-10-25,1630.0,1630.0,0
7180,766,2025-11-28,1630.0,1630.0,0
7181,766,2025-12-27,1630.0,1630.0,0
7182,767,2025-04-27,267.18,267.18,0
7183,767,2025-05-24,267.18,267.18,0
7184,767,2025-06-22,267.18,267.18,0
7185,767,2025-07-27,267.18,267.18,0
7186,767,2025-08-26,267.18,267.18,0
7187,767,2025-09-22,267.18,267.18,0
7188,767,2025-10-24,267.18,267.18,0
7189,767,2025-11-26,267.18,267.18,0
7190,767,2026-04-06,267.18,77.3,103
7191,768,2025-05-26,32.93,32.93,0
7192,768,2025-06-25,32.93,32.93,0
7193,768,2025-07-24,32.93,32.93,0
7194,768,2025-08-23,32.93,32.93,0
7195,768,2025-09-27,32.93,32.93,0
7196,768,2025-10-25,32.93,32.93,0
7197,768,2025-11-27,32.93,32.93,0
7198,768,2025-12-27,32.93,32.93,0
7199,769,2024-07-25,191.11,191.11,0
7200,769,2024-11-24,191.11,181.8,89
7201,769,2024-09-26,191.11,191.11,0
7202,769,2024-10-25,191.11,191.11,0
7203,769,2024-11-23,191.11,191.11,0
7204,769,2024-12-22,191.11,191.11,0
7205,769,2025-01-27,191.11,191.11,0
7206,769,2025-02-24,191.11,191.11,0
7207,769,2025-03-22,191.11,191.11,0
7208,769,2025-04-28,191.11,191.11,0
7209,769,2025-05-25,191.11,191.11,0
7210,769,2025-06-27,191.11,191.11,0
7211,769,2025-08-12,191.11,156.86,21
7212,769,2025-08-24,191.11,191.11,0
7213,769,2025-09-28,191.11,191.11,0
7214,769,2025-10-25,191.11,191.11,0
7215,769,2026-01-24,191.11,161.81,60
7216,769,2025-12-22,191.11,191.11,0
7217,770,2025-09-23,168.55,168.55,0
7218,770,2025-10-24,168.55,168.55,0
7219,770,2025-11-22,168.55,168.55,0
7220,770,2026-03-18,168.55,165.89,82
7221,771,2025-04-25,349.42,349.42,0
7222,771,2025-05-27,349.42,349.42,0
7223,771,2025-06-24,349.42,349.42,0
7224,771,2025-07-27,349.42,349.42,0
7225,771,2025-08-24,349.42,349.42,0
7226,771,2025-09-27,349.42,349.42,0
7227,771,2025-10-26,349.42,349.42,0
7228,771,2025-11-24,349.42,349.42,0
7229,771,2026-04-05,349.42,35.68,103
7230,772,2025-08-24,815.63,815.63,0
7231,772,2025-09-28,815.63,815.63,0
7232,772,2025-10-26,815.63,815.63,0
7233,772,2025-11-28,815.63,815.63,0
7234,772,2026-02-11,815.63,716.31,51
7235,773,2024-11-24,80.26,80.26,0
7236,773,2024-12-28,80.26,80.26,0
7237,773,2025-01-28,80.26,80.26,0
7238,773,2025-02-23,80.26,80.26,0
7239,773,2025-03-26,80.26,80.26,0
7240,773,2025-04-24,80.26,80.26,0
7241,773,2025-05-25,80.26,80.26,0
7242,773,2025-06-26,80.26,80.26,0
7243,773,2025-07-25,80.26,80.26,0
7244,773,2025-08-24,80.26,80.26,0
7245,773,2025-09-24,80.26,80.26,0
7246,773,2025-10-26,80.26,80.26,0
7247,773,2025-11-24,80.26,80.26,0
7248,773,2025-12-24,80.26,80.26,0
7249,774,2024-06-24,208.83,208.83,0
7250,774,2024-07-25,208.83,208.83,0
7251,774,2024-08-24,208.83,208.83,0
7252,774,2024-09-22,208.83,208.83,0
7253,774,2024-10-24,208.83,208.83,0
7254,774,2024-11-22,208.83,208.83,0
7255,774,2024-12-25,208.83,208.83,0
7256,774,2025-01-26,208.83,208.83,0
7257,774,2025-02-26,208.83,208.83,0
7258,774,2025-03-26,208.83,208.83,0
7259,774,2025-04-23,208.83,208.83,0
7260,774,2025-05-22,208.83,208.83,0
7261,774,2025-06-27,208.83,208.83,0
7262,774,2025-07-25,208.83,208.83,0
7263,774,2025-08-28,208.83,208.83,0
7264,774,2025-09-24,208.83,208.83,0
7265,774,2025-10-22,208.83,208.83,0
7266,774,2025-11-27,208.83,208.83,0
7267,774,2025-12-22,208.83,208.83,0
7268,775,2025-05-24,285.26,285.26,0
7269,775,2025-06-26,285.26,285.26,0
7270,775,2025-07-28,285.26,285.26,0
7271,775,2025-08-28,285.26,285.26,0
7272,775,2025-09-26,285.26,285.26,0
7273,775,2025-10-27,285.26,285.26,0
7274,775,2025-11-22,285.26,285.26,0
7275,775,2026-04-23,285.26,112.96,119
7276,776,2025-10-25,234.48,234.48,0
7277,776,2025-12-28,234.48,202.76,35
7278,776,2025-12-28,234.48,234.48,0
7279,777,2025-08-23,91.27,91.27,0
7280,777,2025-09-27,91.27,91.27,0
7281,777,2025-10-22,91.27,91.27,0
7282,777,2025-11-22,91.27,91.27,0
7283,777,2025-12-27,91.27,91.27,0
7284,778,2025-04-23,758.91,758.91,0
7285,778,2025-05-24,758.91,758.91,0
7286,778,2025-06-25,758.91,758.91,0
7287,778,2025-07-26,758.91,758.91,0
7288,778,2025-09-05,758.91,629.3,11
7289,778,2025-09-26,758.91,758.91,0
7290,778,2025-10-24,758.91,758.91,0
7291,778,2025-11-26,758.91,758.91,0
7292,778,2025-12-22,758.91,758.91,0
7293,779,2025-02-26,1028.53,1028.53,0
7294,779,2025-03-22,1028.53,1028.53,0
7295,779,2025-04-22,1028.53,1028.53,0
7296,779,2025-05-26,1028.53,1028.53,0
7297,779,2025-06-27,1028.53,1028.53,0
7298,779,2025-07-28,1028.53,1028.53,0
7299,779,2025-08-24,1028.53,1028.53,0
7300,779,2025-09-27,1028.53,1028.53,0
7301,779,2025-10-22,1028.53,1028.53,0
7302,779,2025-11-25,1028.53,1028.53,0
7303,779,2025-12-27,1028.53,1028.53,0
7304,780,2025-08-07,390.43,376.29,40
7305,780,2025-07-23,390.43,390.43,0
7306,780,2025-08-26,390.43,390.43,0
7307,780,2025-09-28,390.43,326.12,3
7308,780,2025-10-22,390.43,390.43,0
7309,780,2026-02-03,390.43,349.85,72
7310,780,2025-12-25,390.43,390.43,0
7311,781,2025-06-26,1576.14,1576.14,0
7312,781,2025-07-27,1576.14,1576.14,0
7313,781,2025-08-28,1576.14,1576.14,0
7314,781,2025-09-28,1576.14,1576.14,0
7315,781,2025-10-26,1576.14,1576.14,0
7316,781,2025-11-22,1576.14,1576.14,0
7317,781,2025-12-28,1576.14,1576.14,0
7318,782,2025-06-23,3181.38,3181.38,0
7319,782,2025-07-25,3181.38,3181.38,0
7320,782,2025-08-28,3181.38,3181.38,0
7321,782,2025-09-26,3181.38,3181.38,0
7322,782,2025-10-26,3181.38,3181.38,0
7323,782,2025-11-22,3181.38,3181.38,0
7324,782,2025-12-27,3181.38,3181.38,0
7325,783,2025-03-25,230.4,213.28,3
7326,783,2025-04-27,230.4,230.4,0
7327,783,2025-05-27,230.4,230.4,0
7328,783,2025-06-22,230.4,230.4,0
7329,783,2025-11-03,230.4,56.45,100
7330,783,2025-08-23,230.4,230.4,0
7331,783,2025-09-22,230.4,230.4,0
7332,783,2025-10-24,230.4,230.4,0
7333,783,2026-02-14,230.4,204.57,82
7334,783,2025-12-27,230.4,230.4,0
7335,784,2025-07-24,412.74,412.74,0
7336,784,2025-08-22,412.74,412.74,0
7337,784,2025-12-04,412.74,381.67,73
7338,784,2025-10-26,412.74,412.74,0
7339,784,2025-11-25,412.74,412.74,0
7340,784,2025-12-23,412.74,412.74,0
7341,785,2024-02-25,397.89,397.89,0
7342,785,2024-03-26,397.89,397.89,0
7343,785,2024-04-27,397.89,397.89,0
7344,785,2024-05-24,397.89,397.89,0
7345,785,2024-06-25,397.89,397.89,0
7346,785,2024-07-23,397.89,397.89,0
7347,785,2024-08-26,397.89,397.89,0
7348,785,2024-09-27,397.89,397.89,0
7349,785,2024-10-24,397.89,397.89,0
7350,785,2024-11-26,397.89,397.89,0
7351,785,2024-12-23,397.89,397.89,0
7352,785,2025-01-26,397.89,397.89,0
7353,785,2025-02-25,397.89,397.89,0
7354,785,2025-03-24,397.89,397.89,0
7355,785,2025-04-25,397.89,397.89,0
7356,785,2025-05-22,397.89,397.89,0
7357,785,2025-06-24,397.89,397.89,0
7358,785,2025-07-25,397.89,397.89,0
7359,785,2025-08-25,397.89,397.89,0
7360,785,2025-12-17,397.89,114.81,81
7361,785,2025-10-26,397.89,397.89,0
7362,785,2025-11-22,397.89,397.89,0
7363,785,2025-12-27,397.89,397.89,0
7364,786,2025-12-25,312.88,312.88,0
7365,787,2024-01-22,262.68,262.68,0
7366,787,2024-02-26,262.68,262.68,0
7367,787,2024-03-26,262.68,262.68,0
7368,787,2024-04-26,262.68,262.68,0
7369,787,2024-05-23,262.68,262.68,0
7370,787,2024-06-27,262.68,262.68,0
7371,787,2024-07-28,262.68,262.68,0
7372,787,2024-08-28,262.68,262.68,0
7373,787,2024-09-28,262.68,262.68,0
7374,787,2024-10-25,262.68,262.68,0
7375,787,2024-11-23,262.68,262.68,0
7376,787,2024-12-23,262.68,262.68,0
7377,787,2025-01-28,262.68,262.68,0
7378,787,2025-02-25,262.68,262.68,0
7379,787,2025-03-26,262.68,262.68,0
7380,787,2025-04-25,262.68,262.68,0
7381,787,2025-05-22,262.68,262.68,0
7382,787,2025-06-28,262.68,262.68,0
7383,787,2025-07-22,262.68,262.68,0
7384,787,2025-11-03,262.68,210.37,69
7385,787,2025-09-26,262.68,262.68,0
7386,787,2025-10-27,262.68,262.68,0
7387,787,2025-11-26,262.68,262.68,0
7388,787,2025-12-25,262.68,262.68,0
7389,788,2024-03-28,289.47,289.47,0
7390,788,2024-04-22,289.47,289.47,0
7391,788,2024-05-24,289.47,289.47,0
7392,788,2024-06-22,289.47,289.47,0
7393,788,2024-07-25,289.47,289.47,0
7394,788,2024-08-23,289.47,289.47,0
7395,788,2024-09-24,289.47,289.47,0
7396,788,2024-10-27,289.47,289.47,0
7397,788,2025-01-26,289.47,262.34,61
7398,788,2024-12-27,289.47,289.47,0
7399,788,2025-01-30,289.47,247.56,4
7400,788,2025-02-28,289.47,289.47,0
7401,788,2025-03-24,289.47,289.47,0
7402,788,2025-04-25,289.47,289.47,0
7403,788,2025-07-24,289.47,271.73,61
7404,788,2025-06-25,289.47,289.47,0
7405,788,2025-07-23,289.47,289.47,0
7406,788,2025-08-24,289.47,289.47,0
7407,788,2026-02-20,289.47,23.42,145
7408,788,2025-10-22,289.47,289.47,0
7409,788,2025-11-26,289.47,289.47,0
7410,788,2025-12-25,289.47,289.47,0
7411,790,2025-12-27,376.24,376.24,0
7412,792,2025-10-26,238.53,238.53,0
7413,792,2025-11-22,238.53,238.53,0
7414,792,2025-12-27,238.53,238.53,0
7415,793,2025-08-24,187.35,187.35,0
7416,793,2025-09-28,187.35,187.35,0
7417,793,2025-10-22,187.35,187.35,0
7418,793,2025-11-25,187.35,187.35,0
7419,793,2025-12-23,187.35,187.35,0
7420,794,2025-05-27,93.27,93.27,0
7421,794,2025-06-26,93.27,93.27,0
7422,794,2025-07-28,93.27,93.27,0
7423,794,2025-08-22,93.27,93.27,0
7424,794,2025-09-22,93.27,93.27,0
7425,794,2025-10-28,93.27,93.27,0
7426,794,2025-11-23,93.27,93.27,0
7427,794,2025-12-25,93.27,93.27,0
7428,795,2024-01-23,220.94,220.94,0
7429,795,2024-02-24,220.94,220.94,0
7430,795,2024-03-26,220.94,220.94,0
7431,795,2024-04-22,220.94,220.94,0
7432,795,2024-05-22,220.94,220.94,0
7433,795,2024-06-28,220.94,220.94,0
7434,795,2024-07-25,220.94,220.94,0
7435,795,2024-08-28,220.94,220.94,0
7436,795,2024-11-04,220.94,215.64,40
7437,795,2024-10-22,220.94,220.94,0
7438,795,2024-11-28,220.94,220.94,0
7439,795,2024-12-23,220.94,220.94,0
7440,795,2025-04-22,220.94,215.38,89
7441,795,2025-02-23,220.94,220.94,0
7442,795,2025-03-25,220.94,220.94,0
7443,795,2025-04-26,220.94,220.94,0
7444,795,2025-06-30,220.94,217.47,39
7445,795,2025-08-27,220.94,46.96,65
7446,795,2025-07-22,220.94,220.94,0
7447,795,2025-08-26,220.94,220.94,0
7448,795,2025-12-22,220.94,186.18,89
7449,795,2025-10-28,220.94,220.94,0
7450,795,2025-11-23,220.94,220.94,0
7451,796,2025-11-28,789.79,789.79,0
7452,796,2025-12-25,789.79,789.79,0
7453,797,2025-05-22,754.32,754.32,0
7454,797,2025-06-23,754.32,754.32,0
7455,797,2025-07-22,754.32,754.32,0
7456,797,2025-08-25,754.32,754.32,0
7457,797,2025-09-23,754.32,754.32,0
7458,797,2025-10-22,754.32,754.32,0
7459,797,2025-11-27,754.32,754.32,0
7460,797,2025-12-25,754.32,754.32,0
7461,798,2025-05-24,185.06,185.06,0
7462,798,2025-06-27,185.06,185.06,0
7463,798,2025-07-27,185.06,185.06,0
7464,798,2025-08-24,185.06,185.06,0
7465,798,2025-09-25,185.06,185.06,0
7466,798,2025-10-25,185.06,185.06,0
7467,798,2025-11-22,185.06,185.06,0
7468,798,2025-12-25,185.06,185.06,0
7469,800,2025-10-24,273.02,273.02,0
7470,800,2025-11-26,273.02,273.02,0
7471,800,2025-12-26,273.02,273.02,0
7472,801,2024-11-24,872.84,872.84,0
7473,801,2025-02-02,872.84,790.39,36
7474,801,2025-01-27,872.84,872.84,0
7475,801,2025-02-26,872.84,872.84,0
7476,801,2025-03-26,872.84,872.84,0
7477,801,2025-04-27,872.84,872.84,0
7478,801,2025-08-12,872.84,866.9,82
7479,801,2025-06-26,872.84,872.84,0
7480,801,2025-07-28,872.84,872.84,0
7481,801,2025-08-26,872.84,872.84,0
7482,801,2025-09-24,872.84,872.84,0
7483,801,2025-10-24,872.84,872.84,0
7484,801,2025-11-28,872.84,872.84,0
7485,801,2025-12-23,872.84,872.84,0
7486,802,2025-05-23,442.75,442.75,0
7487,802,2025-12-07,442.75,46.07,164
7488,802,2025-07-25,442.75,442.75,0
7489,802,2025-08-22,442.75,442.75,0
7490,802,2025-09-28,442.75,442.75,0
7491,802,2025-10-28,442.75,442.75,0
7492,802,2025-11-22,442.75,442.75,0
7493,802,2025-12-28,442.75,442.75,0
7494,803,2025-01-24,796.6,796.6,0
7495,803,2025-02-25,796.6,796.6,0
7496,803,2025-03-25,796.6,796.6,0
7497,803,2025-04-27,796.6,796.6,0
7498,803,2025-05-23,796.6,796.6,0
7499,803,2025-06-25,796.6,796.6,0
7500,803,2025-07-27,796.6,796.6,0
7501,803,2025-08-25,796.6,796.6,0
7502,803,2025-09-27,796.6,796.6,0
7503,803,2025-10-26,796.6,796.6,0
7504,803,2025-11-25,796.6,796.6,0
7505,803,2025-12-28,796.6,796.6,0
7506,804,2025-04-24,1165.69,1165.69,0
7507,804,2025-05-22,1165.69,1165.69,0
7508,804,2025-06-27,1165.69,1165.69,0
7509,804,2025-07-28,1165.69,1165.69,0
7510,804,2025-08-22,1165.69,1165.69,0
7511,804,2025-09-24,1165.69,1165.69,0
7512,804,2025-10-24,1165.69,1165.69,0
7513,804,2025-11-27,1165.69,1165.69,0
7514,804,2025-12-23,1165.69,1165.69,0
7515,806,2024-09-26,256.74,256.74,0
7516,806,2024-10-23,256.74,256.74,0
7517,806,2024-11-24,256.74,256.74,0
7518,806,2024-12-26,256.74,256.74,0
7519,806,2025-01-27,256.74,256.74,0
7520,806,2025-02-28,256.74,256.74,0
7521,806,2025-06-20,256.74,209.71,86
7522,806,2025-04-27,256.74,256.74,0
7523,806,2025-05-26,256.74,256.74,0
7524,806,2025-06-26,256.74,256.74,0
7525,806,2025-09-04,256.74,205.4,39
7526,806,2025-08-23,256.74,256.74,0
7527,806,2025-09-28,256.74,256.74,0
7528,806,2025-10-27,256.74,256.74,0
7529,806,2025-12-01,256.74,225.46,6
7530,806,2025-12-26,256.74,256.74,0
7531,807,2025-11-23,474.9,474.9,0
7532,807,2025-12-23,474.9,474.9,0
7533,808,2024-08-23,337.07,337.07,0
7534,808,2024-09-24,337.07,337.07,0
7535,808,2024-10-22,337.07,337.07,0
7536,808,2024-11-24,337.07,337.07,0
7537,808,2024-12-27,337.07,337.07,0
7538,808,2025-01-28,337.07,337.07,0
7539,808,2025-02-23,337.07,337.07,0
7540,808,2025-03-25,337.07,337.07,0
7541,808,2025-04-25,337.07,337.07,0
7542,808,2025-05-23,337.07,337.07,0
7543,808,2025-06-24,337.07,337.07,0
7544,808,2025-07-28,337.07,337.07,0
7545,808,2025-08-24,337.07,337.07,0
7546,808,2025-11-24,337.07,314.56,62
7547,808,2025-10-22,337.07,337.07,0
7548,808,2025-11-26,337.07,337.07,0
7549,808,2025-12-27,337.07,337.07,0
7550,809,2024-10-23,829.13,829.13,0
7551,809,2024-11-23,829.13,829.13,0
7552,809,2024-12-24,829.13,829.13,0
7553,809,2025-01-25,829.13,829.13,0
7554,809,2025-02-28,829.13,829.13,0
7555,809,2025-03-23,829.13,829.13,0
7556,809,2025-04-27,829.13,829.13,0
7557,809,2025-05-23,829.13,829.13,0
7558,809,2025-06-25,829.13,829.13,0
7559,809,2025-07-24,829.13,829.13,0
7560,809,2025-08-25,829.13,829.13,0
7561,809,2025-09-23,829.13,829.13,0
7562,809,2025-10-23,829.13,829.13,0
7563,810,2025-06-24,658.29,658.29,0
7564,810,2025-07-25,658.29,658.29,0
7565,810,2025-08-26,658.29,658.29,0
7566,810,2025-11-13,658.29,537.49,46
7567,810,2025-10-24,658.29,658.29,0
7568,810,2025-11-25,658.29,658.29,0
7569,810,2025-12-23,658.29,658.29,0
7570,811,2024-01-28,291.77,291.77,0
7571,811,2024-05-03,291.77,244.82,67
7572,811,2024-03-24,291.77,291.77,0
7573,811,2024-04-24,291.77,291.77,0
7574,811,2024-05-28,291.77,291.77,0
7575,811,2024-06-27,291.77,291.77,0
7576,811,2024-07-28,291.77,291.77,0
7577,811,2024-08-27,291.77,291.77,0
7578,811,2024-09-26,291.77,291.77,0
7579,811,2024-10-23,291.77,291.77,0
7580,811,2024-11-28,291.77,291.77,0
7581,811,2024-12-28,291.77,291.77,0
7582,811,2025-01-23,291.77,291.77,0
7583,811,2025-02-24,291.77,291.77,0
7584,811,2025-03-27,291.77,291.77,0
7585,811,2025-04-24,291.77,291.77,0
7586,811,2025-05-22,291.77,291.77,0
7587,811,2025-06-27,291.77,291.77,0
7588,811,2025-07-27,291.77,291.77,0
7589,811,2025-08-24,291.77,291.77,0
7590,811,2025-09-27,291.77,291.77,0
7591,811,2025-10-27,291.77,291.77,0
7592,811,2026-02-03,291.77,271.25,67
7593,811,2025-12-24,291.77,291.77,0
7594,812,2025-02-28,97.79,97.79,0
7595,812,2025-03-28,97.79,97.79,0
7596,812,2025-04-22,97.79,97.79,0
7597,812,2025-05-23,97.79,97.79,0
7598,812,2025-06-24,97.79,97.79,0
7599,812,2025-07-28,97.79,97.79,0
7600,812,2025-08-25,97.79,97.79,0
7601,812,2025-09-26,97.79,97.79,0
7602,812,2025-10-27,97.79,97.79,0
7603,812,2025-11-26,97.79,97.79,0
7604,812,2025-12-22,97.79,97.79,0
7605,813,2025-05-25,639.39,639.39,0
7606,813,2025-06-25,639.39,639.39,0
7607,813,2025-07-28,639.39,639.39,0
7608,813,2025-08-24,639.39,639.39,0
7609,813,2025-09-27,639.39,639.39,0
7610,813,2025-12-30,639.39,578.01,65
7611,813,2025-11-27,639.39,639.39,0
7612,813,2025-12-23,639.39,639.39,0
7613,814,2025-09-26,1945.26,1945.26,0
7614,814,2025-12-31,1945.26,1594.07,65
7615,814,2025-11-25,1945.26,1945.26,0
7616,814,2025-12-26,1945.26,1945.26,0
7617,815,2025-11-27,667.26,667.26,0
7618,815,2025-12-26,667.26,667.26,0
7619,816,2025-03-25,969.06,969.06,0
7620,816,2025-04-26,969.06,969.06,0
7621,816,2025-05-23,969.06,969.06,0
7622,816,2025-06-26,969.06,969.06,0
7623,816,2025-07-22,969.06,969.06,0
7624,816,2025-08-28,969.06,969.06,0
7625,816,2025-09-24,969.06,969.06,0
7626,816,2025-10-24,969.06,969.06,0
7627,816,2025-11-22,969.06,969.06,0
7628,816,2025-12-22,969.06,969.06,0
7629,817,2025-06-25,420.21,420.21,0
7630,817,2025-07-25,420.21,420.21,0
7631,817,2025-08-28,420.21,420.21,0
7632,817,2025-11-16,420.21,383.05,53
7633,817,2025-10-22,420.21,420.21,0
7634,817,2025-11-23,420.21,420.21,0
7635,817,2025-12-26,420.21,420.21,0
7636,819,2024-02-26,310.26,310.26,0
7637,819,2024-03-27,310.26,310.26,0
7638,819,2024-04-23,310.26,310.26,0
7639,819,2024-05-24,310.26,310.26,0
7640,819,2024-06-26,310.26,310.26,0
7641,819,2024-07-24,310.26,310.26,0
7642,819,2024-08-22,310.26,310.26,0
7643,819,2024-09-25,310.26,310.26,0
7644,819,2024-12-18,310.26,250.38,51
7645,819,2024-11-24,310.26,310.26,0
7646,819,2024-12-22,310.26,310.26,0
7647,819,2025-01-25,310.26,310.26,0
7648,819,2025-02-22,310.26,310.26,0
7649,819,2025-03-23,310.26,310.26,0
7650,819,2025-04-28,310.26,310.26,0
7651,819,2025-07-14,310.26,280.01,52
7652,819,2025-06-24,310.26,310.26,0
7653,819,2025-07-24,310.26,310.26,0
7654,819,2025-08-27,310.26,310.26,0
7655,819,2025-09-22,310.26,310.26,0
7656,819,2025-10-25,310.26,310.26,0
7657,819,2025-11-25,310.26,310.26,0
7658,819,2025-12-26,310.26,310.26,0
7659,821,2025-04-22,1166.83,1166.83,0
7660,821,2025-05-23,1166.83,1166.83,0
7661,821,2025-06-23,1166.83,1166.83,0
7662,821,2025-07-23,1166.83,1166.83,0
7663,821,2025-08-28,1166.83,1166.83,0
7664,821,2025-09-26,1166.83,1166.83,0
7665,821,2025-10-27,1166.83,1166.83,0
7666,821,2025-11-23,1166.83,1166.83,0
7667,821,2025-12-24,1166.83,1166.83,0
7668,822,2025-03-24,342.66,342.66,0
7669,822,2025-04-23,342.66,342.66,0
7670,822,2025-05-22,342.66,342.66,0
7671,822,2025-08-07,342.66,17.12,46
7672,822,2025-08-08,342.66,304.01,13
7673,822,2025-08-24,342.66,342.66,0
7674,822,2025-09-28,342.66,342.66,0
7675,822,2025-10-26,342.66,342.66,0
7676,822,2025-11-28,342.66,342.66,0
7677,822,2026-05-02,342.66,129.51,129
7678,823,2025-06-27,137.03,137.03,0
7679,823,2025-07-27,137.03,137.03,0
7680,823,2025-08-23,137.03,137.03,0
7681,823,2025-09-23,137.03,137.03,0
7682,823,2025-10-27,137.03,137.03,0
7683,823,2025-11-22,137.03,137.03,0
7684,823,2025-12-27,137.03,137.03,0
7685,824,2024-06-24,916.14,916.14,0
7686,824,2024-07-23,916.14,916.14,0
7687,824,2024-08-22,916.14,916.14,0
7688,824,2024-09-25,916.14,916.14,0
7689,824,2024-10-28,916.14,916.14,0
7690,824,2024-11-28,916.14,916.14,0
7691,824,2024-12-24,916.14,916.14,0
7692,824,2025-01-25,916.14,916.14,0
7693,824,2025-02-27,916.14,916.14,0
7694,824,2025-03-27,916.14,916.14,0
7695,824,2025-04-27,916.14,916.14,0
7696,824,2025-05-22,916.14,916.14,0
7697,824,2025-06-22,916.14,916.14,0
7698,824,2025-07-24,916.14,916.14,0
7699,824,2025-08-22,916.14,916.14,0
7700,824,2025-09-23,916.14,916.14,0
7701,824,2025-10-26,916.14,916.14,0
7702,824,2025-11-27,916.14,916.14,0
7703,824,2025-12-22,916.14,916.14,0
7704,825,2024-09-23,266.21,266.21,0
7705,825,2024-10-25,266.21,266.21,0
7706,825,2024-11-24,266.21,266.21,0
7707,825,2024-12-27,266.21,266.21,0
7708,825,2025-01-28,266.21,266.21,0
7709,825,2025-02-26,266.21,266.21,0
7710,825,2025-03-28,266.21,266.21,0
7711,825,2025-04-27,266.21,266.21,0
7712,825,2025-05-23,266.21,266.21,0
7713,825,2025-06-26,266.21,266.21,0
7714,825,2025-07-28,266.21,266.21,0
7715,825,2025-08-22,266.21,266.21,0
7716,825,2025-09-27,266.21,266.21,0
7717,825,2025-10-28,266.21,266.21,0
7718,825,2025-11-23,266.21,266.21,0
7719,825,2026-02-18,266.21,218.45,57
7720,826,2025-11-26,433.06,433.06,0
7721,826,2025-12-22,433.06,433.06,0
7722,827,2024-11-23,650.25,650.25,0
7723,827,2024-12-25,650.25,650.25,0
7724,827,2025-01-28,650.25,650.25,0
7725,827,2025-02-22,650.25,650.25,0
7726,827,2025-03-26,650.25,650.25,0
7727,827,2025-04-28,650.25,650.25,0
7728,827,2025-05-23,650.25,650.25,0
7729,827,2025-06-27,650.25,650.25,0
7730,827,2025-07-27,650.25,650.25,0
7731,827,2025-08-24,650.25,650.25,0
7732,827,2025-09-23,650.25,650.25,0
7733,827,2025-10-26,650.25,650.25,0
7734,827,2025-11-26,650.25,650.25,0
7735,827,2025-12-25,650.25,650.25,0
7736,828,2024-11-28,440.2,440.2,0
7737,828,2024-12-25,440.2,440.2,0
7738,828,2025-01-22,440.2,440.2,0
7739,828,2025-02-22,440.2,440.2,0
7740,828,2025-03-22,440.2,440.2,0
7741,828,2025-04-26,440.2,440.2,0
7742,828,2025-06-07,440.2,396.28,12
7743,828,2025-09-09,440.2,72.46,73
7744,828,2025-09-16,440.2,367.96,51
7745,828,2025-08-23,440.2,440.2,0
7746,828,2025-09-25,440.2,440.2,0
7747,828,2025-10-27,440.2,440.2,0
7748,828,2025-11-26,440.2,440.2,0
7749,828,2026-05-14,440.2,43.36,137
7750,829,2025-07-06,114.05,92.11,13
7751,829,2025-07-26,114.05,114.05,0
7752,829,2025-08-23,114.05,114.05,0
7753,829,2025-09-25,114.05,114.05,0
7754,829,2026-01-06,114.05,94.9,75
7755,829,2025-11-26,114.05,114.05,0
7756,829,2025-12-28,114.05,114.05,0
7757,830,2025-06-24,259.19,259.19,0
7758,830,2025-07-23,259.19,259.19,0
7759,830,2025-08-23,259.19,259.19,0
7760,830,2025-09-22,259.19,259.19,0
7761,830,2025-10-24,259.19,259.19,0
7762,830,2025-11-24,259.19,259.19,0
7763,830,2025-12-23,259.19,259.19,0
7764,831,2025-01-23,258.1,258.1,0
7765,831,2025-02-25,258.1,258.1,0
7766,831,2025-03-22,258.1,258.1,0
7767,831,2025-04-25,258.1,258.1,0
7768,831,2025-08-08,258.1,223.12,78
7769,831,2025-06-27,258.1,258.1,0
7770,831,2025-09-14,258.1,243.01,51
7771,831,2025-09-10,258.1,212.63,18
7772,831,2025-09-27,258.1,258.1,0
7773,831,2025-10-26,258.1,258.1,0
7774,831,2025-11-22,258.1,258.1,0
7775,831,2025-12-27,258.1,258.1,0
7776,832,2025-05-22,770.65,770.65,0
7777,832,2025-06-27,770.65,770.65,0
7778,832,2025-12-18,770.65,274.12,148
7779,832,2025-08-26,770.65,770.65,0
7780,832,2025-09-26,770.65,770.65,0
7781,832,2025-10-24,770.65,770.65,0
7782,832,2025-11-25,770.65,770.65,0
7783,832,2025-12-28,770.65,770.65,0
7784,833,2025-06-28,716.41,716.41,0
7785,833,2025-07-26,716.41,693.24,1
7786,833,2025-08-25,716.41,716.41,0
7787,833,2025-09-26,716.41,716.41,0
7788,833,2025-10-25,716.41,716.41,0
7789,833,2025-11-23,716.41,716.41,0
7790,833,2026-01-31,716.41,664.07,40
7791,835,2024-11-28,1066.51,1066.51,0
7792,835,2024-12-22,1066.51,1066.51,0
7793,835,2025-01-24,1066.51,1066.51,0
7794,835,2025-02-26,1066.51,1066.51,0
7795,835,2025-03-23,1066.51,1066.51,0
7796,835,2025-04-28,1066.51,1066.51,0
7797,835,2025-05-24,1066.51,1066.51,0
7798,835,2025-06-24,1066.51,1066.51,0
7799,835,2025-07-23,1066.51,1066.51,0
7800,835,2025-08-26,1066.51,1066.51,0
7801,835,2025-09-22,1066.51,1066.51,0
7802,835,2025-10-27,1066.51,1066.51,0
7803,835,2025-11-25,1066.51,1066.51,0
7804,835,2025-12-23,1066.51,1066.51,0
7805,836,2025-01-25,2022.15,2022.15,0
7806,836,2025-02-27,2022.15,2022.15,0
7807,836,2025-03-25,2022.15,2022.15,0
7808,836,2025-04-23,2022.15,2022.15,0
7809,836,2025-05-27,2022.15,2022.15,0
7810,836,2025-06-24,2022.15,2022.15,0
7811,836,2025-07-27,2022.15,2022.15,0
7812,836,2025-08-28,2022.15,2022.15,0
7813,836,2025-09-28,2022.15,2022.15,0
7814,836,2025-10-26,2022.15,2022.15,0
7815,836,2025-11-28,2022.15,2022.15,0
7816,836,2025-12-25,2022.15,2022.15,0
7817,837,2025-05-24,203.96,203.96,0
7818,837,2025-06-23,203.96,203.96,0
7819,837,2025-07-26,203.96,203.96,0
7820,837,2025-08-22,203.96,203.96,0
7821,837,2025-09-26,203.96,203.96,0
7822,837,2025-10-27,203.96,203.96,0
7823,837,2025-11-28,203.96,203.96,0
7824,837,2025-12-26,203.96,203.96,0
7825,838,2024-09-22,265.16,265.16,0
7826,838,2024-10-27,265.16,265.16,0
7827,838,2024-11-23,265.16,265.16,0
7828,838,2024-12-27,265.16,265.16,0
7829,838,2025-01-24,265.16,265.16,0
7830,838,2025-04-30,265.16,245.42,62
7831,838,2025-03-22,265.16,265.16,0
7832,838,2025-04-26,265.16,265.16,0
7833,838,2025-05-24,265.16,265.16,0
7834,838,2025-06-23,265.16,265.16,0
7835,838,2025-07-27,265.16,265.16,0
7836,838,2025-09-14,265.16,256.66,21
7837,838,2025-09-23,265.16,265.16,0
7838,838,2025-10-24,265.16,265.16,0
7839,838,2025-11-24,265.16,265.16,0
7840,838,2025-12-25,265.16,265.16,0
7841,840,2025-01-25,460.63,460.63,0
7842,840,2025-02-26,460.63,460.63,0
7843,840,2025-03-26,460.63,460.63,0
7844,840,2025-04-24,460.63,460.63,0
7845,840,2025-05-28,460.63,460.63,0
7846,840,2025-06-28,460.63,460.63,0
7847,840,2025-07-27,460.63,460.63,0
7848,840,2025-08-23,460.63,460.63,0
7849,840,2025-09-26,460.63,460.63,0
7850,840,2025-10-24,460.63,460.63,0
7851,840,2025-11-27,460.63,460.63,0
7852,840,2025-12-25,460.63,460.63,0
7853,841,2024-12-25,562.09,562.09,0
7854,841,2025-01-22,562.09,562.09,0
7855,841,2025-02-22,562.09,562.09,0
7856,841,2025-03-25,562.09,562.09,0
7857,841,2025-04-24,562.09,562.09,0
7858,841,2025-05-22,562.09,562.09,0
7859,841,2025-06-28,562.09,562.09,0
7860,841,2025-07-22,562.09,562.09,0
7861,841,2025-08-27,562.09,562.09,0
7862,841,2025-09-28,562.09,562.09,0
7863,841,2025-10-26,562.09,562.09,0
7864,841,2026-02-22,562.09,461.8,89
7865,841,2025-12-25,562.09,562.09,0
7866,843,2025-06-23,83.38,20.82,57
7867,843,2025-05-26,83.38,83.38,0
7868,843,2025-06-28,83.38,83.38,0
7869,843,2025-07-24,83.38,83.38,0
7870,843,2025-08-27,83.38,83.38,0
7871,843,2025-09-26,83.38,83.38,0
7872,843,2025-10-23,83.38,83.38,0
7873,843,2025-11-23,83.38,83.38,0
7874,843,2025-12-25,83.38,83.38,0
7875,844,2024-11-23,487.42,487.42,0
7876,844,2024-12-24,487.42,487.42,0
7877,844,2025-01-25,487.42,487.42,0
7878,844,2025-02-28,487.42,487.42,0
7879,844,2025-03-22,487.42,487.42,0
7880,844,2025-04-27,487.42,487.42,0
7881,844,2025-05-23,487.42,487.42,0
7882,844,2025-06-26,487.42,487.42,0
7883,844,2025-07-27,487.42,487.42,0
7884,844,2025-08-25,487.42,487.42,0
7885,844,2025-09-26,487.42,487.42,0
7886,844,2025-10-28,487.42,487.42,0
7887,844,2025-11-28,487.42,487.42,0
7888,844,2026-03-03,487.42,431.62,65
7889,845,2024-10-25,247.03,247.03,0
7890,845,2024-11-22,247.03,247.03,0
7891,845,2024-12-25,247.03,247.03,0
7892,845,2025-01-22,247.03,247.03,0
7893,845,2025-02-22,247.03,247.03,0
7894,845,2025-03-25,247.03,247.03,0
7895,845,2025-04-24,247.03,247.03,0
7896,845,2025-05-24,247.03,247.03,0
7897,845,2025-06-27,247.03,247.03,0
7898,845,2025-07-22,247.03,247.03,0
7899,845,2025-08-22,247.03,247.03,0
7900,845,2025-09-23,247.03,247.03,0
7901,845,2025-10-24,247.03,247.03,0
7902,845,2025-11-28,247.03,247.03,0
7903,845,2025-12-24,247.03,247.03,0
7904,846,2025-07-25,1270.42,1270.42,0
7905,846,2025-08-27,1270.42,1270.42,0
7906,846,2025-09-24,1270.42,1270.42,0
7907,846,2025-10-27,1270.42,1270.42,0
7908,846,2025-11-24,1270.42,1270.42,0
7909,846,2025-12-22,1270.42,1270.42,0
7910,847,2024-11-25,914.92,914.92,0
7911,847,2025-01-05,914.92,905.29,10
7912,847,2025-01-25,914.92,914.92,0
7913,847,2025-02-27,914.92,914.92,0
7914,847,2025-03-23,914.92,914.92,0
7915,847,2025-04-27,914.92,914.92,0
7916,847,2025-08-19,914.92,845.41,83
7917,847,2025-06-23,914.92,914.92,0
7918,847,2025-07-27,914.92,914.92,0
7919,847,2025-08-22,914.92,914.92,0
7920,847,2025-09-22,914.92,914.92,0
7921,847,2025-10-24,914.92,914.92,0
7922,847,2025-11-26,914.92,914.92,0
7923,847,2025-12-28,914.92,914.92,0
7924,848,2025-06-22,1448.1,1448.1,0
7925,848,2025-08-20,1448.1,1160.51,27
7926,848,2025-08-26,1448.1,1448.1,0
7927,848,2025-09-27,1448.1,1448.1,0
7928,848,2025-10-24,1448.1,1448.1,0
7929,848,2026-01-15,1448.1,295.68,53
7930,848,2025-12-23,1448.1,1448.1,0
7931,849,2025-05-27,286.29,286.29,0
7932,849,2025-06-23,286.29,286.29,0
7933,849,2025-09-21,286.29,252.79,59
7934,849,2025-08-27,286.29,286.29,0
7935,849,2025-11-24,286.29,230.34,63
7936,849,2025-10-24,286.29,286.29,0
7937,849,2025-11-27,286.29,286.29,0
7938,849,2025-12-22,286.29,286.29,0
7939,850,2025-04-26,585.98,585.98,0
7940,850,2025-05-22,585.98,585.98,0
7941,850,2025-06-25,585.98,585.98,0
7942,850,2025-08-30,585.98,199.22,38
7943,850,2025-08-25,585.98,585.98,0
7944,850,2025-09-22,585.98,585.98,0
7945,850,2025-10-28,585.98,585.98,0
7946,850,2025-11-24,585.98,585.98,0
7947,850,2026-02-21,585.98,577.64,58
7948,852,2025-02-26,101.85,101.85,0
7949,852,2025-03-23,101.85,101.85,0
7950,852,2025-04-26,101.85,101.85,0
7951,852,2025-05-23,101.85,101.85,0
7952,852,2025-06-27,101.85,101.85,0
7953,852,2025-07-27,101.85,101.85,0
7954,852,2026-01-10,101.85,14.44,140
7955,852,2025-09-27,101.85,101.85,0
7956,852,2025-12-09,101.85,81.68,45
7957,852,2025-11-27,101.85,101.85,0
7958,852,2026-01-05,101.85,92.35,14
7959,853,2024-10-27,108.24,108.24,0
7960,853,2024-11-24,108.24,108.24,0
7961,853,2024-12-25,108.24,108.24,0
7962,853,2025-01-28,108.24,108.24,0
7963,853,2025-03-05,108.24,94.19,6
7964,853,2025-03-26,108.24,108.24,0
7965,853,2025-05-28,108.24,106.86,35
7966,853,2025-05-23,108.24,108.24,0
7967,853,2025-06-26,108.24,108.24,0
7968,853,2025-07-25,108.24,108.24,0
7969,853,2025-08-24,108.24,108.24,0
7970,853,2025-09-26,108.24,108.24,0
7971,853,2025-10-22,108.24,108.24,0
7972,853,2025-11-24,108.24,108.24,0
7973,853,2025-12-22,108.24,108.24,0
7974,854,2025-03-23,1509.48,1509.48,0
7975,854,2025-04-27,1509.48,1509.48,0
7976,854,2025-05-25,1509.48,1509.48,0
7977,854,2025-06-24,1509.48,1509.48,0
7978,854,2025-07-27,1509.48,1509.48,0
7979,854,2025-08-24,1509.48,1509.48,0
7980,854,2025-09-26,1509.48,1509.48,0
7981,854,2025-10-26,1509.48,1509.48,0
7982,854,2025-11-22,1509.48,1509.48,0
7983,854,2025-12-31,1509.48,1297.71,8
7984,855,2025-03-23,194.94,194.94,0
7985,855,2025-04-28,194.94,194.94,0
7986,855,2025-05-25,194.94,194.94,0
7987,855,2025-06-22,194.94,194.94,0
7988,855,2025-07-25,194.94,194.94,0
7989,855,2025-08-24,194.94,194.94,0
7990,855,2025-09-22,194.94,194.94,0
7991,855,2025-10-22,194.94,194.94,0
7992,855,2025-11-23,194.94,194.94,0
7993,855,2025-12-22,194.94,194.94,0
7994,856,2025-08-26,319.23,319.23,0
7995,856,2025-09-23,319.23,319.23,0
7996,856,2025-10-26,319.23,319.23,0
7997,856,2025-11-23,319.23,319.23,0
7998,856,2025-12-27,319.23,319.23,0
7999,858,2025-05-25,66.22,66.22,0
8000,858,2025-06-26,66.22,66.22,0
8001,858,2025-07-24,66.22,66.22,0
8002,858,2025-10-23,66.22,61.19,61
8003,858,2025-11-19,66.22,65.91,55
8004,858,2025-10-24,66.22,66.22,0
8005,858,2025-11-25,66.22,66.22,0
8006,858,2025-12-25,66.22,66.22,0
8007,859,2024-07-28,191.82,191.82,0
8008,859,2024-10-25,191.82,188.13,60
8009,859,2024-12-19,191.82,191.81,85
8010,859,2024-10-26,191.82,191.82,0
8011,859,2024-11-25,191.82,191.82,0
8012,859,2024-12-23,191.82,191.82,0
8013,859,2025-01-22,191.82,191.82,0
8014,859,2025-02-24,191.82,191.82,0
8015,859,2025-03-23,191.82,191.82,0
8016,859,2025-04-27,191.82,191.82,0
8017,859,2025-05-26,191.82,191.82,0
8018,859,2025-07-07,191.82,177.25,9
8019,859,2025-07-22,191.82,191.82,0
8020,860,2025-06-28,213.72,213.72,0
8021,860,2025-07-25,213.72,213.72,0
8022,860,2025-08-24,213.72,213.72,0
8023,860,2025-09-25,213.72,213.72,0
8024,860,2025-10-22,213.72,213.72,0
8025,860,2025-11-22,213.72,213.72,0
8026,860,2025-12-24,213.72,213.72,0
8027,861,2024-09-24,306.7,306.7,0
8028,861,2024-10-27,306.7,306.7,0
8029,861,2024-11-28,306.7,306.7,0
8030,861,2024-12-22,306.7,306.7,0
8031,861,2025-03-30,306.7,72.4,63
8032,861,2025-04-02,306.7,249.44,38
8033,861,2025-03-26,306.7,306.7,0
8034,861,2025-04-23,306.7,306.7,0
8035,861,2025-05-24,306.7,306.7,0
8036,861,2025-06-24,306.7,306.7,0
8037,861,2025-07-28,306.7,306.7,0
8038,861,2025-09-02,306.7,247.89,11
8039,861,2025-09-26,306.7,306.7,0
8040,861,2025-10-22,306.7,306.7,0
8041,861,2025-11-22,306.7,306.7,0
8042,861,2025-12-28,306.7,306.7,0
8043,862,2025-06-08,914.97,844.46,76
8044,862,2025-04-27,914.97,914.97,0
8045,862,2025-05-28,914.97,914.97,0
8046,862,2025-06-28,914.97,914.97,0
8047,862,2025-07-22,914.97,914.97,0
8048,862,2025-08-27,914.97,914.97,0
8049,862,2025-09-23,914.97,914.97,0
8050,862,2025-10-22,914.97,914.97,0
8051,862,2025-11-26,914.97,914.97,0
8052,862,2025-12-23,914.97,914.97,0
8053,863,2025-12-24,490.07,490.07,0
8054,864,2025-04-28,373.85,373.85,0
8055,864,2025-05-28,373.85,373.85,0
8056,864,2025-06-24,373.85,373.85,0
8057,864,2025-07-26,373.85,373.85,0
8058,864,2025-08-26,373.85,373.85,0
8059,864,2025-09-26,373.85,373.85,0
8060,864,2025-10-22,373.85,373.85,0
8061,864,2026-01-25,373.85,314.46,58
8062,864,2025-12-23,373.85,373.85,0
8063,865,2025-06-27,341.57,341.57,0
8064,865,2025-07-24,341.57,341.57,0
8065,865,2025-08-25,341.57,341.57,0
8066,865,2025-09-24,341.57,341.57,0
8067,865,2025-10-26,341.57,341.57,0
8068,865,2025-11-28,341.57,341.57,0
8069,865,2025-12-27,341.57,341.57,0
8070,866,2025-08-14,1108.55,385.43,140
8071,866,2025-04-27,1108.55,1108.55,0
8072,866,2025-05-22,1108.55,1108.55,0
8073,866,2025-06-22,1108.55,1108.55,0
8074,866,2025-07-22,1108.55,1108.55,0
8075,866,2025-08-28,1108.55,1108.55,0
8076,866,2025-09-23,1108.55,1108.55,0
8077,866,2025-10-22,1108.55,1108.55,0
8078,866,2025-11-24,1108.55,1108.55,0
8079,866,2025-12-22,1108.55,1108.55,0
8080,867,2024-10-25,780.27,780.27,0
8081,867,2024-11-25,780.27,780.27,0
8082,867,2024-12-22,780.27,780.27,0
8083,867,2025-01-24,780.27,780.27,0
8084,867,2025-02-23,780.27,780.27,0
8085,867,2025-03-26,780.27,780.27,0
8086,867,2025-04-23,780.27,780.27,0
8087,867,2025-05-28,780.27,780.27,0
8088,867,2025-06-24,780.27,780.27,0
8089,867,2025-07-26,780.27,780.27,0
8090,867,2025-08-24,780.27,780.27,0
8091,867,2025-11-18,780.27,140.99,54
8092,867,2025-10-22,780.27,780.27,0
8093,867,2025-11-28,780.27,780.27,0
8094,867,2025-12-24,780.27,780.27,0
8095,868,2026-01-22,593.73,516.33,87
8096,868,2025-11-25,593.73,593.73,0
8097,868,2025-12-23,593.73,593.73,0
8098,869,2025-10-25,461.85,461.85,0
8099,869,2025-11-24,461.85,461.85,0
8100,869,2025-12-24,461.85,461.85,0
8101,870,2025-05-23,225.58,225.58,0
8102,870,2025-06-22,225.58,225.58,0
8103,870,2025-07-22,225.58,225.58,0
8104,870,2025-08-24,225.58,225.58,0
8105,870,2025-12-15,225.58,220.39,84
8106,870,2025-10-22,225.58,225.58,0
8107,870,2025-11-24,225.58,225.58,0
8108,870,2025-12-23,225.58,225.58,0
8109,872,2024-01-25,308.35,308.35,0
8110,872,2024-02-25,308.35,308.35,0
8111,872,2024-03-22,308.35,308.35,0
8112,872,2024-04-22,308.35,308.35,0
8113,872,2024-05-25,308.35,308.35,0
8114,872,2024-06-24,308.35,308.35,0
8115,872,2024-07-25,308.35,308.35,0
8116,872,2024-08-23,308.35,308.35,0
8117,872,2024-09-22,308.35,308.35,0
8118,872,2024-10-25,308.35,308.35,0
8119,872,2024-11-23,308.35,308.35,0
8120,872,2024-12-27,308.35,308.35,0
8121,872,2025-01-27,308.35,308.35,0
8122,872,2025-02-23,308.35,308.35,0
8123,872,2025-03-25,308.35,308.35,0
8124,872,2025-04-24,308.35,308.35,0
8125,872,2025-05-26,308.35,308.35,0
8126,872,2025-07-29,308.35,256.74,35
8127,872,2025-07-28,308.35,308.35,0
8128,872,2025-08-23,308.35,308.35,0
8129,872,2025-10-06,308.35,255.86,12
8130,872,2025-10-22,308.35,308.35,0
8131,872,2025-11-28,308.35,308.35,0
8132,872,2025-12-25,308.35,308.35,0
8133,873,2025-05-27,527.56,527.56,0
8134,873,2025-06-26,527.56,527.56,0
8135,873,2025-07-25,527.56,527.56,0
8136,873,2025-08-25,527.56,527.56,0
8137,873,2025-09-22,527.56,527.56,0
8138,873,2025-10-26,527.56,527.56,0
8139,873,2025-11-24,527.56,527.56,0
8140,873,2025-12-22,527.56,527.56,0
8141,874,2025-07-05,118.75,113.57,12
8142,874,2025-07-22,118.75,118.75,0
8143,874,2025-10-02,118.75,103.76,39
8144,874,2025-10-25,118.75,99.77,30
8145,874,2025-11-20,118.75,97.44,27
8146,874,2025-11-28,118.75,118.75,0
8147,874,2025-12-26,118.75,118.75,0
8148,876,2025-12-22,198.3,198.3,0
8149,877,2025-01-25,289.0,289.0,0
8150,877,2025-02-27,289.0,289.0,0
8151,877,2025-03-22,289.0,289.0,0
8152,877,2025-04-22,289.0,289.0,0
8153,877,2025-05-26,289.0,289.0,0
8154,877,2025-06-25,289.0,289.0,0
8155,877,2025-07-22,289.0,289.0,0
8156,877,2025-09-05,289.0,257.65,10
8157,877,2025-09-22,289.0,289.0,0
8158,877,2025-10-28,289.0,289.0,0
8159,877,2025-12-01,289.0,287.71,9
8160,877,2025-12-23,289.0,289.0,0
8161,878,2025-09-23,502.12,502.12,0
8162,878,2025-10-23,502.12,502.12,0
8163,878,2025-11-28,502.12,502.12,0
8164,878,2025-12-23,502.12,502.12,0
8165,879,2025-12-23,827.46,827.46,0
8166,880,2024-08-22,153.32,153.32,0
8167,880,2024-10-03,153.32,126.29,6
8168,880,2024-10-28,153.32,153.32,0
8169,880,2025-03-28,153.32,43.86,121
8170,880,2024-12-26,153.32,153.32,0
8171,880,2025-01-22,153.32,153.32,0
8172,880,2025-02-24,153.32,153.32,0
8173,880,2025-03-26,153.32,153.32,0
8174,880,2025-04-22,153.32,153.32,0
8175,880,2025-05-23,153.32,153.32,0
8176,880,2025-06-22,153.32,153.32,0
8177,880,2025-07-24,153.32,153.32,0
8178,880,2025-09-12,153.32,139.24,17
8179,880,2025-09-27,153.32,153.32,0
8180,880,2026-01-28,153.32,17.21,92
8181,880,2025-11-28,153.32,153.32,0
8182,880,2025-12-28,153.32,153.32,0
8183,882,2025-10-26,252.52,252.52,0
8184,882,2025-11-28,252.52,252.52,0
8185,882,2025-12-28,252.52,252.52,0
8186,883,2025-10-28,258.6,258.6,0
8187,883,2025-11-26,258.6,258.6,0
8188,883,2025-12-26,258.6,258.6,0
8189,884,2025-06-26,985.31,985.31,0
8190,884,2025-07-25,985.31,985.31,0
8191,884,2025-08-27,985.31,985.31,0
8192,884,2025-09-25,985.31,985.31,0
8193,884,2025-10-27,985.31,985.31,0
8194,884,2025-11-28,985.31,985.31,0
8195,884,2025-12-26,985.31,985.31,0
8196,885,2024-03-23,491.3,491.3,0
8197,885,2024-04-23,491.3,491.3,0
8198,885,2024-05-26,491.3,491.3,0
8199,885,2024-06-30,491.3,422.4,2
8200,885,2024-07-24,491.3,491.3,0
8201,885,2024-08-23,491.3,491.3,0
8202,885,2024-09-26,491.3,491.3,0
8203,885,2024-10-23,491.3,491.3,0
8204,885,2024-11-22,491.3,491.3,0
8205,885,2025-03-29,491.3,139.17,97
8206,885,2025-01-26,491.3,491.3,0
8207,885,2025-02-25,491.3,491.3,0
8208,885,2025-09-13,491.3,120.77,175
8209,885,2025-04-26,491.3,491.3,0
8210,885,2025-05-24,491.3,491.3,0
8211,885,2025-06-28,491.3,491.3,0
8212,885,2025-07-23,491.3,491.3,0
8213,885,2025-11-07,491.3,466.9,77
8214,885,2025-09-22,491.3,491.3,0
8215,885,2025-10-22,491.3,491.3,0
8216,885,2025-11-25,491.3,491.3,0
8217,885,2025-12-22,491.3,491.3,0
8218,886,2024-05-22,2531.9,2531.9,0
8219,886,2024-06-24,2531.9,2531.9,0
8220,886,2024-07-23,2531.9,2531.9,0
8221,886,2024-08-27,2531.9,2531.9,0
8222,886,2024-09-28,2531.9,2531.9,0
8223,886,2024-10-22,2531.9,2531.9,0
8224,886,2024-11-25,2531.9,2531.9,0
8225,886,2024-12-23,2531.9,2531.9,0
8226,886,2025-01-27,2531.9,2531.9,0
8227,886,2025-02-24,2531.9,2531.9,0
8228,886,2025-04-23,2531.9,2333.44,29
8229,886,2025-04-28,2531.9,2531.9,0
8230,886,2025-05-26,2531.9,2531.9,0
8231,886,2025-07-12,2531.9,2421.54,18
8232,886,2025-07-27,2531.9,2531.9,0
8233,886,2025-08-26,2531.9,2531.9,0
8234,886,2025-09-22,2531.9,2531.9,0
8235,886,2025-10-26,2531.9,2531.9,0
8236,886,2025-11-26,2531.9,2531.9,0
8237,886,2025-12-23,2531.9,2531.9,0
8238,887,2025-04-28,111.01,111.01,0
8239,887,2025-05-28,111.01,111.01,0
8240,887,2025-06-23,111.01,111.01,0
8241,887,2025-07-25,111.01,111.01,0
8242,887,2025-08-23,111.01,111.01,0
8243,887,2025-09-23,111.01,111.01,0
8244,887,2025-10-23,111.01,111.01,0
8245,887,2025-11-24,111.01,111.01,0
8246,887,2025-12-27,111.01,111.01,0
8247,888,2025-04-24,1560.46,1560.46,0
8248,888,2025-05-28,1560.46,1560.46,0
8249,888,2025-06-22,1560.46,1560.46,0
8250,888,2025-07-25,1560.46,1560.46,0
8251,888,2025-08-23,1560.46,1560.46,0
8252,888,2025-09-24,1560.46,1560.46,0
8253,888,2025-10-23,1560.46,1560.46,0
8254,888,2025-11-22,1560.46,1560.46,0
8255,888,2025-12-22,1560.46,1560.46,0
8256,889,2025-07-26,98.8,98.8,0
8257,889,2025-08-22,98.8,98.8,0
8258,889,2025-09-22,98.8,98.8,0
8259,889,2025-10-27,98.8,98.8,0
8260,889,2025-11-28,98.8,98.8,0
8261,889,2025-12-28,98.8,98.8,0
8262,890,2025-01-27,412.08,412.08,0
8263,890,2025-04-20,412.08,383.12,54
8264,890,2025-03-24,412.08,412.08,0
8265,890,2025-04-28,412.08,412.08,0
8266,890,2025-05-23,412.08,412.08,0
8267,890,2025-06-26,412.08,412.08,0
8268,890,2025-07-25,412.08,412.08,0
8269,890,2025-08-26,412.08,412.08,0
8270,890,2025-09-27,412.08,412.08,0
8271,890,2026-01-11,412.08,384.93,78
8272,890,2025-11-22,412.08,412.08,0
8273,890,2025-12-28,412.08,412.08,0
8274,891,2025-06-24,384.12,384.12,0
8275,891,2025-07-25,384.12,384.12,0
8276,891,2025-08-22,384.12,384.12,0
8277,891,2025-09-27,384.12,384.12,0
8278,891,2025-10-24,384.12,384.12,0
8279,891,2025-11-28,384.12,384.12,0
8280,891,2025-12-26,384.12,384.12,0
8281,892,2025-09-26,113.54,113.54,0
8282,892,2025-10-27,113.54,113.54,0
8283,892,2026-01-12,113.54,100.87,50
8284,892,2025-12-28,113.54,113.54,0
8285,893,2025-10-28,386.61,386.61,0
8286,893,2025-11-26,386.61,386.61,0
8287,893,2025-12-27,386.61,386.61,0
8288,894,2025-04-22,141.85,141.85,0
8289,894,2025-08-13,141.85,125.56,77
8290,894,2025-06-22,141.85,141.85,0
8291,894,2025-07-24,141.85,141.85,0
8292,894,2025-08-28,141.85,141.85,0
8293,894,2025-09-23,141.85,141.85,0
8294,894,2025-10-24,141.85,141.85,0
8295,894,2025-11-26,141.85,141.85,0
8296,894,2025-12-28,141.85,141.85,0
8297,895,2025-05-24,154.53,154.53,0
8298,895,2025-12-08,154.53,37.47,167
8299,895,2025-07-27,154.53,154.53,0
8300,895,2025-08-28,154.53,154.53,0
8301,895,2025-09-26,154.53,154.53,0
8302,895,2025-10-27,154.53,154.53,0
8303,895,2025-11-23,154.53,154.53,0
8304,895,2026-03-25,154.53,0.65,90
8305,898,2025-06-27,1682.81,1682.81,0
8306,898,2025-07-27,1682.81,1682.81,0
8307,898,2025-08-25,1682.81,1682.81,0
8308,898,2025-09-24,1682.81,1682.81,0
8309,898,2025-10-26,1682.81,1682.81,0
8310,898,2025-11-26,1682.81,1682.81,0
8311,898,2025-12-23,1682.81,1682.81,0
8312,899,2025-06-26,354.83,354.83,0
8313,899,2025-07-26,354.83,354.83,0
8314,899,2025-08-26,354.83,354.83,0
8315,899,2025-09-23,354.83,354.83,0
8316,899,2025-10-27,354.83,354.83,0
8317,899,2025-11-27,354.83,354.83,0
8318,899,2025-12-26,354.83,354.83,0
8319,900,2025-07-26,437.01,437.01,0
8320,900,2025-08-25,437.01,437.01,0
8321,900,2025-09-24,437.01,437.01,0
8322,900,2026-01-23,437.01,122.92,93
8323,900,2025-11-24,437.01,437.01,0
8324,900,2025-12-26,437.01,437.01,0
8325,901,2025-09-01,933.29,903.11,68
8326,901,2025-07-22,933.29,933.29,0
8327,901,2026-01-20,933.29,113.51,151
8328,901,2025-09-28,933.29,933.29,0
8329,901,2025-10-27,933.29,933.29,0
8330,901,2025-11-26,933.29,933.29,0
8331,901,2025-12-24,933.29,933.29,0
8332,902,2024-02-24,139.38,139.38,0
8333,902,2024-03-28,139.38,139.38,0
8334,902,2024-04-22,139.38,139.38,0
8335,902,2024-06-28,139.38,133.5,32
8336,902,2024-08-28,139.38,125.61,65
8337,902,2024-07-28,139.38,139.38,0
8338,902,2024-08-22,139.38,139.38,0
8339,902,2024-09-22,139.38,139.38,0
8340,902,2024-10-26,139.38,139.38,0
8341,902,2024-11-24,139.38,139.38,0
8342,902,2024-12-27,139.38,139.38,0
8343,902,2025-01-24,139.38,139.38,0
8344,902,2025-02-23,139.38,139.38,0
8345,902,2025-03-26,139.38,139.38,0
8346,902,2025-04-23,139.38,139.38,0
8347,902,2025-05-22,139.38,139.38,0
8348,902,2025-06-25,139.38,139.38,0
8349,902,2025-07-24,139.38,139.38,0
8350,902,2025-08-25,139.38,139.38,0
8351,902,2025-09-23,139.38,139.38,0
8352,902,2025-10-27,139.38,139.38,0
8353,902,2025-11-23,139.38,139.38,0
8354,902,2025-12-23,139.38,139.38,0
8355,903,2025-05-24,277.87,277.87,0
8356,903,2025-06-27,277.87,277.87,0
8357,903,2025-07-23,277.87,277.87,0
8358,903,2025-08-24,277.87,277.87,0
8359,903,2025-09-26,277.87,277.87,0
8360,903,2025-10-28,277.87,277.87,0
8361,903,2025-11-26,277.87,277.87,0
8362,903,2025-12-23,277.87,277.87,0
8363,904,2024-12-22,522.35,522.35,0
8364,904,2025-01-24,522.35,522.35,0
8365,904,2025-02-24,522.35,522.35,0
8366,904,2025-03-25,522.35,522.35,0
8367,904,2025-04-22,522.35,522.35,0
8368,904,2025-09-18,522.35,145.39,116
8369,904,2025-06-28,522.35,522.35,0
8370,904,2025-07-25,522.35,522.35,0
8371,904,2025-08-28,522.35,522.35,0
8372,904,2025-09-23,522.35,522.35,0
8373,904,2025-10-23,522.35,522.35,0
8374,904,2025-11-25,522.35,522.35,0
8375,904,2025-12-24,522.35,522.35,0
8376,905,2024-01-26,609.62,609.62,0
8377,905,2024-02-24,609.62,609.62,0
8378,905,2024-03-25,609.62,609.62,0
8379,905,2024-04-25,609.62,609.62,0
8380,905,2024-08-11,609.62,542.5,79
8381,905,2024-06-27,609.62,609.62,0
8382,905,2024-07-24,609.62,609.62,0
8383,905,2024-08-23,609.62,609.62,0
8384,905,2024-09-28,609.62,609.62,0
8385,905,2025-02-08,609.62,16.15,105
8386,905,2024-11-25,609.62,609.62,0
8387,905,2025-01-25,609.62,549.51,30
8388,905,2025-01-27,609.62,609.62,0
8389,905,2025-07-23,609.62,125.32,147
8390,905,2025-03-25,609.62,609.62,0
8391,905,2025-04-24,609.62,609.62,0
8392,905,2025-05-26,609.62,609.62,0
8393,905,2025-06-27,609.62,609.62,0
8394,905,2025-07-28,609.62,609.62,0
8395,905,2025-08-25,609.62,609.62,0
8396,905,2025-09-25,609.62,609.62,0
8397,905,2025-10-27,609.62,609.62,0
8398,905,2025-11-28,609.62,609.62,0
8399,905,2025-12-28,609.62,609.62,0
8400,907,2025-03-25,632.55,632.55,0
8401,907,2025-04-26,632.55,632.55,0
8402,907,2025-05-24,632.55,632.55,0
8403,907,2025-06-27,632.55,632.55,0
8404,907,2025-07-28,632.55,632.55,0
8405,907,2025-08-28,632.55,632.55,0
8406,907,2025-09-23,632.55,632.55,0
8407,907,2025-10-27,632.55,632.55,0
8408,907,2025-11-27,632.55,632.55,0
8409,907,2025-12-28,632.55,632.55,0
8410,908,2025-05-23,116.32,116.32,0
8411,908,2025-06-24,116.32,116.32,0
8412,908,2025-07-24,116.32,116.32,0
8413,908,2025-08-28,116.32,116.32,0
8414,908,2025-09-24,116.32,116.32,0
8415,908,2025-10-25,116.32,116.32,0
8416,908,2025-11-27,116.32,116.32,0
8417,908,2025-12-24,116.32,116.32,0
8418,910,2025-03-23,360.95,360.95,0
8419,910,2025-04-27,360.95,360.95,0
8420,910,2025-05-24,360.95,360.95,0
8421,910,2025-06-22,360.95,360.95,0
8422,910,2025-07-28,360.95,360.95,0
8423,910,2025-08-27,360.95,360.95,0
8424,910,2025-12-07,360.95,354.37,70
8425,910,2025-10-23,360.95,360.95,0
8426,910,2025-11-23,360.95,360.95,0
8427,910,2025-12-23,360.95,360.95,0
8428,911,2025-10-28,1073.55,1073.55,0
8429,911,2025-11-22,1073.55,1073.55,0
8430,911,2025-12-28,1073.55,1073.55,0
8431,912,2025-09-22,183.11,183.11,0
8432,912,2025-10-27,183.11,183.11,0
8433,912,2025-11-27,183.11,183.11,0
8434,912,2025-12-24,183.11,183.11,0
8435,913,2025-11-26,474.56,474.56,0
8436,913,2025-12-23,474.56,474.56,0
8437,914,2024-10-24,97.68,97.68,0
8438,914,2024-11-25,97.68,97.68,0
8439,914,2024-12-24,97.68,97.68,0
8440,914,2025-01-26,97.68,97.68,0
8441,914,2025-02-27,97.68,97.68,0
8442,914,2025-06-09,97.68,96.89,75
8443,914,2025-04-28,97.68,97.68,0
8444,914,2025-06-23,97.68,93.53,29
8445,914,2025-11-11,97.68,16.24,137
8446,914,2025-07-26,97.68,97.68,0
8447,914,2025-08-24,97.68,97.68,0
8448,914,2025-12-04,97.68,83.03,69
8449,914,2025-10-28,97.68,97.68,0
8450,914,2025-11-24,97.68,97.68,0
8451,914,2025-12-23,97.68,97.68,0
8452,915,2025-10-25,145.39,145.39,0
8453,915,2025-11-22,145.39,145.39,0
8454,915,2025-12-27,145.39,145.39,0
8455,916,2025-04-23,197.61,197.61,0
8456,916,2025-05-23,197.61,197.61,0
8457,916,2025-06-26,197.61,197.61,0
8458,916,2025-07-26,197.61,197.61,0
8459,916,2025-08-23,197.61,197.61,0
8460,916,2025-09-27,197.61,197.61,0
8461,916,2025-10-25,197.61,197.61,0
8462,916,2025-11-27,197.61,197.61,0
8463,916,2025-12-28,197.61,197.61,0
8464,917,2025-06-27,324.06,324.06,0
8465,917,2025-12-15,324.06,55.76,140
8466,917,2025-08-27,324.06,324.06,0
8467,917,2025-09-24,324.06,324.06,0
8468,917,2025-12-15,324.06,284.96,49
8469,917,2025-11-28,324.06,324.06,0
8470,917,2025-12-25,324.06,324.06,0
8471,919,2025-04-28,299.04,299.04,0
8472,919,2025-05-22,299.04,299.04,0
8473,919,2025-06-24,299.04,299.04,0
8474,919,2025-07-27,299.04,299.04,0
8475,919,2025-08-24,299.04,299.04,0
8476,919,2026-01-23,299.04,77.24,120
8477,919,2025-10-27,299.04,299.04,0
8478,919,2025-11-22,299.04,299.04,0
8479,919,2025-12-26,299.04,299.04,0
8480,920,2025-04-27,654.0,654.0,0
8481,920,2025-05-25,654.0,654.0,0
8482,920,2025-06-25,654.0,654.0,0
8483,920,2025-07-24,654.0,654.0,0
8484,920,2025-08-26,654.0,654.0,0
8485,920,2025-09-25,654.0,654.0,0
8486,920,2025-10-26,654.0,654.0,0
8487,920,2025-11-24,654.0,654.0,0
8488,920,2025-12-27,654.0,654.0,0
8489,921,2025-10-22,1626.01,1626.01,0
8490,921,2025-11-24,1626.01,1626.01,0
8491,921,2025-12-23,1626.01,1626.01,0
8492,922,2025-09-24,495.44,495.44,0
8493,922,2025-10-28,495.44,495.44,0
8494,922,2025-11-26,495.44,495.44,0
8495,922,2025-12-24,495.44,495.44,0
8496,923,2025-06-27,221.89,221.89,0
8497,923,2025-07-28,221.89,221.89,0
8498,923,2025-08-25,221.89,221.89,0
8499,923,2025-09-23,221.89,221.89,0
8500,923,2026-02-11,221.89,28.46,106
8501,923,2025-11-25,221.89,221.89,0
8502,923,2025-12-23,221.89,221.89,0
8503,924,2024-12-27,234.49,234.49,0
8504,924,2025-01-28,234.49,234.49,0
8505,924,2025-02-25,234.49,234.49,0
8506,924,2025-03-23,234.49,234.49,0
8507,924,2025-04-25,234.49,234.49,0
8508,924,2025-05-28,234.49,234.49,0
8509,924,2025-06-24,234.49,234.49,0
8510,924,2025-07-23,234.49,234.49,0
8511,924,2025-08-23,234.49,234.49,0
8512,924,2025-09-24,234.49,234.49,0
8513,924,2025-10-25,234.49,234.49,0
8514,924,2025-11-28,234.49,234.49,0
8515,924,2025-12-24,234.49,234.49,0
8516,925,2025-03-28,895.5,895.5,0
8517,925,2025-04-22,895.5,895.5,0
8518,925,2025-05-28,895.5,895.5,0
8519,925,2025-06-23,895.5,895.5,0
8520,925,2025-07-27,895.5,895.5,0
8521,925,2025-08-25,895.5,895.5,0
8522,925,2025-09-28,895.5,895.5,0
8523,925,2025-10-24,895.5,895.5,0
8524,925,2025-11-25,895.5,895.5,0
8525,925,2025-12-22,895.5,895.5,0
8526,926,2024-08-27,441.88,441.88,0
8527,926,2024-09-22,441.88,441.88,0
8528,926,2024-10-24,441.88,441.88,0
8529,926,2024-11-22,441.88,441.88,0
8530,926,2024-12-27,441.88,441.88,0
8531,926,2025-01-24,441.88,441.88,0
8532,926,2025-02-28,441.88,441.88,0
8533,926,2025-03-27,441.88,441.88,0
8534,926,2025-04-27,441.88,441.88,0
8535,926,2025-05-24,441.88,441.88,0
8536,926,2025-08-28,441.88,408.68,66
8537,926,2025-07-25,441.88,441.88,0
8538,926,2025-08-28,441.88,441.88,0
8539,926,2025-09-22,441.88,441.88,0
8540,926,2025-10-26,441.88,441.88,0
8541,926,2025-11-27,441.88,441.88,0
8542,926,2025-12-23,441.88,441.88,0
8543,927,2024-04-27,908.64,908.64,0
8544,927,2024-05-25,908.64,908.64,0
8545,927,2024-06-25,908.64,908.64,0
8546,927,2024-07-27,908.64,908.64,0
8547,927,2024-08-25,908.64,908.64,0
8548,927,2024-09-25,908.64,908.64,0
8549,927,2024-10-22,908.64,908.64,0
8550,927,2024-11-24,908.64,908.64,0
8551,927,2024-12-25,908.64,908.64,0
8552,927,2025-01-25,908.64,908.64,0
8553,927,2025-02-23,908.64,908.64,0
8554,927,2025-03-27,908.64,908.64,0
8555,927,2025-04-27,908.64,908.64,0
8556,927,2025-05-23,908.64,908.64,0
8557,927,2025-06-27,908.64,908.64,0
8558,927,2025-07-25,908.64,908.64,0
8559,927,2025-08-28,908.64,908.64,0
8560,927,2025-09-23,908.64,908.64,0
8561,927,2025-11-20,908.64,824.82,28
8562,927,2025-11-26,908.64,908.64,0
8563,927,2025-12-25,908.64,908.64,0
8564,928,2024-07-27,62.06,62.06,0
8565,928,2024-08-27,62.06,62.06,0
8566,928,2024-11-29,62.06,52.42,68
8567,928,2024-10-22,62.06,62.06,0
8568,928,2024-11-28,62.06,62.06,0
8569,928,2024-12-22,62.06,62.06,0
8570,928,2025-01-24,62.06,62.06,0
8571,928,2025-02-24,62.06,62.06,0
8572,928,2025-03-28,62.06,62.06,0
8573,928,2025-04-27,62.06,62.06,0
8574,928,2025-05-25,62.06,62.06,0
8575,928,2025-06-24,62.06,62.06,0
8576,928,2025-07-28,62.06,61.73,4
8577,928,2025-08-27,62.06,62.06,0
8578,928,2025-09-24,62.06,62.06,0
8579,928,2025-10-27,62.06,62.06,0
8580,928,2025-11-28,62.06,62.06,0
8581,928,2025-12-26,62.06,62.06,0
8582,929,2024-11-23,1596.96,1596.96,0
8583,929,2024-12-25,1596.96,1596.96,0
8584,929,2025-01-28,1596.96,1596.96,0
8585,929,2025-02-28,1596.96,1596.96,0
8586,929,2025-03-22,1596.96,1596.96,0
8587,929,2025-04-26,1596.96,1596.96,0
8588,929,2025-05-27,1596.96,1596.96,0
8589,929,2025-06-24,1596.96,1596.96,0
8590,929,2025-07-26,1596.96,1596.96,0
8591,929,2025-08-23,1596.96,1596.96,0
8592,929,2025-09-22,1596.96,1596.96,0
8593,929,2025-10-22,1596.96,1596.96,0
8594,929,2025-11-23,1596.96,1596.96,0
8595,929,2025-12-22,1596.96,1596.96,0
8596,930,2025-04-18,883.6,787.79,81
8597,930,2025-02-22,883.6,883.6,0
8598,930,2025-03-28,883.6,883.6,0
8599,930,2025-04-25,883.6,883.6,0
8600,930,2025-05-27,883.6,883.6,0
8601,930,2025-06-22,883.6,883.6,0
8602,930,2025-07-28,883.6,883.6,0
8603,930,2025-08-27,883.6,883.6,0
8604,930,2025-09-23,883.6,883.6,0
8605,930,2025-10-25,883.6,883.6,0
8606,930,2025-11-25,883.6,883.6,0
8607,930,2026-06-04,883.6,253.39,163
8608,931,2025-06-24,348.84,348.84,0
8609,931,2025-07-28,348.84,348.84,0
8610,931,2025-08-26,348.84,348.84,0
8611,931,2025-09-23,348.84,348.84,0
8612,931,2025-10-23,348.84,348.84,0
8613,931,2025-11-28,348.84,348.84,0
8614,931,2025-12-25,348.84,348.84,0
8615,932,2024-04-24,111.9,111.9,0
8616,932,2024-05-22,111.9,111.9,0
8617,932,2024-06-24,111.9,111.9,0
8618,932,2024-07-28,111.9,111.9,0
8619,932,2024-08-23,111.9,111.9,0
8620,932,2024-09-28,111.9,111.9,0
8621,932,2025-01-31,111.9,16.33,101
8622,932,2024-11-22,111.9,111.9,0
8623,932,2025-04-20,111.9,28.02,114
8624,932,2025-01-26,111.9,111.9,0
8625,932,2025-04-14,111.9,95.5,48
8626,932,2025-08-22,111.9,16.63,151
8627,932,2025-04-26,111.9,111.9,0
8628,932,2025-05-23,111.9,111.9,0
8629,932,2025-06-28,111.9,111.9,0
8630,932,2025-07-28,111.9,111.9,0
8631,932,2025-08-24,111.9,111.9,0
8632,932,2025-09-27,111.9,111.9,0
8633,932,2025-10-23,111.9,111.9,0
8634,932,2025-11-26,111.9,111.9,0
8635,932,2026-01-28,111.9,99.81,35
8636,933,2025-06-22,392.29,392.29,0
8637,933,2025-07-24,392.29,392.29,0
8638,933,2025-11-17,392.29,332.09,86
8639,933,2025-09-28,392.29,392.29,0
8640,933,2025-10-22,392.29,392.29,0
8641,933,2025-11-25,392.29,392.29,0
8642,933,2025-12-22,392.29,392.29,0
8643,934,2025-12-22,375.21,332.25,89
8644,934,2025-10-27,375.21,375.21,0
8645,934,2025-11-24,375.21,375.21,0
8646,934,2025-12-24,375.21,375.21,0
8647,935,2025-06-24,201.63,201.63,0
8648,935,2025-07-24,201.63,201.63,0
8649,935,2025-11-09,201.63,161.54,79
8650,935,2025-09-28,201.63,201.63,0
8651,935,2025-10-28,201.63,201.63,0
8652,935,2025-11-22,201.63,201.63,0
8653,935,2025-12-25,201.63,201.63,0
8654,936,2025-09-11,389.06,70.76,51
8655,936,2025-08-22,389.06,389.06,0
8656,936,2025-09-23,389.06,389.06,0
8657,936,2025-10-28,389.06,389.06,0
8658,936,2025-11-25,389.06,389.06,0
8659,936,2026-03-03,389.06,383.85,70
8660,937,2025-07-19,140.52,122.04,82
8661,937,2025-07-22,140.52,117.16,57
8662,937,2025-06-22,140.52,140.52,0
8663,937,2025-07-23,140.52,140.52,0
8664,937,2025-10-16,140.52,127.98,55
8665,937,2025-09-25,140.52,140.52,0
8666,937,2025-10-25,140.52,140.52,0
8667,937,2025-11-22,140.52,140.52,0
8668,937,2025-12-27,140.52,140.52,0
8669,938,2024-01-25,708.62,708.62,0
8670,938,2024-02-27,708.62,708.62,0
8671,938,2024-03-22,708.62,708.62,0
8672,938,2024-04-26,708.62,708.62,0
8673,938,2024-05-25,708.62,708.62,0
8674,938,2024-06-28,708.62,708.62,0
8675,938,2024-07-23,708.62,708.62,0
8676,938,2024-08-27,708.62,708.62,0
8677,938,2024-09-23,708.62,708.62,0
8678,938,2024-10-26,708.62,708.62,0
8679,938,2024-11-23,708.62,708.62,0
8680,938,2024-12-23,708.62,708.62,0
8681,938,2025-01-28,708.62,708.62,0
8682,938,2025-02-27,708.62,708.62,0
8683,938,2025-03-26,708.62,708.62,0
8684,938,2025-04-22,708.62,708.62,0
8685,938,2025-05-24,708.62,708.62,0
8686,938,2025-06-28,708.62,708.62,0
8687,938,2025-07-27,708.62,708.62,0
8688,938,2025-08-27,708.62,708.62,0
8689,938,2025-09-28,708.62,708.62,0
8690,938,2025-10-25,708.62,708.62,0
8691,938,2025-11-23,708.62,708.62,0
8692,938,2025-12-26,708.62,708.62,0
8693,939,2024-08-04,327.74,291.18,37
8694,939,2024-07-23,327.74,327.74,0
8695,939,2024-08-27,327.74,327.74,0
8696,939,2024-09-24,327.74,327.74,0
8697,939,2024-10-27,327.74,327.74,0
8698,939,2024-11-26,327.74,327.74,0
8699,939,2024-12-24,327.74,327.74,0
8700,939,2025-01-22,327.74,327.74,0
8701,939,2025-02-27,327.74,327.74,0
8702,939,2025-03-26,327.74,327.74,0
8703,939,2025-04-23,327.74,327.74,0
8704,939,2025-05-23,327.74,327.74,0
8705,939,2025-06-27,327.74,327.74,0
8706,939,2025-07-23,327.74,327.74,0
8707,939,2025-08-26,327.74,327.74,0
8708,939,2025-09-26,327.74,327.74,0
8709,939,2025-10-22,327.74,327.74,0
8710,939,2025-11-27,327.74,327.74,0
8711,939,2025-12-25,327.74,327.74,0
8712,940,2025-10-22,540.27,540.27,0
8713,940,2025-11-25,540.27,540.27,0
8714,940,2025-12-23,540.27,540.27,0
8715,941,2025-02-28,242.61,242.61,0
8716,941,2025-03-26,242.61,242.61,0
8717,941,2025-04-27,242.61,242.61,0
8718,941,2025-05-26,242.61,242.61,0
8719,941,2025-06-22,242.61,242.61,0
8720,941,2025-07-27,242.61,242.61,0
8721,941,2025-08-26,242.61,242.61,0
8722,941,2025-09-23,242.61,242.61,0
8723,941,2025-12-28,242.61,1.93,65
8724,941,2025-11-25,242.61,242.61,0
8725,941,2025-12-22,242.61,242.61,0
8726,942,2024-07-26,785.6,785.6,0
8727,942,2024-08-25,785.6,785.6,0
8728,942,2024-09-26,785.6,785.6,0
8729,942,2024-10-25,785.6,785.6,0
8730,942,2024-11-23,785.6,785.6,0
8731,942,2024-12-27,785.6,785.6,0
8732,942,2025-01-24,785.6,785.6,0
8733,942,2025-02-26,785.6,785.6,0
8734,942,2025-03-27,785.6,785.6,0
8735,942,2025-04-24,785.6,785.6,0
8736,942,2025-05-22,785.6,785.6,0
8737,942,2025-06-26,785.6,785.6,0
8738,942,2025-07-28,785.6,785.6,0
8739,942,2025-08-23,785.6,785.6,0
8740,942,2025-11-20,785.6,148.6,58
8741,942,2025-10-23,785.6,785.6,0
8742,942,2025-11-22,785.6,785.6,0
8743,942,2025-12-28,785.6,785.6,0
8744,943,2024-07-28,3589.25,3589.25,0
8745,943,2024-08-26,3589.25,3589.25,0
8746,943,2024-09-27,3589.25,3589.25,0
8747,943,2024-10-27,3589.25,3589.25,0
8748,943,2025-02-13,3589.25,3335.01,83
8749,943,2024-12-28,3589.25,3589.25,0
8750,943,2025-01-22,3589.25,3589.25,0
8751,943,2025-02-26,3589.25,3589.25,0
8752,943,2025-03-26,3589.25,3589.25,0
8753,943,2025-04-22,3589.25,3589.25,0
8754,943,2025-05-24,3589.25,3589.25,0
8755,943,2025-06-24,3589.25,3589.25,0
8756,943,2025-07-22,3589.25,3589.25,0
8757,943,2025-08-28,3589.25,3589.25,0
8758,943,2025-11-27,3589.25,3027.84,60
8759,943,2025-10-22,3589.25,3589.25,0
8760,943,2025-11-23,3589.25,3589.25,0
8761,943,2025-12-23,3589.25,3589.25,0
8762,944,2026-01-17,281.07,245.07,26
8763,945,2024-10-20,190.17,181.75,55
8764,945,2024-09-28,190.17,190.17,0
8765,945,2025-01-16,190.17,185.61,82
8766,945,2024-11-28,190.17,190.17,0
8767,945,2024-12-25,190.17,190.17,0
8768,945,2025-01-24,190.17,190.17,0
8769,945,2025-02-22,190.17,190.17,0
8770,945,2025-03-27,190.17,190.17,0
8771,945,2025-04-22,190.17,190.17,0
8772,945,2025-05-25,190.17,190.17,0
8773,945,2025-06-26,190.17,190.17,0
8774,945,2025-07-25,190.17,190.17,0
8775,945,2025-08-27,190.17,190.17,0
8776,945,2025-09-25,190.17,190.17,0
8777,945,2025-10-25,190.17,190.17,0
8778,945,2025-12-29,190.17,55.48,32
8779,945,2025-12-22,190.17,190.17,0
8780,946,2025-10-26,271.09,271.09,0
8781,946,2025-11-28,271.09,271.09,0
8782,946,2026-03-24,271.09,229.94,88
8783,947,2024-01-24,81.3,81.3,0
8784,947,2024-02-22,81.3,81.3,0
8785,947,2024-03-23,81.3,81.3,0
8786,947,2024-04-26,81.3,81.3,0
8787,947,2024-05-22,81.3,81.3,0
8788,947,2024-06-24,81.3,81.3,0
8789,947,2024-07-24,81.3,81.3,0
8790,947,2024-08-25,81.3,81.3,0
8791,947,2024-09-27,81.3,81.3,0
8792,947,2024-10-22,81.3,81.3,0
8793,947,2024-11-24,81.3,81.3,0
8794,947,2024-12-26,81.3,81.3,0
8795,947,2025-07-14,81.3,29.77,169
8796,947,2025-02-27,81.3,81.3,0
8797,947,2025-03-26,81.3,81.3,0
8798,947,2025-04-23,81.3,81.3,0
8799,947,2025-05-26,81.3,81.3,0
8800,947,2025-06-27,81.3,81.3,0
8801,947,2025-08-26,81.3,80.1,32
8802,947,2025-11-02,81.3,68.77,67
8803,947,2025-09-24,81.3,81.3,0
8804,947,2026-03-17,81.3,10.64,141
8805,947,2025-11-22,81.3,81.3,0
8806,947,2025-12-25,81.3,81.3,0
8807,948,2025-01-27,165.94,165.94,0
8808,948,2025-02-26,165.94,165.94,0
8809,948,2025-03-26,165.94,165.94,0
8810,948,2025-04-23,165.94,165.94,0
8811,948,2025-05-26,165.94,165.94,0
8812,948,2025-07-26,165.94,165.48,29
8813,948,2025-07-26,165.94,165.94,0
8814,948,2025-08-27,165.94,165.94,0
8815,948,2025-09-26,165.94,165.94,0
8816,948,2025-10-25,165.94,165.94,0
8817,948,2025-11-27,165.94,165.94,0
8818,948,2025-12-27,165.94,165.94,0
8819,949,2025-09-25,797.22,797.22,0
8820,949,2025-10-26,797.22,797.22,0
8821,949,2025-11-23,797.22,797.22,0
8822,949,2025-12-24,797.22,797.22,0
8823,950,2025-06-22,185.44,185.44,0
8824,950,2025-07-27,185.44,185.44,0
8825,950,2025-08-23,185.44,185.44,0
8826,950,2025-09-23,185.44,185.44,0
8827,950,2025-10-24,185.44,185.44,0
8828,950,2025-11-27,185.44,185.44,0
8829,950,2025-12-24,185.44,185.44,0
8830,951,2025-06-26,223.65,223.65,0
8831,951,2025-07-27,223.65,223.65,0
8832,951,2025-08-26,223.65,223.65,0
8833,951,2025-09-28,223.65,223.65,0
8834,951,2025-10-28,223.65,223.65,0
8835,951,2025-11-27,223.65,223.65,0
8836,951,2025-12-23,223.65,223.65,0
8837,954,2024-07-26,2550.77,2550.77,0
8838,954,2024-08-27,2550.77,2550.77,0
8839,954,2024-09-26,2550.77,2550.77,0
8840,954,2024-10-25,2550.77,2550.77,0
8841,954,2025-02-14,2550.77,2151.3,84
8842,954,2024-12-26,2550.77,2550.77,0
8843,954,2025-01-23,2550.77,2550.77,0
8844,954,2025-02-26,2550.77,2550.77,0
8845,954,2025-03-28,2550.77,2550.77,0
8846,954,2025-04-25,2550.77,2550.77,0
8847,954,2025-05-27,2550.77,2550.77,0
8848,954,2025-06-26,2550.77,2550.77,0
8849,954,2025-07-28,2550.77,2550.77,0
8850,954,2025-10-08,2550.77,2241.61,42
8851,954,2025-12-07,2550.77,2338.39,75
8852,954,2025-10-23,2550.77,2550.77,0
8853,954,2026-02-11,2550.77,2411.02,78
8854,954,2025-12-22,2550.77,2550.77,0
8855,955,2024-07-24,1901.78,1901.78,0
8856,955,2024-08-26,1901.78,1901.78,0
8857,955,2024-09-28,1901.78,1901.78,0
8858,955,2024-10-25,1901.78,1901.78,0
8859,955,2024-12-06,1901.78,1745.29,10
8860,955,2024-12-26,1901.78,1901.78,0
8861,955,2025-01-23,1901.78,1901.78,0
8862,955,2025-02-25,1901.78,1901.78,0
8863,955,2025-03-24,1901.78,1901.78,0
8864,955,2025-04-28,1901.78,1901.78,0
8865,955,2025-05-23,1901.78,1901.78,0
8866,955,2025-06-26,1901.78,1901.78,0
8867,955,2025-07-23,1901.78,1901.78,0
8868,955,2025-08-26,1901.78,1901.78,0
8869,955,2025-09-25,1901.78,1901.78,0
8870,955,2025-10-27,1901.78,1901.78,0
8871,955,2025-11-24,1901.78,1901.78,0
8872,955,2025-12-23,1901.78,1901.78,0
8873,957,2025-10-27,248.56,248.56,0
8874,957,2025-11-27,248.56,248.56,0
8875,957,2025-12-27,248.56,248.56,0
8876,958,2025-06-27,366.85,366.85,0
8877,958,2025-07-28,366.85,366.85,0
8878,958,2025-08-27,366.85,366.85,0
8879,958,2025-09-23,366.85,366.85,0
8880,958,2025-10-23,366.85,366.85,0
8881,958,2025-11-26,366.85,366.85,0
8882,958,2025-12-27,366.85,366.85,0
8883,959,2024-11-25,189.99,189.99,0
8884,959,2024-12-25,189.99,189.99,0
8885,959,2025-01-26,189.99,189.99,0
8886,959,2025-02-24,189.99,189.99,0
8887,959,2025-05-15,189.99,165.6,49
8888,959,2025-04-27,189.99,189.99,0
8889,959,2025-08-14,189.99,159.26,78
8890,959,2025-06-26,189.99,189.99,0
8891,959,2025-07-24,189.99,189.99,0
8892,959,2025-08-25,189.99,189.99,0
8893,959,2025-09-27,189.99,189.99,0
8894,959,2025-10-25,189.99,189.99,0
8895,959,2025-11-22,189.99,189.99,0
8896,959,2025-12-28,189.99,189.99,0
8897,960,2025-07-25,124.69,124.69,0
8898,960,2025-08-26,124.69,124.69,0
8899,960,2025-09-23,124.69,124.69,0
8900,960,2025-10-28,124.69,124.69,0
8901,960,2025-11-25,124.69,124.69,0
8902,960,2025-12-26,124.69,124.69,0
8903,961,2025-06-23,52.65,52.65,0
8904,961,2025-07-22,52.65,52.65,0
8905,961,2025-08-24,52.65,52.65,0
8906,961,2025-09-23,52.65,52.65,0
8907,961,2025-10-27,52.65,52.65,0
8908,961,2025-11-28,52.65,52.65,0
8909,961,2025-12-22,52.65,52.65,0
8910,962,2025-05-26,217.92,217.92,0
8911,962,2025-06-26,217.92,217.92,0
8912,962,2025-07-22,217.92,217.92,0
8913,962,2025-08-24,217.92,217.92,0
8914,962,2025-09-22,217.92,217.92,0
8915,962,2025-10-25,217.92,217.92,0
8916,962,2025-11-22,217.92,217.92,0
8917,962,2025-12-27,217.92,217.92,0
8918,963,2025-12-04,149.17,138.72,41
8919,963,2025-11-25,149.17,149.17,0
8920,963,2026-01-08,149.17,121.07,11
8921,964,2025-05-26,1336.1,1336.1,0
8922,964,2025-06-23,1336.1,1336.1,0
8923,964,2025-07-22,1336.1,1336.1,0
8924,964,2025-08-27,1336.1,1336.1,0
8925,964,2025-09-25,1336.1,1336.1,0
8926,964,2025-10-24,1336.1,1336.1,0
8927,964,2025-11-26,1336.1,1301.63,1
8928,964,2025-12-23,1336.1,1336.1,0
8929,965,2025-04-24,90.7,90.7,0
8930,965,2025-05-25,90.7,90.7,0
8931,965,2025-07-19,90.7,79.01,24
8932,965,2025-07-25,90.7,90.7,0
8933,965,2025-08-26,90.7,90.7,0
8934,965,2025-10-17,90.7,86.45,22
8935,965,2025-10-30,90.7,80.56,8
8936,965,2026-02-12,90.7,82.81,80
8937,965,2026-01-01,90.7,88.79,9
8938,966,2025-03-22,178.06,178.06,0
8939,966,2025-04-26,178.06,178.06,0
8940,966,2025-05-22,178.06,178.06,0
8941,966,2025-06-22,178.06,178.06,0
8942,966,2025-07-28,178.06,178.06,0
8943,966,2025-08-24,178.06,178.06,0
8944,966,2025-09-22,178.06,178.06,0
8945,966,2025-10-23,178.06,178.06,0
8946,966,2025-11-28,178.06,178.06,0
8947,966,2025-12-23,178.06,178.06,0
8948,967,2024-12-22,328.91,328.91,0
8949,967,2025-01-27,328.91,328.91,0
8950,967,2025-02-25,328.91,328.91,0
8951,967,2025-03-27,328.91,328.91,0
8952,967,2025-04-22,328.91,328.91,0
8953,967,2025-05-23,328.91,328.91,0
8954,967,2025-06-26,328.91,328.91,0
8955,967,2025-07-23,328.91,328.91,0
8956,967,2025-08-28,328.91,328.91,0
8957,967,2025-09-23,328.91,328.91,0
8958,967,2025-10-26,328.91,328.91,0
8959,967,2025-11-25,328.91,328.91,0
8960,967,2025-12-23,328.91,328.91,0
8961,968,2025-02-24,233.88,233.88,0
8962,968,2025-05-04,233.88,214.07,37
8963,968,2025-04-22,233.88,233.88,0
8964,968,2025-07-28,233.88,191.75,63
8965,968,2025-06-25,233.88,233.88,0
8966,968,2025-07-24,233.88,233.88,0
8967,968,2025-08-27,233.88,233.88,0
8968,968,2025-09-27,233.88,233.88,0
8969,968,2025-10-27,233.88,233.88,0
8970,968,2025-11-23,233.88,233.88,0
8971,968,2026-03-09,233.88,233.71,74
8972,969,2024-07-25,320.22,320.22,0
8973,969,2024-08-24,320.22,320.22,0
8974,969,2024-09-27,320.22,320.22,0
8975,969,2024-10-23,320.22,320.22,0
8976,969,2024-11-22,320.22,320.22,0
8977,969,2024-12-24,320.22,320.22,0
8978,969,2025-01-26,320.22,320.22,0
8979,969,2025-02-23,320.22,320.22,0
8980,969,2025-03-22,320.22,320.22,0
8981,969,2025-04-27,320.22,320.22,0
8982,969,2025-05-26,320.22,320.22,0
8983,969,2025-06-22,320.22,320.22,0
8984,969,2025-07-24,320.22,320.22,0
8985,969,2025-08-25,320.22,320.22,0
8986,969,2025-09-24,320.22,320.22,0
8987,969,2025-10-26,320.22,320.22,0
8988,969,2025-11-22,320.22,320.22,0
8989,969,2025-12-23,320.22,320.22,0
8990,970,2025-04-23,1295.78,1295.78,0
8991,970,2025-05-27,1295.78,1295.78,0
8992,970,2025-06-25,1295.78,1295.78,0
8993,970,2025-07-22,1295.78,1295.78,0
8994,970,2025-08-23,1295.78,1295.78,0
8995,970,2025-09-24,1295.78,1295.78,0
8996,970,2025-10-25,1295.78,1295.78,0
8997,970,2025-11-26,1295.78,1295.78,0
8998,970,2025-12-24,1295.78,1295.78,0
8999,971,2025-11-26,383.03,383.03,0
9000,971,2025-12-27,383.03,383.03,0
9001,972,2024-12-08,1659.15,1500.62,47
9002,972,2024-11-27,1659.15,1659.15,0
9003,972,2024-12-27,1659.15,1659.15,0
9004,972,2025-01-23,1659.15,1659.15,0
9005,972,2025-02-28,1659.15,1659.15,0
9006,972,2025-03-23,1659.15,1659.15,0
9007,972,2025-04-27,1659.15,1659.15,0
9008,972,2025-05-25,1659.15,1659.15,0
9009,972,2025-06-25,1659.15,1659.15,0
9010,972,2025-07-23,1659.15,1659.15,0
9011,972,2025-08-27,1659.15,1659.15,0
9012,972,2025-09-22,1659.15,1659.15,0
9013,972,2025-10-24,1659.15,1659.15,0
9014,972,2025-11-28,1659.15,1659.15,0
9015,972,2025-12-23,1659.15,1659.15,0
9016,973,2025-07-26,145.86,145.86,0
9017,973,2025-08-23,145.86,145.86,0
9018,973,2025-09-28,145.86,145.86,0
9019,973,2025-10-29,145.86,137.97,5
9020,973,2025-11-25,145.86,145.86,0
9021,973,2025-12-27,145.86,145.86,0
9022,974,2025-04-05,68.68,64.72,72
9023,974,2025-02-27,68.68,68.68,0
9024,974,2025-03-27,68.68,68.68,0
9025,974,2025-04-22,68.68,68.68,0
9026,974,2025-05-27,68.68,68.68,0
9027,974,2025-06-25,68.68,68.68,0
9028,974,2025-07-24,68.68,68.68,0
9029,974,2025-08-22,68.68,68.68,0
9030,974,2025-09-27,68.68,68.68,0
9031,974,2025-10-26,68.68,68.68,0
9032,974,2025-11-26,68.68,68.68,0
9033,974,2025-12-28,68.68,68.68,0
9034,975,2025-10-22,896.88,896.88,0
9035,975,2025-11-27,896.88,896.88,0
9036,975,2025-12-25,896.88,896.88,0
9037,976,2024-01-23,1229.22,1229.22,0
9038,976,2024-02-22,1229.22,1229.22,0
9039,976,2024-03-28,1229.22,1229.22,0
9040,976,2024-04-28,1229.22,1229.22,0
9041,976,2024-05-24,1229.22,1229.22,0
9042,976,2024-06-28,1229.22,1229.22,0
9043,976,2024-07-22,1229.22,1229.22,0
9044,976,2024-08-25,1229.22,1229.22,0
9045,976,2024-09-25,1229.22,1229.22,0
9046,976,2024-10-23,1229.22,1229.22,0
9047,976,2024-11-28,1229.22,1229.22,0
9048,976,2024-12-27,1229.22,1229.22,0
9049,976,2025-01-23,1229.22,1229.22,0
9050,976,2025-02-23,1229.22,1229.22,0
9051,976,2025-03-27,1229.22,1229.22,0
9052,976,2025-04-27,1229.22,1229.22,0
9053,976,2025-05-24,1229.22,1229.22,0
9054,976,2025-06-27,1229.22,1229.22,0
9055,976,2025-07-24,1229.22,1229.22,0
9056,976,2025-08-28,1229.22,1229.22,0
9057,976,2025-09-27,1229.22,1229.22,0
9058,976,2025-10-25,1229.22,1229.22,0
9059,976,2025-11-26,1229.22,1229.22,0
9060,976,2025-12-23,1229.22,1229.22,0
9061,977,2024-12-26,99.29,99.29,0
9062,977,2025-01-27,99.29,99.29,0
9063,977,2025-02-25,99.29,99.29,0
9064,977,2025-03-28,99.29,99.29,0
9065,977,2025-04-27,99.29,99.29,0
9066,977,2025-05-27,99.29,99.29,0
9067,977,2025-06-22,99.29,99.29,0
9068,977,2025-07-27,99.29,99.29,0
9069,977,2025-08-24,99.29,99.29,0
9070,977,2025-09-22,99.29,99.29,0
9071,977,2025-10-25,99.29,99.29,0
9072,977,2025-11-25,99.29,99.29,0
9073,977,2025-12-22,99.29,99.29,0
9074,979,2025-06-28,267.8,267.8,0
9075,979,2025-10-19,267.8,241.94,88
9076,979,2025-08-27,267.8,267.8,0
9077,979,2025-12-03,267.8,257.21,66
9078,979,2025-10-28,267.8,267.8,0
9079,979,2025-11-28,267.8,267.8,0
9080,979,2025-12-25,267.8,267.8,0
9081,980,2025-01-28,316.81,316.81,0
9082,980,2025-02-26,316.81,316.81,0
9083,980,2025-03-25,316.81,316.81,0
9084,980,2025-04-27,316.81,316.81,0
9085,980,2025-05-27,316.81,316.81,0
9086,980,2025-06-26,316.81,316.81,0
9087,980,2025-07-22,316.81,316.81,0
9088,980,2025-08-27,316.81,316.81,0
9089,980,2025-09-26,316.81,316.81,0
9090,980,2025-10-22,316.81,316.81,0
9091,980,2025-11-25,316.81,316.81,0
9092,980,2025-12-26,316.81,316.81,0
9093,981,2025-09-22,150.97,150.97,0
9094,981,2025-10-28,150.97,150.97,0
9095,981,2025-11-24,150.97,150.97,0
9096,981,2025-12-24,150.97,150.97,0
9097,982,2024-01-27,154.98,154.98,0
9098,982,2024-02-22,154.98,154.98,0
9099,982,2024-03-23,154.98,154.98,0
9100,982,2024-04-22,154.98,154.98,0
9101,982,2024-05-26,154.98,154.98,0
9102,982,2024-06-25,154.98,154.98,0
9103,982,2024-09-18,154.98,142.81,52
9104,982,2024-08-26,154.98,154.98,0
9105,982,2024-09-23,154.98,154.98,0
9106,982,2024-10-26,154.98,154.98,0
9107,982,2024-11-25,154.98,154.98,0
9108,982,2024-12-22,154.98,154.98,0
9109,982,2025-01-23,154.98,154.98,0
9110,982,2025-02-25,154.98,154.98,0
9111,982,2025-03-28,154.98,154.98,0
9112,982,2025-04-27,154.98,154.98,0
9113,982,2025-05-28,154.98,154.98,0
9114,982,2025-06-28,154.98,154.98,0
9115,982,2025-07-28,154.98,154.98,0
9116,982,2025-08-25,154.98,154.98,0
9117,982,2025-09-26,154.98,154.98,0
9118,982,2025-10-25,154.98,154.98,0
9119,982,2025-11-22,154.98,154.98,0
9120,982,2025-12-25,154.98,154.98,0
9121,983,2025-03-26,409.76,409.76,0
9122,983,2025-04-25,409.76,409.76,0
9123,983,2025-07-28,409.76,342.16,66
9124,983,2025-06-24,409.76,409.76,0
9125,983,2025-07-27,409.76,409.76,0
9126,983,2025-08-27,409.76,409.76,0
9127,983,2025-09-25,409.76,409.76,0
9128,983,2025-10-26,409.76,409.76,0
9129,983,2025-11-22,409.76,409.76,0
9130,983,2025-12-24,409.76,409.76,0
9131,985,2024-11-24,187.24,187.24,0
9132,985,2025-02-18,187.24,166.63,58
9133,985,2025-01-23,187.24,187.24,0
9134,985,2025-04-11,187.24,23.33,46
9135,985,2025-06-19,187.24,186.52,86
9136,985,2025-05-02,187.24,172.24,4
9137,985,2025-05-23,187.24,187.24,0
9138,985,2025-06-28,187.24,187.24,0
9139,985,2025-07-24,187.24,187.24,0
9140,985,2025-08-27,187.24,187.24,0
9141,985,2025-09-22,187.24,187.24,0
9142,985,2025-10-23,187.24,187.24,0
9143,985,2025-11-24,187.24,187.24,0
9144,985,2025-12-23,187.24,187.24,0
9145,987,2025-06-23,465.03,465.03,0
9146,987,2025-07-24,465.03,465.03,0
9147,987,2025-08-26,465.03,465.03,0
9148,987,2025-09-26,465.03,465.03,0
9149,987,2025-10-24,465.03,465.03,0
9150,987,2025-11-27,465.03,465.03,0
9151,987,2025-12-28,465.03,465.03,0
9152,988,2025-12-22,905.79,905.79,0
9153,989,2024-09-25,544.0,544.0,0
9154,989,2024-10-23,544.0,544.0,0
9155,989,2024-11-27,544.0,544.0,0
9156,989,2024-12-24,544.0,544.0,0
9157,989,2025-01-28,544.0,544.0,0
9158,989,2025-02-28,544.0,544.0,0
9159,989,2025-03-27,544.0,544.0,0
9160,989,2025-04-23,544.0,544.0,0
9161,989,2025-05-22,544.0,544.0,0
9162,989,2025-06-28,544.0,544.0,0
9163,989,2025-07-24,544.0,544.0,0
9164,989,2025-08-28,544.0,544.0,0
9165,989,2025-09-28,544.0,544.0,0
9166,989,2025-10-25,544.0,544.0,0
9167,989,2025-11-26,544.0,544.0,0
9168,989,2025-12-27,544.0,544.0,0
9169,990,2024-12-18,143.16,133.65,56
9170,990,2024-11-23,143.16,143.16,0
9171,990,2025-02-08,143.16,136.0,46
9172,990,2025-01-23,143.16,143.16,0
9173,990,2025-02-23,143.16,143.16,0
9174,990,2025-03-24,143.16,143.16,0
9175,990,2025-04-23,143.16,143.16,0
9176,990,2025-05-24,143.16,143.16,0
9177,990,2025-06-27,143.16,143.16,0
9178,990,2025-07-26,143.16,143.16,0
9179,990,2025-08-23,143.16,143.16,0
9180,990,2025-09-28,143.16,143.16,0
9181,990,2025-10-25,143.16,143.16,0
9182,990,2025-11-26,143.16,143.16,0
9183,990,2025-12-24,143.16,143.16,0
9184,991,2024-07-24,156.93,156.93,0
9185,991,2024-08-27,156.93,156.93,0
9186,991,2024-09-23,156.93,156.93,0
9187,991,2024-10-23,156.93,156.93,0
9188,991,2024-11-23,156.93,156.93,0
9189,991,2024-12-28,156.93,156.93,0
9190,991,2025-01-24,156.93,156.93,0
9191,991,2025-02-27,156.93,156.93,0
9192,991,2025-03-27,156.93,156.93,0
9193,991,2025-04-27,156.93,156.93,0
9194,991,2025-07-10,156.93,155.77,43
9195,991,2025-06-28,156.93,156.93,0
9196,991,2025-07-24,156.93,156.93,0
9197,991,2025-08-23,156.93,156.93,0
9198,991,2025-09-27,156.93,156.93,0
9199,991,2025-10-28,156.93,156.93,0
9200,991,2025-11-23,156.93,156.93,0
9201,991,2025-12-25,156.93,156.93,0
9202,992,2024-11-26,780.95,780.95,0
9203,992,2024-12-27,780.95,780.95,0
9204,992,2025-01-23,780.95,780.95,0
9205,992,2025-02-23,780.95,780.95,0
9206,992,2025-03-25,780.95,780.95,0
9207,992,2025-04-25,780.95,780.95,0
9208,992,2025-05-22,780.95,780.95,0
9209,992,2025-06-28,780.95,780.95,0
9210,992,2025-07-22,780.95,780.95,0
9211,992,2025-08-25,780.95,780.95,0
9212,992,2025-09-27,780.95,780.95,0
9213,992,2025-10-28,780.95,780.95,0
9214,992,2025-11-26,780.95,780.95,0
9215,992,2025-12-23,780.95,780.95,0
9216,993,2024-06-27,150.7,150.7,0
9217,993,2024-10-15,150.7,124.29,80
9218,993,2024-09-23,150.7,126.96,27
9219,993,2024-09-25,150.7,150.7,0
9220,993,2024-10-28,150.7,150.7,0
9221,993,2024-11-25,150.7,150.7,0
9222,993,2024-12-24,150.7,150.7,0
9223,993,2025-01-25,150.7,150.7,0
9224,993,2025-02-27,150.7,150.7,0
9225,993,2025-03-26,150.7,150.7,0
9226,993,2025-04-23,150.7,150.7,0
9227,993,2025-05-26,150.7,150.7,0
9228,993,2025-07-01,150.7,126.61,7
9229,993,2025-07-22,150.7,150.7,0
9230,993,2025-08-23,150.7,150.7,0
9231,993,2025-09-23,150.7,150.7,0
9232,993,2025-10-22,150.7,150.7,0
9233,993,2025-11-27,150.7,150.7,0
9234,993,2025-12-24,150.7,150.7,0
9235,994,2025-02-26,276.72,276.72,0
9236,994,2025-03-24,276.72,276.72,0
9237,994,2025-04-27,276.72,276.72,0
9238,994,2025-05-25,276.72,276.72,0
9239,994,2025-06-27,276.72,276.72,0
9240,994,2025-07-24,276.72,276.72,0
9241,994,2025-08-22,276.72,276.72,0
9242,994,2025-09-25,276.72,276.72,0
9243,994,2025-10-24,276.72,276.72,0
9244,994,2025-11-28,276.72,276.72,0
9245,994,2025-12-24,276.72,276.72,0
9246,995,2025-12-24,233.19,233.19,0
9247,996,2025-06-26,623.78,623.78,0
9248,996,2025-07-25,623.78,623.78,0
9249,996,2025-08-26,623.78,623.78,0
9250,996,2025-09-22,623.78,623.78,0
9251,996,2025-10-23,623.78,623.78,0
9252,996,2025-11-25,623.78,623.78,0
9253,996,2025-12-23,623.78,623.78,0
9254,997,2025-04-22,321.38,321.38,0
9255,997,2025-06-15,321.38,267.74,19
9256,997,2025-06-25,321.38,321.38,0
9257,997,2025-08-02,321.38,284.44,9
9258,997,2025-08-26,321.38,321.38,0
9259,997,2025-09-23,321.38,321.38,0
9260,997,2025-10-28,321.38,321.38,0
9261,997,2025-11-28,321.38,321.38,0
9262,997,2025-12-27,321.38,321.38,0
9263,998,2025-06-24,305.74,305.74,0
9264,998,2025-07-28,305.74,305.74,0
9265,998,2025-08-26,305.74,305.74,0
9266,998,2025-09-27,305.74,305.74,0
9267,998,2025-10-25,305.74,305.74,0
9268,998,2025-11-22,305.74,305.74,0
9269,998,2025-12-26,305.74,305.74,0
9270,999,2025-07-26,472.8,472.8,0
9271,999,2025-08-25,472.8,472.8,0
9272,999,2025-09-22,472.8,472.8,0
9273,999,2025-10-28,472.8,472.8,0
9274,999,2025-11-26,472.8,472.8,0
9275,999,2025-12-24,472.8,472.8,0
9276,1000,2025-07-28,115.04,115.04,0
9277,1000,2025-08-28,115.04,115.04,0
9278,1000,2025-09-25,115.04,115.04,0
9279,1000,2025-10-28,115.04,115.04,0
9280,1000,2025-11-23,115.04,115.04,0
9281,1000,2026-03-16,115.04,105.38,80
9282,1001,2025-03-22,322.91,322.91,0
9283,1001,2025-04-26,322.91,322.91,0
9284,1001,2025-05-26,322.91,322.91,0
9285,1001,2025-06-23,322.91,322.91,0
9286,1001,2025-08-19,322.91,272.22,23
9287,1001,2025-10-11,322.91,275.46,50
9288,1001,2026-03-01,322.91,37.8,154
9289,1001,2025-10-23,322.91,322.91,0
9290,1001,2025-11-26,322.91,322.91,0
9291,1001,2025-12-26,322.91,322.91,0
9292,1002,2025-02-25,929.91,929.91,0
9293,1002,2025-03-23,929.91,929.91,0
9294,1002,2025-04-24,929.91,929.91,0
9295,1002,2025-06-09,929.91,892.01,14
9296,1002,2025-06-27,929.91,929.91,0
9297,1002,2025-07-23,929.91,929.91,0
9298,1002,2025-08-22,929.91,929.91,0
9299,1002,2025-09-23,929.91,929.91,0
9300,1002,2025-10-24,929.91,929.91,0
9301,1002,2025-11-25,929.91,929.91,0
9302,1002,2025-12-23,929.91,929.91,0
9303,1003,2025-05-25,259.25,259.25,0
9304,1003,2025-06-25,259.25,259.25,0
9305,1003,2025-07-24,259.25,259.25,0
9306,1003,2025-08-27,259.25,259.25,0
9307,1003,2025-09-23,259.25,259.25,0
9308,1003,2025-10-27,259.25,259.25,0
9309,1003,2025-11-27,259.25,259.25,0
9310,1003,2025-12-27,259.25,259.25,0
9311,1004,2025-05-25,512.69,512.69,0
9312,1004,2025-06-24,512.69,512.69,0
9313,1004,2026-01-16,512.69,64.18,174
9314,1004,2025-09-07,512.69,437.44,12
9315,1004,2025-12-16,512.69,463.08,83
9316,1004,2025-10-24,512.69,512.69,0
9317,1004,2025-11-28,512.69,512.69,0
9318,1004,2025-12-25,512.69,512.69,0
9319,1005,2025-12-21,97.36,81.97,59
9320,1005,2025-12-07,97.36,84.63,11
9321,1005,2025-12-27,97.36,97.36,0
9322,1006,2025-06-25,691.66,691.66,0
9323,1006,2025-07-26,691.66,691.66,0
9324,1006,2025-08-23,691.66,691.66,0
9325,1006,2025-09-22,691.66,691.66,0
9326,1006,2025-10-26,691.66,691.66,0
9327,1006,2025-11-28,691.66,691.66,0
9328,1006,2025-12-23,691.66,691.66,0
9329,1007,2025-12-23,270.24,270.24,0
9330,1008,2025-09-26,1055.36,1055.36,0
9331,1008,2025-10-26,1055.36,1055.36,0
9332,1008,2025-11-24,1055.36,1055.36,0
9333,1008,2025-12-25,1055.36,1055.36,0
9334,1009,2025-09-24,1590.76,1590.76,0
9335,1009,2025-10-22,1590.76,1590.76,0
9336,1009,2025-11-24,1590.76,1590.76,0
9337,1009,2025-12-23,1590.76,1590.76,0
9338,1010,2025-06-22,211.84,211.84,0
9339,1010,2025-07-22,211.84,211.84,0
9340,1010,2025-08-22,211.84,211.84,0
9341,1010,2025-09-26,211.84,211.84,0
9342,1010,2025-10-24,211.84,211.84,0
9343,1010,2025-11-26,211.84,211.84,0
9344,1010,2025-12-28,211.84,211.84,0
9345,1011,2024-12-24,337.16,337.16,0
9346,1011,2025-01-22,337.16,337.16,0
9347,1011,2025-02-27,337.16,337.16,0
9348,1011,2025-03-26,337.16,337.16,0
9349,1011,2025-04-23,337.16,337.16,0
9350,1011,2025-07-06,337.16,336.9,43
9351,1011,2025-06-28,337.16,337.16,0
9352,1011,2025-07-27,337.16,337.16,0
9353,1011,2025-08-23,337.16,337.16,0
9354,1011,2025-09-22,337.16,337.16,0
9355,1011,2025-10-27,337.16,337.16,0
9356,1011,2026-03-28,337.16,21.98,120
9357,1011,2025-12-24,337.16,337.16,0
9358,1012,2024-11-22,238.42,238.42,0
9359,1012,2024-12-25,238.42,238.42,0
9360,1012,2025-01-26,238.42,238.42,0
9361,1012,2025-02-22,238.42,238.42,0
9362,1012,2025-03-22,238.42,238.42,0
9363,1012,2025-04-22,238.42,238.42,0
9364,1012,2025-05-24,238.42,238.42,0
9365,1012,2025-06-25,238.42,238.42,0
9366,1012,2025-07-25,238.42,238.42,0
9367,1012,2025-09-17,238.42,195.3,26
9368,1012,2025-12-22,238.42,195.82,85
9369,1012,2025-10-27,238.42,238.42,0
9370,1012,2025-11-22,238.42,238.42,0
9371,1012,2026-02-16,238.42,214.99,53
9372,1013,2025-05-24,495.03,495.03,0
9373,1013,2025-06-27,495.03,495.03,0
9374,1013,2025-07-27,495.03,495.03,0
9375,1013,2025-08-28,495.03,495.03,0
9376,1013,2025-09-24,495.03,495.03,0
9377,1013,2025-10-27,495.03,495.03,0
9378,1013,2025-11-26,495.03,495.03,0
9379,1013,2025-12-27,495.03,495.03,0
9380,1014,2025-03-26,163.0,163.0,0
9381,1014,2025-04-26,163.0,163.0,0
9382,1014,2025-05-28,163.0,163.0,0
9383,1014,2025-06-26,163.0,163.0,0
9384,1014,2025-07-28,163.0,163.0,0
9385,1014,2025-08-22,163.0,163.0,0
9386,1014,2025-09-26,163.0,163.0,0
9387,1014,2025-10-27,163.0,163.0,0
9388,1014,2025-11-27,163.0,163.0,0
9389,1014,2025-12-27,163.0,163.0,0
9390,1015,2024-12-24,280.18,280.18,0
9391,1015,2025-01-27,280.18,280.18,0
9392,1015,2025-02-28,280.18,280.18,0
9393,1015,2025-03-25,280.18,280.18,0
9394,1015,2025-04-25,280.18,280.18,0
9395,1015,2025-07-24,280.18,65.23,63
9396,1015,2025-06-28,280.18,280.18,0
9397,1015,2025-07-22,280.18,280.18,0
9398,1015,2025-08-23,280.18,280.18,0
9399,1015,2025-09-22,280.18,280.18,0
9400,1015,2025-10-26,280.18,280.18,0
9401,1015,2025-11-22,280.18,280.18,0
9402,1015,2025-12-26,280.18,280.18,0
9403,1017,2024-01-27,102.71,102.71,0
9404,1017,2024-02-27,102.71,102.71,0
9405,1017,2024-03-25,102.71,102.71,0
9406,1017,2024-04-27,102.71,102.71,0
9407,1017,2024-05-22,102.71,102.71,0
9408,1017,2024-06-22,102.71,102.71,0
9409,1017,2024-07-26,102.71,102.71,0
9410,1017,2024-08-26,102.71,102.71,0
9411,1017,2024-09-23,102.71,102.71,0
9412,1017,2024-10-26,102.71,102.71,0
9413,1017,2024-11-25,102.71,102.71,0
9414,1017,2024-12-27,102.71,102.71,0
9415,1017,2025-01-25,102.71,102.71,0
9416,1017,2025-02-25,102.71,102.71,0
9417,1017,2025-03-23,102.71,102.71,0
9418,1017,2025-04-26,102.71,102.71,0
9419,1017,2025-05-22,102.71,102.71,0
9420,1017,2025-06-27,102.71,102.71,0
9421,1017,2025-07-28,102.71,102.71,0
9422,1017,2025-08-28,102.71,102.71,0
9423,1017,2025-10-21,102.71,88.37,28
9424,1018,2024-08-24,332.59,332.59,0
9425,1018,2024-09-26,332.59,332.59,0
9426,1018,2024-10-25,332.59,332.59,0
9427,1018,2024-11-27,332.59,332.59,0
9428,1018,2024-12-27,332.59,332.59,0
9429,1018,2025-01-26,332.59,332.59,0
9430,1018,2025-02-25,332.59,332.59,0
9431,1018,2025-03-27,332.59,332.59,0
9432,1018,2025-04-27,332.59,332.59,0
9433,1018,2025-05-22,332.59,332.59,0
9434,1018,2025-06-23,332.59,332.59,0
9435,1018,2025-07-22,332.59,332.59,0
9436,1018,2025-08-22,332.59,332.59,0
9437,1018,2025-09-24,332.59,332.59,0
9438,1018,2025-10-22,332.59,332.59,0
9439,1018,2025-11-27,332.59,332.59,0
9440,1018,2025-12-25,332.59,332.59,0
9441,1019,2025-05-25,115.56,115.56,0
9442,1019,2025-06-23,115.56,115.56,0
9443,1019,2025-07-26,115.56,115.56,0
9444,1019,2025-08-27,115.56,115.56,0
9445,1019,2025-09-24,115.56,115.56,0
9446,1019,2025-10-26,115.56,115.56,0
9447,1019,2025-11-28,115.56,115.56,0
9448,1019,2025-12-26,115.56,115.56,0
9449,1020,2025-04-15,84.97,30.74,48
9450,1020,2025-03-23,84.97,84.97,0
9451,1020,2025-04-23,84.97,84.97,0
9452,1020,2025-05-25,84.97,84.97,0
9453,1020,2025-06-28,84.97,84.97,0
9454,1020,2025-07-23,84.97,84.97,0
9455,1020,2025-08-27,84.97,84.97,0
9456,1020,2025-09-23,84.97,84.97,0
9457,1020,2025-10-25,84.97,84.97,0
9458,1020,2025-11-26,84.97,84.97,0
9459,1020,2025-12-27,84.97,84.97,0
9460,1021,2025-04-27,699.86,699.86,0
9461,1021,2025-05-27,699.86,699.86,0
9462,1021,2025-06-25,699.86,699.86,0
9463,1021,2025-07-22,699.86,699.86,0
9464,1021,2025-08-26,699.86,699.86,0
9465,1021,2025-10-22,699.86,595.6,25
9466,1021,2025-11-22,699.86,582.38,27
9467,1021,2025-11-22,699.86,699.86,0
9468,1021,2025-12-26,699.86,699.86,0
9469,1022,2024-01-28,1111.52,1111.52,0
9470,1022,2024-04-12,1111.52,1026.93,50
9471,1022,2024-03-24,1111.52,1111.52,0
9472,1022,2024-04-28,1111.52,1111.52,0
9473,1022,2024-05-23,1111.52,1111.52,0
9474,1022,2024-06-27,1111.52,1111.52,0
9475,1022,2024-07-24,1111.52,1111.52,0
9476,1022,2024-10-19,1111.52,889.47,54
9477,1022,2024-10-20,1111.52,985.01,28
9478,1022,2024-10-24,1111.52,1111.52,0
9479,1022,2024-11-26,1111.52,1111.52,0
9480,1022,2024-12-24,1111.52,1111.52,0
9481,1022,2025-01-22,1111.52,1111.52,0
9482,1022,2025-02-25,1111.52,1111.52,0
9483,1022,2025-03-25,1111.52,1111.52,0
9484,1022,2025-04-22,1111.52,1111.52,0
9485,1022,2025-05-24,1111.52,1111.52,0
9486,1022,2025-06-28,1111.52,1111.52,0
9487,1022,2025-07-25,1111.52,1111.52,0
9488,1022,2025-08-26,1111.52,1111.52,0
9489,1022,2025-10-19,1111.52,1009.09,25
9490,1022,2025-10-25,1111.52,1111.52,0
9491,1022,2025-11-26,1111.52,1111.52,0
9492,1022,2025-12-27,1111.52,1111.52,0
9493,1023,2024-02-25,183.18,164.64,31
9494,1023,2024-02-22,183.18,183.18,0
9495,1023,2024-03-26,183.18,183.18,0
9496,1023,2024-04-27,183.18,183.18,0
9497,1023,2024-05-26,183.18,183.18,0
9498,1023,2024-06-23,183.18,183.18,0
9499,1023,2024-07-23,183.18,183.18,0
9500,1023,2024-08-25,183.18,183.18,0
9501,1023,2024-09-23,183.18,183.18,0
9502,1023,2024-10-27,183.18,183.18,0
9503,1023,2024-11-26,183.18,183.18,0
9504,1023,2024-12-25,183.18,183.18,0
9505,1023,2025-01-25,183.18,183.18,0
9506,1023,2025-02-22,183.18,183.18,0
9507,1023,2025-03-23,183.18,183.18,0
9508,1023,2025-07-10,183.18,37.42,75
9509,1023,2025-05-24,183.18,183.18,0
9510,1023,2025-06-24,183.18,183.18,0
9511,1023,2025-07-22,183.18,183.18,0
9512,1023,2025-08-22,183.18,183.18,0
9513,1023,2025-11-29,183.18,171.27,65
9514,1023,2025-10-22,183.18,183.18,0
9515,1023,2025-11-23,183.18,183.18,0
9516,1023,2025-12-27,183.18,183.18,0
9517,1024,2025-01-12,94.23,14.89,47
9518,1024,2024-12-23,94.23,94.23,0
9519,1024,2025-01-26,94.23,94.23,0
9520,1024,2025-02-23,94.23,94.23,0
9521,1024,2025-03-25,94.23,94.23,0
9522,1024,2025-07-13,94.23,18.1,80
9523,1024,2025-05-22,94.23,94.23,0
9524,1024,2025-08-30,94.23,78.95,64
9525,1024,2025-07-28,94.23,94.23,0
9526,1024,2025-08-25,94.23,94.23,0
9527,1024,2025-09-22,94.23,94.23,0
9528,1024,2025-10-23,94.23,94.23,0
9529,1024,2025-11-28,94.23,94.23,0
9530,1024,2025-12-23,94.23,94.23,0
9531,1025,2025-07-31,242.34,78.26,94
9532,1025,2025-07-27,242.34,196.52,66
9533,1025,2025-06-22,242.34,242.34,0
9534,1025,2025-07-22,242.34,242.34,0
9535,1025,2025-08-26,242.34,242.34,0
9536,1025,2026-03-19,242.34,75.29,178
9537,1025,2025-10-24,242.34,242.34,0
9538,1025,2025-11-24,242.34,242.34,0
9539,1025,2025-12-22,242.34,242.34,0
9540,1026,2025-11-27,581.83,581.83,0
9541,1026,2025-12-23,581.83,581.83,0
9542,1027,2025-12-26,381.77,381.77,0
9543,1028,2024-07-25,547.46,547.46,0
9544,1028,2024-10-02,547.46,450.07,39
9545,1028,2024-11-25,547.46,540.41,64
9546,1028,2024-10-24,547.46,547.46,0
9547,1028,2024-11-27,547.46,547.46,0
9548,1028,2024-12-27,547.46,547.46,0
9549,1028,2025-01-27,547.46,547.46,0
9550,1028,2025-02-28,547.46,547.46,0
9551,1028,2025-03-27,547.46,547.46,0
9552,1028,2025-04-26,547.46,547.46,0
9553,1028,2025-05-26,547.46,547.46,0
9554,1028,2025-06-28,547.46,547.46,0
9555,1028,2025-07-22,547.46,547.46,0
9556,1028,2025-10-22,547.46,76.52,58
9557,1028,2025-09-28,547.46,547.46,0
9558,1028,2025-10-25,547.46,547.46,0
9559,1028,2025-12-31,547.46,521.12,38
9560,1028,2025-12-28,547.46,547.46,0
9561,1029,2025-06-24,241.19,241.19,0
9562,1029,2025-07-28,241.19,241.19,0
9563,1029,2025-08-22,241.19,241.19,0
9564,1029,2025-11-04,241.19,197.61,37
9565,1029,2025-10-26,241.19,241.19,0
9566,1029,2025-11-26,241.19,241.19,0
9567,1029,2025-12-24,241.19,241.19,0
9568,1030,2025-04-25,1422.66,1422.66,0
9569,1030,2025-05-28,1422.66,1422.66,0
9570,1030,2025-06-28,1422.66,1422.66,0
9571,1030,2025-07-28,1422.66,1422.66,0
9572,1030,2025-08-28,1422.66,1422.66,0
9573,1030,2025-09-28,1422.66,1422.66,0
9574,1030,2025-10-23,1422.66,1422.66,0
9575,1030,2025-11-22,1422.66,1422.66,0
9576,1030,2025-12-24,1422.66,1422.66,0
9577,1031,2025-06-27,133.69,133.69,0
9578,1031,2025-07-25,133.69,133.69,0
9579,1031,2025-08-28,133.69,133.69,0
9580,1031,2025-12-10,133.69,116.23,79
9581,1031,2025-10-28,133.69,133.69,0
9582,1031,2025-11-24,133.69,133.69,0
9583,1031,2025-12-23,133.69,133.69,0
9584,1033,2025-03-27,154.96,154.96,0
9585,1033,2025-04-22,154.96,154.96,0
9586,1033,2025-05-22,154.96,154.96,0
9587,1033,2025-06-26,154.96,154.96,0
9588,1033,2025-07-24,154.96,154.96,0
9589,1033,2025-10-27,154.96,123.99,61
9590,1033,2025-09-22,154.96,154.96,0
9591,1033,2025-10-23,154.96,154.96,0
9592,1033,2025-11-28,154.96,154.96,0
9593,1033,2025-12-28,154.96,154.96,0
9594,1034,2024-09-25,78.86,78.86,0
9595,1034,2024-12-20,78.86,75.96,58
9596,1034,2024-11-22,78.86,78.86,0
9597,1034,2024-12-23,78.86,78.86,0
9598,1034,2025-01-28,78.86,78.86,0
9599,1034,2025-02-27,78.86,78.86,0
9600,1034,2025-03-22,78.86,78.86,0
9601,1034,2025-04-24,78.86,78.86,0
9602,1034,2025-05-28,78.86,78.86,0
9603,1034,2025-06-25,78.86,78.86,0
9604,1034,2025-07-24,78.86,78.86,0
9605,1034,2025-08-25,78.86,78.86,0
9606,1034,2025-09-25,78.86,78.86,0
9607,1034,2025-11-15,78.86,63.12,22
9608,1034,2025-11-23,78.86,78.86,0
9609,1034,2025-12-26,78.86,78.86,0
9610,1035,2025-05-27,76.62,76.62,0
9611,1035,2025-06-24,76.62,76.62,0
9612,1035,2025-07-27,76.62,76.62,0
9613,1035,2025-08-26,76.62,76.62,0
9614,1035,2025-09-26,76.62,76.62,0
9615,1035,2025-10-22,76.62,76.62,0
9616,1035,2025-11-24,76.62,76.62,0
9617,1035,2025-12-27,76.62,76.62,0
9618,1036,2024-12-26,481.98,481.98,0
9619,1036,2025-01-25,481.98,481.98,0
9620,1036,2025-02-22,481.98,481.98,0
9621,1036,2025-03-28,481.98,481.98,0
9622,1036,2025-04-23,481.98,481.98,0
9623,1036,2025-05-23,481.98,481.98,0
9624,1036,2025-06-24,481.98,481.98,0
9625,1036,2025-07-25,481.98,481.98,0
9626,1036,2025-10-20,481.98,462.77,57
9627,1036,2025-09-27,481.98,481.98,0
9628,1036,2025-10-23,481.98,481.98,0
9629,1036,2025-11-25,481.98,481.98,0
9630,1036,2025-12-24,481.98,481.98,0
9631,1037,2024-07-28,827.16,827.16,0
9632,1037,2024-08-25,827.16,827.16,0
9633,1037,2024-09-24,827.16,827.16,0
9634,1037,2024-10-25,827.16,827.16,0
9635,1037,2024-11-27,827.16,827.16,0
9636,1037,2024-12-28,827.16,827.16,0
9637,1037,2025-01-23,827.16,827.16,0
9638,1037,2025-02-26,827.16,827.16,0
9639,1037,2025-03-28,827.16,827.16,0
9640,1037,2025-04-23,827.16,827.16,0
9641,1037,2025-05-28,827.16,827.16,0
9642,1037,2025-06-22,827.16,827.16,0
9643,1037,2025-07-27,827.16,827.16,0
9644,1037,2025-08-28,827.16,827.16,0
9645,1037,2025-09-26,827.16,827.16,0
9646,1037,2025-10-25,827.16,827.16,0
9647,1037,2026-05-14,827.16,247.74,171
9648,1037,2025-12-26,827.16,827.16,0
9649,1038,2024-10-26,1080.52,1080.52,0
9650,1038,2024-11-28,1080.52,1080.52,0
9651,1038,2024-12-22,1080.52,1080.52,0
9652,1038,2025-06-29,1080.52,105.87,153
9653,1038,2025-02-27,1080.52,1080.52,0
9654,1038,2025-03-26,1080.52,1080.52,0
9655,1038,2025-04-26,1080.52,1080.52,0
9656,1038,2025-05-27,1080.52,1080.52,0
9657,1038,2025-06-26,1080.52,1080.52,0
9658,1038,2025-07-23,1080.52,1080.52,0
9659,1038,2025-08-26,1080.52,1080.52,0
9660,1038,2026-02-10,1080.52,319.65,136
9661,1038,2025-12-19,1080.52,416.28,57
9662,1038,2026-03-30,1080.52,431.9,127
9663,1038,2025-12-27,1080.52,1080.52,0
9664,1040,2025-04-23,203.46,203.46,0
9665,1040,2025-05-28,203.46,203.46,0
9666,1040,2025-06-27,203.46,203.46,0
9667,1040,2025-07-24,203.46,203.46,0
9668,1040,2025-08-26,203.46,203.46,0
9669,1040,2025-09-23,203.46,203.46,0
9670,1040,2025-10-22,203.46,203.46,0
9671,1040,2025-12-02,203.46,170.52,7
9672,1040,2025-12-25,203.46,203.46,0
9673,1041,2025-03-27,289.77,289.77,0
9674,1041,2025-04-26,289.77,289.77,0
9675,1041,2025-05-22,289.77,289.77,0
9676,1041,2025-06-28,289.77,289.77,0
9677,1041,2025-07-24,289.77,289.77,0
9678,1041,2025-10-04,289.77,256.37,40
9679,1041,2025-11-27,289.77,274.7,64
9680,1041,2025-10-28,289.77,289.77,0
9681,1041,2025-11-26,289.77,289.77,0
9682,1041,2025-12-25,289.77,289.77,0
9683,1042,2025-03-25,183.54,183.54,0
9684,1042,2025-04-24,183.54,183.54,0
9685,1042,2025-07-02,183.54,177.3,40
9686,1042,2025-06-25,183.54,183.54,0
9687,1042,2025-07-22,183.54,183.54,0
9688,1042,2025-08-23,183.54,183.54,0
9689,1042,2025-09-25,183.54,183.54,0
9690,1042,2025-10-28,183.54,183.54,0
9691,1042,2025-11-25,183.54,183.54,0
9692,1042,2025-12-24,183.54,183.54,0
9693,1043,2025-03-22,290.38,290.38,0
9694,1043,2025-04-22,290.38,290.38,0
9695,1043,2025-05-26,290.38,290.38,0
9696,1043,2025-06-24,290.38,290.38,0
9697,1043,2025-07-27,290.38,290.38,0
9698,1043,2025-08-26,290.38,290.38,0
9699,1043,2025-09-22,290.38,290.38,0
9700,1043,2025-10-26,290.38,290.38,0
9701,1043,2025-12-15,290.38,234.19,23
9702,1043,2026-01-11,290.38,255.15,16
9703,1044,2025-06-24,395.41,395.41,0
9704,1044,2025-07-24,395.41,395.41,0
9705,1044,2025-08-28,395.41,395.41,0
9706,1044,2025-09-22,395.41,395.41,0
9707,1044,2025-10-24,395.41,395.41,0
9708,1044,2025-11-24,395.41,395.41,0
9709,1044,2025-12-23,395.41,395.41,0
9710,1045,2025-06-26,70.43,70.43,0
9711,1045,2025-07-28,70.43,70.43,0
9712,1045,2025-08-23,70.43,70.43,0
9713,1045,2025-09-25,70.43,70.43,0
9714,1045,2025-10-24,70.43,70.43,0
9715,1045,2025-11-22,70.43,70.43,0
9716,1045,2025-12-22,70.43,70.43,0
9717,1046,2025-05-23,185.4,159.29,89
9718,1046,2025-08-23,185.4,13.95,151
9719,1046,2025-04-22,185.4,185.4,0
9720,1046,2025-05-28,185.4,185.4,0
9721,1046,2025-06-28,185.4,185.4,0
9722,1046,2025-07-27,185.4,185.4,0
9723,1046,2025-08-25,185.4,185.4,0
9724,1046,2025-12-06,185.4,155.71,73
9725,1046,2025-10-28,185.4,185.4,0
9726,1046,2026-01-30,185.4,154.72,64
9727,1046,2026-01-17,185.4,161.88,20
9728,1047,2025-10-25,915.08,915.08,0
9729,1047,2026-05-05,915.08,79.75,159
9730,1047,2025-12-22,915.08,915.08,0
9731,1048,2025-06-23,527.3,527.3,0
9732,1048,2025-07-26,527.3,527.3,0
9733,1048,2025-08-23,527.3,527.3,0
9734,1048,2025-09-26,527.3,527.3,0
9735,1048,2025-10-25,527.3,527.3,0
9736,1048,2026-01-20,527.3,515.39,58
9737,1048,2026-03-07,527.3,440.93,69
9738,1049,2025-05-25,497.89,497.89,0
9739,1049,2025-06-26,497.89,497.89,0
9740,1049,2025-07-25,497.89,497.89,0
9741,1049,2025-08-22,497.89,497.89,0
9742,1049,2025-09-25,497.89,497.89,0
9743,1049,2025-11-21,497.89,406.03,24
9744,1049,2025-11-27,497.89,497.89,0
9745,1049,2025-12-23,497.89,497.89,0
9746,1050,2025-09-28,430.9,430.9,0
9747,1050,2025-10-22,430.9,430.9,0
9748,1050,2025-11-26,430.9,430.9,0
9749,1050,2026-02-17,430.9,408.45,51
9750,1051,2024-01-28,942.9,942.9,0
9751,1051,2024-02-22,942.9,942.9,0
9752,1051,2024-03-25,942.9,942.9,0
9753,1051,2024-04-26,942.9,942.9,0
9754,1051,2024-07-03,942.9,806.28,41
9755,1051,2024-06-28,942.9,942.9,0
9756,1051,2024-07-28,942.9,942.9,0
9757,1051,2024-08-27,942.9,942.9,0
9758,1051,2024-09-26,942.9,942.9,0
9759,1051,2024-10-28,942.9,942.9,0
9760,1051,2024-11-23,942.9,942.9,0
9761,1051,2024-12-25,942.9,942.9,0
9762,1051,2025-01-25,942.9,942.9,0
9763,1051,2025-02-27,942.9,942.9,0
9764,1051,2025-03-25,942.9,942.9,0
9765,1051,2025-05-28,942.9,874.12,34
9766,1051,2025-05-26,942.9,942.9,0
9767,1051,2025-06-27,942.9,942.9,0
9768,1051,2025-07-25,942.9,942.9,0
9769,1052,2025-05-22,301.32,301.32,0
9770,1052,2025-06-27,301.32,301.32,0
9771,1052,2025-07-26,301.32,301.32,0
9772,1052,2025-08-26,301.32,301.32,0
9773,1052,2025-09-25,301.32,301.32,0
9774,1052,2025-10-26,301.32,301.32,0
9775,1052,2025-11-25,301.32,301.32,0
9776,1052,2025-12-28,301.32,301.32,0
9777,1053,2025-01-27,130.96,12.69,95
9778,1053,2025-02-16,130.96,127.12,80
9779,1053,2024-12-22,130.96,130.96,0
9780,1053,2025-01-22,130.96,130.96,0
9781,1053,2025-02-28,130.96,130.96,0
9782,1053,2025-05-04,130.96,107.68,40
9783,1053,2025-06-08,130.96,46.13,44
9784,1053,2025-06-02,130.96,111.7,11
9785,1053,2025-06-24,130.96,130.96,0
9786,1053,2025-07-25,130.96,130.96,0
9787,1053,2025-08-22,130.96,130.96,0
9788,1053,2025-09-27,130.96,130.96,0
9789,1053,2025-10-26,130.96,130.96,0
9790,1053,2025-11-25,130.96,130.96,0
9791,1053,2025-12-25,130.96,130.96,0
9792,1054,2024-01-22,117.27,117.27,0
9793,1054,2024-02-25,117.27,117.27,0
9794,1054,2024-03-27,117.27,117.27,0
9795,1054,2024-04-26,117.27,117.27,0
9796,1054,2024-08-10,117.27,116.11,80
9797,1054,2024-06-22,117.27,117.27,0
9798,1054,2024-07-28,117.27,117.27,0
9799,1054,2024-08-23,117.27,117.27,0
9800,1054,2024-09-26,117.27,117.27,0
9801,1054,2025-04-17,117.27,30.86,177
9802,1054,2024-11-22,117.27,117.27,0
9803,1054,2024-12-23,117.27,117.27,0
9804,1054,2025-02-09,117.27,95.0,14
9805,1054,2025-04-27,117.27,101.07,61
9806,1054,2025-03-27,117.27,117.27,0
9807,1054,2025-04-27,117.27,117.27,0
9808,1054,2025-05-26,117.27,117.27,0
9809,1054,2025-06-24,117.27,117.27,0
9810,1054,2025-07-22,117.27,117.27,0
9811,1054,2025-08-27,117.27,117.27,0
9812,1054,2025-09-23,117.27,117.27,0
9813,1054,2025-10-25,117.27,117.27,0
9814,1054,2025-11-25,117.27,117.27,0
9815,1054,2025-12-27,117.27,117.27,0
9816,1055,2025-01-28,495.18,495.18,0
9817,1055,2025-02-26,495.18,495.18,0
9818,1055,2025-03-23,495.18,495.18,0
9819,1055,2025-04-22,495.18,495.18,0
9820,1055,2025-07-03,495.18,447.63,37
9821,1055,2025-06-27,495.18,495.18,0
9822,1055,2025-09-27,495.18,139.6,61
9823,1055,2025-08-26,495.18,495.18,0
9824,1055,2026-03-08,495.18,197.54,165
9825,1055,2025-10-22,495.18,495.18,0
9826,1055,2025-11-22,495.18,495.18,0
9827,1055,2025-12-24,495.18,495.18,0
9828,1056,2025-09-23,445.36,445.36,0
9829,1056,2025-10-26,445.36,445.36,0
9830,1056,2025-11-23,445.36,445.36,0
9831,1056,2025-12-22,445.36,445.36,0
9832,1057,2025-04-25,283.41,283.41,0
9833,1057,2025-05-26,283.41,283.41,0
9834,1057,2025-06-22,283.41,283.41,0
9835,1057,2025-07-23,283.41,283.41,0
9836,1057,2025-11-03,283.41,269.0,68
9837,1057,2025-09-27,283.41,283.41,0
9838,1057,2025-10-22,283.41,283.41,0
9839,1057,2025-11-24,283.41,283.41,0
9840,1057,2025-12-22,283.41,283.41,0
9841,1058,2024-02-22,263.54,263.54,0
9842,1058,2024-03-24,263.54,263.54,0
9843,1058,2024-04-24,263.54,263.54,0
9844,1058,2024-05-22,263.54,263.54,0
9845,1058,2024-08-21,263.54,230.35,54
9846,1058,2024-07-28,263.54,263.54,0
9847,1058,2024-08-25,263.54,263.54,0
9848,1058,2024-11-24,263.54,232.14,59
9849,1058,2024-10-23,263.54,263.54,0
9850,1058,2024-11-24,263.54,263.54,0
9851,1058,2025-02-10,263.54,227.33,49
9852,1058,2025-02-18,263.54,227.59,24
9853,1058,2025-02-28,263.54,263.54,0
9854,1058,2025-03-24,263.54,263.54,0
9855,1058,2025-04-22,263.54,263.54,0
9856,1058,2025-05-23,263.54,263.54,0
9857,1058,2025-06-27,263.54,263.54,0
9858,1058,2025-07-28,263.54,263.54,0
9859,1058,2025-08-22,263.54,263.54,0
9860,1058,2025-09-27,263.54,263.54,0
9861,1058,2025-10-24,263.54,263.54,0
9862,1058,2025-11-22,263.54,263.54,0
9863,1058,2026-03-03,263.54,90.63,69
9864,1059,2025-02-22,2179.06,2179.06,0
9865,1059,2025-03-25,2179.06,2179.06,0
9866,1059,2025-04-26,2179.06,2179.06,0
9867,1059,2025-05-24,2179.06,2179.06,0
9868,1059,2025-06-28,2179.06,2179.06,0
9869,1059,2025-07-27,2179.06,2179.06,0
9870,1059,2025-08-28,2179.06,2179.06,0
9871,1059,2025-09-28,2179.06,2179.06,0
9872,1059,2025-10-23,2179.06,2179.06,0
9873,1059,2025-11-24,2179.06,2179.06,0
9874,1059,2025-12-24,2179.06,2179.06,0
9875,1060,2026-01-18,250.41,241.24,51
9876,1060,2025-12-23,250.41,250.41,0
9877,1061,2024-12-22,660.27,660.27,0
9878,1061,2025-01-24,660.27,660.27,0
9879,1061,2025-02-25,660.27,660.27,0
9880,1061,2025-03-27,660.27,660.27,0
9881,1061,2025-04-22,660.27,660.27,0
9882,1061,2025-05-27,660.27,660.27,0
9883,1061,2025-06-25,660.27,660.27,0
9884,1061,2025-07-25,660.27,660.27,0
9885,1061,2025-08-24,660.27,660.27,0
9886,1061,2025-09-26,660.27,660.27,0
9887,1061,2025-10-24,660.27,660.27,0
9888,1061,2025-11-28,660.27,660.27,0
9889,1061,2025-12-26,660.27,660.27,0
9890,1062,2025-07-25,955.53,955.53,0
9891,1062,2025-08-27,955.53,955.53,0
9892,1062,2025-09-24,955.53,955.53,0
9893,1062,2025-10-22,955.53,955.53,0
9894,1062,2025-11-22,955.53,955.53,0
9895,1062,2025-12-24,955.53,955.53,0
9896,1063,2024-01-27,460.37,460.37,0
9897,1063,2024-02-23,460.37,460.37,0
9898,1063,2024-03-26,460.37,460.37,0
9899,1063,2024-04-28,460.37,460.37,0
9900,1063,2024-05-25,460.37,460.37,0
9901,1063,2024-06-27,460.37,460.37,0
9902,1063,2024-07-28,460.37,460.37,0
9903,1063,2024-08-26,460.37,460.37,0
9904,1063,2024-09-23,460.37,460.37,0
9905,1063,2024-10-22,460.37,460.37,0
9906,1063,2024-11-22,460.37,460.37,0
9907,1063,2024-12-24,460.37,460.37,0
9908,1063,2025-01-27,460.37,460.37,0
9909,1063,2025-02-28,460.37,460.37,0
9910,1063,2025-03-25,460.37,460.37,0
9911,1063,2025-04-23,460.37,460.37,0
9912,1063,2025-05-27,460.37,460.37,0
9913,1063,2025-06-27,460.37,460.37,0
9914,1063,2025-07-24,460.37,460.37,0
9915,1063,2025-08-27,460.37,460.37,0
9916,1063,2025-09-23,460.37,460.37,0
9917,1063,2025-10-27,460.37,460.37,0
9918,1063,2025-11-27,460.37,460.37,0
9919,1063,2026-05-12,460.37,50.8,139
9920,1064,2024-08-28,455.47,455.47,0
9921,1064,2024-09-27,455.47,455.47,0
9922,1064,2025-01-05,455.47,435.72,72
9923,1064,2025-02-04,455.47,431.91,71
9924,1064,2024-12-26,455.47,455.47,0
9925,1064,2025-04-07,455.47,384.25,73
9926,1064,2025-06-19,455.47,112.92,115
9927,1064,2025-09-13,455.47,68.41,172
9928,1064,2025-04-25,455.47,455.47,0
9929,1064,2025-05-25,455.47,455.47,0
9930,1064,2025-06-25,455.47,455.47,0
9931,1064,2025-07-24,455.47,455.47,0
9932,1064,2025-08-23,455.47,455.47,0
9933,1064,2025-09-22,455.47,455.47,0
9934,1064,2025-10-28,455.47,455.47,0
9935,1064,2026-01-26,455.47,376.3,64
9936,1064,2025-12-25,455.47,455.47,0
9937,1065,2024-07-07,217.54,183.31,40
9938,1065,2024-06-23,217.54,217.54,0
9939,1065,2024-07-28,217.54,217.54,0
9940,1065,2024-08-23,217.54,217.54,0
9941,1065,2024-09-27,217.54,217.54,0
9942,1065,2024-10-27,217.54,217.54,0
9943,1065,2024-11-25,217.54,217.54,0
9944,1065,2024-12-26,217.54,217.54,0
9945,1065,2025-01-22,217.54,217.54,0
9946,1065,2025-04-26,217.54,209.45,60
9947,1065,2025-03-23,217.54,217.54,0
9948,1065,2025-04-23,217.54,217.54,0
9949,1065,2025-05-25,217.54,217.54,0
9950,1065,2025-06-27,217.54,217.54,0
9951,1065,2025-07-22,217.54,217.54,0
9952,1065,2025-08-26,217.54,217.54,0
9953,1065,2025-09-23,217.54,217.54,0
9954,1065,2025-11-06,217.54,181.19,13
9955,1065,2025-11-26,217.54,217.54,0
9956,1065,2025-12-28,217.54,217.54,0
9957,1067,2025-01-27,839.12,839.12,0
9958,1067,2025-02-28,839.12,839.12,0
9959,1067,2025-03-24,839.12,839.12,0
9960,1067,2025-07-12,839.12,722.77,80
9961,1067,2025-05-25,839.12,839.12,0
9962,1067,2025-06-24,839.12,839.12,0
9963,1067,2025-07-25,839.12,839.12,0
9964,1067,2025-08-23,839.12,839.12,0
9965,1067,2026-02-14,839.12,28.91,144
9966,1067,2025-10-27,839.12,839.12,0
9967,1067,2025-11-27,839.12,839.12,0
9968,1067,2025-12-23,839.12,839.12,0
9969,1068,2024-12-22,149.01,149.01,0
9970,1068,2025-01-24,149.01,149.01,0
9971,1068,2025-02-24,149.01,149.01,0
9972,1068,2025-03-28,149.01,149.01,0
9973,1068,2025-04-22,149.01,149.01,0
9974,1068,2025-05-25,149.01,149.01,0
9975,1068,2025-06-26,149.01,149.01,0
9976,1068,2025-07-26,149.01,149.01,0
9977,1068,2025-08-25,149.01,149.01,0
9978,1068,2025-09-23,149.01,149.01,0
9979,1068,2025-10-24,149.01,149.01,0
9980,1068,2025-11-22,149.01,149.01,0
9981,1068,2025-12-24,149.01,149.01,0
9982,1069,2025-04-22,418.86,418.86,0
9983,1069,2025-05-24,418.86,418.86,0
9984,1069,2025-06-22,418.86,418.86,0
9985,1069,2025-10-01,418.86,395.82,71
9986,1069,2025-10-21,418.86,84.67,55
9987,1069,2025-09-27,418.86,418.86,0
9988,1069,2025-10-26,418.86,418.86,0
9989,1069,2025-11-24,418.86,418.86,0
9990,1069,2025-12-25,418.86,418.86,0
9991,1070,2025-05-28,208.72,208.72,0
9992,1070,2025-07-11,208.72,180.81,16
9993,1070,2025-07-26,208.72,208.72,0
9994,1070,2025-08-26,208.72,208.72,0
9995,1070,2025-09-22,208.72,208.72,0
9996,1070,2025-10-23,208.72,208.72,0
9997,1070,2025-11-28,208.72,208.72,0
9998,1070,2025-12-23,208.72,208.72,0
9999,1071,2024-12-27,382.03,382.03,0
10000,1071,2025-01-24,382.03,382.03,0
10001,1071,2025-02-22,382.03,382.03,0
10002,1071,2025-03-23,382.03,382.03,0
10003,1071,2025-04-27,382.03,382.03,0
10004,1071,2025-05-24,382.03,382.03,0
10005,1071,2025-06-26,382.03,382.03,0
10006,1071,2025-07-23,382.03,382.03,0
10007,1071,2025-08-25,382.03,382.03,0
10008,1071,2025-09-24,382.03,382.03,0
10009,1071,2025-10-22,382.03,382.03,0
10010,1071,2025-11-27,382.03,382.03,0
10011,1071,2025-12-25,382.03,382.03,0
10012,1072,2025-05-27,1894.47,1894.47,0
10013,1072,2025-06-22,1894.47,1894.47,0
10014,1072,2025-07-26,1894.47,1894.47,0
10015,1072,2025-08-22,1894.47,1894.47,0
10016,1072,2025-09-22,1894.47,1894.47,0
10017,1072,2025-10-28,1894.47,1894.47,0
10018,1072,2025-11-23,1894.47,1894.47,0
10019,1072,2025-12-24,1894.47,1894.47,0
10020,1073,2024-01-23,422.43,422.43,0
10021,1073,2024-02-25,422.43,422.43,0
10022,1073,2024-03-24,422.43,422.43,0
10023,1073,2024-04-24,422.43,422.43,0
10024,1073,2024-05-27,422.43,422.43,0
10025,1073,2024-11-30,422.43,132.59,156
10026,1073,2024-07-24,422.43,422.43,0
10027,1073,2024-08-28,422.43,422.43,0
10028,1073,2024-09-22,422.43,422.43,0
10029,1073,2024-10-25,422.43,422.43,0
10030,1073,2024-11-23,422.43,422.43,0
10031,1073,2024-12-22,422.43,422.43,0
10032,1073,2025-03-07,422.43,86.34,43
10033,1073,2025-02-23,422.43,422.43,0
10034,1073,2025-03-25,422.43,422.43,0
10035,1073,2025-04-27,422.43,422.43,0
10036,1074,2025-02-26,649.01,649.01,0
10037,1074,2025-05-09,649.01,533.74,48
10038,1074,2025-04-28,649.01,649.01,0
10039,1074,2025-05-23,649.01,649.01,0
10040,1074,2025-06-28,649.01,649.01,0
10041,1074,2025-07-22,649.01,649.01,0
10042,1074,2025-08-28,649.01,649.01,0
10043,1074,2025-09-22,649.01,649.01,0
10044,1074,2025-10-26,649.01,649.01,0
10045,1074,2025-11-22,649.01,649.01,0
10046,1074,2025-12-24,649.01,649.01,0
10047,1075,2025-08-01,176.16,35.94,39
10048,1075,2025-07-26,176.16,176.16,0
10049,1075,2025-08-23,176.16,176.16,0
10050,1075,2025-09-22,176.16,176.16,0
10051,1075,2025-11-10,176.16,147.15,14
10052,1075,2025-11-24,176.16,176.16,0
10053,1075,2025-12-22,176.16,176.16,0
10054,1076,2025-05-28,437.59,437.59,0
10055,1076,2025-06-28,437.59,437.59,0
10056,1076,2025-07-22,437.59,437.59,0
10057,1076,2025-08-28,437.59,437.59,0
10058,1076,2025-09-24,437.59,437.59,0
10059,1076,2025-10-25,437.59,437.59,0
10060,1076,2025-11-26,437.59,437.59,0
10061,1076,2025-12-28,437.59,437.59,0
10062,1077,2024-12-25,785.2,785.2,0
10063,1077,2025-01-28,785.2,785.2,0
10064,1077,2025-02-22,785.2,785.2,0
10065,1077,2025-03-28,785.2,785.2,0
10066,1077,2025-04-23,785.2,785.2,0
10067,1077,2025-05-24,785.2,785.2,0
10068,1077,2025-06-23,785.2,785.2,0
10069,1077,2025-07-23,785.2,785.2,0
10070,1077,2025-08-23,785.2,785.2,0
10071,1077,2025-09-26,785.2,785.2,0
10072,1077,2025-10-28,785.2,785.2,0
10073,1077,2025-11-26,785.2,785.2,0
10074,1077,2025-12-27,785.2,785.2,0
10075,1078,2025-11-23,409.6,409.6,0
10076,1078,2025-12-26,409.6,409.6,0
10077,1079,2025-06-26,700.11,700.11,0
10078,1079,2025-07-28,700.11,700.11,0
10079,1079,2026-02-23,700.11,228.83,180
10080,1079,2025-09-26,700.11,700.11,0
10081,1079,2025-12-23,700.11,570.63,58
10082,1079,2025-11-26,700.11,700.11,0
10083,1079,2025-12-23,700.11,700.11,0
10084,1080,2024-01-28,521.58,521.58,0
10085,1080,2024-02-25,521.58,521.58,0
10086,1080,2024-03-23,521.58,521.58,0
10087,1080,2024-04-27,521.58,521.58,0
10088,1080,2024-05-26,521.58,521.58,0
10089,1080,2024-06-25,521.58,521.58,0
10090,1080,2024-07-23,521.58,521.58,0
10091,1080,2024-08-28,521.58,521.58,0
10092,1080,2024-09-27,521.58,521.58,0
10093,1080,2024-10-23,521.58,521.58,0
10094,1080,2024-11-24,521.58,521.58,0
10095,1080,2024-12-22,521.58,521.58,0
10096,1080,2025-01-28,521.58,521.58,0
10097,1080,2025-02-28,521.58,521.58,0
10098,1080,2025-03-24,521.58,521.58,0
10099,1080,2025-08-26,521.58,205.0,120
10100,1080,2025-05-24,521.58,521.58,0
10101,1080,2025-06-25,521.58,521.58,0
10102,1080,2025-07-28,521.58,521.58,0
10103,1080,2025-08-25,521.58,521.58,0
10104,1080,2025-09-24,521.58,521.58,0
10105,1080,2025-10-26,521.58,521.58,0
10106,1080,2025-11-22,521.58,521.58,0
10107,1080,2025-12-23,521.58,521.58,0
10108,1081,2025-11-25,352.78,352.78,0
10109,1081,2025-12-24,352.78,352.78,0
10110,1082,2025-10-23,551.67,551.67,0
10111,1082,2025-11-23,551.67,551.67,0
10112,1082,2025-12-22,551.67,551.67,0
10113,1083,2025-02-25,438.8,438.8,0
10114,1083,2025-03-28,438.8,438.8,0
10115,1083,2025-04-26,438.8,438.8,0
10116,1083,2025-05-23,438.8,438.8,0
10117,1083,2025-06-25,438.8,438.8,0
10118,1083,2025-07-27,438.8,438.8,0
10119,1083,2025-08-25,438.8,438.8,0
10120,1083,2025-09-28,438.8,438.8,0
10121,1083,2025-10-22,438.8,438.8,0
10122,1083,2025-11-26,438.8,438.8,0
10123,1083,2025-12-22,438.8,438.8,0
10124,1084,2025-05-26,363.34,363.34,0
10125,1084,2025-09-18,363.34,331.94,83
10126,1084,2025-10-11,363.34,354.27,76
10127,1084,2025-08-26,363.34,363.34,0
10128,1084,2025-11-10,363.34,312.71,45
10129,1084,2026-04-15,363.34,132.03,171
10130,1084,2025-11-24,363.34,363.34,0
10131,1084,2025-12-25,363.34,363.34,0
10132,1085,2024-05-23,249.67,249.67,0
10133,1085,2024-06-27,249.67,249.67,0
10134,1085,2024-07-24,249.67,249.67,0
10135,1085,2024-08-26,249.67,249.67,0
10136,1085,2024-11-21,249.67,223.98,54
10137,1085,2024-10-22,249.67,249.67,0
10138,1085,2024-11-24,249.67,249.67,0
10139,1085,2025-02-01,249.67,219.85,39
10140,1085,2025-01-25,249.67,249.67,0
10141,1085,2025-02-26,249.67,249.67,0
10142,1085,2025-03-26,249.67,249.67,0
10143,1085,2025-04-23,249.67,249.67,0
10144,1085,2025-05-24,249.67,249.67,0
10145,1085,2025-06-24,249.67,249.67,0
10146,1085,2025-07-23,249.67,249.67,0
10147,1085,2025-08-22,249.67,249.67,0
10148,1085,2025-09-27,249.67,249.67,0
10149,1085,2025-10-24,249.67,249.67,0
10150,1085,2025-11-25,249.67,249.67,0
10151,1085,2025-12-22,249.67,249.67,0
10152,1086,2024-07-26,274.66,274.66,0
10153,1086,2024-08-28,274.66,274.66,0
10154,1086,2024-09-23,274.66,274.66,0
10155,1086,2024-10-28,274.66,274.66,0
10156,1086,2024-11-23,274.66,274.66,0
10157,1086,2024-12-26,274.66,274.66,0
10158,1086,2025-01-26,274.66,274.66,0
10159,1086,2025-02-28,274.66,274.66,0
10160,1086,2025-03-25,274.66,274.66,0
10161,1086,2025-04-28,274.66,274.66,0
10162,1086,2025-05-28,274.66,274.66,0
10163,1086,2025-06-26,274.66,274.66,0
10164,1086,2025-07-22,274.66,274.66,0
10165,1086,2025-08-26,274.66,274.66,0
10166,1086,2025-09-27,274.66,274.66,0
10167,1086,2025-10-26,274.66,274.66,0
10168,1086,2025-11-28,274.66,274.66,0
10169,1086,2025-12-23,274.66,274.66,0
10170,1087,2024-07-20,736.23,704.77,89
10171,1087,2024-05-28,736.23,736.23,0
10172,1087,2024-06-24,736.23,736.23,0
10173,1087,2024-07-25,736.23,736.23,0
10174,1087,2024-08-22,736.23,736.23,0
10175,1087,2024-09-27,736.23,736.23,0
10176,1087,2025-01-25,736.23,608.62,89
10177,1087,2024-11-25,736.23,736.23,0
10178,1087,2024-12-25,736.23,736.23,0
10179,1087,2025-01-28,736.23,736.23,0
10180,1087,2025-02-23,736.23,736.23,0
10181,1087,2025-05-07,736.23,695.4,40
10182,1087,2025-04-25,736.23,736.23,0
10183,1088,2025-02-25,2012.65,2012.65,0
10184,1088,2025-03-25,2012.65,2012.65,0
10185,1088,2025-04-28,2012.65,2012.65,0
10186,1088,2025-05-25,2012.65,2012.65,0
10187,1088,2025-06-25,2012.65,2012.65,0
10188,1088,2025-07-22,2012.65,2012.65,0
10189,1088,2025-08-25,2012.65,2012.65,0
10190,1088,2025-09-26,2012.65,2012.65,0
10191,1088,2025-10-25,2012.65,2012.65,0
10192,1088,2026-01-30,2012.65,1718.34,65
10193,1088,2025-12-28,2012.65,2012.65,0
10194,1089,2024-08-27,267.8,267.8,0
10195,1089,2024-09-28,267.8,267.8,0
10196,1089,2024-10-22,267.8,267.8,0
10197,1089,2024-11-25,267.8,267.8,0
10198,1089,2024-12-28,267.8,267.8,0
10199,1089,2025-01-27,267.8,267.8,0
10200,1089,2025-02-26,267.8,267.8,0
10201,1089,2025-03-22,267.8,267.8,0
10202,1089,2025-04-25,267.8,267.8,0
10203,1089,2025-06-15,267.8,259.54,20
10204,1089,2025-06-28,267.8,267.8,0
10205,1089,2025-07-22,267.8,267.8,0
10206,1089,2025-08-23,267.8,267.8,0
10207,1089,2025-09-24,267.8,267.8,0
10208,1089,2026-01-07,267.8,248.11,74
10209,1089,2025-11-27,267.8,267.8,0
10210,1089,2025-12-27,267.8,267.8,0
10211,1091,2025-11-25,160.51,160.51,0
10212,1091,2025-12-25,160.51,160.51,0
10213,1092,2025-12-28,969.39,969.39,0
10214,1093,2025-05-25,323.13,323.13,0
10215,1093,2025-06-28,323.13,323.13,0
10216,1093,2025-07-24,323.13,323.13,0
10217,1093,2025-08-24,323.13,323.13,0
10218,1093,2025-09-23,323.13,323.13,0
10219,1093,2025-10-25,323.13,323.13,0
10220,1093,2026-02-07,323.13,11.24,71
10221,1093,2026-04-28,323.13,5.31,126
10222,1094,2024-11-22,83.97,83.97,0
10223,1094,2025-03-18,83.97,70.62,81
10224,1094,2025-01-27,83.97,83.97,0
10225,1094,2025-02-24,83.97,83.97,0
10226,1094,2025-03-26,83.97,83.97,0
10227,1094,2025-04-28,83.97,83.97,0
10228,1094,2025-05-25,83.97,83.97,0
10229,1094,2025-06-24,83.97,83.97,0
10230,1094,2025-07-24,83.97,83.97,0
10231,1094,2025-08-22,83.97,83.97,0
10232,1094,2025-09-26,83.97,83.97,0
10233,1094,2025-10-23,83.97,83.97,0
10234,1094,2025-11-28,83.97,83.97,0
10235,1095,2025-07-25,492.06,492.06,0
10236,1095,2025-08-25,492.06,492.06,0
10237,1095,2025-09-23,492.06,492.06,0
10238,1095,2025-12-24,492.06,37.68,58
10239,1095,2025-11-25,492.06,492.06,0
10240,1095,2025-12-22,492.06,492.06,0
10241,1096,2025-10-26,550.09,550.09,0
10242,1096,2025-11-28,550.09,550.09,0
10243,1096,2026-01-06,550.09,531.51,15
10244,1097,2025-09-26,154.7,154.7,0
10245,1097,2025-10-28,154.7,154.7,0
10246,1097,2025-11-25,154.7,154.7,0
10247,1097,2025-12-24,154.7,154.7,0
10248,1098,2025-04-26,216.63,216.63,0
10249,1098,2025-05-24,216.63,216.63,0
10250,1098,2025-06-27,216.63,216.63,0
10251,1098,2025-07-22,216.63,216.63,0
10252,1098,2025-08-28,216.63,216.63,0
10253,1098,2025-09-25,216.63,216.63,0
10254,1098,2025-10-27,216.63,216.63,0
10255,1098,2025-11-28,216.63,216.63,0
10256,1098,2025-12-25,216.63,216.63,0
10257,1099,2025-05-25,198.24,198.24,0
10258,1099,2025-11-12,198.24,11.52,143
10259,1099,2025-07-23,198.24,198.24,0
10260,1099,2025-08-28,198.24,198.24,0
10261,1099,2025-09-27,198.24,198.24,0
10262,1099,2025-10-23,198.24,198.24,0
10263,1099,2026-04-12,198.24,68.54,135
10264,1099,2025-12-22,198.24,198.24,0
10265,1100,2025-02-22,661.94,661.94,0
10266,1100,2025-03-25,661.94,661.94,0
10267,1100,2025-04-23,661.94,661.94,0
10268,1100,2025-05-24,661.94,661.94,0
10269,1100,2025-06-25,661.94,661.94,0
10270,1100,2025-10-08,661.94,588.98,74
10271,1100,2025-11-25,661.94,214.1,90
10272,1100,2025-09-22,661.94,661.94,0
10273,1100,2025-12-03,661.94,568.76,40
10274,1100,2025-11-26,661.94,661.94,0
10275,1100,2025-12-22,661.94,661.94,0
10276,1101,2024-07-20,1370.55,10.92,148
10277,1101,2024-03-25,1370.55,1370.55,0
10278,1101,2024-04-24,1370.55,1370.55,0
10279,1101,2024-05-28,1370.55,1370.55,0
10280,1101,2024-09-01,1370.55,1315.29,71
10281,1101,2024-07-23,1370.55,1370.55,0
10282,1101,2024-08-26,1370.55,1370.55,0
10283,1101,2024-12-18,1370.55,1230.24,84
10284,1101,2024-10-24,1370.55,1370.55,0
10285,1101,2024-11-25,1370.55,1370.55,0
10286,1101,2024-12-26,1370.55,1370.55,0
10287,1101,2025-02-08,1370.55,1122.96,12
10288,1101,2025-03-09,1370.55,1182.27,10
10289,1102,2025-05-25,1332.25,1332.25,0
10290,1102,2025-09-08,1332.25,1239.14,77
10291,1102,2025-07-23,1332.25,1332.25,0
10292,1102,2026-02-12,1332.25,268.38,174
10293,1102,2025-09-26,1332.25,1332.25,0
10294,1102,2025-10-22,1332.25,1332.25,0
10295,1102,2025-11-28,1332.25,1332.25,0
10296,1102,2025-12-25,1332.25,1332.25,0
10297,1103,2025-11-25,155.57,155.57,0
10298,1103,2025-12-27,155.57,155.57,0
10299,1104,2025-05-15,193.39,156.37,52
10300,1104,2025-08-25,193.39,26.91,120
10301,1104,2025-05-23,193.39,193.39,0
10302,1104,2025-10-19,193.39,73.35,118
10303,1104,2025-07-24,193.39,193.39,0
10304,1104,2025-08-25,193.39,193.39,0
10305,1104,2025-09-24,193.39,193.39,0
10306,1104,2025-11-11,193.39,191.25,19
10307,1104,2025-11-27,193.39,193.39,0
10308,1104,2026-01-16,193.39,162.04,24
10309,1105,2025-02-26,187.29,187.29,0
10310,1105,2025-03-28,187.29,187.29,0
10311,1105,2025-04-28,187.29,187.29,0
10312,1105,2025-05-22,187.29,187.29,0
10313,1105,2025-06-22,187.29,187.29,0
10314,1105,2025-08-09,187.29,163.76,13
10315,1105,2025-08-27,187.29,187.29,0
10316,1105,2025-09-22,187.29,187.29,0
10317,1105,2025-10-26,187.29,187.29,0
10318,1105,2025-11-26,187.29,187.29,0
10319,1105,2026-01-24,187.29,41.11,30
10320,1106,2025-08-25,689.64,689.64,0
10321,1106,2025-09-28,689.64,689.64,0
10322,1106,2025-10-22,689.64,689.64,0
10323,1106,2025-11-26,689.64,689.64,0
10324,1106,2025-12-27,689.64,689.64,0
10325,1107,2025-07-27,1033.0,1033.0,0
10326,1107,2025-08-27,1033.0,1033.0,0
10327,1107,2025-09-23,1033.0,1033.0,0
10328,1107,2025-10-25,1033.0,1033.0,0
10329,1107,2025-11-26,1033.0,1033.0,0
10330,1107,2025-12-23,1033.0,1033.0,0
10331,1108,2024-05-23,506.93,506.93,0
10332,1108,2024-06-25,506.93,506.93,0
10333,1108,2024-07-26,506.93,506.93,0
10334,1108,2024-08-28,506.93,506.93,0
10335,1108,2024-09-22,506.93,506.93,0
10336,1108,2024-10-22,506.93,506.93,0
10337,1108,2024-11-27,506.93,506.93,0
10338,1108,2024-12-23,506.93,506.93,0
10339,1108,2025-01-25,506.93,506.93,0
10340,1108,2025-04-04,506.93,419.37,41
10341,1108,2025-03-23,506.93,506.93,0
10342,1108,2025-04-25,506.93,506.93,0
10343,1108,2025-05-26,506.93,506.93,0
10344,1108,2025-06-23,506.93,506.93,0
10345,1108,2025-07-25,506.93,506.93,0
10346,1108,2025-08-23,506.93,506.93,0
10347,1108,2025-09-22,506.93,506.93,0
10348,1108,2025-10-28,506.93,506.93,0
10349,1108,2025-11-25,506.93,506.93,0
10350,1108,2025-12-23,506.93,506.93,0
10351,1109,2025-05-23,522.2,522.2,0
10352,1109,2025-06-28,522.2,522.2,0
10353,1109,2025-07-27,522.2,522.2,0
10354,1109,2025-08-27,522.2,522.2,0
10355,1109,2025-09-25,522.2,522.2,0
10356,1109,2025-10-25,522.2,522.2,0
10357,1109,2025-11-24,522.2,522.2,0
10358,1109,2025-12-25,522.2,522.2,0
10359,1110,2025-06-28,153.07,153.07,0
10360,1110,2025-07-22,153.07,153.07,0
10361,1110,2025-08-24,153.07,153.07,0
10362,1110,2025-09-24,153.07,153.07,0
10363,1110,2025-10-22,153.07,153.07,0
10364,1110,2025-11-26,153.07,153.07,0
10365,1110,2025-12-22,153.07,153.07,0
10366,1112,2024-06-12,236.42,197.9,49
10367,1112,2024-08-02,236.42,224.37,71
10368,1112,2024-06-27,236.42,236.42,0
10369,1112,2024-07-26,236.42,236.42,0
10370,1112,2024-08-26,236.42,236.42,0
10371,1112,2024-09-22,236.42,236.42,0
10372,1112,2024-10-22,236.42,236.42,0
10373,1112,2024-11-24,236.42,236.42,0
10374,1112,2024-12-22,236.42,236.42,0
10375,1112,2025-01-27,236.42,236.42,0
10376,1112,2025-02-24,236.42,236.42,0
10377,1112,2025-03-23,236.42,236.42,0
10378,1112,2025-04-24,236.42,236.42,0
10379,1112,2025-05-23,236.42,236.42,0
10380,1112,2025-12-05,236.42,65.71,161
10381,1112,2025-07-23,236.42,236.42,0
10382,1112,2025-08-25,236.42,236.42,0
10383,1112,2025-09-24,236.42,236.42,0
10384,1112,2025-10-26,236.42,236.42,0
10385,1112,2025-11-26,236.42,236.42,0
10386,1112,2025-12-23,236.42,236.42,0
10387,1114,2025-01-26,527.34,527.34,0
10388,1114,2025-02-22,527.34,527.34,0
10389,1114,2025-03-22,527.34,527.34,0
10390,1114,2025-04-24,527.34,527.34,0
10391,1114,2025-05-27,527.34,527.34,0
10392,1114,2025-06-25,527.34,527.34,0
10393,1114,2025-07-25,527.34,527.34,0
10394,1114,2025-08-25,527.34,527.34,0
10395,1114,2025-11-20,527.34,457.45,56
10396,1114,2025-10-24,527.34,527.34,0
10397,1114,2025-11-24,527.34,527.34,0
10398,1114,2026-06-16,527.34,189.99,170
10399,1116,2025-08-22,179.65,179.65,0
10400,1116,2025-09-26,179.65,179.65,0
10401,1116,2025-10-26,179.65,179.65,0
10402,1116,2025-11-28,179.65,179.65,0
10403,1116,2025-12-26,179.65,179.65,0
10404,1117,2025-04-07,82.79,0.34,43
10405,1117,2025-03-27,82.79,72.83,2
10406,1117,2025-04-27,82.79,82.79,0
10407,1117,2025-05-22,82.79,82.79,0
10408,1117,2025-06-22,82.79,82.79,0
10409,1117,2025-07-25,82.79,82.79,0
10410,1117,2025-11-13,82.79,71.48,77
10411,1117,2026-01-03,82.79,30.72,97
10412,1117,2025-10-27,82.79,82.79,0
10413,1117,2025-11-23,82.79,82.79,0
10414,1117,2025-12-26,82.79,80.98,1
10415,1118,2025-06-22,530.74,530.74,0
10416,1118,2025-07-23,530.74,530.74,0
10417,1118,2025-11-16,530.74,500.44,86
10418,1118,2025-11-26,530.74,453.46,65
10419,1118,2025-10-23,530.74,530.74,0
10420,1118,2025-11-27,530.74,530.74,0
10421,1118,2025-12-23,530.74,530.74,0
10422,1119,2025-06-22,193.78,193.78,0
10423,1119,2025-07-25,193.78,193.78,0
10424,1119,2025-08-23,193.78,193.78,0
10425,1119,2025-09-24,193.78,193.78,0
10426,1119,2025-10-27,193.78,193.78,0
10427,1119,2025-11-25,193.78,193.78,0
10428,1119,2025-12-26,193.78,193.78,0
10429,1120,2025-02-23,364.92,364.92,0
10430,1120,2025-03-24,364.92,364.92,0
10431,1120,2025-04-22,364.92,364.92,0
10432,1120,2025-05-22,364.92,364.92,0
10433,1120,2025-06-25,364.92,364.92,0
10434,1120,2025-07-25,364.92,364.92,0
10435,1120,2025-08-25,364.92,364.92,0
10436,1120,2025-09-23,364.92,364.92,0
10437,1120,2025-10-23,364.92,364.92,0
10438,1120,2025-11-22,364.92,364.92,0
10439,1120,2026-06-10,364.92,77.02,166
10440,1121,2025-02-28,1536.49,1536.49,0
10441,1121,2025-03-28,1536.49,1536.49,0
10442,1121,2025-04-24,1536.49,1536.49,0
10443,1121,2025-05-23,1536.49,1536.49,0
10444,1121,2025-06-22,1536.49,1536.49,0
10445,1121,2025-07-22,1536.49,1536.49,0
10446,1121,2025-08-28,1536.49,1536.49,0
10447,1121,2025-09-26,1536.49,1536.49,0
10448,1121,2025-10-23,1536.49,1536.49,0
10449,1121,2025-11-25,1536.49,1536.49,0
10450,1121,2025-12-27,1536.49,1536.49,0
10451,1122,2024-11-24,1598.27,1598.27,0
10452,1122,2024-12-22,1598.27,1598.27,0
10453,1122,2025-01-27,1598.27,1598.27,0
10454,1122,2025-02-28,1598.27,1598.27,0
10455,1122,2025-03-28,1598.27,1598.27,0
10456,1122,2025-05-27,1598.27,1326.65,30
10457,1122,2025-05-23,1598.27,1598.27,0
10458,1122,2025-06-27,1598.27,1598.27,0
10459,1122,2025-07-27,1598.27,1598.27,0
10460,1122,2025-08-28,1598.27,1598.27,0
10461,1122,2025-09-26,1598.27,1598.27,0
10462,1122,2025-10-25,1598.27,1598.27,0
10463,1122,2025-11-26,1598.27,1598.27,0
10464,1122,2025-12-28,1598.27,1598.27,0
10465,1123,2025-12-28,874.73,874.73,0
10466,1124,2024-02-27,348.86,348.86,0
10467,1124,2024-04-27,348.86,313.35,31
10468,1124,2024-04-22,348.86,348.86,0
10469,1124,2024-05-24,348.86,348.86,0
10470,1124,2024-06-26,348.86,348.86,0
10471,1124,2024-08-26,348.86,330.45,29
10472,1124,2025-01-12,348.86,34.12,140
10473,1124,2024-09-22,348.86,348.86,0
10474,1124,2024-10-22,348.86,348.86,0
10475,1124,2024-11-22,348.86,348.86,0
10476,1124,2024-12-27,348.86,348.86,0
10477,1124,2025-01-25,348.86,348.86,0
10478,1124,2025-02-28,348.86,348.86,0
10479,1125,2025-03-24,959.27,959.27,0
10480,1125,2025-04-22,959.27,959.27,0
10481,1125,2025-05-28,959.27,959.27,0
10482,1125,2025-06-24,959.27,959.27,0
10483,1125,2025-07-26,959.27,959.27,0
10484,1125,2025-08-27,959.27,959.27,0
10485,1125,2025-09-23,959.27,959.27,0
10486,1125,2025-10-28,959.27,959.27,0
10487,1125,2025-11-23,959.27,959.27,0
10488,1125,2025-12-24,959.27,959.27,0
10489,1127,2025-03-24,147.01,147.01,0
10490,1127,2025-04-28,147.01,147.01,0
10491,1127,2025-05-22,147.01,147.01,0
10492,1127,2025-06-28,147.01,147.01,0
10493,1127,2025-07-26,147.01,147.01,0
10494,1127,2025-08-24,147.01,147.01,0
10495,1127,2025-09-24,147.01,147.01,0
10496,1127,2025-10-23,147.01,147.01,0
10497,1127,2025-11-24,147.01,147.01,0
10498,1127,2025-12-27,147.01,147.01,0
10499,1129,2025-06-28,311.76,311.76,0
10500,1129,2025-07-24,311.76,311.76,0
10501,1129,2025-08-28,311.76,311.76,0
10502,1129,2025-09-28,311.76,311.76,0
10503,1129,2025-10-26,311.76,311.76,0
10504,1129,2025-11-24,311.76,311.76,0
10505,1129,2026-03-01,311.76,77.99,67
10506,1130,2025-02-23,134.23,134.23,0
10507,1130,2025-03-26,134.23,134.23,0
10508,1130,2025-04-24,134.23,134.23,0
10509,1130,2025-05-28,134.23,134.23,0
10510,1130,2025-06-28,134.23,134.23,0
10511,1130,2025-07-26,134.23,134.23,0
10512,1130,2025-08-26,134.23,134.23,0
10513,1130,2025-09-27,134.23,134.23,0
10514,1130,2025-10-27,134.23,134.23,0
10515,1130,2025-11-25,134.23,134.23,0
10516,1130,2025-12-26,134.23,134.23,0
10517,1131,2025-03-27,511.94,511.94,0
10518,1131,2025-04-23,511.94,511.94,0
10519,1131,2025-05-24,511.94,511.94,0
10520,1131,2025-06-22,511.94,511.94,0
10521,1131,2025-07-28,511.94,511.94,0
10522,1131,2025-08-25,511.94,511.94,0
10523,1131,2025-09-28,511.94,511.94,0
10524,1131,2025-10-27,511.94,511.94,0
10525,1131,2025-11-25,511.94,511.94,0
10526,1131,2025-12-25,511.94,511.94,0
10527,1132,2025-09-22,150.45,123.6,26
10528,1132,2025-09-27,150.45,150.45,0
10529,1132,2026-01-28,150.45,34.18,98
10530,1132,2025-11-22,150.45,150.45,0
10531,1132,2025-12-23,150.45,150.45,0
10532,1133,2024-06-26,247.19,247.19,0
10533,1133,2024-07-27,247.19,247.19,0
10534,1133,2024-08-22,247.19,247.19,0
10535,1133,2024-09-24,247.19,247.19,0
10536,1133,2024-10-26,247.19,247.19,0
10537,1133,2024-11-26,247.19,247.19,0
10538,1133,2024-12-23,247.19,247.19,0
10539,1133,2025-01-24,247.19,247.19,0
10540,1133,2025-04-03,247.19,222.43,34
10541,1133,2025-03-25,247.19,247.19,0
10542,1133,2025-04-26,247.19,247.19,0
10543,1133,2025-05-28,247.19,247.19,0
10544,1133,2025-09-07,247.19,218.57,71
10545,1133,2025-07-27,247.19,247.19,0
10546,1133,2025-08-26,247.19,247.19,0
10547,1133,2025-09-25,247.19,247.19,0
10548,1133,2025-10-23,247.19,247.19,0
10549,1133,2025-11-24,247.19,247.19,0
10550,1133,2025-12-27,247.19,247.19,0
10551,1134,2024-01-22,400.08,400.08,0
10552,1134,2024-05-01,400.08,344.42,69
10553,1134,2024-03-23,400.08,400.08,0
10554,1134,2024-04-23,400.08,400.08,0
10555,1134,2024-05-22,400.08,400.08,0
10556,1134,2024-06-25,400.08,400.08,0
10557,1134,2024-07-25,400.08,400.08,0
10558,1134,2024-08-25,400.08,400.08,0
10559,1134,2024-09-22,400.08,400.08,0
10560,1134,2024-10-25,400.08,400.08,0
10561,1134,2024-11-22,400.08,400.08,0
10562,1134,2025-01-30,400.08,320.27,33
10563,1134,2025-01-26,400.08,400.08,0
10564,1134,2025-02-22,400.08,400.08,0
10565,1134,2025-05-13,400.08,369.13,48
10566,1134,2025-04-27,400.08,400.08,0
10567,1134,2025-05-23,400.08,400.08,0
10568,1134,2025-06-28,400.08,400.08,0
10569,1134,2025-07-26,400.08,400.08,0
10570,1134,2025-08-25,400.08,400.08,0
10571,1134,2025-09-26,400.08,400.08,0
10572,1134,2025-10-22,400.08,400.08,0
10573,1134,2026-01-14,400.08,369.41,48
10574,1134,2025-12-22,400.08,400.08,0
10575,1135,2025-05-22,51.87,51.87,0
10576,1135,2025-06-28,51.87,51.87,0
10577,1135,2025-07-25,51.87,51.87,0
10578,1135,2025-10-21,51.87,1.45,55
10579,1135,2025-09-27,51.87,51.87,0
10580,1135,2025-10-25,51.87,51.87,0
10581,1135,2025-11-27,51.87,51.87,0
10582,1135,2025-12-26,51.87,51.87,0
10583,1136,2025-02-11,182.4,147.77,50
10584,1136,2025-02-22,182.4,163.25,31
10585,1136,2025-02-22,182.4,182.4,0
10586,1136,2025-03-24,182.4,182.4,0
10587,1136,2025-04-23,182.4,182.4,0
10588,1136,2025-05-25,182.4,182.4,0
10589,1136,2025-08-10,182.4,171.48,46
10590,1136,2025-07-22,182.4,182.4,0
10591,1136,2025-08-22,182.4,182.4,0
10592,1136,2025-09-25,182.4,182.4,0
10593,1136,2025-10-24,182.4,182.4,0
10594,1136,2025-11-24,182.4,182.4,0
10595,1136,2026-02-11,182.4,180.21,50
10596,1137,2025-06-23,1096.97,1096.97,0
10597,1137,2025-07-22,1096.97,1096.97,0
10598,1137,2025-08-26,1096.97,1096.97,0
10599,1137,2025-11-22,1096.97,968.1,61
10600,1137,2025-10-26,1096.97,1096.97,0
10601,1137,2025-12-19,1096.97,999.7,22
10602,1137,2025-12-25,1096.97,1096.97,0
10603,1138,2026-01-08,193.0,180.07,16
10604,1139,2024-01-28,210.08,210.08,0
10605,1139,2024-02-24,210.08,210.08,0
10606,1139,2024-06-20,210.08,207.94,86
10607,1139,2024-04-27,210.08,210.08,0
10608,1139,2024-07-25,210.08,175.74,63
10609,1139,2024-06-28,210.08,210.08,0
10610,1139,2024-07-24,210.08,210.08,0
10611,1139,2024-08-22,210.08,210.08,0
10612,1139,2024-09-22,210.08,210.08,0
10613,1139,2024-10-23,210.08,210.08,0
10614,1139,2024-11-27,210.08,210.08,0
10615,1139,2024-12-27,210.08,210.08,0
10616,1139,2025-01-26,210.08,210.08,0
10617,1139,2025-02-23,210.08,210.08,0
10618,1139,2025-03-22,210.08,210.08,0
10619,1139,2025-04-26,210.08,210.08,0
10620,1139,2025-05-22,210.08,210.08,0
10621,1139,2025-06-27,210.08,210.08,0
10622,1139,2025-07-23,210.08,210.08,0
10623,1139,2025-08-23,210.08,210.08,0
10624,1139,2025-09-25,210.08,210.08,0
10625,1139,2025-10-25,210.08,210.08,0
10626,1139,2025-11-25,210.08,210.08,0
10627,1139,2025-12-27,210.08,210.08,0
10628,1140,2025-02-26,418.49,418.49,0
10629,1140,2025-03-23,418.49,418.49,0
10630,1140,2025-04-26,418.49,418.49,0
10631,1140,2025-05-23,418.49,418.49,0
10632,1140,2025-06-28,418.49,418.49,0
10633,1140,2025-07-23,418.49,418.49,0
10634,1140,2025-08-28,418.49,418.49,0
10635,1140,2025-09-25,418.49,418.49,0
10636,1140,2025-10-23,418.49,418.49,0
10637,1140,2025-11-27,418.49,418.49,0
10638,1140,2025-12-23,418.49,418.49,0
10639,1141,2024-07-22,1528.39,1528.39,0
10640,1141,2024-08-28,1528.39,1528.39,0
10641,1141,2024-09-26,1528.39,1528.39,0
10642,1141,2024-10-28,1528.39,1528.39,0
10643,1141,2024-11-27,1528.39,1528.39,0
10644,1141,2024-12-27,1528.39,1528.39,0
10645,1141,2025-01-28,1528.39,1528.39,0
10646,1141,2025-02-28,1528.39,1528.39,0
10647,1141,2025-03-22,1528.39,1528.39,0
10648,1141,2025-04-27,1528.39,1528.39,0
10649,1141,2025-05-22,1528.39,1528.39,0
10650,1141,2025-06-23,1528.39,1528.39,0
10651,1141,2025-07-23,1528.39,1528.39,0
10652,1141,2025-08-28,1528.39,1528.39,0
10653,1141,2025-12-06,1528.39,1412.67,72
10654,1141,2025-10-27,1528.39,1528.39,0
10655,1141,2025-11-25,1528.39,1528.39,0
10656,1141,2025-12-28,1528.39,1528.39,0
10657,1142,2025-12-24,179.35,179.35,0
10658,1143,2024-11-28,150.31,150.31,0
10659,1143,2024-12-26,150.31,150.31,0
10660,1143,2025-01-25,150.31,150.31,0
10661,1143,2025-02-26,150.31,150.31,0
10662,1143,2025-07-31,150.31,27.54,125
10663,1143,2025-04-24,150.31,150.31,0
10664,1143,2025-05-22,150.31,150.31,0
10665,1143,2025-06-24,150.31,150.31,0
10666,1143,2026-01-09,150.31,41.07,170
10667,1143,2025-08-22,150.31,150.31,0
10668,1143,2025-09-24,150.31,150.31,0
10669,1143,2025-10-23,150.31,150.31,0
10670,1143,2025-11-25,150.31,150.31,0
10671,1143,2025-12-28,150.31,150.31,0
10672,1144,2025-04-25,177.13,177.13,0
10673,1144,2025-05-28,177.13,177.13,0
10674,1144,2025-06-24,177.13,177.13,0
10675,1144,2025-07-24,177.13,177.13,0
10676,1144,2025-08-25,177.13,177.13,0
10677,1144,2025-09-28,177.13,177.13,0
10678,1144,2025-10-24,177.13,177.13,0
10679,1144,2025-11-27,177.13,177.13,0
10680,1144,2026-03-21,177.13,142.81,88
10681,1145,2025-12-22,1213.06,1213.06,0
10682,1146,2025-07-25,270.45,270.45,0
10683,1146,2025-08-26,270.45,270.45,0
10684,1146,2025-09-22,270.45,270.45,0
10685,1146,2025-10-26,270.45,270.45,0
10686,1146,2025-11-26,270.45,270.45,0
10687,1146,2025-12-28,270.45,270.45,0
10688,1147,2024-10-28,467.79,467.79,0
10689,1147,2024-11-27,467.79,467.79,0
10690,1147,2024-12-23,467.79,467.79,0
10691,1147,2025-01-23,467.79,467.79,0
10692,1147,2025-02-26,467.79,467.79,0
10693,1147,2025-03-25,467.79,467.79,0
10694,1147,2025-04-24,467.79,467.79,0
10695,1147,2025-08-03,467.79,465.4,72
10696,1147,2025-06-26,467.79,467.79,0
10697,1147,2025-07-23,467.79,467.79,0
10698,1147,2025-08-25,467.79,467.79,0
10699,1147,2025-09-27,467.79,467.79,0
10700,1147,2025-11-30,467.79,402.26,39
10701,1147,2025-11-27,467.79,467.79,0
10702,1147,2025-12-26,467.79,467.79,0
10703,1148,2025-09-02,519.39,8.47,70
10704,1148,2025-07-24,519.39,519.39,0
10705,1148,2025-08-26,519.39,519.39,0
10706,1148,2025-09-25,519.39,519.39,0
10707,1148,2025-10-27,519.39,519.39,0
10708,1148,2026-01-08,519.39,172.4,46
10709,1148,2025-12-26,519.39,519.39,0
10710,1149,2025-07-27,385.08,385.08,0
10711,1149,2025-08-26,385.08,385.08,0
10712,1149,2025-09-25,385.08,385.08,0
10713,1149,2025-10-28,385.08,385.08,0
10714,1149,2025-11-26,385.08,385.08,0
10715,1149,2025-12-28,385.08,385.08,0
10716,1150,2024-06-25,253.99,253.99,0
10717,1150,2024-07-28,253.99,253.99,0
10718,1150,2024-08-23,253.99,253.99,0
10719,1150,2024-09-22,253.99,253.99,0
10720,1150,2024-10-25,253.99,253.99,0
10721,1150,2024-11-22,253.99,253.99,0
10722,1150,2024-12-25,253.99,253.99,0
10723,1150,2025-01-26,253.99,253.99,0
10724,1150,2025-02-26,253.99,253.99,0
10725,1150,2025-03-28,253.99,253.99,0
10726,1150,2025-04-22,253.99,253.99,0
10727,1150,2025-05-25,253.99,253.99,0
10728,1150,2025-06-22,253.99,253.99,0
10729,1150,2025-07-25,253.99,253.99,0
10730,1150,2025-08-27,253.99,253.99,0
10731,1150,2025-09-25,253.99,253.99,0
10732,1150,2025-10-27,253.99,253.99,0
10733,1150,2025-11-26,253.99,253.99,0
10734,1150,2025-12-24,253.99,253.99,0
10735,1151,2024-11-25,247.49,247.49,0
10736,1151,2024-12-22,247.49,247.49,0
10737,1151,2025-01-22,247.49,247.49,0
10738,1151,2025-02-26,247.49,247.49,0
10739,1151,2025-03-26,247.49,247.49,0
10740,1151,2025-04-27,247.49,247.49,0
10741,1151,2025-05-23,247.49,247.49,0
10742,1151,2025-06-26,247.49,247.49,0
10743,1151,2025-07-23,247.49,247.49,0
10744,1151,2025-08-28,247.49,247.49,0
10745,1151,2025-09-22,247.49,247.49,0
10746,1151,2025-10-25,247.49,247.49,0
10747,1151,2025-11-26,247.49,247.49,0
10748,1151,2025-12-24,247.49,247.49,0
10749,1152,2024-01-25,255.14,255.14,0
10750,1152,2024-05-06,255.14,221.42,69
10751,1152,2024-03-28,255.14,255.14,0
10752,1152,2024-04-26,255.14,255.14,0
10753,1152,2024-05-22,255.14,255.14,0
10754,1152,2024-08-07,255.14,228.72,45
10755,1152,2024-07-25,255.14,255.14,0
10756,1152,2024-08-24,255.14,255.14,0
10757,1152,2024-09-26,255.14,255.14,0
10758,1152,2024-10-24,255.14,255.14,0
10759,1152,2024-11-25,255.14,255.14,0
10760,1152,2025-02-23,255.14,211.3,63
10761,1152,2025-01-24,255.14,255.14,0
10762,1152,2025-04-10,255.14,17.83,46
10763,1152,2025-06-23,255.14,211.73,87
10764,1152,2025-04-23,255.14,255.14,0
10765,1152,2025-05-25,255.14,255.14,0
10766,1152,2025-06-24,255.14,255.14,0
10767,1152,2025-07-28,255.14,255.14,0
10768,1152,2025-08-27,255.14,255.14,0
10769,1152,2025-09-22,255.14,255.14,0
10770,1152,2025-10-24,255.14,255.14,0
10771,1152,2026-01-31,255.14,241.47,68
10772,1152,2025-12-27,255.14,255.14,0
10773,1154,2025-05-05,196.69,32.84,41
10774,1154,2025-04-23,196.69,196.69,0
10775,1154,2025-05-24,196.69,196.69,0
10776,1154,2025-06-22,196.69,196.69,0
10777,1154,2025-08-18,196.69,176.87,22
10778,1154,2026-02-14,196.69,30.48,170
10779,1154,2025-10-29,196.69,187.35,37
10780,1154,2025-10-26,196.69,196.69,0
10781,1154,2025-11-22,196.69,196.69,0
10782,1154,2026-02-04,196.69,38.89,42
10783,1155,2025-02-23,450.94,450.94,0
10784,1155,2025-03-26,450.94,450.94,0
10785,1155,2025-04-24,450.94,450.94,0
10786,1155,2025-05-23,450.94,450.94,0
10787,1155,2025-06-22,450.94,450.94,0
10788,1155,2025-07-23,450.94,450.94,0
10789,1155,2025-08-27,450.94,450.94,0
10790,1155,2025-09-22,450.94,450.94,0
10791,1155,2025-10-25,450.94,450.94,0
10792,1155,2025-11-25,450.94,450.94,0
10793,1155,2025-12-28,450.94,450.94,0
10794,1156,2025-07-23,181.03,181.03,0
10795,1156,2025-11-26,181.03,48.55,96
10796,1156,2025-10-18,181.03,166.87,21
10797,1156,2025-10-27,181.03,181.03,0
10798,1156,2025-12-27,181.03,177.46,33
10799,1156,2025-12-28,181.03,181.03,0
10800,1157,2025-08-31,77.14,66.49,68
10801,1157,2025-07-25,77.14,77.14,0
10802,1157,2025-08-23,77.14,77.14,0
10803,1157,2025-09-26,77.14,77.14,0
10804,1157,2026-01-11,77.14,75.4,75
10805,1157,2025-11-26,77.14,77.14,0
10806,1157,2026-03-22,77.14,76.85,87
10807,1158,2025-12-22,683.48,683.48,0
10808,1159,2025-06-24,372.08,372.08,0
10809,1159,2025-07-27,372.08,372.08,0
10810,1159,2025-08-24,372.08,372.08,0
10811,1159,2025-09-22,372.08,372.08,0
10812,1159,2025-10-26,372.08,372.08,0
10813,1159,2025-11-28,372.08,372.08,0
10814,1159,2025-12-26,372.08,372.08,0
10815,1160,2025-04-26,215.61,215.61,0
10816,1160,2025-05-23,215.61,215.61,0
10817,1160,2025-06-22,215.61,215.61,0
10818,1160,2025-07-23,215.61,215.61,0
10819,1160,2025-08-28,215.61,215.61,0
10820,1160,2025-09-24,215.61,215.61,0
10821,1160,2026-03-26,215.61,74.63,150
10822,1160,2025-11-24,215.61,215.61,0
10823,1160,2026-01-15,215.61,176.86,22
10824,1161,2024-11-23,642.98,642.98,0
10825,1161,2025-02-28,642.98,522.04,68
10826,1161,2025-01-25,642.98,642.98,0
10827,1161,2025-02-25,642.98,642.98,0
10828,1161,2025-03-28,642.98,642.98,0
10829,1161,2025-04-27,642.98,642.98,0
10830,1161,2025-07-14,642.98,540.02,49
10831,1161,2025-06-27,642.98,642.98,0
10832,1161,2025-07-29,642.98,590.25,1
10833,1161,2025-08-27,642.98,642.98,0
10834,1161,2025-09-25,642.98,642.98,0
10835,1161,2025-10-26,642.98,642.98,0
10836,1161,2025-11-28,642.98,642.98,0
10837,1161,2026-02-03,642.98,514.46,41
10838,1162,2025-06-26,1292.35,1292.35,0
10839,1162,2025-07-26,1292.35,1292.35,0
10840,1162,2025-08-28,1292.35,1292.35,0
10841,1162,2025-09-22,1292.35,1292.35,0
10842,1162,2025-10-24,1292.35,1292.35,0
10843,1162,2025-11-23,1292.35,1292.35,0
10844,1162,2025-12-25,1292.35,1292.35,0
10845,1163,2025-05-22,442.07,442.07,0
10846,1163,2025-06-25,442.07,442.07,0
10847,1163,2025-07-25,442.07,442.07,0
10848,1163,2025-08-23,442.07,442.07,0
10849,1163,2025-09-28,442.07,442.07,0
10850,1163,2025-10-22,442.07,442.07,0
10851,1163,2025-11-23,442.07,442.07,0
10852,1163,2025-12-25,442.07,442.07,0
10853,1164,2025-05-28,219.69,219.69,0
10854,1164,2025-06-28,219.69,219.69,0
10855,1164,2025-07-22,219.69,219.69,0
10856,1164,2025-08-23,219.69,219.69,0
10857,1164,2025-09-27,219.69,219.69,0
10858,1164,2025-10-28,219.69,219.69,0
10859,1164,2025-11-25,219.69,219.69,0
10860,1164,2025-12-28,219.69,219.69,0
10861,1165,2024-09-25,330.98,290.44,64
10862,1165,2024-08-24,330.98,330.98,0
10863,1165,2024-09-25,330.98,330.98,0
10864,1165,2024-10-25,330.98,330.98,0
10865,1165,2024-11-27,330.98,330.98,0
10866,1165,2024-12-28,330.98,330.98,0
10867,1165,2025-01-27,330.98,330.98,0
10868,1165,2025-02-28,330.98,330.98,0
10869,1165,2025-06-01,330.98,279.71,70
10870,1165,2025-04-25,330.98,330.98,0
10871,1165,2025-05-24,330.98,330.98,0
10872,1165,2025-06-23,330.98,330.98,0
10873,1165,2025-07-26,330.98,330.98,0
10874,1165,2025-08-22,330.98,330.98,0
10875,1165,2025-09-24,330.98,330.98,0
10876,1165,2025-10-22,330.98,330.98,0
10877,1165,2025-11-25,330.98,330.98,0
10878,1165,2025-12-22,330.98,330.98,0
10879,1166,2024-01-24,599.08,599.08,0
10880,1166,2024-02-24,599.08,599.08,0
10881,1166,2024-03-24,599.08,599.08,0
10882,1166,2024-04-24,599.08,599.08,0
10883,1166,2024-05-22,599.08,599.08,0
10884,1166,2024-06-26,599.08,599.08,0
10885,1167,2025-04-27,370.86,370.86,0
10886,1167,2025-07-02,370.86,322.59,37
10887,1167,2025-06-23,370.86,370.86,0
10888,1167,2025-07-22,370.86,370.86,0
10889,1167,2025-08-23,370.86,370.86,0
10890,1167,2025-09-24,370.86,370.86,0
10891,1167,2025-10-27,370.86,370.86,0
10892,1167,2025-11-24,370.86,370.86,0
10893,1167,2025-12-27,370.86,370.86,0
10894,1168,2024-12-25,108.4,108.4,0
10895,1168,2025-01-23,108.4,108.4,0
10896,1168,2025-03-18,108.4,98.91,24
10897,1168,2025-03-25,108.4,108.4,0
10898,1168,2025-04-22,108.4,108.4,0
10899,1168,2025-06-27,108.4,93.3,32
10900,1168,2025-08-21,108.4,13.81,56
10901,1168,2025-07-25,108.4,108.4,0
10902,1168,2025-08-23,108.4,108.4,0
10903,1168,2025-09-28,108.4,108.4,0
10904,1168,2025-10-23,108.4,108.4,0
10905,1168,2025-11-23,108.4,108.4,0
10906,1168,2025-12-23,108.4,108.4,0
10907,1170,2025-12-13,99.72,82.62,76
10908,1170,2025-10-27,99.72,99.72,0
10909,1170,2025-11-28,99.72,99.72,0
10910,1170,2025-12-25,99.72,99.72,0
10911,1171,2025-06-23,460.68,460.68,0
10912,1171,2025-09-27,460.68,440.94,65
10913,1171,2025-08-24,460.68,460.68,0
10914,1171,2025-11-23,460.68,394.67,57
10915,1171,2025-10-26,460.68,460.68,0
10916,1171,2025-11-28,460.68,460.68,0
10917,1171,2025-12-22,460.68,460.68,0
10918,1172,2025-08-27,207.76,207.76,0
10919,1172,2025-09-26,207.76,207.76,0
10920,1172,2026-01-14,207.76,167.49,83
10921,1172,2025-11-24,207.76,207.76,0
10922,1172,2025-12-27,207.76,207.76,0
10923,1173,2025-05-27,210.51,210.51,0
10924,1173,2025-06-28,210.51,210.51,0
10925,1173,2025-07-24,210.51,210.51,0
10926,1173,2025-08-22,210.51,210.51,0
10927,1173,2025-09-26,210.51,210.51,0
10928,1173,2025-10-22,210.51,210.51,0
10929,1173,2025-11-25,210.51,210.51,0
10930,1173,2025-12-28,210.51,210.51,0
10931,1174,2025-12-28,449.5,449.5,0
10932,1175,2025-03-22,206.32,206.32,0
10933,1175,2025-04-24,206.32,206.32,0
10934,1175,2025-05-23,206.32,206.32,0
10935,1175,2025-06-22,206.32,206.32,0
10936,1175,2025-10-13,206.32,199.06,83
10937,1175,2025-08-27,206.32,206.32,0
10938,1175,2025-09-24,206.32,206.32,0
10939,1175,2025-10-28,206.32,206.32,0
10940,1175,2025-12-30,206.32,167.6,32
10941,1175,2025-12-28,206.32,206.32,0
10942,1176,2024-02-25,141.48,141.48,0
10943,1176,2024-03-27,141.48,141.48,0
10944,1176,2024-04-25,141.48,141.48,0
10945,1176,2024-08-11,141.48,117.82,80
10946,1176,2024-06-26,141.48,141.48,0
10947,1176,2024-07-28,141.48,141.48,0
10948,1176,2024-08-26,141.48,141.48,0
10949,1176,2024-09-26,141.48,141.48,0
10950,1176,2024-10-28,141.48,141.48,0
10951,1176,2024-11-28,141.48,141.48,0
10952,1176,2024-12-22,141.48,141.48,0
10953,1176,2025-01-23,141.48,141.48,0
10954,1176,2025-02-27,141.48,141.48,0
10955,1176,2025-03-22,141.48,141.48,0
10956,1176,2025-04-27,141.48,141.48,0
10957,1176,2025-05-26,141.48,141.48,0
10958,1176,2025-06-26,141.48,141.48,0
10959,1176,2025-07-28,141.48,141.48,0
10960,1176,2025-08-24,141.48,141.48,0
10961,1176,2025-09-28,141.48,141.48,0
10962,1176,2025-10-22,141.48,141.48,0
10963,1176,2025-11-26,141.48,141.48,0
10964,1176,2025-12-23,141.48,141.48,0
10965,1178,2025-11-22,160.67,160.67,0
10966,1178,2026-02-10,160.67,136.96,50
10967,1179,2025-04-24,433.87,433.87,0
10968,1179,2025-05-26,433.87,433.87,0
10969,1179,2025-06-23,433.87,433.87,0
10970,1179,2025-07-25,433.87,433.87,0
10971,1179,2025-08-25,433.87,433.87,0
10972,1179,2025-09-23,433.87,433.87,0
10973,1179,2025-10-27,433.87,433.87,0
10974,1179,2025-11-27,433.87,433.87,0
10975,1179,2025-12-26,433.87,433.87,0
10976,1180,2024-06-26,641.4,641.4,0
10977,1180,2024-07-27,641.4,641.4,0
10978,1180,2024-08-24,641.4,641.4,0
10979,1180,2024-09-23,641.4,641.4,0
10980,1180,2024-10-23,641.4,641.4,0
10981,1180,2024-11-28,641.4,641.4,0
10982,1180,2024-12-28,641.4,641.4,0
10983,1180,2025-01-23,641.4,641.4,0
10984,1180,2025-02-23,641.4,641.4,0
10985,1180,2025-03-27,641.4,641.4,0
10986,1180,2025-04-28,641.4,641.4,0
10987,1180,2025-05-22,641.4,641.4,0
10988,1180,2025-08-12,641.4,612.84,49
10989,1181,2025-04-24,181.23,181.23,0
10990,1181,2025-07-08,181.23,176.33,41
10991,1181,2025-06-22,181.23,181.23,0
10992,1181,2025-07-23,181.23,181.23,0
10993,1181,2025-08-28,181.23,181.23,0
10994,1181,2026-02-28,181.23,19.42,153
10995,1181,2025-10-22,181.23,181.23,0
10996,1181,2025-11-27,181.23,181.23,0
10997,1181,2025-12-26,181.23,181.23,0
10998,1182,2025-02-22,194.23,194.23,0
10999,1182,2025-03-24,194.23,194.23,0
11000,1182,2025-04-27,194.23,194.23,0
11001,1182,2025-05-23,194.23,194.23,0
11002,1182,2025-06-23,194.23,194.23,0
11003,1182,2025-07-28,194.23,194.23,0
11004,1182,2025-08-23,194.23,194.23,0
11005,1182,2025-09-23,194.23,194.23,0
11006,1182,2025-10-23,194.23,194.23,0
11007,1182,2025-11-25,194.23,194.23,0
11008,1182,2026-01-29,194.23,0.51,33
11009,1183,2025-12-24,812.35,812.35,0
11010,1184,2024-10-24,372.02,372.02,0
11011,1184,2024-11-27,372.02,372.02,0
11012,1184,2024-12-26,372.02,372.02,0
11013,1184,2025-01-26,372.02,372.02,0
11014,1184,2025-02-26,372.02,372.02,0
11015,1184,2025-03-23,372.02,372.02,0
11016,1184,2025-04-28,372.02,372.02,0
11017,1184,2025-05-27,372.02,372.02,0
11018,1184,2025-08-01,372.02,332.96,39
11019,1184,2025-07-22,372.02,372.02,0
11020,1184,2025-08-26,372.02,372.02,0
11021,1184,2025-09-22,372.02,372.02,0
11022,1184,2025-10-24,372.02,372.02,0
11023,1184,2025-11-26,372.02,372.02,0
11024,1184,2025-12-26,372.02,372.02,0
11025,1185,2025-11-27,402.95,402.95,0
11026,1185,2025-12-26,402.95,402.95,0
11027,1186,2025-05-23,589.04,589.04,0
11028,1186,2025-06-24,589.04,589.04,0
11029,1186,2025-07-23,589.04,589.04,0
11030,1186,2025-08-25,589.04,589.04,0
11031,1186,2025-09-24,589.04,589.04,0
11032,1186,2025-10-22,589.04,589.04,0
11033,1186,2025-11-27,589.04,589.04,0
11034,1186,2025-12-22,589.04,589.04,0
11035,1187,2025-09-24,83.86,83.86,0
11036,1187,2025-10-26,83.86,83.86,0
11037,1187,2025-11-25,83.86,83.86,0
11038,1187,2025-12-23,83.86,83.86,0
11039,1188,2024-11-18,602.43,8.24,85
11040,1188,2024-09-23,602.43,602.43,0
11041,1188,2024-10-26,602.43,602.43,0
11042,1188,2025-03-30,602.43,5.08,126
11043,1188,2024-12-25,602.43,602.43,0
11044,1188,2025-01-26,602.43,602.43,0
11045,1188,2025-04-12,602.43,498.69,43
11046,1188,2025-03-23,602.43,602.43,0
11047,1188,2025-04-24,602.43,602.43,0
11048,1188,2025-05-25,602.43,602.43,0
11049,1188,2025-09-03,602.43,193.79,71
11050,1188,2025-08-19,602.43,509.96,28
11051,1188,2025-08-22,602.43,602.43,0
11052,1188,2025-12-03,602.43,582.73,70
11053,1188,2025-10-28,602.43,602.43,0
11054,1188,2026-01-06,602.43,571.69,41
11055,1188,2025-12-25,602.43,602.43,0
11056,1189,2025-01-28,160.27,160.27,0
11057,1189,2025-02-22,160.27,160.27,0
11058,1189,2025-03-28,160.27,160.27,0
11059,1189,2025-04-24,160.27,160.27,0
11060,1189,2025-05-23,160.27,160.27,0
11061,1189,2025-06-26,160.27,160.27,0
11062,1189,2025-07-26,160.27,160.27,0
11063,1189,2025-08-28,160.27,160.27,0
11064,1189,2025-09-23,160.27,160.27,0
11065,1189,2025-10-25,160.27,160.27,0
11066,1189,2025-11-24,160.27,160.27,0
11067,1189,2025-12-27,160.27,160.27,0
11068,1191,2025-06-23,324.5,324.5,0
11069,1191,2025-07-22,324.5,324.5,0
11070,1191,2025-08-22,324.5,324.5,0
11071,1191,2025-09-26,324.5,324.5,0
11072,1191,2025-12-22,324.5,293.31,55
11073,1191,2025-11-28,324.5,324.5,0
11074,1191,2025-12-26,324.5,324.5,0
11075,1192,2025-05-25,340.01,340.01,0
11076,1192,2025-08-20,340.01,285.33,53
11077,1192,2025-09-15,340.01,283.24,55
11078,1192,2025-10-23,340.01,13.61,62
11079,1192,2025-09-23,340.01,340.01,0
11080,1192,2025-10-24,340.01,305.34,2
11081,1192,2025-11-24,340.01,340.01,0
11082,1192,2025-12-25,340.01,340.01,0
11083,1193,2025-05-25,721.93,721.93,0
11084,1193,2025-06-28,721.93,721.93,0
11085,1193,2025-07-27,721.93,721.93,0
11086,1193,2025-11-17,721.93,621.86,81
11087,1193,2025-09-27,721.93,721.93,0
11088,1193,2025-10-22,721.93,721.93,0
11089,1193,2025-11-23,721.93,721.93,0
11090,1193,2025-12-22,721.93,721.93,0
11091,1194,2025-02-25,57.09,57.09,0
11092,1194,2025-03-27,57.09,57.09,0
11093,1194,2025-04-23,57.09,57.09,0
11094,1194,2025-07-06,57.09,50.72,43
11095,1194,2025-06-23,57.09,57.09,0
11096,1194,2025-07-27,57.09,57.09,0
11097,1194,2025-08-25,57.09,57.09,0
11098,1194,2025-10-14,57.09,53.89,22
11099,1194,2025-10-25,57.09,57.09,0
11100,1194,2025-11-24,57.09,57.09,0
11101,1194,2025-12-24,57.09,57.09,0
11102,1195,2025-07-28,330.29,330.29,0
11103,1195,2025-08-27,330.29,330.29,0
11104,1195,2025-09-26,330.29,330.29,0
11105,1195,2025-10-23,330.29,330.29,0
11106,1195,2025-11-27,330.29,330.29,0
11107,1195,2025-12-24,330.29,330.29,0
11108,1196,2025-03-22,590.37,590.37,0
11109,1196,2025-04-28,590.37,590.37,0
11110,1196,2025-05-22,590.37,590.37,0
11111,1196,2025-06-22,590.37,590.37,0
11112,1196,2025-07-23,590.37,590.37,0
11113,1196,2025-08-25,590.37,590.37,0
11114,1196,2025-09-26,590.37,590.37,0
11115,1196,2025-10-26,590.37,590.37,0
11116,1196,2025-11-22,590.37,590.37,0
11117,1196,2025-12-26,590.37,590.37,0
11118,1197,2024-10-27,52.47,52.47,0
11119,1197,2024-12-30,52.47,47.31,36
11120,1197,2025-04-20,52.47,8.35,116
11121,1197,2025-01-23,52.47,52.47,0
11122,1197,2025-02-22,52.47,52.47,0
11123,1197,2025-03-28,52.47,52.47,0
11124,1197,2025-04-26,52.47,52.47,0
11125,1197,2025-05-24,52.47,52.47,0
11126,1197,2025-06-27,52.47,52.47,0
11127,1197,2025-07-22,52.47,52.47,0
11128,1197,2025-08-24,52.47,52.47,0
11129,1197,2025-09-22,52.47,52.47,0
11130,1197,2025-10-23,52.47,52.47,0
11131,1197,2025-11-25,52.47,42.86,3
11132,1197,2025-12-28,52.47,52.47,0
11133,1198,2025-02-27,129.52,129.52,0
11134,1198,2025-03-22,129.52,129.52,0
11135,1198,2025-04-26,129.52,129.52,0
11136,1198,2025-05-26,129.52,129.52,0
11137,1198,2025-06-23,129.52,129.52,0
11138,1198,2025-07-26,129.52,129.52,0
11139,1198,2025-08-22,129.52,129.52,0
11140,1198,2025-09-27,129.52,129.52,0
11141,1198,2025-10-27,129.52,129.52,0
11142,1198,2025-11-27,129.52,129.52,0
11143,1198,2025-12-23,129.52,129.52,0
11144,1199,2024-03-26,470.79,470.79,0
11145,1199,2024-04-27,470.79,470.79,0
11146,1199,2024-05-26,470.79,470.79,0
11147,1199,2024-06-26,470.79,470.79,0
11148,1199,2024-07-26,470.79,470.79,0
11149,1199,2024-08-24,470.79,470.79,0
11150,1199,2024-09-27,470.79,470.79,0
11151,1199,2024-10-28,470.79,470.79,0
11152,1199,2024-11-24,470.79,470.79,0
11153,1199,2024-12-27,470.79,470.79,0
11154,1199,2025-01-26,470.79,470.79,0
11155,1199,2025-02-24,470.79,470.79,0
11156,1199,2025-03-27,470.79,470.79,0
11157,1199,2025-04-24,470.79,470.79,0
11158,1199,2025-05-26,470.79,470.79,0
11159,1199,2025-06-22,470.79,470.79,0
11160,1199,2025-07-26,470.79,470.79,0
11161,1199,2025-08-28,470.79,470.79,0
11162,1199,2025-09-22,470.79,470.79,0
11163,1199,2025-10-23,470.79,470.79,0
11164,1199,2025-11-23,470.79,470.79,0
11165,1199,2025-12-28,470.79,470.79,0
11166,1200,2025-12-28,235.26,235.26,0
11167,1201,2025-05-23,112.61,112.61,0
11168,1201,2025-06-22,112.61,112.61,0
11169,1201,2025-07-23,112.61,112.61,0
11170,1201,2025-08-22,112.61,112.61,0
11171,1201,2025-09-28,112.61,112.61,0
11172,1201,2025-10-25,112.61,112.61,0
11173,1201,2025-11-23,112.61,112.61,0
11174,1201,2025-12-22,112.61,112.61,0
11175,1202,2025-03-27,187.59,187.59,0
11176,1202,2025-04-23,187.59,187.59,0
11177,1202,2025-07-04,187.59,156.39,42
11178,1202,2025-06-23,187.59,187.59,0
11179,1202,2025-07-25,187.59,187.59,0
11180,1202,2025-08-25,187.59,187.59,0
11181,1202,2026-02-11,187.59,43.84,138
11182,1202,2025-10-28,187.59,187.59,0
11183,1202,2025-11-26,187.59,187.59,0
11184,1202,2025-12-28,187.59,187.59,0
11185,1203,2024-07-24,84.82,84.82,0
11186,1203,2024-08-22,84.82,84.82,0
11187,1203,2024-09-24,84.82,84.82,0
11188,1203,2024-10-27,84.82,84.82,0
11189,1203,2024-11-23,84.82,84.82,0
11190,1203,2024-12-22,84.82,84.82,0
11191,1203,2025-01-22,84.82,84.82,0
11192,1203,2025-02-24,84.82,84.82,0
11193,1203,2025-03-24,84.82,84.82,0
11194,1203,2025-04-23,84.82,84.82,0
11195,1203,2025-05-25,84.82,84.82,0
11196,1203,2025-06-27,84.82,84.82,0
11197,1203,2025-07-22,84.82,84.82,0
11198,1203,2025-08-28,84.82,84.82,0
11199,1203,2025-09-25,84.82,84.82,0
11200,1203,2025-10-27,84.82,84.82,0
11201,1203,2026-02-15,84.82,2.45,84
11202,1203,2025-12-26,84.82,84.82,0
11203,1204,2025-06-24,761.81,761.81,0
11204,1204,2025-07-23,761.81,761.81,0
11205,1204,2025-09-23,761.81,638.24,30
11206,1204,2025-09-22,761.81,761.81,0
11207,1204,2025-10-24,761.81,761.81,0
11208,1204,2025-11-27,761.81,761.81,0
11209,1204,2026-02-18,761.81,734.88,54
11210,1205,2024-08-23,229.01,229.01,0
11211,1205,2024-09-24,229.01,229.01,0
11212,1205,2024-10-26,229.01,229.01,0
11213,1205,2024-11-22,229.01,229.01,0
11214,1205,2024-12-27,229.01,229.01,0
11215,1205,2025-01-24,229.01,229.01,0
11216,1205,2025-02-27,229.01,229.01,0
11217,1205,2025-03-28,229.01,229.01,0
11218,1205,2025-04-28,229.01,229.01,0
11219,1205,2025-05-28,229.01,229.01,0
11220,1205,2025-06-27,229.01,229.01,0
11221,1205,2025-09-23,229.01,211.91,58
11222,1205,2025-08-22,229.01,229.01,0
11223,1205,2025-09-28,229.01,229.01,0
11224,1205,2025-12-24,229.01,184.0,58
11225,1205,2025-11-26,229.01,229.01,0
11226,1205,2025-12-26,229.01,229.01,0
11227,1206,2025-10-23,735.47,735.47,0
11228,1206,2025-11-28,735.47,735.47,0
11229,1206,2025-12-25,735.47,735.47,0
11230,1207,2024-09-26,1906.49,1906.49,0
11231,1207,2024-10-24,1906.49,1906.49,0
11232,1207,2024-11-25,1906.49,1906.49,0
11233,1207,2024-12-25,1906.49,1906.49,0
11234,1207,2025-01-23,1906.49,1906.49,0
11235,1207,2025-02-26,1906.49,1906.49,0
11236,1207,2025-03-24,1906.49,1906.49,0
11237,1207,2025-04-25,1906.49,1906.49,0
11238,1207,2025-05-25,1906.49,1906.49,0
11239,1207,2025-06-23,1906.49,1906.49,0
11240,1207,2025-07-22,1906.49,1906.49,0
11241,1207,2025-08-25,1906.49,1906.49,0
11242,1207,2025-09-26,1906.49,1906.49,0
11243,1207,2025-10-27,1906.49,1906.49,0
11244,1207,2025-11-23,1906.49,1906.49,0
11245,1207,2025-12-22,1906.49,1906.49,0
11246,1208,2025-04-24,350.29,350.29,0
11247,1208,2025-05-28,350.29,350.29,0
11248,1208,2025-06-23,350.29,350.29,0
11249,1208,2025-07-23,350.29,350.29,0
11250,1208,2025-09-29,350.29,338.01,33
11251,1208,2025-10-18,350.29,329.43,26
11252,1208,2025-10-28,350.29,350.29,0
11253,1208,2025-11-23,350.29,350.29,0
11254,1208,2025-12-22,350.29,350.29,0
11255,1209,2025-06-28,97.57,97.57,0
11256,1209,2025-10-13,97.57,96.08,77
11257,1209,2025-08-25,97.57,97.57,0
11258,1209,2025-09-23,97.57,97.57,0
11259,1209,2025-10-24,97.57,97.57,0
11260,1209,2025-11-22,97.57,97.57,0
11261,1209,2025-12-27,97.57,97.57,0
11262,1211,2025-06-07,613.27,602.46,40
11263,1211,2025-05-25,613.27,613.27,0
11264,1211,2025-06-24,613.27,613.27,0
11265,1211,2025-07-22,613.27,613.27,0
11266,1211,2025-08-23,613.27,613.27,0
11267,1211,2025-09-27,613.27,613.27,0
11268,1211,2025-10-28,613.27,613.27,0
11269,1211,2025-11-22,613.27,613.27,0
11270,1211,2025-12-24,613.27,613.27,0
11271,1212,2024-12-24,107.24,107.24,0
11272,1212,2025-01-22,107.24,107.24,0
11273,1212,2025-02-25,107.24,107.24,0
11274,1212,2025-03-22,107.24,107.24,0
11275,1212,2025-04-24,107.24,107.24,0
11276,1212,2025-05-24,107.24,107.24,0
11277,1212,2025-07-16,107.24,104.46,19
11278,1212,2025-07-26,107.24,107.24,0
11279,1212,2025-08-23,107.24,107.24,0
11280,1212,2025-09-23,107.24,107.24,0
11281,1212,2025-10-23,107.24,107.24,0
11282,1212,2025-11-24,107.24,107.24,0
11283,1212,2025-12-24,107.24,107.24,0
11284,1213,2025-04-22,108.54,108.54,0
11285,1213,2025-05-26,108.54,108.54,0
11286,1213,2025-06-28,108.54,108.54,0
11287,1213,2025-07-27,108.54,108.54,0
11288,1213,2025-08-24,108.54,108.54,0
11289,1213,2025-09-26,108.54,108.54,0
11290,1213,2025-11-24,108.54,21.3,30
11291,1213,2026-02-11,108.54,108.4,77
11292,1213,2025-12-26,108.54,108.54,0
11293,1215,2025-11-29,234.16,33.1,159
11294,1215,2025-10-17,234.16,197.16,85
11295,1215,2025-08-23,234.16,234.16,0
11296,1215,2025-09-23,234.16,234.16,0
11297,1215,2025-10-22,234.16,234.16,0
11298,1215,2025-11-25,234.16,234.16,0
11299,1215,2025-12-27,234.16,234.16,0
11300,1216,2024-07-27,144.75,144.75,0
11301,1216,2024-08-26,144.75,144.75,0
11302,1216,2024-11-29,144.75,132.35,68
11303,1216,2024-11-06,144.75,118.6,9
11304,1216,2024-11-27,144.75,144.75,0
11305,1216,2024-12-22,144.75,144.75,0
11306,1216,2025-01-23,144.75,144.75,0
11307,1216,2025-03-05,144.75,121.42,8
11308,1216,2025-03-27,144.75,144.75,0
11309,1216,2025-04-26,144.75,144.75,0
11310,1216,2025-05-28,144.75,144.75,0
11311,1216,2025-08-04,144.75,139.1,39
11312,1216,2025-07-27,144.75,144.75,0
11313,1216,2025-08-26,144.75,144.75,0
11314,1216,2025-09-27,144.75,144.75,0
11315,1216,2025-10-24,144.75,144.75,0
11316,1216,2025-11-22,144.75,144.75,0
11317,1216,2025-12-28,144.75,144.75,0
11318,1217,2025-05-24,1402.43,1402.43,0
11319,1217,2025-06-22,1402.43,1402.43,0
11320,1217,2025-07-24,1402.43,1402.43,0
11321,1217,2025-08-22,1402.43,1402.43,0
11322,1217,2025-12-11,1402.43,1205.03,80
11323,1217,2025-10-22,1402.43,1402.43,0
11324,1217,2025-11-25,1402.43,1402.43,0
11325,1217,2025-12-26,1402.43,1402.43,0
11326,1218,2025-09-26,441.1,441.1,0
11327,1218,2025-10-25,441.1,441.1,0
11328,1218,2025-11-25,441.1,441.1,0
11329,1218,2025-12-27,441.1,441.1,0
11330,1219,2024-06-23,464.53,464.53,0
11331,1219,2024-07-28,464.53,464.53,0
11332,1219,2024-08-23,464.53,464.53,0
11333,1219,2024-09-22,464.53,464.53,0
11334,1219,2024-10-22,464.53,464.53,0
11335,1219,2024-11-22,464.53,464.53,0
11336,1219,2024-12-24,464.53,464.53,0
11337,1219,2025-01-22,464.53,464.53,0
11338,1219,2025-02-23,464.53,464.53,0
11339,1219,2025-03-22,464.53,464.53,0
11340,1219,2025-04-23,464.53,464.53,0
11341,1219,2025-05-22,464.53,464.53,0
11342,1219,2025-06-22,464.53,464.53,0
11343,1219,2025-07-24,464.53,464.53,0
11344,1219,2025-08-28,464.53,464.53,0
11345,1219,2025-09-26,464.53,464.53,0
11346,1219,2025-10-25,464.53,464.53,0
11347,1219,2025-11-26,464.53,464.53,0
11348,1219,2025-12-25,464.53,464.53,0
11349,1220,2025-05-27,708.86,708.86,0
11350,1220,2025-06-24,708.86,708.86,0
11351,1220,2025-07-27,708.86,708.86,0
11352,1220,2025-08-24,708.86,708.86,0
11353,1220,2025-09-24,708.86,708.86,0
11354,1220,2025-10-28,708.86,708.86,0
11355,1220,2025-11-28,708.86,708.86,0
11356,1220,2025-12-27,708.86,708.86,0
11357,1221,2024-01-23,583.98,583.98,0
11358,1221,2024-02-22,583.98,583.98,0
11359,1221,2024-03-24,583.98,583.98,0
11360,1221,2024-04-27,583.98,583.98,0
11361,1221,2024-05-23,583.98,583.98,0
11362,1221,2024-06-22,583.98,583.98,0
11363,1221,2024-07-22,583.98,583.98,0
11364,1221,2024-10-03,583.98,177.67,37
11365,1221,2024-09-23,583.98,583.98,0
11366,1221,2024-10-24,583.98,583.98,0
11367,1221,2024-11-28,583.98,583.98,0
11368,1221,2024-12-25,583.98,583.98,0
11369,1221,2025-01-25,583.98,583.98,0
11370,1221,2025-02-28,583.98,583.98,0
11371,1221,2025-03-24,583.98,583.98,0
11372,1221,2025-05-10,583.98,554.87,18
11373,1221,2025-05-26,583.98,583.98,0
11374,1221,2025-06-22,583.98,583.98,0
11375,1221,2025-07-26,583.98,583.98,0
11376,1221,2025-08-22,583.98,583.98,0
11377,1221,2025-09-27,583.98,583.98,0
11378,1221,2025-10-24,583.98,583.98,0
11379,1221,2025-11-28,583.98,583.98,0
11380,1221,2026-03-08,583.98,28.03,74
11381,1222,2025-08-24,119.56,119.56,0
11382,1222,2025-09-26,119.56,119.56,0
11383,1222,2026-01-20,119.56,100.75,86
11384,1222,2025-11-24,119.56,119.56,0
11385,1222,2026-03-04,119.56,117.75,71
11386,1223,2025-07-24,182.31,182.31,0
11387,1223,2025-08-22,182.31,182.31,0
11388,1223,2025-09-27,182.31,182.31,0
11389,1223,2025-10-25,182.31,182.31,0
11390,1223,2025-11-26,182.31,182.31,0
11391,1223,2025-12-22,182.31,182.31,0
11392,1224,2025-12-23,438.63,438.63,0
11393,1225,2025-08-25,72.89,72.89,0
11394,1225,2026-01-09,72.89,15.95,103
11395,1225,2025-10-27,72.89,72.89,0
11396,1225,2025-11-27,72.89,72.89,0
11397,1225,2025-12-25,72.89,72.89,0
11398,1226,2024-11-23,53.02,53.02,0
11399,1226,2024-12-22,53.02,53.02,0
11400,1226,2025-01-26,53.02,53.02,0
11401,1226,2025-02-23,53.02,53.02,0
11402,1226,2025-03-23,53.02,53.02,0
11403,1226,2025-04-26,53.02,53.02,0
11404,1226,2025-05-25,53.02,53.02,0
11405,1226,2025-06-22,53.02,53.02,0
11406,1226,2025-07-28,53.02,53.02,0
11407,1226,2025-08-25,53.02,53.02,0
11408,1226,2025-09-28,53.02,53.02,0
11409,1226,2025-10-25,53.02,53.02,0
11410,1226,2025-11-25,53.02,53.02,0
11411,1226,2025-12-25,53.02,53.02,0
11412,1228,2024-10-28,401.6,401.6,0
11413,1228,2024-11-24,401.6,401.6,0
11414,1228,2024-12-26,401.6,401.6,0
11415,1228,2025-01-25,401.6,401.6,0
11416,1228,2025-02-22,401.6,401.6,0
11417,1228,2025-04-26,401.6,45.19,31
11418,1228,2025-04-28,401.6,401.6,0
11419,1228,2025-05-25,401.6,401.6,0
11420,1228,2025-06-28,401.6,401.6,0
11421,1228,2025-07-27,401.6,401.6,0
11422,1228,2025-08-26,401.6,401.6,0
11423,1228,2025-09-25,401.6,401.6,0
11424,1228,2025-10-26,401.6,401.6,0
11425,1228,2025-11-27,401.6,401.6,0
11426,1228,2025-12-25,401.6,401.6,0
11427,1229,2025-10-22,527.72,527.72,0
11428,1229,2025-11-23,527.72,527.72,0
11429,1229,2025-12-23,527.72,527.72,0
11430,1230,2024-10-25,59.36,59.36,0
11431,1230,2024-11-25,59.36,59.36,0
11432,1230,2024-12-27,59.36,59.36,0
11433,1230,2025-01-27,59.36,59.36,0
11434,1230,2025-02-23,59.36,59.36,0
11435,1230,2025-04-29,59.36,56.5,34
11436,1230,2025-04-24,59.36,59.36,0
11437,1230,2025-10-28,59.36,5.99,154
11438,1230,2025-06-26,59.36,59.36,0
11439,1230,2025-07-24,59.36,59.36,0
11440,1230,2025-08-27,59.36,59.36,0
11441,1230,2025-09-25,59.36,59.36,0
11442,1230,2025-10-27,59.36,59.36,0
11443,1230,2025-11-23,59.36,59.36,0
11444,1230,2025-12-27,59.36,59.36,0
11445,1231,2025-09-23,186.3,186.3,0
11446,1231,2025-10-24,186.3,186.3,0
11447,1231,2025-11-27,186.3,186.3,0
11448,1231,2025-12-23,186.3,186.3,0
11449,1232,2025-12-25,141.84,141.84,0
11450,1233,2025-10-22,142.36,142.36,0
11451,1233,2025-11-22,142.36,142.36,0
11452,1233,2025-12-24,142.36,142.36,0
11453,1234,2025-06-25,492.45,492.45,0
11454,1234,2025-07-25,492.45,492.45,0
11455,1234,2025-08-28,492.45,492.45,0
11456,1234,2025-09-28,492.45,492.45,0
11457,1234,2025-10-23,492.45,492.45,0
11458,1234,2025-11-25,492.45,492.45,0
11459,1234,2025-12-28,492.45,492.45,0
11460,1235,2025-11-25,474.68,474.68,0
11461,1235,2026-01-01,474.68,474.39,4
11462,1236,2024-08-24,828.77,828.77,0
11463,1236,2024-09-22,828.77,828.77,0
11464,1236,2024-10-27,828.77,828.77,0
11465,1236,2024-11-22,828.77,828.77,0
11466,1236,2024-12-25,828.77,828.77,0
11467,1236,2025-01-23,828.77,828.77,0
11468,1236,2025-02-22,828.77,828.77,0
11469,1236,2025-03-27,828.77,828.77,0
11470,1236,2025-04-25,828.77,828.77,0
11471,1236,2025-05-25,828.77,828.77,0
11472,1236,2025-06-28,828.77,828.77,0
11473,1236,2025-07-27,828.77,828.77,0
11474,1236,2025-08-25,828.77,828.77,0
11475,1236,2025-09-26,828.77,828.77,0
11476,1236,2025-10-25,828.77,828.77,0
11477,1236,2025-11-25,828.77,828.77,0
11478,1236,2025-12-27,828.77,828.77,0
11479,1237,2025-01-23,344.05,344.05,0
11480,1237,2025-02-25,344.05,344.05,0
11481,1237,2025-03-26,344.05,344.05,0
11482,1237,2025-04-26,344.05,344.05,0
11483,1237,2025-05-22,344.05,344.05,0
11484,1237,2025-06-25,344.05,344.05,0
11485,1237,2025-07-27,344.05,344.05,0
11486,1237,2025-08-22,344.05,344.05,0
11487,1237,2025-09-24,344.05,344.05,0
11488,1237,2025-10-25,344.05,344.05,0
11489,1237,2025-11-22,344.05,344.05,0
11490,1237,2025-12-28,344.05,344.05,0
11491,1238,2025-08-24,81.82,81.82,0
11492,1238,2025-09-27,81.82,81.82,0
11493,1238,2025-10-24,81.82,81.82,0
11494,1238,2025-12-27,81.82,67.54,35
11495,1238,2025-12-24,81.82,81.82,0
11496,1239,2024-05-22,246.75,246.75,0
11497,1239,2024-06-26,246.75,246.75,0
11498,1239,2024-07-26,246.75,246.75,0
11499,1239,2024-11-10,246.75,223.61,75
11500,1239,2024-09-26,246.75,246.75,0
11501,1239,2025-01-03,246.75,199.95,71
11502,1239,2024-11-27,246.75,246.75,0
11503,1239,2024-12-25,246.75,246.75,0
11504,1239,2025-01-28,246.75,246.75,0
11505,1239,2025-02-28,246.75,246.75,0
11506,1239,2025-05-24,246.75,239.47,62
11507,1239,2025-04-26,246.75,246.75,0
11508,1239,2025-05-27,246.75,246.75,0
11509,1239,2025-06-24,246.75,246.75,0
11510,1239,2025-07-26,246.75,246.75,0
11511,1239,2026-01-01,246.75,66.25,126
11512,1239,2025-09-28,246.75,246.75,0
11513,1239,2025-10-22,246.75,246.75,0
11514,1239,2025-11-25,246.75,246.75,0
11515,1239,2025-12-28,246.75,246.75,0
11516,1240,2024-11-23,213.54,213.54,0
11517,1240,2024-12-26,213.54,213.54,0
11518,1240,2025-01-25,213.54,213.54,0
11519,1240,2025-02-23,213.54,213.54,0
11520,1240,2025-03-27,213.54,213.54,0
11521,1240,2025-04-23,213.54,213.54,0
11522,1240,2025-05-27,213.54,213.54,0
11523,1240,2025-06-28,213.54,213.54,0
11524,1240,2025-07-28,213.54,213.54,0
11525,1240,2025-08-28,213.54,213.54,0
11526,1240,2025-09-23,213.54,213.54,0
11527,1240,2025-10-26,213.54,213.54,0
11528,1240,2025-11-26,213.54,213.54,0
11529,1240,2025-12-24,213.54,213.54,0
11530,1241,2025-06-06,1167.92,1166.2,44
11531,1241,2025-05-26,1167.92,1167.92,0
11532,1241,2025-06-26,1167.92,1167.92,0
11533,1241,2025-09-17,1167.92,1028.39,51
11534,1241,2025-10-11,1167.92,1046.2,47
11535,1241,2025-09-28,1167.92,1167.92,0
11536,1241,2025-10-23,1167.92,1167.92,0
11537,1241,2025-11-27,1167.92,1167.92,0
11538,1241,2025-12-23,1167.92,1167.92,0
11539,1242,2024-09-25,1147.97,1147.97,0
11540,1242,2024-10-27,1147.97,1147.97,0
11541,1242,2024-11-24,1147.97,1147.97,0
11542,1242,2024-12-24,1147.97,1147.97,0
11543,1242,2025-01-27,1147.97,1147.97,0
11544,1242,2025-05-02,1147.97,973.72,64
11545,1242,2025-04-25,1147.97,1038.44,31
11546,1242,2025-04-24,1147.97,1147.97,0
11547,1242,2025-05-28,1147.97,1147.97,0
11548,1242,2025-07-21,1147.97,971.72,27
11549,1242,2025-07-28,1147.97,1147.97,0
11550,1242,2025-08-24,1147.97,1147.97,0
11551,1242,2025-09-25,1147.97,1147.97,0
11552,1242,2025-10-26,1147.97,1147.97,0
11553,1242,2025-11-26,1147.97,1147.97,0
11554,1242,2025-12-27,1147.97,1147.97,0
11555,1243,2025-03-22,477.64,477.64,0
11556,1243,2025-04-27,477.64,477.64,0
11557,1243,2025-05-28,477.64,477.64,0
11558,1243,2025-06-28,477.64,477.64,0
11559,1243,2025-07-25,477.64,477.64,0
11560,1243,2025-08-23,477.64,477.64,0
11561,1243,2025-09-28,477.64,477.64,0
11562,1243,2025-10-26,477.64,477.64,0
11563,1243,2025-11-26,477.64,477.64,0
11564,1243,2025-12-27,477.64,477.64,0
11565,1244,2025-06-26,1475.4,1475.4,0
11566,1244,2025-07-22,1475.4,1475.4,0
11567,1244,2025-08-22,1475.4,1475.4,0
11568,1244,2025-09-22,1475.4,1475.4,0
11569,1244,2025-10-22,1475.4,1475.4,0
11570,1244,2025-11-25,1475.4,1475.4,0
11571,1244,2025-12-27,1475.4,1475.4,0
11572,1245,2024-10-22,193.0,193.0,0
11573,1245,2024-11-26,193.0,193.0,0
11574,1245,2024-12-28,193.0,193.0,0
11575,1245,2025-01-28,193.0,193.0,0
11576,1245,2025-02-25,193.0,193.0,0
11577,1245,2025-03-23,193.0,193.0,0
11578,1245,2025-05-01,193.0,171.32,9
11579,1245,2025-05-28,193.0,193.0,0
11580,1245,2025-06-25,193.0,193.0,0
11581,1245,2025-07-22,193.0,193.0,0
11582,1245,2025-08-27,193.0,193.0,0
11583,1245,2025-09-23,193.0,193.0,0
11584,1245,2025-10-27,193.0,193.0,0
11585,1245,2025-11-22,193.0,193.0,0
11586,1245,2025-12-22,193.0,193.0,0
11587,1247,2025-08-26,598.0,598.0,0
11588,1247,2025-09-28,598.0,598.0,0
11589,1247,2025-10-27,598.0,598.0,0
11590,1247,2025-11-27,598.0,598.0,0
11591,1247,2025-12-27,598.0,598.0,0
11592,1248,2025-08-27,46.2,46.2,0
11593,1248,2025-09-23,46.2,46.2,0
11594,1248,2025-10-27,46.2,46.2,0
11595,1248,2025-11-27,46.2,46.2,0
11596,1248,2025-12-25,46.2,46.2,0
11597,1249,2025-01-23,1128.9,1128.9,0
11598,1249,2025-02-22,1128.9,1128.9,0
11599,1249,2025-03-25,1128.9,1128.9,0
11600,1249,2025-04-25,1128.9,1128.9,0
11601,1249,2025-05-27,1128.9,1128.9,0
11602,1249,2025-06-28,1128.9,1128.9,0
11603,1249,2025-10-18,1128.9,950.46,83
11604,1249,2025-08-24,1128.9,1128.9,0
11605,1249,2025-09-24,1128.9,1128.9,0
11606,1249,2025-10-26,1128.9,1128.9,0
11607,1249,2025-11-22,1128.9,1128.9,0
11608,1249,2025-12-27,1128.9,1128.9,0
11609,1250,2025-08-24,1364.92,1364.92,0
11610,1250,2025-09-23,1364.92,1364.92,0
11611,1250,2025-10-27,1364.92,1364.92,0
11612,1250,2025-11-26,1364.92,1364.92,0
11613,1250,2025-12-27,1364.92,1364.92,0
11614,1251,2025-04-25,248.59,248.59,0
11615,1251,2025-05-23,248.59,248.59,0
11616,1251,2025-06-28,248.59,248.59,0
11617,1251,2025-07-23,248.59,248.59,0
11618,1251,2025-08-22,248.59,248.59,0
11619,1251,2025-11-04,248.59,64.09,38
11620,1251,2025-10-24,248.59,248.59,0
11621,1251,2025-11-24,248.59,248.59,0
11622,1251,2025-12-24,248.59,248.59,0
11623,1252,2025-06-27,134.9,134.9,0
11624,1252,2025-07-25,134.9,134.9,0
11625,1252,2025-08-27,134.9,134.9,0
11626,1252,2025-09-23,134.9,134.9,0
11627,1252,2025-10-24,134.9,134.9,0
11628,1252,2025-11-23,134.9,134.9,0
11629,1252,2025-12-25,134.9,134.9,0
11630,1253,2025-01-25,371.5,371.5,0
11631,1253,2025-02-27,371.5,371.5,0
11632,1253,2025-03-26,371.5,371.5,0
11633,1253,2025-04-22,371.5,371.5,0
11634,1253,2025-05-23,371.5,371.5,0
11635,1253,2025-06-28,371.5,371.5,0
11636,1253,2025-07-26,371.5,371.5,0
11637,1253,2025-08-22,371.5,371.5,0
11638,1253,2025-09-26,371.5,371.5,0
11639,1253,2026-01-06,371.5,314.42,76
11640,1253,2025-11-26,371.5,371.5,0
11641,1253,2025-12-22,371.5,371.5,0
11642,1254,2026-01-18,307.33,284.45,22
11643,1255,2024-12-28,799.94,799.94,0
11644,1255,2025-01-25,799.94,799.94,0
11645,1255,2025-02-27,799.94,799.94,0
11646,1255,2025-03-27,799.94,799.94,0
11647,1255,2025-04-25,799.94,799.94,0
11648,1255,2025-05-26,799.94,799.94,0
11649,1255,2025-06-26,799.94,799.94,0
11650,1255,2025-07-28,799.94,799.94,0
11651,1255,2025-08-27,799.94,799.94,0
11652,1255,2025-09-23,799.94,799.94,0
11653,1255,2025-10-22,799.94,799.94,0
11654,1255,2025-11-26,799.94,799.94,0
11655,1255,2025-12-25,799.94,799.94,0
11656,1256,2025-01-24,458.9,458.9,0
11657,1256,2025-02-24,458.9,458.9,0
11658,1256,2025-03-23,458.9,458.9,0
11659,1256,2025-04-25,458.9,458.9,0
11660,1256,2025-05-26,458.9,458.9,0
11661,1256,2025-06-24,458.9,458.9,0
11662,1256,2025-07-24,458.9,458.9,0
11663,1256,2025-08-24,458.9,458.9,0
11664,1256,2025-09-23,458.9,458.9,0
11665,1256,2025-10-27,458.9,458.9,0
11666,1256,2025-11-23,458.9,458.9,0
11667,1256,2025-12-27,458.9,458.9,0
11668,1257,2024-08-22,458.78,458.78,0
11669,1257,2024-11-21,458.78,378.47,56
11670,1257,2024-10-27,458.78,458.78,0
11671,1257,2024-11-24,458.78,458.78,0
11672,1257,2024-12-23,458.78,458.78,0
11673,1257,2025-01-28,458.78,458.78,0
11674,1257,2025-02-24,458.78,458.78,0
11675,1257,2025-04-29,458.78,441.56,32
11676,1257,2025-06-17,458.78,412.15,50
11677,1257,2025-05-28,458.78,458.78,0
11678,1257,2025-06-27,458.78,458.78,0
11679,1257,2025-07-26,458.78,458.78,0
11680,1257,2025-08-28,458.78,458.78,0
11681,1257,2025-11-13,458.78,370.39,48
11682,1257,2025-11-27,458.78,425.98,31
11683,1257,2025-11-23,458.78,458.78,0
11684,1257,2025-12-23,458.78,458.78,0
11685,1258,2025-02-28,441.03,441.03,0
11686,1258,2025-03-23,441.03,441.03,0
11687,1258,2025-04-25,441.03,441.03,0
11688,1258,2025-05-22,441.03,441.03,0
11689,1258,2025-06-22,441.03,441.03,0
11690,1258,2025-08-15,441.03,424.4,23
11691,1258,2025-08-28,441.03,441.03,0
11692,1258,2025-09-27,441.03,441.03,0
11693,1258,2025-10-23,441.03,441.03,0
11694,1258,2026-01-01,441.03,434.75,38
11695,1258,2025-12-22,441.03,441.03,0
11696,1260,2025-10-24,1116.68,1116.68,0
11697,1260,2025-11-22,1116.68,1116.68,0
11698,1260,2025-12-25,1116.68,1116.68,0
11699,1261,2025-05-27,304.8,304.8,0
11700,1261,2025-06-28,304.8,304.8,0
11701,1261,2025-08-10,304.8,262.16,15
11702,1261,2025-08-23,304.8,304.8,0
11703,1261,2025-09-27,304.8,304.8,0
11704,1261,2025-10-26,304.8,304.8,0
11705,1261,2025-11-23,304.8,304.8,0
11706,1261,2025-12-23,304.8,304.8,0
11707,1262,2025-06-25,103.31,103.31,0
11708,1262,2025-07-26,103.31,103.31,0
11709,1262,2025-08-27,103.31,103.31,0
11710,1262,2025-11-27,103.31,13.14,60
11711,1262,2025-11-08,103.31,96.42,13
11712,1262,2025-11-25,103.31,103.31,0
11713,1262,2025-12-28,103.31,103.31,0
11714,1264,2025-12-28,344.47,344.47,0
11715,1265,2025-08-24,409.52,409.52,0
11716,1265,2025-11-24,409.52,332.52,60
11717,1265,2025-10-26,409.52,409.52,0
11718,1265,2025-11-23,409.52,409.52,0
11719,1265,2025-12-22,409.52,409.52,0
11720,1266,2025-07-22,433.86,433.86,0
11721,1266,2025-09-07,433.86,392.66,10
11722,1266,2025-09-23,433.86,433.86,0
11723,1266,2025-10-26,433.86,433.86,0
11724,1266,2025-11-22,433.86,433.86,0
11725,1266,2025-12-24,433.86,433.86,0
11726,1267,2025-07-24,237.56,237.56,0
11727,1267,2025-08-27,237.56,237.56,0
11728,1267,2025-09-28,237.56,237.56,0
11729,1267,2025-10-22,237.56,237.56,0
11730,1267,2026-01-24,237.56,199.32,60
11731,1267,2026-01-23,237.56,213.05,32
11732,1268,2024-10-24,250.45,250.45,0
11733,1268,2024-11-27,250.45,250.45,0
11734,1268,2024-12-27,250.45,250.45,0
11735,1268,2025-01-26,250.45,250.45,0
11736,1268,2025-02-24,250.45,250.45,0
11737,1268,2025-03-27,250.45,250.45,0
11738,1268,2025-04-23,250.45,250.45,0
11739,1268,2025-05-28,250.45,250.45,0
11740,1268,2025-06-22,250.45,250.45,0
11741,1268,2025-07-24,250.45,250.45,0
11742,1268,2025-08-28,250.45,250.45,0
11743,1268,2025-09-22,250.45,250.45,0
11744,1268,2025-10-25,250.45,250.45,0
11745,1268,2025-11-25,250.45,250.45,0
11746,1268,2025-12-25,250.45,250.45,0
11747,1269,2025-06-26,434.84,434.84,0
11748,1269,2025-07-22,434.84,434.84,0
11749,1269,2025-08-22,434.84,434.84,0
11750,1269,2025-09-23,434.84,434.84,0
11751,1269,2025-10-26,434.84,434.84,0
11752,1269,2025-11-25,434.84,434.84,0
11753,1269,2025-12-23,434.84,434.84,0
11754,1270,2024-08-24,434.09,434.09,0
11755,1270,2024-09-27,434.09,434.09,0
11756,1270,2024-10-26,434.09,434.09,0
11757,1270,2024-11-27,434.09,434.09,0
11758,1270,2024-12-23,434.09,434.09,0
11759,1270,2025-01-22,434.09,434.09,0
11760,1270,2025-06-02,434.09,166.11,99
11761,1270,2025-03-27,434.09,434.09,0
11762,1270,2025-04-28,434.09,434.09,0
11763,1270,2025-05-23,434.09,434.09,0
11764,1270,2025-06-26,434.09,434.09,0
11765,1270,2025-07-23,434.09,434.09,0
11766,1270,2025-08-27,434.09,434.09,0
11767,1270,2025-09-27,434.09,434.09,0
11768,1270,2025-10-24,434.09,434.09,0
11769,1270,2025-11-28,434.09,434.09,0
11770,1270,2025-12-23,434.09,434.09,0
11771,1271,2025-10-24,147.49,147.49,0
11772,1271,2025-11-26,147.49,147.49,0
11773,1271,2025-12-28,147.49,147.49,0
11774,1272,2025-05-24,226.47,226.47,0
11775,1272,2025-06-25,226.47,226.47,0
11776,1272,2025-07-28,226.47,226.47,0
11777,1272,2025-08-28,226.47,226.47,0
11778,1272,2025-09-25,226.47,226.47,0
11779,1272,2025-10-25,226.47,226.47,0
11780,1272,2025-11-23,226.47,226.47,0
11781,1272,2025-12-27,226.47,226.47,0
11782,1273,2025-07-26,210.98,47.42,93
11783,1273,2025-05-28,210.98,210.98,0
11784,1273,2025-06-26,210.98,210.98,0
11785,1273,2025-10-18,210.98,176.81,85
11786,1273,2025-08-23,210.98,210.98,0
11787,1273,2025-09-22,210.98,210.98,0
11788,1273,2025-10-25,210.98,210.98,0
11789,1273,2025-11-24,210.98,210.98,0
11790,1273,2026-01-17,210.98,179.08,25
11791,1274,2024-07-24,234.28,234.28,0
11792,1274,2024-08-26,234.28,234.28,0
11793,1274,2024-11-27,234.28,187.52,64
11794,1274,2024-10-22,234.28,234.28,0
11795,1274,2024-11-26,234.28,234.28,0
11796,1274,2024-12-28,234.28,234.28,0
11797,1274,2025-01-28,234.28,234.28,0
11798,1274,2025-07-13,234.28,15.56,140
11799,1274,2025-03-25,234.28,234.28,0
11800,1274,2025-04-26,234.28,234.28,0
11801,1274,2025-07-25,234.28,219.77,63
11802,1274,2025-06-24,234.28,234.28,0
11803,1274,2025-07-22,234.28,234.28,0
11804,1274,2025-08-23,234.28,234.28,0
11805,1274,2025-09-26,234.28,234.28,0
11806,1274,2025-12-25,234.28,207.54,60
11807,1274,2025-11-24,234.28,234.28,0
11808,1274,2025-12-28,234.28,234.28,0
11809,1275,2025-07-23,212.9,212.9,0
11810,1275,2025-08-23,212.9,212.9,0
11811,1275,2025-09-25,212.9,212.9,0
11812,1275,2025-10-26,212.9,212.9,0
11813,1275,2025-11-23,212.9,212.9,0
11814,1275,2025-12-22,212.9,212.9,0
11815,1276,2025-10-07,524.43,467.39,40
11816,1276,2025-09-25,524.43,524.43,0
11817,1276,2025-10-25,524.43,524.43,0
11818,1276,2025-11-28,524.43,524.43,0
11819,1276,2025-12-26,524.43,524.43,0
11820,1277,2025-11-22,127.02,127.02,0
11821,1277,2025-12-25,127.02,127.02,0
11822,1278,2024-10-28,168.04,168.04,0
11823,1278,2025-01-17,168.04,155.03,55
11824,1278,2024-12-23,168.04,168.04,0
11825,1278,2025-01-26,168.04,168.04,0
11826,1278,2025-02-28,168.04,168.04,0
11827,1278,2025-03-28,168.04,168.04,0
11828,1278,2025-04-28,168.04,168.04,0
11829,1278,2025-05-24,168.04,168.04,0
11830,1278,2025-06-27,168.04,168.04,0
11831,1278,2025-07-24,168.04,168.04,0
11832,1278,2025-08-23,168.04,168.04,0
11833,1278,2025-11-18,168.04,151.32,57
11834,1278,2025-10-26,168.04,168.04,0
11835,1278,2025-11-25,168.04,168.04,0
11836,1278,2025-12-26,168.04,168.04,0
11837,1279,2024-12-26,82.63,82.63,0
11838,1279,2025-01-26,82.63,82.63,0
11839,1279,2025-02-26,82.63,82.63,0
11840,1279,2025-03-26,82.63,82.63,0
11841,1279,2025-04-22,82.63,82.63,0
11842,1279,2025-05-26,82.63,82.63,0
11843,1279,2025-06-27,82.63,82.63,0
11844,1279,2025-08-22,82.63,66.22,30
11845,1279,2025-08-24,82.63,82.63,0
11846,1279,2025-09-24,82.63,82.63,0
11847,1279,2025-10-22,82.63,82.63,0
11848,1279,2026-01-10,82.63,82.0,43
11849,1279,2025-12-28,82.63,82.63,0
11850,1280,2025-06-25,167.65,167.65,0
11851,1280,2025-07-25,167.65,167.65,0
11852,1280,2025-08-24,167.65,167.65,0
11853,1280,2025-09-27,167.65,167.65,0
11854,1280,2025-10-26,167.65,167.65,0
11855,1280,2025-11-24,167.65,167.65,0
11856,1280,2025-12-27,167.65,167.65,0
11857,1281,2025-07-26,253.75,253.75,0
11858,1281,2025-11-11,253.75,60.44,77
11859,1281,2025-09-26,253.75,253.75,0
11860,1281,2026-04-08,253.75,28.51,166
11861,1281,2025-11-27,253.75,253.75,0
11862,1281,2025-12-27,253.75,253.75,0
11863,1282,2024-08-25,665.83,665.83,0
11864,1282,2024-09-23,665.83,665.83,0
11865,1282,2024-10-25,665.83,665.83,0
11866,1282,2024-11-24,665.83,665.83,0
11867,1282,2024-12-25,665.83,665.83,0
11868,1282,2025-01-22,665.83,665.83,0
11869,1282,2025-02-23,665.83,665.83,0
11870,1282,2025-03-28,665.83,665.83,0
11871,1282,2025-04-23,665.83,665.83,0
11872,1282,2025-05-22,665.83,665.83,0
11873,1282,2025-06-24,665.83,665.83,0
11874,1282,2025-07-25,665.83,665.83,0
11875,1282,2025-08-27,665.83,665.83,0
11876,1282,2025-09-25,665.83,665.83,0
11877,1282,2025-10-24,665.83,665.83,0
11878,1282,2025-11-28,665.83,665.83,0
11879,1282,2025-12-24,665.83,665.83,0
11880,1283,2024-11-27,1314.3,1314.3,0
11881,1283,2024-12-24,1314.3,1314.3,0
11882,1283,2025-01-22,1314.3,1314.3,0
11883,1283,2025-02-23,1314.3,1314.3,0
11884,1283,2025-03-22,1314.3,1314.3,0
11885,1283,2025-04-25,1314.3,1314.3,0
11886,1283,2025-05-24,1314.3,1314.3,0
11887,1283,2025-06-24,1314.3,1314.3,0
11888,1283,2025-07-27,1314.3,1314.3,0
11889,1283,2025-08-27,1314.3,1314.3,0
11890,1283,2025-09-23,1314.3,1314.3,0
11891,1283,2025-10-28,1314.3,1314.3,0
11892,1283,2025-11-24,1314.3,1314.3,0
11893,1284,2024-05-26,570.84,570.84,0
11894,1284,2024-06-25,570.84,570.84,0
11895,1284,2024-07-22,570.84,570.84,0
11896,1284,2024-08-28,570.84,570.84,0
11897,1284,2024-09-23,570.84,570.84,0
11898,1284,2024-10-23,570.84,570.84,0
11899,1284,2024-11-24,570.84,570.84,0
11900,1284,2024-12-26,570.84,570.84,0
11901,1284,2025-01-24,570.84,570.84,0
11902,1284,2025-02-26,570.84,570.84,0
11903,1284,2025-03-27,570.84,570.84,0
11904,1284,2025-04-22,570.84,570.84,0
11905,1284,2025-05-25,570.84,570.84,0
11906,1284,2025-06-26,570.84,570.84,0
11907,1284,2025-07-27,570.84,570.84,0
11908,1284,2025-10-02,570.84,466.74,35
11909,1284,2025-09-26,570.84,570.84,0
11910,1284,2025-10-26,570.84,570.84,0
11911,1284,2025-11-24,570.84,570.84,0
11912,1284,2025-12-28,570.84,570.84,0
11913,1285,2025-03-20,80.53,65.4,85
11914,1285,2025-02-13,80.53,73.81,16
11915,1285,2025-05-08,80.53,12.07,73
11916,1285,2025-04-13,80.53,79.52,17
11917,1285,2025-04-26,80.53,80.53,0
11918,1285,2025-05-25,80.53,80.53,0
11919,1285,2025-06-27,80.53,80.53,0
11920,1285,2025-08-20,80.53,72.52,26
11921,1285,2025-08-23,80.53,80.53,0
11922,1285,2025-12-01,80.53,17.06,70
11923,1285,2026-04-22,80.53,27.38,177
11924,1285,2025-11-24,80.53,80.53,0
11925,1285,2025-12-25,80.53,80.53,0
11926,1286,2025-02-27,301.92,301.92,0
11927,1286,2025-03-23,301.92,301.92,0
11928,1286,2025-04-24,301.92,301.92,0
11929,1286,2025-05-24,301.92,301.92,0
11930,1286,2025-06-23,301.92,301.92,0
11931,1286,2025-07-26,301.92,301.92,0
11932,1286,2025-08-28,301.92,301.92,0
11933,1286,2025-09-23,301.92,301.92,0
11934,1286,2025-10-25,301.92,301.92,0
11935,1286,2026-01-17,301.92,271.12,50
11936,1286,2025-12-24,301.92,301.92,0
11937,1287,2025-09-14,176.7,155.12,20
11938,1287,2025-09-25,176.7,176.7,0
11939,1287,2025-10-24,176.7,176.7,0
11940,1287,2025-11-23,176.7,176.7,0
11941,1287,2025-12-27,176.7,176.7,0
11942,1288,2025-03-28,134.81,134.81,0
11943,1288,2025-04-25,134.81,134.81,0
11944,1288,2025-05-26,134.81,134.81,0
11945,1288,2025-06-23,134.81,134.81,0
11946,1288,2025-07-22,134.81,134.81,0
11947,1288,2025-08-25,134.81,134.81,0
11948,1288,2025-09-22,134.81,134.81,0
11949,1288,2025-10-27,134.81,134.81,0
11950,1288,2025-11-24,134.81,134.81,0
11951,1288,2025-12-26,134.81,134.81,0
11952,1289,2025-05-27,118.44,118.44,0
11953,1289,2025-06-28,118.44,118.44,0
11954,1289,2025-07-26,118.44,118.44,0
11955,1289,2025-08-28,118.44,118.44,0
11956,1289,2025-09-25,118.44,118.44,0
11957,1289,2025-10-28,118.44,118.44,0
11958,1289,2025-11-24,118.44,118.44,0
11959,1289,2026-01-23,118.44,107.58,31
11960,1290,2025-10-08,215.9,18.04,104
11961,1290,2025-09-04,215.9,174.79,42
11962,1290,2025-08-26,215.9,215.9,0
11963,1290,2025-09-23,215.9,215.9,0
11964,1290,2025-10-22,215.9,215.9,0
11965,1290,2025-11-27,215.9,215.9,0
11966,1290,2025-12-26,215.9,215.9,0
11967,1291,2025-12-30,1347.25,1312.92,4
11968,1292,2025-07-02,1948.29,1572.65,7
11969,1292,2025-07-26,1948.29,1948.29,0
11970,1292,2025-08-25,1948.29,1948.29,0
11971,1292,2025-09-25,1948.29,1948.29,0
11972,1292,2026-02-28,1948.29,405.63,123
11973,1292,2025-11-22,1948.29,1948.29,0
11974,1292,2025-12-22,1948.29,1948.29,0
11975,1293,2025-11-20,155.59,6.1,56
11976,1293,2025-10-27,155.59,155.59,0
11977,1293,2026-02-20,155.59,7.34,88
11978,1293,2025-12-26,155.59,155.59,0
11979,1294,2025-09-26,289.51,289.51,0
11980,1294,2025-10-26,289.51,289.51,0
11981,1294,2025-11-22,289.51,289.51,0
11982,1294,2025-12-24,289.51,289.51,0
11983,1295,2024-08-21,234.82,210.62,26
11984,1295,2024-12-03,234.82,89.48,98
11985,1295,2024-09-24,234.82,234.82,0
11986,1295,2024-10-23,234.82,234.82,0
11987,1295,2025-01-24,234.82,196.2,59
11988,1295,2025-05-18,234.82,21.1,141
11989,1295,2025-01-27,234.82,234.82,0
11990,1295,2025-02-26,234.82,234.82,0
11991,1295,2025-03-27,234.82,234.82,0
11992,1295,2025-05-17,234.82,230.37,20
11993,1295,2025-05-27,234.82,234.82,0
11994,1295,2025-06-27,234.82,234.82,0
11995,1295,2025-07-24,234.82,234.82,0
11996,1295,2025-08-28,234.82,234.82,0
11997,1295,2025-09-26,234.82,234.82,0
11998,1295,2025-10-28,234.82,234.82,0
11999,1295,2025-11-25,234.82,234.82,0
12000,1295,2025-12-25,234.82,234.82,0
12001,1296,2025-12-26,608.5,608.5,0
12002,1297,2025-05-27,301.56,301.56,0
12003,1297,2025-06-26,301.56,301.56,0
12004,1297,2025-07-23,301.56,301.56,0
12005,1297,2025-08-25,301.56,301.56,0
12006,1297,2025-09-22,301.56,301.56,0
12007,1297,2025-11-13,301.56,273.09,19
12008,1297,2026-02-04,301.56,249.77,73
12009,1297,2025-12-26,301.56,301.56,0
12010,1298,2025-07-20,247.99,24.3,179
12011,1298,2025-02-25,247.99,247.99,0
12012,1298,2025-03-24,247.99,247.99,0
12013,1298,2025-04-23,247.99,247.99,0
12014,1298,2025-05-27,247.99,247.99,0
12015,1298,2025-06-25,247.99,247.99,0
12016,1298,2025-07-28,247.99,247.99,0
12017,1298,2025-08-23,247.99,247.99,0
12018,1298,2025-09-22,247.99,247.99,0
12019,1298,2025-10-25,247.99,247.99,0
12020,1298,2025-11-24,247.99,247.99,0
12021,1298,2025-12-28,247.99,247.99,0
12022,1300,2025-02-10,1223.57,983.17,79
12023,1300,2025-01-18,1223.57,1063.8,22
12024,1300,2025-01-24,1223.57,1223.57,0
12025,1300,2025-02-26,1223.57,1223.57,0
12026,1300,2025-03-23,1223.57,1223.57,0
12027,1300,2025-04-24,1223.57,1223.57,0
12028,1300,2025-05-27,1223.57,1223.57,0
12029,1300,2025-06-26,1223.57,1223.57,0
12030,1300,2025-07-25,1223.57,1223.57,0
12031,1300,2025-08-28,1223.57,1223.57,0
12032,1300,2025-09-23,1223.57,1223.57,0
12033,1300,2025-11-22,1223.57,1213.37,31
12034,1300,2025-11-27,1223.57,1223.57,0
12035,1300,2025-12-24,1223.57,1223.57,0
12036,1301,2025-06-28,441.59,441.59,0
12037,1301,2025-07-23,441.59,441.59,0
12038,1301,2025-08-23,441.59,441.59,0
12039,1301,2025-09-24,441.59,441.59,0
12040,1301,2025-10-27,441.59,441.59,0
12041,1301,2025-11-22,441.59,441.59,0
12042,1301,2025-12-26,441.59,441.59,0
12043,1302,2025-12-11,212.81,212.14,80
12044,1302,2025-10-26,212.81,212.81,0
12045,1302,2025-11-27,212.81,212.81,0
12046,1302,2025-12-22,212.81,212.81,0
12047,1303,2025-05-26,345.01,345.01,0
12048,1303,2025-06-26,345.01,345.01,0
12049,1303,2025-07-26,345.01,345.01,0
12050,1303,2025-08-25,345.01,345.01,0
12051,1303,2025-09-25,345.01,345.01,0
12052,1303,2025-10-28,345.01,345.01,0
12053,1303,2025-11-26,345.01,345.01,0
12054,1303,2026-02-15,345.01,89.26,53
12055,1304,2025-06-23,489.17,489.17,0
12056,1304,2025-07-24,489.17,489.17,0
12057,1304,2025-08-27,489.17,489.17,0
12058,1304,2025-09-22,489.17,489.17,0
12059,1304,2025-12-27,489.17,189.71,64
12060,1304,2025-11-25,489.17,489.17,0
12061,1304,2025-12-27,489.17,489.17,0
12062,1305,2025-04-24,696.49,696.49,0
12063,1305,2025-05-24,696.49,696.49,0
12064,1305,2025-06-25,696.49,696.49,0
12065,1305,2025-07-24,696.49,696.49,0
12066,1305,2025-09-01,696.49,573.62,5
12067,1305,2025-09-24,696.49,696.49,0
12068,1305,2025-10-27,696.49,696.49,0
12069,1305,2025-11-28,696.49,696.49,0
12070,1305,2026-01-21,696.49,636.05,26
12071,1306,2025-03-26,225.09,225.09,0
12072,1306,2025-04-26,225.09,225.09,0
12073,1306,2025-05-28,225.09,225.09,0
12074,1306,2025-06-28,225.09,225.09,0
12075,1306,2025-07-27,225.09,225.09,0
12076,1306,2025-08-24,225.09,225.09,0
12077,1306,2025-09-23,225.09,225.09,0
12078,1306,2025-10-24,225.09,225.09,0
12079,1306,2025-11-24,225.09,225.09,0
12080,1306,2025-12-23,225.09,225.09,0
12081,1307,2024-08-25,477.65,477.65,0
12082,1307,2024-09-28,477.65,477.65,0
12083,1307,2024-10-28,477.65,477.65,0
12084,1307,2024-11-28,477.65,477.65,0
12085,1307,2024-12-24,477.65,477.65,0
12086,1307,2025-01-22,477.65,477.65,0
12087,1307,2025-02-28,477.65,477.65,0
12088,1307,2025-03-26,477.65,477.65,0
12089,1307,2025-04-27,477.65,477.65,0
12090,1307,2025-05-27,477.65,477.65,0
12091,1307,2025-06-26,477.65,477.65,0
12092,1307,2025-07-22,477.65,477.65,0
12093,1307,2025-08-28,477.65,477.65,0
12094,1307,2025-09-23,477.65,477.65,0
12095,1307,2025-10-23,477.65,477.65,0
12096,1307,2025-11-27,477.65,477.65,0
12097,1307,2025-12-24,477.65,477.65,0
12098,1308,2025-07-26,585.58,585.58,0
12099,1308,2025-08-28,585.58,585.58,0
12100,1308,2025-09-28,585.58,585.58,0
12101,1308,2025-10-23,585.58,585.58,0
12102,1308,2025-11-28,585.58,585.58,0
12103,1308,2025-12-23,585.58,585.58,0
12104,1310,2025-06-27,106.63,106.63,0
12105,1310,2025-07-24,106.63,106.63,0
12106,1310,2025-08-24,106.63,106.63,0
12107,1310,2025-09-24,106.63,106.63,0
12108,1310,2025-10-22,106.63,106.63,0
12109,1310,2025-11-24,106.63,106.63,0
12110,1310,2025-12-25,106.63,106.63,0
12111,1311,2024-10-25,697.02,697.02,0
12112,1311,2024-11-23,697.02,697.02,0
12113,1311,2024-12-26,697.02,697.02,0
12114,1311,2025-06-03,697.02,116.36,132
12115,1311,2025-02-26,697.02,697.02,0
12116,1311,2025-06-21,697.02,669.58,87
12117,1311,2025-04-24,697.02,697.02,0
12118,1311,2025-05-27,697.02,697.02,0
12119,1311,2025-06-26,697.02,697.02,0
12120,1311,2025-10-10,697.02,673.3,79
12121,1311,2025-08-22,697.02,697.02,0
12122,1311,2025-09-27,697.02,697.02,0
12123,1311,2025-10-26,697.02,697.02,0
12124,1313,2025-05-27,70.22,70.22,0
12125,1313,2025-06-26,70.22,70.22,0
12126,1313,2025-07-25,70.22,70.22,0
12127,1313,2025-08-25,70.22,70.22,0
12128,1313,2025-09-22,70.22,70.22,0
12129,1313,2025-10-22,70.22,70.22,0
12130,1313,2025-11-25,70.22,70.22,0
12131,1313,2025-12-24,70.22,70.22,0
12132,1314,2024-01-22,574.69,574.69,0
12133,1314,2024-02-28,574.69,574.69,0
12134,1314,2024-03-23,574.69,574.69,0
12135,1314,2024-04-28,574.69,574.69,0
12136,1314,2024-05-26,574.69,574.69,0
12137,1314,2024-06-26,574.69,574.69,0
12138,1314,2024-07-27,574.69,574.69,0
12139,1314,2024-08-22,574.69,574.69,0
12140,1314,2024-09-22,574.69,574.69,0
12141,1314,2025-01-25,574.69,189.75,90
12142,1314,2025-01-30,574.69,548.76,65
12143,1314,2024-12-22,574.69,574.69,0
12144,1314,2025-01-27,574.69,574.69,0
12145,1314,2025-02-28,574.69,574.69,0
12146,1314,2025-03-25,574.69,574.69,0
12147,1314,2025-04-27,574.69,574.69,0
12148,1314,2025-05-27,574.69,574.69,0
12149,1314,2025-06-22,574.69,574.69,0
12150,1314,2025-07-22,574.69,574.69,0
12151,1314,2025-08-26,574.69,574.69,0
12152,1314,2025-09-28,574.69,574.69,0
12153,1315,2025-10-02,231.74,48.76,98
12154,1315,2025-07-28,231.74,231.74,0
12155,1315,2025-08-25,231.74,231.74,0
12156,1315,2025-09-22,231.74,231.74,0
12157,1315,2025-10-27,231.74,231.74,0
12158,1315,2025-11-22,231.74,231.74,0
12159,1315,2025-12-28,231.74,231.74,0
12160,1316,2025-04-22,440.89,440.89,0
12161,1316,2025-05-26,440.89,440.89,0
12162,1316,2025-06-28,440.89,440.89,0
12163,1316,2025-07-26,440.89,440.89,0
12164,1316,2025-08-22,440.89,440.89,0
12165,1316,2025-09-25,440.89,440.89,0
12166,1316,2025-10-25,440.89,440.89,0
12167,1316,2025-11-22,440.89,440.89,0
12168,1316,2025-12-27,440.89,440.89,0
12169,1317,2025-03-24,1359.98,1359.98,0
12170,1317,2025-04-27,1359.98,1359.98,0
12171,1317,2025-08-06,1359.98,1298.89,76
12172,1317,2025-06-26,1359.98,1359.98,0
12173,1317,2025-07-24,1359.98,1359.98,0
12174,1317,2025-08-22,1359.98,1359.98,0
12175,1317,2025-09-22,1359.98,1359.98,0
12176,1317,2025-10-23,1359.98,1359.98,0
12177,1317,2025-11-22,1359.98,1359.98,0
12178,1317,2025-12-26,1359.98,1359.98,0
12179,1318,2025-04-22,1337.5,1337.5,0
12180,1318,2025-05-22,1337.5,1337.5,0
12181,1318,2025-06-25,1337.5,1337.5,0
12182,1318,2025-07-24,1337.5,1337.5,0
12183,1318,2025-08-26,1337.5,1337.5,0
12184,1318,2025-09-27,1337.5,1337.5,0
12185,1318,2025-10-27,1337.5,1337.5,0
12186,1318,2025-11-24,1337.5,1337.5,0
12187,1318,2025-12-27,1337.5,1337.5,0
12188,1319,2024-01-25,298.35,298.35,0
12189,1319,2024-02-22,298.35,298.35,0
12190,1319,2024-03-25,298.35,298.35,0
12191,1319,2024-05-21,298.35,247.25,27
12192,1319,2024-08-22,298.35,268.43,89
12193,1319,2024-11-08,298.35,70.85,136
12194,1319,2024-07-26,298.35,298.35,0
12195,1319,2024-08-26,298.35,298.35,0
12196,1319,2024-09-28,298.35,298.35,0
12197,1319,2024-10-27,298.35,298.35,0
12198,1319,2024-11-23,298.35,298.35,0
12199,1319,2024-12-25,298.35,298.35,0
12200,1319,2025-01-28,298.35,298.35,0
12201,1319,2025-04-23,298.35,269.95,56
12202,1319,2025-03-28,298.35,298.35,0
12203,1319,2025-05-21,298.35,265.38,25
12204,1319,2025-08-02,298.35,245.37,70
12205,1319,2025-06-27,298.35,298.35,0
12206,1319,2025-07-24,298.35,298.35,0
12207,1319,2025-08-27,298.35,298.35,0
12208,1319,2025-09-26,298.35,298.35,0
12209,1319,2025-10-24,298.35,298.35,0
12210,1319,2025-11-22,298.35,298.35,0
12211,1319,2025-12-26,298.35,298.35,0
12212,1320,2025-07-28,294.32,294.32,0
12213,1320,2025-08-26,294.32,294.32,0
12214,1320,2025-09-28,294.32,294.32,0
12215,1320,2025-10-27,294.32,294.32,0
12216,1320,2025-11-23,294.32,294.32,0
12217,1320,2025-12-28,294.32,294.32,0
12218,1321,2024-03-23,157.13,157.13,0
12219,1321,2024-04-28,157.13,157.13,0
12220,1321,2024-05-24,157.13,157.13,0
12221,1321,2024-06-27,157.13,157.13,0
12222,1321,2024-07-28,157.13,157.13,0
12223,1321,2024-08-22,157.13,157.13,0
12224,1321,2024-09-28,157.13,157.13,0
12225,1321,2024-11-08,157.13,151.38,17
12226,1321,2024-11-23,157.13,157.13,0
12227,1321,2024-12-25,157.13,157.13,0
12228,1321,2025-01-28,157.13,157.13,0
12229,1321,2025-02-26,157.13,157.13,0
12230,1321,2025-03-27,157.13,157.13,0
12231,1321,2025-04-24,157.13,157.13,0
12232,1321,2025-05-28,157.13,157.13,0
12233,1321,2025-06-23,157.13,157.13,0
12234,1321,2025-07-22,157.13,157.13,0
12235,1321,2025-08-26,157.13,157.13,0
12236,1321,2025-09-26,157.13,157.13,0
12237,1321,2025-10-22,157.13,157.13,0
12238,1321,2025-11-27,157.13,157.13,0
12239,1321,2025-12-25,157.13,157.13,0
12240,1322,2025-02-26,1146.01,1146.01,0
12241,1322,2025-03-24,1146.01,1146.01,0
12242,1322,2025-04-27,1146.01,1146.01,0
12243,1322,2025-05-23,1146.01,1146.01,0
12244,1322,2025-06-28,1146.01,1146.01,0
12245,1322,2025-07-23,1146.01,1146.01,0
12246,1322,2025-08-25,1146.01,1146.01,0
12247,1322,2025-09-24,1146.01,1146.01,0
12248,1322,2025-10-22,1146.01,1146.01,0
12249,1322,2025-11-26,1146.01,1146.01,0
12250,1322,2025-12-28,1146.01,1146.01,0
12251,1323,2025-07-11,272.05,246.86,50
12252,1323,2025-06-23,272.05,272.05,0
12253,1323,2025-07-26,272.05,272.05,0
12254,1323,2025-08-25,272.05,272.05,0
12255,1323,2025-09-24,272.05,272.05,0
12256,1323,2025-10-23,272.05,272.05,0
12257,1323,2025-11-26,272.05,272.05,0
12258,1323,2025-12-28,272.05,272.05,0
12259,1324,2024-01-22,63.39,63.39,0
12260,1324,2024-02-22,63.39,63.39,0
12261,1324,2024-03-28,63.39,63.39,0
12262,1324,2024-04-22,63.39,63.39,0
12263,1324,2024-08-06,63.39,62.52,74
12264,1324,2024-06-24,63.39,63.39,0
12265,1324,2024-07-24,63.39,63.39,0
12266,1324,2024-08-27,63.39,63.39,0
12267,1324,2024-09-23,63.39,63.39,0
12268,1324,2024-10-26,63.39,63.39,0
12269,1324,2024-12-02,63.39,51.18,6
12270,1324,2024-12-27,63.39,63.39,0
12271,1324,2025-01-28,63.39,63.39,0
12272,1324,2025-04-26,63.39,57.11,61
12273,1324,2025-04-05,63.39,55.5,9
12274,1324,2025-04-22,63.39,63.39,0
12275,1324,2025-05-28,63.39,63.39,0
12276,1324,2025-06-22,63.39,63.39,0
12277,1324,2025-07-25,63.39,63.39,0
12278,1324,2025-08-28,63.39,63.39,0
12279,1324,2025-09-23,63.39,63.39,0
12280,1324,2025-11-17,63.39,61.04,24
12281,1325,2025-07-27,146.99,146.99,0
12282,1325,2025-08-22,146.99,146.99,0
12283,1325,2025-09-22,146.99,146.99,0
12284,1325,2025-12-24,146.99,140.48,62
12285,1325,2026-01-29,146.99,134.31,68
12286,1325,2025-12-27,146.99,146.99,0
12287,1326,2024-06-25,1726.78,1726.78,0
12288,1326,2024-07-22,1726.78,1726.78,0
12289,1326,2024-08-23,1726.78,1726.78,0
12290,1326,2024-09-23,1726.78,1726.78,0
12291,1326,2024-10-25,1726.78,1726.78,0
12292,1326,2024-11-27,1726.78,1726.78,0
12293,1326,2024-12-25,1726.78,1726.78,0
12294,1326,2025-01-28,1726.78,1726.78,0
12295,1326,2025-02-28,1726.78,1726.78,0
12296,1326,2025-03-28,1726.78,1726.78,0
12297,1326,2025-04-23,1726.78,1726.78,0
12298,1326,2025-05-26,1726.78,1726.78,0
12299,1326,2025-06-27,1726.78,1726.78,0
12300,1326,2025-07-22,1726.78,1726.78,0
12301,1326,2025-08-22,1726.78,1726.78,0
12302,1326,2026-03-16,1726.78,394.69,172
12303,1326,2025-10-23,1726.78,1726.78,0
12304,1326,2025-11-24,1726.78,1726.78,0
12305,1326,2025-12-26,1726.78,1726.78,0
12306,1328,2025-06-27,543.81,543.81,0
12307,1328,2025-07-23,543.81,543.81,0
12308,1328,2025-08-25,543.81,543.81,0
12309,1328,2025-09-27,543.81,543.81,0
12310,1328,2025-10-27,543.81,543.81,0
12311,1328,2025-11-28,543.81,543.81,0
12312,1328,2025-12-22,543.81,543.81,0
12313,1329,2025-01-21,142.1,118.23,88
12314,1329,2024-11-27,142.1,142.1,0
12315,1329,2025-01-21,142.1,119.16,28
12316,1329,2025-01-27,142.1,142.1,0
12317,1329,2025-02-26,142.1,142.1,0
12318,1329,2025-05-03,142.1,117.99,41
12319,1329,2025-08-21,142.1,38.94,115
12320,1329,2025-08-08,142.1,126.76,77
12321,1329,2025-06-27,142.1,142.1,0
12322,1329,2025-07-25,142.1,142.1,0
12323,1329,2025-09-08,142.1,124.75,17
12324,1329,2025-10-31,142.1,16.84,35
12325,1329,2025-10-26,142.1,142.1,0
12326,1329,2025-11-24,142.1,142.1,0
12327,1329,2025-12-24,142.1,142.1,0
12328,1330,2025-12-25,610.97,610.97,0
12329,1331,2025-01-24,401.23,401.23,0
12330,1331,2025-02-22,401.23,401.23,0
12331,1331,2025-03-24,401.23,401.23,0
12332,1331,2025-04-28,401.23,401.23,0
12333,1331,2025-05-27,401.23,401.23,0
12334,1331,2025-06-25,401.23,401.23,0
12335,1331,2025-07-26,401.23,401.23,0
12336,1331,2026-01-10,401.23,82.74,135
12337,1331,2025-09-22,401.23,401.23,0
12338,1331,2025-10-28,401.23,401.23,0
12339,1331,2025-11-23,401.23,401.23,0
12340,1331,2025-12-26,401.23,401.23,0
12341,1332,2024-10-27,178.84,178.84,0
12342,1332,2024-11-22,178.84,178.84,0
12343,1332,2024-12-28,178.84,178.84,0
12344,1332,2025-01-22,178.84,178.84,0
12345,1332,2025-02-28,178.84,178.84,0
12346,1332,2025-03-28,178.84,178.84,0
12347,1332,2025-04-26,178.84,178.84,0
12348,1332,2025-05-24,178.84,178.84,0
12349,1332,2025-06-28,178.84,178.84,0
12350,1332,2025-07-24,178.84,178.84,0
12351,1332,2025-08-25,178.84,178.84,0
12352,1332,2025-09-25,178.84,178.84,0
12353,1332,2025-10-22,178.84,178.84,0
12354,1332,2025-11-27,178.84,178.84,0
12355,1332,2025-12-22,178.84,178.84,0
12356,1333,2025-08-27,289.05,289.05,0
12357,1333,2025-09-25,289.05,289.05,0
12358,1333,2025-10-25,289.05,289.05,0
12359,1333,2025-11-26,289.05,289.05,0
12360,1333,2025-12-28,289.05,289.05,0
12361,1334,2025-04-26,294.3,294.3,0
12362,1334,2025-05-22,294.3,294.3,0
12363,1334,2025-06-25,294.3,294.3,0
12364,1334,2025-07-24,294.3,294.3,0
12365,1334,2025-08-28,294.3,294.3,0
12366,1334,2025-09-25,294.3,294.3,0
12367,1334,2025-10-28,294.3,294.3,0
12368,1334,2025-11-27,294.3,294.3,0
12369,1334,2025-12-25,294.3,294.3,0
12370,1335,2025-08-11,333.75,327.14,81
12371,1335,2025-06-23,333.75,333.75,0
12372,1335,2025-07-26,333.75,333.75,0
12373,1335,2025-08-27,333.75,333.75,0
12374,1335,2025-10-02,333.75,325.3,6
12375,1335,2025-10-26,333.75,333.75,0
12376,1335,2025-11-25,333.75,333.75,0
12377,1335,2025-12-24,333.75,333.75,0
12378,1337,2025-12-23,325.27,325.27,0
12379,1338,2025-06-28,940.75,940.75,0
12380,1338,2025-07-27,940.75,940.75,0
12381,1338,2025-08-24,940.75,940.75,0
12382,1338,2025-09-25,940.75,940.75,0
12383,1338,2025-10-26,940.75,940.75,0
12384,1338,2025-11-28,940.75,940.75,0
12385,1338,2026-01-03,940.75,931.01,7
12386,1339,2024-07-27,1198.91,1198.91,0
12387,1339,2024-08-24,1198.91,1198.91,0
12388,1339,2024-09-24,1198.91,1198.91,0
12389,1339,2024-10-27,1198.91,1198.91,0
12390,1339,2024-11-26,1198.91,1198.91,0
12391,1339,2024-12-27,1198.91,1198.91,0
12392,1339,2025-01-23,1198.91,1198.91,0
12393,1339,2025-02-23,1198.91,1198.91,0
12394,1339,2025-03-28,1198.91,1198.91,0
12395,1339,2025-04-27,1198.91,1198.91,0
12396,1339,2025-05-27,1198.91,1198.91,0
12397,1339,2025-06-25,1198.91,1198.91,0
12398,1339,2025-07-27,1198.91,1198.91,0
12399,1339,2025-08-26,1198.91,1198.91,0
12400,1339,2025-09-23,1198.91,1198.91,0
12401,1339,2026-01-02,1198.91,1081.44,68
12402,1339,2025-11-28,1198.91,1198.91,0
12403,1339,2025-12-27,1198.91,1198.91,0
12404,1340,2025-02-28,144.34,144.34,0
12405,1340,2025-03-26,144.34,144.34,0
12406,1340,2025-04-22,144.34,144.34,0
12407,1340,2025-05-25,144.34,144.34,0
12408,1340,2025-09-17,144.34,144.08,82
12409,1340,2025-12-13,144.34,21.97,142
12410,1340,2025-08-23,144.34,144.34,0
12411,1340,2025-10-30,144.34,30.69,32
12412,1340,2025-10-22,144.34,144.34,0
12413,1340,2026-02-15,144.34,132.71,81
12414,1340,2025-12-28,144.34,144.34,0
12415,1341,2025-04-26,351.81,351.81,0
12416,1341,2025-05-28,351.81,351.81,0
12417,1341,2025-06-27,351.81,351.81,0
12418,1341,2025-07-22,351.81,351.81,0
12419,1341,2025-08-28,351.81,351.81,0
12420,1341,2025-09-28,351.81,351.81,0
12421,1341,2025-12-14,351.81,302.51,47
12422,1341,2025-12-09,351.81,319.66,15
12423,1341,2025-12-26,351.81,351.81,0
12424,1343,2025-06-27,1788.14,1788.14,0
12425,1343,2025-07-28,1788.14,1788.14,0
12426,1343,2025-11-14,1788.14,1626.14,78
12427,1343,2025-09-26,1788.14,1788.14,0
12428,1343,2025-12-22,1788.14,1471.51,59
12429,1343,2026-01-22,1788.14,1741.62,59
12430,1343,2025-12-26,1788.14,1788.14,0
12431,1344,2024-01-26,147.61,147.61,0
12432,1344,2024-02-26,147.61,147.61,0
12433,1344,2024-03-23,147.61,147.61,0
12434,1344,2024-04-24,147.61,147.61,0
12435,1344,2024-07-11,147.61,15.64,50
12436,1344,2024-06-22,147.61,147.61,0
12437,1344,2024-07-23,147.61,147.61,0
12438,1344,2024-08-28,147.61,147.61,0
12439,1344,2024-09-26,147.61,147.61,0
12440,1344,2024-10-25,147.61,147.61,0
12441,1344,2024-11-28,147.61,147.61,0
12442,1344,2024-12-27,147.61,147.61,0
12443,1344,2025-01-24,147.61,147.61,0
12444,1344,2025-02-26,147.61,147.61,0
12445,1344,2025-03-23,147.61,147.61,0
12446,1344,2025-04-25,147.61,147.61,0
12447,1344,2025-05-25,147.61,147.61,0
12448,1344,2025-06-24,147.61,147.61,0
12449,1344,2025-11-04,147.61,8.73,103
12450,1344,2025-08-23,147.61,147.61,0
12451,1344,2025-11-17,147.61,11.23,55
12452,1344,2025-10-28,147.61,147.61,0
12453,1344,2025-11-27,147.61,147.61,0
12454,1344,2026-02-05,147.61,136.42,45
12455,1346,2025-01-24,1332.7,1332.7,0
12456,1346,2025-03-24,1332.7,1131.82,29
12457,1346,2025-03-25,1332.7,1332.7,0
12458,1346,2025-04-25,1332.7,1332.7,0
12459,1346,2025-05-28,1332.7,1332.7,0
12460,1346,2025-09-16,1332.7,1328.42,86
12461,1346,2025-07-22,1332.7,1332.7,0
12462,1346,2025-08-22,1332.7,1332.7,0
12463,1346,2025-09-24,1332.7,1332.7,0
12464,1346,2025-10-22,1332.7,1332.7,0
12465,1346,2025-11-25,1332.7,1332.7,0
12466,1346,2025-12-28,1332.7,1332.7,0
12467,1347,2025-05-28,570.77,570.77,0
12468,1347,2025-06-25,570.77,570.77,0
12469,1347,2025-07-26,570.77,570.77,0
12470,1347,2025-08-27,570.77,570.77,0
12471,1347,2025-09-22,570.77,570.77,0
12472,1347,2025-10-28,570.77,570.77,0
12473,1347,2025-11-22,570.77,570.77,0
12474,1347,2025-12-25,570.77,570.77,0
12475,1348,2025-02-23,1752.07,1752.07,0
12476,1348,2025-03-28,1752.07,1752.07,0
12477,1348,2025-04-22,1752.07,1752.07,0
12478,1348,2025-05-25,1752.07,1752.07,0
12479,1348,2025-06-23,1752.07,1752.07,0
12480,1348,2025-07-22,1752.07,1752.07,0
12481,1348,2025-08-24,1752.07,1752.07,0
12482,1348,2025-09-23,1752.07,1752.07,0
12483,1348,2025-10-23,1752.07,1752.07,0
12484,1348,2026-01-06,1752.07,523.89,39
12485,1348,2025-12-28,1752.07,1752.07,0
12486,1349,2025-09-09,218.41,84.4,167
12487,1349,2025-04-27,218.41,218.41,0
12488,1349,2025-05-23,218.41,218.41,0
12489,1349,2025-07-08,218.41,188.58,15
12490,1349,2025-07-26,218.41,218.41,0
12491,1349,2025-08-28,218.41,218.41,0
12492,1349,2025-11-09,218.41,213.05,44
12493,1349,2025-10-26,218.41,218.41,0
12494,1349,2025-11-22,218.41,218.41,0
12495,1349,2025-12-25,218.41,218.41,0
12496,1350,2025-09-25,394.65,394.65,0
12497,1350,2025-10-28,394.65,394.65,0
12498,1350,2025-11-27,394.65,394.65,0
12499,1350,2025-12-23,394.65,394.65,0
12500,1352,2025-02-24,591.04,591.04,0
12501,1352,2025-03-27,591.04,591.04,0
12502,1352,2025-04-25,591.04,591.04,0
12503,1352,2025-05-26,591.04,591.04,0
12504,1352,2025-06-27,591.04,591.04,0
12505,1352,2025-09-28,591.04,525.74,62
12506,1352,2025-08-26,591.04,591.04,0
12507,1352,2025-09-23,591.04,591.04,0
12508,1352,2025-10-24,591.04,591.04,0
12509,1352,2025-11-26,591.04,591.04,0
12510,1352,2025-12-22,591.04,591.04,0
12511,1353,2024-01-23,957.17,957.17,0
12512,1353,2024-02-28,957.17,957.17,0
12513,1353,2024-03-27,957.17,957.17,0
12514,1353,2024-04-28,957.17,957.17,0
12515,1353,2024-05-26,957.17,957.17,0
12516,1353,2024-06-24,957.17,957.17,0
12517,1354,2025-12-23,206.42,206.42,0
12518,1355,2025-03-28,947.37,947.37,0
12519,1355,2025-04-24,947.37,947.37,0
12520,1355,2025-05-28,947.37,947.37,0
12521,1355,2025-06-22,947.37,947.37,0
12522,1355,2025-07-28,947.37,947.37,0
12523,1355,2025-08-23,947.37,947.37,0
12524,1355,2025-09-28,947.37,947.37,0
12525,1355,2025-10-28,947.37,947.37,0
12526,1355,2025-11-24,947.37,947.37,0
12527,1355,2025-12-25,947.37,947.37,0
12528,1356,2024-06-23,499.29,499.29,0
12529,1356,2024-07-24,499.29,499.29,0
12530,1356,2024-08-23,499.29,499.29,0
12531,1356,2024-09-26,499.29,499.29,0
12532,1356,2024-10-28,499.29,499.29,0
12533,1356,2024-11-24,499.29,499.29,0
12534,1356,2024-12-22,499.29,499.29,0
12535,1356,2025-01-26,499.29,499.29,0
12536,1356,2025-02-25,499.29,499.29,0
12537,1356,2025-03-24,499.29,499.29,0
12538,1356,2025-04-22,499.29,499.29,0
12539,1356,2025-05-26,499.29,499.29,0
12540,1356,2025-06-28,499.29,499.29,0
12541,1356,2025-07-27,499.29,499.29,0
12542,1356,2025-08-24,499.29,499.29,0
12543,1356,2025-09-25,499.29,499.29,0
12544,1356,2025-10-25,499.29,499.29,0
12545,1356,2025-11-22,499.29,499.29,0
12546,1356,2025-12-27,499.29,499.29,0
12547,1358,2025-02-22,88.43,88.43,0
12548,1358,2025-03-24,88.43,88.43,0
12549,1358,2025-04-22,88.43,88.43,0
12550,1358,2025-07-24,88.43,82.9,62
12551,1358,2025-06-27,88.43,88.43,0
12552,1358,2025-07-27,88.43,88.43,0
12553,1358,2025-08-27,88.43,88.43,0
12554,1358,2025-09-24,88.43,88.43,0
12555,1358,2025-12-19,88.43,74.05,58
12556,1358,2025-11-25,88.43,88.43,0
12557,1358,2025-12-26,88.43,88.43,0
12558,1359,2024-01-25,946.9,946.9,0
12559,1359,2024-02-24,946.9,946.9,0
12560,1359,2024-05-23,946.9,862.55,59
12561,1359,2024-04-26,946.9,946.9,0
12562,1359,2024-05-22,946.9,946.9,0
12563,1359,2024-08-03,946.9,936.98,37
12564,1359,2024-07-24,946.9,946.9,0
12565,1359,2024-08-26,946.9,946.9,0
12566,1360,2024-12-19,935.97,97.96,146
12567,1360,2024-08-27,935.97,935.97,0
12568,1360,2024-11-18,935.97,912.99,53
12569,1360,2024-10-27,935.97,935.97,0
12570,1360,2024-11-23,935.97,935.97,0
12571,1360,2024-12-27,935.97,935.97,0
12572,1360,2025-01-28,935.97,935.97,0
12573,1360,2025-05-25,935.97,760.45,88
12574,1360,2025-03-28,935.97,935.97,0
12575,1360,2025-05-23,935.97,833.28,31
12576,1360,2025-05-25,935.97,935.97,0
12577,1360,2025-06-28,935.97,935.97,0
12578,1360,2025-07-23,935.97,935.97,0
12579,1360,2025-08-25,935.97,935.97,0
12580,1360,2025-09-24,935.97,935.97,0
12581,1360,2025-10-26,935.97,935.97,0
12582,1360,2025-11-26,935.97,935.97,0
12583,1360,2025-12-24,935.97,935.97,0
12584,1361,2026-01-04,435.02,391.16,11
12585,1362,2025-04-26,289.21,289.21,0
12586,1362,2025-05-28,289.21,289.21,0
12587,1362,2025-06-23,289.21,289.21,0
12588,1362,2025-07-26,289.21,289.21,0
12589,1362,2025-08-28,289.21,289.21,0
12590,1362,2025-09-28,289.21,289.21,0
12591,1362,2025-10-24,289.21,289.21,0
12592,1362,2025-11-25,289.21,289.21,0
12593,1362,2025-12-22,289.21,289.21,0
12594,1363,2025-08-27,77.26,77.26,0
12595,1363,2025-09-27,77.26,77.26,0
12596,1363,2025-10-22,77.26,77.26,0
12597,1363,2025-11-22,77.26,77.26,0
12598,1363,2025-12-23,77.26,77.26,0
12599,1364,2025-03-23,132.94,132.94,0
12600,1364,2025-04-26,132.94,132.94,0
12601,1364,2025-05-28,132.94,132.94,0
12602,1364,2025-06-27,132.94,132.94,0
12603,1364,2025-07-28,132.94,132.94,0
12604,1364,2025-08-27,132.94,132.94,0
12605,1364,2025-09-26,132.94,132.94,0
12606,1364,2025-10-27,132.94,132.94,0
12607,1364,2025-11-28,132.94,132.94,0
12608,1364,2025-12-28,132.94,132.94,0
12609,1365,2025-09-26,54.67,54.67,0
12610,1365,2025-12-15,54.67,46.59,54
12611,1365,2026-02-11,54.67,48.56,78
12612,1365,2026-01-24,54.67,46.92,27
12613,1366,2025-05-24,82.83,82.83,0
12614,1366,2025-11-04,82.83,23.23,135
12615,1366,2025-07-22,82.83,82.83,0
12616,1366,2025-08-24,82.83,82.83,0
12617,1366,2025-09-23,82.83,82.83,0
12618,1366,2025-10-27,82.83,82.83,0
12619,1366,2026-02-14,82.83,67.37,79
12620,1366,2025-12-28,82.83,82.83,0
12621,1367,2025-02-26,224.81,224.81,0
12622,1367,2025-03-23,224.81,224.81,0
12623,1367,2025-04-27,224.81,224.81,0
12624,1367,2025-05-25,224.81,224.81,0
12625,1367,2025-06-25,224.81,224.81,0
12626,1367,2025-07-25,224.81,224.81,0
12627,1367,2025-08-23,224.81,224.81,0
12628,1367,2025-09-26,224.81,224.81,0
12629,1367,2025-10-25,224.81,224.81,0
12630,1367,2025-11-27,224.81,224.81,0
12631,1367,2025-12-23,224.81,224.81,0
12632,1368,2025-06-24,270.58,270.58,0
12633,1368,2025-07-27,270.58,270.58,0
12634,1368,2025-08-25,270.58,270.58,0
12635,1368,2025-09-24,270.58,270.58,0
12636,1368,2025-10-25,270.58,270.58,0
12637,1368,2025-11-27,270.58,270.58,0
12638,1368,2026-03-18,270.58,243.07,83
12639,1369,2025-03-28,90.15,90.15,0
12640,1369,2025-04-24,90.15,90.15,0
12641,1369,2025-05-27,90.15,90.15,0
12642,1369,2025-06-23,90.15,90.15,0
12643,1369,2025-07-24,90.15,90.15,0
12644,1369,2025-08-28,90.15,90.15,0
12645,1369,2025-09-24,90.15,90.15,0
12646,1369,2025-10-27,90.15,90.15,0
12647,1369,2025-11-26,90.15,90.15,0
12648,1369,2025-12-24,90.15,90.15,0
12649,1370,2025-03-25,930.62,930.62,0
12650,1370,2025-04-25,930.62,930.62,0
12651,1370,2025-05-25,930.62,930.62,0
12652,1370,2025-06-24,930.62,930.62,0
12653,1370,2025-07-22,930.62,930.62,0
12654,1370,2025-08-24,930.62,930.62,0
12655,1370,2025-09-27,930.62,930.62,0
12656,1370,2025-10-28,930.62,930.62,0
12657,1370,2025-11-27,930.62,930.62,0
12658,1370,2025-12-28,930.62,930.62,0
12659,1371,2025-03-23,247.96,247.96,0
12660,1371,2025-04-26,247.96,247.96,0
12661,1371,2025-06-19,247.96,242.71,25
12662,1371,2025-06-27,247.96,247.96,0
12663,1371,2025-07-22,247.96,247.96,0
12664,1371,2025-08-28,247.96,247.96,0
12665,1371,2025-09-23,247.96,247.96,0
12666,1371,2025-10-27,247.96,247.96,0
12667,1371,2025-11-28,247.96,247.96,0
12668,1371,2025-12-26,247.96,247.96,0
12669,1372,2024-10-24,1529.68,1529.68,0
12670,1372,2024-11-23,1529.68,1529.68,0
12671,1372,2024-12-24,1529.68,1529.68,0
12672,1372,2025-01-23,1529.68,1529.68,0
12673,1372,2025-02-23,1529.68,1529.68,0
12674,1372,2025-03-28,1529.68,1529.68,0
12675,1372,2025-04-23,1529.68,1529.68,0
12676,1372,2025-05-23,1529.68,1529.68,0
12677,1372,2025-06-23,1529.68,1529.68,0
12678,1372,2025-07-28,1529.68,1529.68,0
12679,1372,2025-08-28,1529.68,1529.68,0
12680,1372,2025-09-28,1529.68,1529.68,0
12681,1372,2025-10-25,1529.68,1529.68,0
12682,1372,2025-11-24,1529.68,1529.68,0
12683,1372,2025-12-27,1529.68,1529.68,0
12684,1373,2025-05-25,384.2,384.2,0
12685,1373,2025-06-26,384.2,384.2,0
12686,1373,2025-07-26,384.2,384.2,0
12687,1373,2025-09-09,384.2,381.86,14
12688,1373,2025-09-22,384.2,384.2,0
12689,1373,2025-11-30,384.2,338.58,33
12690,1373,2025-11-23,384.2,384.2,0
12691,1373,2025-12-22,384.2,384.2,0
12692,1374,2024-05-26,569.83,569.83,0
12693,1374,2024-06-26,569.83,569.83,0
12694,1374,2024-07-22,569.83,569.83,0
12695,1374,2024-11-17,569.83,516.05,87
12696,1374,2024-09-23,569.83,569.83,0
12697,1374,2024-10-25,569.83,569.83,0
12698,1374,2025-05-11,569.83,48.34,169
12699,1374,2024-12-23,569.83,569.83,0
12700,1374,2025-01-26,569.83,569.83,0
12701,1374,2025-02-22,569.83,569.83,0
12702,1374,2025-03-26,569.83,569.83,0
12703,1374,2025-05-18,569.83,516.99,21
12704,1374,2025-05-27,569.83,569.83,0
12705,1374,2025-09-15,569.83,557.0,84
12706,1374,2025-07-26,569.83,569.83,0
12707,1374,2025-08-28,569.83,569.83,0
12708,1374,2025-09-25,569.83,569.83,0
12709,1374,2025-10-22,569.83,569.83,0
12710,1374,2025-11-23,569.83,569.83,0
12711,1374,2025-12-22,569.83,569.83,0
12712,1375,2025-04-23,584.33,584.33,0
12713,1375,2025-05-25,584.33,584.33,0
12714,1375,2025-06-26,584.33,584.33,0
12715,1375,2025-07-27,584.33,584.33,0
12716,1375,2025-08-25,584.33,584.33,0
12717,1375,2025-09-28,584.33,584.33,0
12718,1375,2025-10-25,584.33,584.33,0
12719,1375,2025-11-25,584.33,584.33,0
12720,1375,2025-12-28,584.33,584.33,0
12721,1376,2025-10-23,581.15,581.15,0
12722,1376,2025-11-28,581.15,581.15,0
12723,1376,2025-12-26,581.15,581.15,0
12724,1377,2025-07-24,242.02,242.02,0
12725,1377,2025-08-27,242.02,242.02,0
12726,1377,2025-11-17,242.02,204.01,53
12727,1377,2025-10-25,242.02,242.02,0
12728,1377,2025-11-26,242.02,242.02,0
12729,1377,2025-12-23,242.02,242.02,0
12730,1378,2025-01-23,1434.84,1434.84,0
12731,1378,2025-02-23,1434.84,1434.84,0
12732,1378,2025-03-26,1434.84,1434.84,0
12733,1378,2025-04-24,1434.84,1434.84,0
12734,1378,2025-05-27,1434.84,1434.84,0
12735,1378,2025-06-25,1434.84,1434.84,0
12736,1378,2025-07-22,1434.84,1434.84,0
12737,1378,2025-08-23,1434.84,1434.84,0
12738,1378,2025-09-28,1434.84,1434.84,0
12739,1378,2025-10-24,1434.84,1434.84,0
12740,1378,2025-11-25,1434.84,1434.84,0
12741,1378,2025-12-28,1434.84,1434.84,0
12742,1379,2025-06-24,188.08,188.08,0
12743,1379,2025-07-27,188.08,188.08,0
12744,1379,2025-08-24,188.08,188.08,0
12745,1379,2025-09-28,188.08,188.08,0
12746,1379,2025-10-25,188.08,188.08,0
12747,1379,2025-11-25,188.08,188.08,0
12748,1379,2026-01-29,188.08,172.51,38
12749,1381,2024-05-22,239.07,239.07,0
12750,1381,2024-06-27,239.07,239.07,0
12751,1381,2024-07-25,239.07,239.07,0
12752,1381,2024-11-09,239.07,203.54,76
12753,1381,2024-09-27,239.07,239.07,0
12754,1381,2024-10-23,239.07,239.07,0
12755,1381,2024-11-23,239.07,239.07,0
12756,1381,2024-12-24,239.07,239.07,0
12757,1381,2025-01-26,239.07,239.07,0
12758,1381,2025-04-07,239.07,32.09,38
12759,1381,2025-03-23,239.07,239.07,0
12760,1381,2025-04-24,239.07,239.07,0
12761,1381,2025-05-22,239.07,239.07,0
12762,1381,2025-06-25,239.07,239.07,0
12763,1381,2025-07-25,239.07,239.07,0
12764,1381,2025-08-24,239.07,239.07,0
12765,1381,2025-09-28,239.07,239.07,0
12766,1381,2025-10-27,239.07,239.07,0
12767,1381,2025-11-28,239.07,239.07,0
12768,1381,2025-12-28,239.07,239.07,0
12769,1382,2024-04-30,197.24,169.42,36
12770,1382,2024-04-22,197.24,197.24,0
12771,1382,2024-07-26,197.24,177.11,62
12772,1382,2024-11-18,197.24,61.54,149
12773,1382,2024-07-22,197.24,197.24,0
12774,1382,2024-08-27,197.24,197.24,0
12775,1382,2024-09-24,197.24,197.24,0
12776,1382,2024-12-11,197.24,158.05,49
12777,1382,2024-11-25,197.24,197.24,0
12778,1382,2024-12-24,197.24,197.24,0
12779,1382,2025-01-26,197.24,197.24,0
12780,1382,2025-02-25,197.24,197.24,0
12781,1382,2025-03-27,197.24,197.24,0
12782,1382,2025-04-23,197.24,197.24,0
12783,1382,2025-05-24,197.24,197.24,0
12784,1382,2025-10-24,197.24,16.44,120
12785,1382,2025-08-09,197.24,195.63,16
12786,1382,2025-08-27,197.24,197.24,0
12787,1382,2025-12-16,197.24,159.35,81
12788,1382,2026-01-10,197.24,170.98,77
12789,1382,2025-11-27,197.24,197.24,0
12790,1382,2025-12-23,197.24,197.24,0
12791,1383,2024-01-28,310.43,310.43,0
12792,1383,2024-02-24,310.43,310.43,0
12793,1383,2024-03-26,310.43,310.43,0
12794,1383,2024-04-27,310.43,310.43,0
12795,1383,2024-05-27,310.43,310.43,0
12796,1383,2024-06-27,310.43,310.43,0
12797,1383,2024-07-25,310.43,310.43,0
12798,1383,2024-08-22,310.43,310.43,0
12799,1383,2024-10-06,310.43,303.0,9
12800,1383,2024-10-28,310.43,310.43,0
12801,1383,2024-11-25,310.43,310.43,0
12802,1383,2024-12-25,310.43,310.43,0
12803,1383,2025-01-28,310.43,310.43,0
12804,1383,2025-02-27,310.43,310.43,0
12805,1383,2025-03-24,310.43,310.43,0
12806,1383,2025-04-25,310.43,310.43,0
12807,1383,2025-05-28,310.43,310.43,0
12808,1383,2025-06-26,310.43,310.43,0
12809,1383,2025-07-24,310.43,310.43,0
12810,1383,2025-08-23,310.43,310.43,0
12811,1383,2025-09-28,310.43,310.43,0
12812,1383,2025-10-26,310.43,310.43,0
12813,1383,2025-11-26,310.43,310.43,0
12814,1383,2025-12-22,310.43,310.43,0
12815,1384,2024-09-24,735.98,735.98,0
12816,1384,2024-10-22,735.98,735.98,0
12817,1384,2024-11-28,735.98,735.98,0
12818,1384,2024-12-27,735.98,735.98,0
12819,1384,2025-01-23,735.98,735.98,0
12820,1384,2025-04-26,735.98,636.21,58
12821,1384,2025-03-24,735.98,735.98,0
12822,1384,2025-06-03,735.98,161.0,39
12823,1384,2025-05-25,735.98,735.98,0
12824,1384,2025-06-23,735.98,735.98,0
12825,1384,2025-07-23,735.98,735.98,0
12826,1384,2025-08-28,735.98,735.98,0
12827,1384,2025-09-28,735.98,735.98,0
12828,1384,2025-10-28,735.98,735.98,0
12829,1384,2025-11-26,735.98,735.98,0
12830,1384,2025-12-23,735.98,735.98,0
12831,1385,2025-06-27,235.68,235.68,0
12832,1385,2025-07-23,235.68,235.68,0
12833,1385,2025-08-28,235.68,235.68,0
12834,1385,2025-09-27,235.68,235.68,0
12835,1385,2025-10-27,235.68,235.68,0
12836,1385,2025-11-27,235.68,235.68,0
12837,1385,2025-12-24,235.68,235.68,0
12838,1386,2025-06-24,654.21,654.21,0
12839,1386,2025-07-28,654.21,654.21,0
12840,1386,2025-08-24,654.21,654.21,0
12841,1386,2025-09-26,654.21,654.21,0
12842,1386,2025-10-25,654.21,654.21,0
12843,1386,2025-11-23,654.21,654.21,0
12844,1386,2025-12-25,654.21,654.21,0
12845,1387,2025-10-27,288.73,288.73,0
12846,1387,2026-01-12,288.73,258.26,46
12847,1387,2026-01-29,288.73,275.45,37
12848,1388,2025-09-27,298.78,298.78,0
12849,1388,2025-10-28,298.78,298.78,0
12850,1388,2025-11-26,298.78,298.78,0
12851,1388,2025-12-22,298.78,298.78,0
12852,1390,2025-05-31,108.92,99.93,37
12853,1390,2025-05-28,108.92,108.92,0
12854,1390,2025-06-27,108.92,108.92,0
12855,1390,2025-07-24,108.92,108.92,0
12856,1390,2025-08-23,108.92,108.92,0
12857,1390,2025-12-09,108.92,103.07,72
12858,1390,2025-10-22,108.92,108.92,0
12859,1390,2025-11-25,108.92,108.92,0
12860,1390,2025-12-23,108.92,108.92,0
12861,1391,2025-06-23,214.9,214.9,0
12862,1391,2025-07-25,214.9,214.9,0
12863,1391,2025-08-24,214.9,214.9,0
12864,1391,2025-09-25,214.9,214.9,0
12865,1391,2025-10-28,214.9,214.9,0
12866,1391,2025-11-22,214.9,214.9,0
12867,1391,2025-12-23,214.9,214.9,0
12868,1392,2024-04-28,81.92,81.92,0
12869,1392,2024-05-27,81.92,81.92,0
12870,1392,2024-06-27,81.92,81.92,0
12871,1392,2024-07-24,81.92,81.92,0
12872,1392,2024-08-22,81.92,81.92,0
12873,1392,2024-09-28,81.92,81.92,0
12874,1392,2025-01-17,81.92,81.63,83
12875,1392,2024-11-27,81.92,81.92,0
12876,1392,2024-12-27,81.92,81.92,0
12877,1392,2025-01-22,81.92,81.92,0
12878,1392,2025-02-25,81.92,81.92,0
12879,1392,2025-03-28,81.92,81.92,0
12880,1392,2025-04-28,81.92,81.92,0
12881,1392,2025-08-05,81.92,67.16,69
12882,1392,2025-06-28,81.92,81.92,0
12883,1392,2025-07-24,81.92,81.92,0
12884,1392,2025-08-28,81.92,81.92,0
12885,1392,2025-09-24,81.92,81.92,0
12886,1392,2025-10-23,81.92,81.92,0
12887,1392,2025-11-25,81.92,81.92,0
12888,1392,2025-12-28,81.92,81.92,0
12889,1393,2025-12-25,152.93,152.93,0
12890,1394,2025-10-27,311.24,311.24,0
12891,1394,2025-11-23,311.24,311.24,0
12892,1394,2025-12-26,311.24,311.24,0
12893,1395,2025-01-23,79.13,79.13,0
12894,1395,2025-02-26,79.13,79.13,0
12895,1395,2025-06-05,79.13,72.25,74
12896,1395,2025-06-14,79.13,65.96,47
12897,1395,2025-05-25,79.13,79.13,0
12898,1395,2025-06-26,79.13,79.13,0
12899,1395,2025-07-26,79.13,79.13,0
12900,1395,2025-08-25,79.13,79.13,0
12901,1395,2025-09-23,79.13,79.13,0
12902,1395,2025-10-26,79.13,79.13,0
12903,1395,2025-11-22,79.13,79.13,0
12904,1395,2025-12-22,79.13,79.13,0
12905,1396,2024-08-23,650.13,650.13,0
12906,1396,2024-12-05,650.13,588.94,68
12907,1396,2025-01-20,650.13,592.87,86
12908,1396,2024-11-23,650.13,650.13,0
12909,1396,2024-12-24,650.13,650.13,0
12910,1396,2025-01-27,650.13,650.13,0
12911,1396,2025-03-03,650.13,643.4,3
12912,1396,2025-03-27,650.13,650.13,0
12913,1396,2025-04-28,650.13,650.13,0
12914,1396,2025-05-28,650.13,650.13,0
12915,1396,2025-08-01,650.13,596.24,39
12916,1396,2025-12-19,650.13,166.89,145
12917,1396,2025-08-23,650.13,650.13,0
12918,1397,2025-11-25,701.16,701.16,0
12919,1397,2025-12-24,701.16,701.16,0
12920,1398,2025-04-24,92.86,92.86,0
12921,1398,2025-05-22,92.86,92.86,0
12922,1398,2025-06-22,92.86,92.86,0
12923,1398,2025-07-24,92.86,92.86,0
12924,1398,2025-08-22,92.86,92.86,0
12925,1398,2025-09-23,92.86,92.86,0
12926,1398,2025-12-19,92.86,81.61,55
12927,1398,2025-11-25,92.86,92.86,0
12928,1398,2025-12-22,92.86,92.86,0
12929,1399,2025-05-24,284.19,284.19,0
12930,1399,2025-06-22,284.19,284.19,0
12931,1399,2025-07-23,284.19,284.19,0
12932,1399,2025-08-23,284.19,284.19,0
12933,1399,2025-09-27,284.19,284.19,0
12934,1399,2025-10-26,284.19,284.19,0
12935,1399,2025-11-25,284.19,284.19,0
12936,1399,2025-12-22,284.19,284.19,0
12937,1400,2025-04-27,488.01,488.01,0
12938,1400,2025-05-26,488.01,488.01,0
12939,1400,2025-06-23,488.01,488.01,0
12940,1400,2025-07-26,488.01,488.01,0
12941,1400,2025-08-22,488.01,488.01,0
12942,1400,2025-09-24,488.01,488.01,0
12943,1400,2025-10-27,488.01,488.01,0
12944,1400,2025-11-27,488.01,488.01,0
12945,1400,2025-12-23,488.01,488.01,0
12946,1401,2025-10-27,414.6,414.6,0
12947,1401,2025-11-28,414.6,414.6,0
12948,1401,2025-12-25,414.6,414.6,0
12949,1402,2026-01-21,196.29,6.75,88
12950,1402,2025-11-25,196.29,196.29,0
12951,1402,2025-12-25,196.29,196.29,0
12952,1403,2025-06-18,308.45,272.43,85
12953,1403,2025-04-28,308.45,308.45,0
12954,1403,2025-05-22,308.45,308.45,0
12955,1403,2025-06-23,308.45,308.45,0
12956,1403,2025-07-24,308.45,308.45,0
12957,1403,2025-08-25,308.45,308.45,0
12958,1403,2025-11-18,308.45,271.31,51
12959,1403,2025-11-25,308.45,273.86,33
12960,1403,2025-11-24,308.45,308.45,0
12961,1403,2025-12-26,308.45,308.45,0
12962,1404,2025-05-28,668.63,668.63,0
12963,1404,2025-06-24,668.63,668.63,0
12964,1404,2025-07-22,668.63,668.63,0
12965,1404,2025-08-25,668.63,668.63,0
12966,1404,2025-09-23,668.63,668.63,0
12967,1404,2025-10-27,668.63,668.63,0
12968,1404,2025-11-22,668.63,668.63,0
12969,1404,2025-12-27,668.63,668.63,0
12970,1405,2025-12-24,568.09,568.09,0
12971,1406,2025-05-22,214.68,214.68,0
12972,1406,2025-07-04,214.68,189.2,9
12973,1406,2025-07-28,214.68,214.68,0
12974,1406,2025-11-09,214.68,176.77,76
12975,1406,2025-09-25,214.68,214.68,0
12976,1406,2025-10-22,214.68,214.68,0
12977,1406,2025-11-23,214.68,214.68,0
12978,1406,2025-12-24,214.68,214.68,0
12979,1407,2025-12-28,322.54,322.54,0
12980,1408,2025-01-29,197.64,188.66,66
12981,1408,2024-12-25,197.64,197.64,0
12982,1408,2025-01-28,197.64,197.64,0
12983,1408,2025-02-25,197.64,197.64,0
12984,1408,2025-03-26,197.64,197.64,0
12985,1408,2025-04-27,197.64,197.64,0
12986,1408,2025-05-25,197.64,197.64,0
12987,1408,2025-06-28,197.64,197.64,0
12988,1408,2025-07-28,197.64,197.64,0
12989,1408,2025-09-07,197.64,169.05,16
12990,1408,2025-09-23,197.64,197.64,0
12991,1408,2025-10-24,197.64,197.64,0
12992,1408,2026-01-19,197.64,196.48,56
12993,1408,2025-12-25,197.64,197.64,0
12994,1410,2025-05-26,541.58,541.58,0
12995,1410,2025-06-23,541.58,541.58,0
12996,1410,2025-07-25,541.58,541.58,0
12997,1410,2025-08-27,541.58,541.58,0
12998,1410,2025-09-23,541.58,541.58,0
12999,1410,2025-10-24,541.58,541.58,0
13000,1410,2025-11-27,541.58,541.58,0
13001,1410,2025-12-22,541.58,541.58,0
13002,1411,2025-07-28,171.5,171.5,0
13003,1411,2025-08-27,171.5,171.5,0
13004,1411,2025-09-24,171.5,171.5,0
13005,1411,2025-10-25,171.5,171.5,0
13006,1411,2025-11-23,171.5,171.5,0
13007,1411,2025-12-25,171.5,171.5,0
13008,1412,2025-09-23,121.74,121.74,0
13009,1412,2025-10-28,121.74,121.74,0
13010,1412,2025-11-26,121.74,121.74,0
13011,1412,2025-12-28,121.74,121.74,0
13012,1413,2024-10-27,783.59,783.59,0
13013,1413,2024-11-25,783.59,783.59,0
13014,1413,2024-12-23,783.59,783.59,0
13015,1413,2025-01-25,783.59,783.59,0
13016,1413,2025-02-23,783.59,783.59,0
13017,1413,2025-03-23,783.59,783.59,0
13018,1413,2025-04-24,783.59,783.59,0
13019,1413,2025-05-23,783.59,783.59,0
13020,1413,2025-06-25,783.59,783.59,0
13021,1413,2025-07-25,783.59,783.59,0
13022,1413,2025-08-22,783.59,783.59,0
13023,1413,2025-09-26,783.59,783.59,0
13024,1413,2025-10-26,783.59,783.59,0
13025,1413,2025-11-27,783.59,783.59,0
13026,1413,2025-12-24,783.59,783.59,0
13027,1414,2024-09-26,87.46,87.46,0
13028,1414,2024-12-10,87.46,73.85,46
13029,1414,2024-11-22,87.46,87.46,0
13030,1414,2024-12-25,87.46,87.46,0
13031,1414,2025-02-18,87.46,74.95,25
13032,1414,2025-05-20,87.46,0.39,86
13033,1414,2025-04-20,87.46,81.9,23
13034,1414,2025-04-28,87.46,87.46,0
13035,1414,2025-07-16,87.46,71.76,49
13036,1414,2025-09-14,87.46,70.53,79
13037,1414,2025-07-26,87.46,87.46,0
13038,1414,2025-08-26,87.46,87.46,0
13039,1414,2025-09-28,87.46,87.46,0
13040,1414,2025-10-28,87.46,87.46,0
13041,1414,2025-11-22,87.46,87.46,0
13042,1414,2025-12-22,87.46,87.46,0
13043,1415,2025-02-28,258.13,258.13,0
13044,1415,2025-03-24,258.13,258.13,0
13045,1415,2025-04-26,258.13,258.13,0
13046,1415,2025-08-18,258.13,252.57,85
13047,1415,2025-06-22,258.13,258.13,0
13048,1415,2025-09-20,258.13,231.55,59
13049,1415,2025-08-28,258.13,258.13,0
13050,1415,2025-09-23,258.13,258.13,0
13051,1415,2025-11-23,258.13,210.34,30
13052,1415,2025-11-23,258.13,258.13,0
13053,1415,2025-12-26,258.13,258.13,0
13054,1416,2025-04-24,214.82,214.82,0
13055,1416,2025-08-09,214.82,214.47,75
13056,1416,2025-06-26,214.82,214.82,0
13057,1416,2025-07-24,214.82,214.82,0
13058,1416,2025-08-28,214.82,214.82,0
13059,1416,2025-09-22,214.82,214.82,0
13060,1416,2025-10-23,214.82,214.82,0
13061,1416,2025-11-27,214.82,214.82,0
13062,1416,2025-12-22,214.82,214.82,0
13063,1417,2024-07-25,406.23,406.23,0
13064,1417,2024-08-23,406.23,406.23,0
13065,1417,2024-09-27,406.23,406.23,0
13066,1417,2024-10-26,406.23,406.23,0
13067,1417,2024-11-25,406.23,406.23,0
13068,1417,2025-02-26,406.23,365.04,63
13069,1417,2025-01-25,406.23,406.23,0
13070,1417,2025-02-28,406.23,406.23,0
13071,1417,2025-03-25,406.23,406.23,0
13072,1417,2025-04-27,406.23,406.23,0
13073,1417,2025-05-25,406.23,406.23,0
13074,1417,2025-06-24,406.23,406.23,0
13075,1417,2025-07-22,406.23,406.23,0
13076,1417,2025-08-27,406.23,406.23,0
13077,1417,2025-09-26,406.23,406.23,0
13078,1417,2025-10-27,406.23,406.23,0
13079,1417,2025-11-28,406.23,406.23,0
13080,1417,2025-12-25,406.23,406.23,0
13081,1418,2025-11-27,220.94,220.94,0
13082,1418,2025-12-22,220.94,220.94,0
13083,1420,2025-05-25,1793.79,1793.79,0
13084,1420,2025-06-25,1793.79,1793.79,0
13085,1420,2025-07-24,1793.79,1793.79,0
13086,1420,2025-08-27,1793.79,1793.79,0
13087,1420,2025-11-11,1793.79,396.93,50
13088,1420,2025-10-22,1793.79,1793.79,0
13089,1420,2025-11-24,1793.79,1793.79,0
13090,1420,2025-12-26,1793.79,1793.79,0
13091,1421,2025-05-22,845.95,845.95,0
13092,1421,2025-06-23,845.95,845.95,0
13093,1421,2025-07-25,845.95,845.95,0
13094,1421,2025-10-23,845.95,721.47,58
13095,1421,2025-09-22,845.95,845.95,0
13096,1421,2025-10-25,845.95,845.95,0
13097,1421,2025-11-23,845.95,845.95,0
13098,1421,2026-02-19,845.95,844.01,53
13099,1422,2025-03-27,287.02,287.02,0
13100,1422,2025-04-27,287.02,287.02,0
13101,1422,2025-05-27,287.02,287.02,0
13102,1422,2025-06-26,287.02,287.02,0
13103,1422,2025-07-22,287.02,287.02,0
13104,1422,2025-08-28,287.02,287.02,0
13105,1422,2025-09-28,287.02,287.02,0
13106,1422,2025-10-25,287.02,287.02,0
13107,1422,2025-11-24,287.02,287.02,0
13108,1422,2025-12-24,287.02,287.02,0
13109,1423,2025-05-28,203.27,203.27,0
13110,1423,2025-06-22,203.27,203.27,0
13111,1423,2025-07-28,203.27,203.27,0
13112,1423,2025-08-26,203.27,203.27,0
13113,1423,2025-09-24,203.27,203.27,0
13114,1423,2025-10-28,203.27,203.27,0
13115,1423,2025-11-22,203.27,203.27,0
13116,1423,2025-12-27,203.27,203.27,0
13117,1424,2024-09-24,113.41,113.41,0
13118,1424,2024-10-22,113.41,113.41,0
13119,1424,2024-11-28,113.41,113.41,0
13120,1424,2024-12-25,113.41,113.41,0
13121,1424,2025-01-23,113.41,113.41,0
13122,1424,2025-02-25,113.41,113.41,0
13123,1424,2025-03-23,113.41,113.41,0
13124,1424,2025-04-24,113.41,113.41,0
13125,1424,2025-05-27,113.41,113.41,0
13126,1424,2025-06-27,113.41,113.41,0
13127,1424,2025-07-27,113.41,113.41,0
13128,1424,2025-08-26,113.41,113.41,0
13129,1424,2025-09-28,113.41,113.41,0
13130,1424,2025-10-28,113.41,113.41,0
13131,1424,2025-11-28,113.41,113.41,0
13132,1424,2025-12-22,113.41,113.41,0
13133,1425,2024-10-25,113.21,113.21,0
13134,1425,2025-01-27,113.21,9.73,61
13135,1425,2025-06-09,113.21,36.25,163
13136,1425,2025-01-27,113.21,113.21,0
13137,1425,2025-02-23,113.21,113.21,0
13138,1425,2025-04-19,113.21,101.0,27
13139,1425,2025-04-23,113.21,113.21,0
13140,1425,2025-05-25,113.21,113.21,0
13141,1425,2025-06-22,113.21,113.21,0
13142,1425,2025-07-26,113.21,113.21,0
13143,1425,2025-08-26,113.21,113.21,0
13144,1425,2025-09-28,113.21,113.21,0
13145,1425,2025-10-25,113.21,113.21,0
13146,1426,2025-01-25,153.6,153.6,0
13147,1426,2025-02-22,153.6,153.6,0
13148,1426,2025-03-28,153.6,153.6,0
13149,1426,2025-04-28,153.6,153.6,0
13150,1426,2025-05-27,153.6,153.6,0
13151,1426,2025-06-27,153.6,153.6,0
13152,1426,2025-07-22,153.6,153.6,0
13153,1426,2025-08-28,153.6,153.6,0
13154,1426,2025-09-25,153.6,153.6,0
13155,1426,2025-10-24,153.6,153.6,0
13156,1426,2025-11-25,153.6,153.6,0
13157,1426,2025-12-22,153.6,153.6,0
13158,1427,2024-12-23,196.11,196.11,0
13159,1427,2025-01-28,196.11,196.11,0
13160,1427,2025-02-23,196.11,196.11,0
13161,1427,2025-03-28,196.11,196.11,0
13162,1427,2025-04-26,196.11,196.11,0
13163,1427,2025-05-26,196.11,196.11,0
13164,1427,2025-06-25,196.11,196.11,0
13165,1427,2025-07-27,196.11,196.11,0
13166,1427,2025-08-28,196.11,196.11,0
13167,1427,2025-09-23,196.11,196.11,0
13168,1427,2025-10-27,196.11,196.11,0
13169,1427,2025-11-27,196.11,196.11,0
13170,1427,2025-12-28,196.11,196.11,0
13171,1429,2025-12-27,386.13,386.13,0
13172,1430,2025-04-25,1163.97,1163.97,0
13173,1430,2025-05-26,1163.97,1163.97,0
13174,1430,2025-06-23,1163.97,1163.97,0
13175,1430,2025-07-25,1163.97,1163.97,0
13176,1430,2025-08-28,1163.97,1163.97,0
13177,1430,2025-09-25,1163.97,1163.97,0
13178,1430,2025-10-25,1163.97,1163.97,0
13179,1430,2025-11-25,1163.97,1163.97,0
13180,1430,2025-12-23,1163.97,1163.97,0
13181,1431,2025-06-27,120.09,120.09,0
13182,1431,2025-07-25,120.09,120.09,0
13183,1431,2025-08-24,120.09,120.09,0
13184,1431,2025-09-23,120.09,120.09,0
13185,1431,2025-10-25,120.09,120.09,0
13186,1431,2025-11-23,120.09,120.09,0
13187,1431,2025-12-24,120.09,120.09,0
13188,1432,2025-06-23,76.78,76.78,0
13189,1432,2025-07-25,76.78,76.78,0
13190,1432,2025-08-28,76.78,76.78,0
13191,1432,2025-09-23,76.78,76.78,0
13192,1432,2025-10-23,76.78,76.78,0
13193,1432,2025-11-23,76.78,76.78,0
13194,1432,2025-12-25,76.78,76.78,0
13195,1433,2025-04-26,1509.07,1509.07,0
13196,1433,2025-05-22,1509.07,1509.07,0
13197,1433,2025-06-26,1509.07,1509.07,0
13198,1433,2025-07-28,1509.07,1509.07,0
13199,1433,2025-08-26,1509.07,1509.07,0
13200,1433,2025-09-25,1509.07,1509.07,0
13201,1433,2025-10-24,1509.07,1509.07,0
13202,1433,2025-11-25,1509.07,1509.07,0
13203,1433,2025-12-24,1509.07,1509.07,0
13204,1434,2024-05-22,684.73,684.73,0
13205,1434,2024-06-26,684.73,684.73,0
13206,1434,2024-07-26,684.73,684.73,0
13207,1434,2024-08-28,684.73,684.73,0
13208,1434,2024-09-28,684.73,684.73,0
13209,1434,2024-10-25,684.73,684.73,0
13210,1434,2024-11-26,684.73,684.73,0
13211,1434,2024-12-24,684.73,684.73,0
13212,1434,2025-01-25,684.73,684.73,0
13213,1434,2025-02-28,684.73,684.73,0
13214,1434,2025-03-27,684.73,684.73,0
13215,1434,2025-04-24,684.73,684.73,0
13216,1434,2025-05-22,684.73,684.73,0
13217,1434,2025-06-27,684.73,684.73,0
13218,1434,2025-07-26,684.73,684.73,0
13219,1434,2025-08-27,684.73,684.73,0
13220,1434,2025-09-24,684.73,684.73,0
13221,1434,2025-10-24,684.73,684.73,0
13222,1434,2025-11-27,684.73,684.73,0
13223,1434,2025-12-22,684.73,684.73,0
13224,1436,2025-04-25,348.6,348.6,0
13225,1436,2025-05-27,348.6,348.6,0
13226,1436,2025-06-26,348.6,348.6,0
13227,1436,2025-07-26,348.6,348.6,0
13228,1436,2025-08-28,348.6,348.6,0
13229,1436,2025-09-23,348.6,348.6,0
13230,1436,2025-10-24,348.6,348.6,0
13231,1436,2025-11-25,348.6,348.6,0
13232,1436,2025-12-22,348.6,348.6,0
13233,1437,2025-02-24,129.09,129.09,0
13234,1437,2025-05-30,129.09,111.53,67
13235,1437,2025-04-27,129.09,129.09,0
13236,1437,2025-05-28,129.09,129.09,0
13237,1437,2025-06-28,129.09,129.09,0
13238,1437,2025-10-17,129.09,121.64,82
13239,1437,2025-08-26,129.09,129.09,0
13240,1437,2025-09-24,129.09,129.09,0
13241,1437,2025-10-25,129.09,129.09,0
13242,1437,2025-11-23,129.09,129.09,0
13243,1437,2025-12-25,129.09,129.09,0
13244,1438,2025-06-28,581.05,581.05,0
13245,1438,2025-07-27,581.05,581.05,0
13246,1438,2025-08-23,581.05,581.05,0
13247,1438,2025-09-27,581.05,581.05,0
13248,1438,2025-10-26,581.05,581.05,0
13249,1438,2025-11-28,581.05,581.05,0
13250,1438,2025-12-25,581.05,581.05,0
13251,1440,2024-10-26,323.63,323.63,0
13252,1440,2024-11-28,323.63,323.63,0
13253,1440,2024-12-24,323.63,323.63,0
13254,1440,2025-01-22,323.63,323.63,0
13255,1440,2025-02-23,323.63,323.63,0
13256,1440,2025-03-24,323.63,323.63,0
13257,1440,2025-04-23,323.63,323.63,0
13258,1440,2025-05-22,323.63,323.63,0
13259,1440,2025-06-22,323.63,323.63,0
13260,1440,2025-09-23,323.63,284.94,59
13261,1440,2025-08-27,323.63,323.63,0
13262,1440,2025-09-25,323.63,323.63,0
13263,1440,2025-11-17,323.63,266.17,26
13264,1440,2025-11-28,323.63,323.63,0
13265,1440,2025-12-23,323.63,323.63,0
13266,1441,2024-11-28,221.55,221.55,0
13267,1441,2024-12-22,221.55,221.55,0
13268,1441,2025-01-27,221.55,221.55,0
13269,1441,2025-02-28,221.55,221.55,0
13270,1441,2025-03-27,221.55,221.55,0
13271,1441,2025-04-24,221.55,221.55,0
13272,1441,2025-05-27,221.55,221.55,0
13273,1441,2025-06-22,221.55,221.55,0
13274,1441,2025-07-26,221.55,221.55,0
13275,1441,2025-08-26,221.55,221.55,0
13276,1441,2025-12-17,221.55,202.79,83
13277,1441,2025-12-11,221.55,181.15,50
13278,1441,2025-11-28,221.55,221.55,0
13279,1441,2025-12-22,221.55,221.55,0
13280,1442,2025-03-22,109.38,109.38,0
13281,1442,2025-04-28,109.38,109.38,0
13282,1442,2025-08-04,109.38,96.74,71
13283,1442,2025-06-24,109.38,109.38,0
13284,1442,2025-07-25,109.38,109.38,0
13285,1442,2025-10-09,109.38,33.1,45
13286,1442,2025-09-22,109.38,109.38,0
13287,1442,2025-10-28,109.38,109.38,0
13288,1442,2026-02-08,109.38,107.44,78
13289,1442,2025-12-23,109.38,109.38,0
13290,1443,2025-03-28,326.61,326.61,0
13291,1443,2025-04-22,326.61,326.61,0
13292,1443,2025-05-27,326.61,326.61,0
13293,1443,2025-06-27,326.61,326.61,0
13294,1443,2025-07-24,326.61,326.61,0
13295,1443,2025-08-27,326.61,326.61,0
13296,1443,2025-09-23,326.61,326.61,0
13297,1443,2025-10-22,326.61,326.61,0
13298,1443,2025-11-22,326.61,326.61,0
13299,1443,2025-12-26,326.61,326.61,0
13300,1444,2024-01-22,269.47,269.47,0
13301,1444,2024-02-22,269.47,269.47,0
13302,1444,2024-03-23,269.47,269.47,0
13303,1444,2024-04-24,269.47,269.47,0
13304,1444,2024-05-23,269.47,269.47,0
13305,1444,2024-06-28,269.47,269.47,0
13306,1444,2024-07-28,269.47,269.47,0
13307,1444,2024-08-26,269.47,269.47,0
13308,1444,2024-09-27,269.47,269.47,0
13309,1444,2024-10-22,269.47,269.47,0
13310,1444,2024-11-22,269.47,269.47,0
13311,1444,2024-12-22,269.47,269.47,0
13312,1444,2025-01-23,269.47,269.47,0
13313,1444,2025-02-28,269.47,269.47,0
13314,1444,2025-03-22,269.47,269.47,0
13315,1444,2025-04-23,269.47,269.47,0
13316,1444,2025-05-24,269.47,269.47,0
13317,1444,2025-06-23,269.47,269.47,0
13318,1444,2025-07-28,269.47,269.47,0
13319,1444,2025-08-26,269.47,269.47,0
13320,1444,2025-09-23,269.47,269.47,0
13321,1444,2025-10-22,269.47,269.47,0
13322,1444,2025-11-22,269.47,269.47,0
13323,1444,2025-12-28,269.47,269.47,0
13324,1445,2025-04-24,146.1,146.1,0
13325,1445,2025-05-22,146.1,146.1,0
13326,1445,2025-06-26,146.1,146.1,0
13327,1445,2025-07-28,146.1,146.1,0
13328,1445,2025-08-27,146.1,146.1,0
13329,1445,2025-09-22,146.1,146.1,0
13330,1445,2025-10-23,146.1,146.1,0
13331,1445,2025-11-26,146.1,146.1,0
13332,1445,2025-12-28,146.1,146.1,0
13333,1446,2025-04-23,571.04,571.04,0
13334,1446,2025-05-22,571.04,571.04,0
13335,1446,2025-06-27,571.04,571.04,0
13336,1446,2025-07-28,571.04,571.04,0
13337,1446,2025-08-27,571.04,571.04,0
13338,1446,2025-09-25,571.04,571.04,0
13339,1446,2025-10-24,571.04,571.04,0
13340,1446,2025-11-23,571.04,571.04,0
13341,1446,2025-12-22,571.04,571.04,0
13342,1447,2025-12-24,1462.72,1462.72,0
13343,1448,2025-06-23,197.76,197.76,0
13344,1448,2025-07-25,197.76,197.76,0
13345,1448,2025-08-22,197.76,197.76,0
13346,1448,2025-09-23,197.76,197.76,0
13347,1448,2025-10-24,197.76,197.76,0
13348,1448,2025-11-23,197.76,197.76,0
13349,1448,2025-12-25,197.76,197.76,0
13350,1450,2025-01-25,423.23,423.23,0
13351,1450,2025-02-22,423.23,423.23,0
13352,1450,2025-03-26,423.23,423.23,0
13353,1450,2025-04-25,423.23,423.23,0
13354,1450,2025-05-26,423.23,423.23,0
13355,1450,2025-06-23,423.23,423.23,0
13356,1450,2025-07-24,423.23,423.23,0
13357,1450,2025-08-22,423.23,423.23,0
13358,1450,2025-11-08,423.23,387.29,43
13359,1450,2025-10-22,423.23,423.23,0
13360,1450,2025-11-26,423.23,423.23,0
13361,1450,2025-12-28,423.23,423.23,0
13362,1451,2025-06-28,749.93,749.93,0
13363,1451,2025-07-27,749.93,749.93,0
13364,1451,2025-08-22,749.93,749.93,0
13365,1451,2025-09-28,749.93,749.93,0
13366,1451,2025-10-28,749.93,749.93,0
13367,1451,2025-11-23,749.93,749.93,0
13368,1451,2025-12-26,749.93,749.93,0
13369,1452,2025-08-23,101.82,101.82,0
13370,1452,2025-09-23,101.82,101.82,0
13371,1452,2025-10-27,101.82,101.82,0
13372,1452,2025-11-23,101.82,101.82,0
13373,1452,2025-12-24,101.82,101.82,0
13374,1453,2024-07-23,147.61,147.61,0
13375,1453,2024-08-28,147.61,147.61,0
13376,1453,2024-09-24,147.61,147.61,0
13377,1453,2024-10-23,147.61,147.61,0
13378,1453,2024-11-28,147.61,147.61,0
13379,1453,2024-12-25,147.61,147.61,0
13380,1453,2025-01-25,147.61,147.61,0
13381,1453,2025-02-28,147.61,147.61,0
13382,1453,2025-03-25,147.61,147.61,0
13383,1453,2025-04-23,147.61,147.61,0
13384,1453,2025-05-22,147.61,147.61,0
13385,1453,2025-06-27,147.61,147.61,0
13386,1453,2025-07-27,147.61,147.61,0
13387,1453,2025-08-23,147.61,147.61,0
13388,1453,2025-09-24,147.61,147.61,0
13389,1453,2025-10-27,147.61,147.61,0
13390,1453,2025-11-28,147.61,147.61,0
13391,1453,2025-12-26,147.61,147.61,0
13392,1454,2025-10-27,131.14,131.14,0
13393,1454,2025-11-24,131.14,131.14,0
13394,1454,2025-12-25,131.14,131.14,0
13395,1455,2024-05-25,58.84,58.84,0
13396,1455,2024-07-05,58.84,54.74,7
13397,1455,2024-07-28,58.84,58.84,0
13398,1455,2024-09-29,58.84,56.35,34
13399,1455,2024-09-25,58.84,58.84,0
13400,1455,2024-10-23,58.84,58.84,0
13401,1455,2024-11-28,58.84,58.84,0
13402,1455,2024-12-24,58.84,58.84,0
13403,1455,2025-01-27,58.84,58.84,0
13404,1455,2025-02-23,58.84,58.84,0
13405,1455,2025-03-24,58.84,58.84,0
13406,1455,2025-08-25,58.84,20.61,124
13407,1455,2025-05-28,58.84,58.84,0
13408,1455,2025-06-22,58.84,58.84,0
13409,1455,2025-07-26,58.84,58.84,0
13410,1455,2025-08-26,58.84,58.84,0
13411,1455,2025-09-25,58.84,58.84,0
13412,1455,2025-10-24,58.84,58.84,0
13413,1455,2025-11-24,58.84,58.84,0
13414,1455,2025-12-27,58.84,58.84,0
13415,1456,2025-04-25,472.35,472.35,0
13416,1456,2025-05-27,472.35,472.35,0
13417,1456,2025-06-22,472.35,472.35,0
13418,1456,2025-07-23,472.35,472.35,0
13419,1456,2025-08-27,472.35,472.35,0
13420,1456,2025-09-27,472.35,472.35,0
13421,1456,2025-10-28,472.35,472.35,0
13422,1456,2025-11-26,472.35,472.35,0
13423,1456,2025-12-25,472.35,472.35,0
13424,1457,2025-06-26,385.94,385.94,0
13425,1457,2025-07-28,385.94,385.94,0
13426,1457,2025-08-28,385.94,385.94,0
13427,1457,2025-09-24,385.94,385.94,0
13428,1457,2025-10-27,385.94,385.94,0
13429,1457,2025-11-25,385.94,385.94,0
13430,1457,2025-12-27,385.94,385.94,0
13431,1459,2025-04-27,169.28,169.28,0
13432,1459,2025-05-23,169.28,169.28,0
13433,1459,2025-06-24,169.28,169.28,0
13434,1459,2025-07-24,169.28,169.28,0
13435,1459,2025-08-28,169.28,169.28,0
13436,1459,2025-09-22,169.28,169.28,0
13437,1459,2025-10-25,169.28,169.28,0
13438,1459,2025-11-28,169.28,169.28,0
13439,1459,2025-12-26,169.28,169.28,0
13440,1460,2025-06-26,212.3,212.3,0
13441,1460,2025-07-25,212.3,212.3,0
13442,1460,2025-08-24,212.3,212.3,0
13443,1460,2025-09-23,212.3,212.3,0
13444,1460,2025-10-25,212.3,212.3,0
13445,1460,2025-11-28,212.3,212.3,0
13446,1460,2025-12-27,212.3,212.3,0
13447,1461,2024-12-26,93.91,93.91,0
13448,1461,2025-01-25,93.91,93.91,0
13449,1461,2025-02-23,93.91,93.91,0
13450,1461,2025-03-27,93.91,93.91,0
13451,1461,2025-04-23,93.91,93.91,0
13452,1461,2025-05-26,93.91,93.91,0
13453,1461,2025-06-27,93.91,93.91,0
13454,1461,2025-07-27,93.91,93.91,0
13455,1461,2025-08-23,93.91,93.91,0
13456,1461,2025-09-26,93.91,93.91,0
13457,1461,2025-10-26,93.91,93.91,0
13458,1461,2025-11-23,93.91,93.91,0
13459,1461,2025-12-27,93.91,93.91,0
13460,1462,2025-05-22,672.97,672.97,0
13461,1462,2025-06-23,672.97,672.97,0
13462,1462,2025-07-22,672.97,672.97,0
13463,1462,2025-08-27,672.97,672.97,0
13464,1462,2025-09-26,672.97,672.97,0
13465,1462,2025-10-23,672.97,672.97,0
13466,1462,2025-11-28,672.97,672.97,0
13467,1462,2025-12-23,672.97,672.97,0
13468,1463,2025-01-26,141.77,141.77,0
13469,1463,2025-02-26,141.77,141.77,0
13470,1463,2025-03-22,141.77,141.77,0
13471,1463,2025-04-25,141.77,141.77,0
13472,1463,2025-05-27,141.77,141.77,0
13473,1463,2025-06-27,141.77,141.77,0
13474,1463,2025-07-24,141.77,141.77,0
13475,1463,2025-08-27,141.77,141.77,0
13476,1463,2025-09-24,141.77,141.77,0
13477,1463,2025-10-28,141.77,141.77,0
13478,1463,2025-11-24,141.77,141.77,0
13479,1463,2025-12-23,141.77,141.77,0
13480,1465,2025-03-23,1057.17,1057.17,0
13481,1465,2025-04-22,1057.17,1057.17,0
13482,1465,2025-05-28,1057.17,1057.17,0
13483,1465,2025-06-28,1057.17,1057.17,0
13484,1465,2025-07-27,1057.17,1057.17,0
13485,1465,2025-08-25,1057.17,1057.17,0
13486,1465,2025-09-28,1057.17,1057.17,0
13487,1465,2025-10-27,1057.17,1057.17,0
13488,1465,2025-11-28,1057.17,1057.17,0
13489,1465,2025-12-23,1057.17,1057.17,0
13490,1466,2025-07-23,599.54,599.54,0
13491,1466,2025-08-25,599.54,599.54,0
13492,1466,2025-09-22,599.54,599.54,0
13493,1466,2025-10-22,599.54,599.54,0
13494,1466,2025-11-24,599.54,599.54,0
13495,1466,2025-12-28,599.54,599.54,0
13496,1467,2025-01-26,222.53,222.53,0
13497,1467,2025-02-25,222.53,222.53,0
13498,1467,2025-03-22,222.53,222.53,0
13499,1467,2025-04-27,222.53,222.53,0
13500,1467,2025-05-27,222.53,222.53,0
13501,1467,2025-06-22,222.53,222.53,0
13502,1467,2025-07-22,222.53,222.53,0
13503,1467,2025-08-23,222.53,222.53,0
13504,1467,2025-09-28,222.53,222.53,0
13505,1467,2025-10-26,222.53,222.53,0
13506,1467,2025-11-25,222.53,222.53,0
13507,1467,2025-12-25,222.53,222.53,0
13508,1468,2025-03-28,655.92,655.92,0
13509,1468,2025-04-28,655.92,655.92,0
13510,1468,2025-05-23,655.92,655.92,0
13511,1468,2025-06-27,655.92,655.92,0
13512,1468,2025-07-27,655.92,655.92,0
13513,1468,2025-08-22,655.92,655.92,0
13514,1468,2025-09-24,655.92,655.92,0
13515,1468,2025-10-27,655.92,655.92,0
13516,1468,2025-11-26,655.92,655.92,0
13517,1468,2025-12-27,655.92,655.92,0
13518,1469,2026-03-24,258.97,229.46,87
13519,1470,2024-03-28,257.01,257.01,0
13520,1470,2024-04-26,257.01,257.01,0
13521,1470,2024-05-27,257.01,257.01,0
13522,1470,2024-06-23,257.01,257.01,0
13523,1470,2024-07-23,257.01,257.01,0
13524,1470,2024-08-24,257.01,257.01,0
13525,1470,2024-09-23,257.01,257.01,0
13526,1470,2024-10-27,257.01,257.01,0
13527,1470,2024-11-27,257.01,257.01,0
13528,1470,2025-01-30,257.01,246.38,39
13529,1470,2025-01-24,257.01,257.01,0
13530,1470,2025-02-22,257.01,257.01,0
13531,1470,2025-03-26,257.01,257.01,0
13532,1470,2025-04-28,257.01,257.01,0
13533,1470,2025-05-24,257.01,257.01,0
13534,1470,2025-08-05,257.01,17.84,40
13535,1470,2025-07-27,257.01,257.01,0
13536,1470,2025-08-26,257.01,257.01,0
13537,1470,2025-09-27,257.01,257.01,0
13538,1470,2025-10-22,257.01,257.01,0
13539,1470,2025-11-22,257.01,257.01,0
13540,1470,2025-12-27,257.01,257.01,0
13541,1471,2025-12-23,279.74,279.74,0
13542,1472,2025-10-27,596.87,596.87,0
13543,1472,2025-11-22,596.87,596.87,0
13544,1472,2025-12-23,596.87,596.87,0
13545,1473,2025-12-09,159.75,152.86,47
13546,1473,2025-11-24,159.75,159.75,0
13547,1473,2025-12-23,159.75,159.75,0
13548,1474,2025-06-27,136.16,136.16,0
13549,1474,2025-07-23,136.16,136.16,0
13550,1474,2025-08-26,136.16,136.16,0
13551,1474,2025-09-26,136.16,136.16,0
13552,1474,2025-10-22,136.16,136.16,0
13553,1474,2025-11-25,136.16,136.16,0
13554,1474,2025-12-27,136.16,136.16,0
13555,1475,2025-01-24,238.2,238.2,0
13556,1475,2025-05-10,238.2,237.02,75
13557,1475,2025-03-25,238.2,238.2,0
13558,1475,2025-04-25,238.2,238.2,0
13559,1475,2025-05-26,238.2,238.2,0
13560,1475,2025-06-26,238.2,238.2,0
13561,1475,2025-07-28,238.2,238.2,0
13562,1475,2025-09-13,238.2,213.87,22
13563,1475,2025-09-24,238.2,238.2,0
13564,1475,2025-10-25,238.2,238.2,0
13565,1475,2025-11-24,238.2,238.2,0
13566,1475,2025-12-24,238.2,238.2,0
13567,1476,2025-06-02,203.51,196.45,39
13568,1476,2025-05-22,203.51,203.51,0
13569,1476,2025-09-14,203.51,196.15,78
13570,1476,2025-07-24,203.51,203.51,0
13571,1476,2025-10-14,203.51,177.46,47
13572,1476,2025-09-25,203.51,203.51,0
13573,1476,2025-10-23,203.51,203.51,0
13574,1476,2025-11-25,203.51,203.51,0
13575,1476,2025-12-26,203.51,203.51,0
13576,1477,2025-10-24,827.0,827.0,0
13577,1477,2025-11-22,827.0,827.0,0
13578,1477,2025-12-28,827.0,827.0,0
13579,1479,2025-03-27,389.5,389.5,0
13580,1479,2025-04-27,389.5,389.5,0
13581,1479,2025-05-24,389.5,389.5,0
13582,1479,2025-06-26,389.5,389.5,0
13583,1479,2025-07-25,389.5,389.5,0
13584,1479,2025-09-15,389.5,329.82,19
13585,1479,2025-09-25,389.5,389.5,0
13586,1479,2025-10-27,389.5,389.5,0
13587,1479,2025-12-31,389.5,366.4,39
13588,1479,2025-12-27,389.5,389.5,0
13589,1480,2025-06-25,827.12,827.12,0
13590,1480,2025-07-22,827.12,827.12,0
13591,1480,2025-08-24,827.12,827.12,0
13592,1480,2025-09-22,827.12,827.12,0
13593,1480,2025-10-28,827.12,827.12,0
13594,1480,2025-11-23,827.12,827.12,0
13595,1480,2025-12-23,827.12,827.12,0
13596,1481,2025-09-25,148.29,148.29,0
13597,1481,2025-10-27,148.29,148.29,0
13598,1481,2025-11-25,148.29,148.29,0
13599,1481,2025-12-28,148.29,148.29,0
13600,1482,2024-11-24,377.72,377.72,0
13601,1482,2024-12-26,377.72,377.72,0
13602,1482,2025-01-24,377.72,377.72,0
13603,1482,2025-02-23,377.72,377.72,0
13604,1482,2025-03-27,377.72,377.72,0
13605,1482,2025-04-23,377.72,377.72,0
13606,1482,2025-07-06,377.72,377.19,40
13607,1482,2025-06-25,377.72,377.72,0
13608,1482,2025-07-23,377.72,377.72,0
13609,1482,2025-08-23,377.72,377.72,0
13610,1482,2025-09-25,377.72,377.72,0
13611,1482,2025-10-24,377.72,377.72,0
13612,1482,2025-11-25,377.72,377.72,0
13613,1482,2025-12-27,377.72,377.72,0
13614,1483,2025-07-25,330.86,330.86,0
13615,1483,2025-08-24,330.86,330.86,0
13616,1483,2025-09-26,330.86,330.86,0
13617,1483,2025-10-26,330.86,330.86,0
13618,1483,2025-11-28,330.86,330.86,0
13619,1483,2025-12-25,330.86,330.86,0
13620,1484,2025-07-26,442.45,425.5,62
13621,1484,2025-06-27,442.45,442.45,0
13622,1484,2025-07-26,442.45,442.45,0
13623,1484,2025-08-26,442.45,442.45,0
13624,1484,2025-09-23,442.45,442.45,0
13625,1484,2025-10-26,442.45,442.45,0
13626,1484,2025-11-24,442.45,442.45,0
13627,1484,2025-12-23,442.45,442.45,0
13628,1485,2024-04-26,300.72,300.72,0
13629,1485,2024-05-27,300.72,300.72,0
13630,1485,2024-06-24,300.72,300.72,0
13631,1485,2024-07-27,300.72,300.72,0
13632,1485,2024-10-11,300.72,296.99,47
13633,1485,2024-09-25,300.72,300.72,0
13634,1485,2024-10-22,300.72,300.72,0
13635,1485,2024-11-26,300.72,300.72,0
13636,1485,2024-12-25,300.72,300.72,0
13637,1485,2025-01-22,300.72,300.72,0
13638,1485,2025-02-27,300.72,300.72,0
13639,1485,2025-03-25,300.72,300.72,0
13640,1485,2025-04-24,300.72,300.72,0
13641,1485,2025-05-28,300.72,300.72,0
13642,1485,2025-06-23,300.72,300.72,0
13643,1485,2025-07-23,300.72,300.72,0
13644,1485,2025-08-22,300.72,300.72,0
13645,1485,2025-09-28,300.72,300.72,0
13646,1485,2025-10-25,300.72,300.72,0
13647,1485,2025-11-22,300.72,300.72,0
13648,1485,2025-12-22,300.72,300.72,0
13649,1486,2025-12-28,380.64,380.64,0
13650,1487,2025-07-26,214.94,214.94,0
13651,1487,2025-08-26,214.94,214.94,0
13652,1487,2025-09-22,214.94,214.94,0
13653,1487,2025-10-25,214.94,214.94,0
13654,1487,2025-11-24,214.94,214.94,0
13655,1487,2025-12-24,214.94,214.94,0
13656,1488,2025-05-22,445.39,445.39,0
13657,1488,2025-08-09,445.39,377.44,45
13658,1488,2025-09-12,445.39,423.23,48
13659,1488,2025-08-23,445.39,445.39,0
13660,1488,2025-09-23,445.39,445.39,0
13661,1488,2025-10-23,445.39,445.39,0
13662,1488,2026-02-21,445.39,379.83,87
13663,1488,2025-12-24,445.39,445.39,0
13664,1489,2024-11-22,366.89,366.89,0
13665,1489,2024-12-28,366.89,366.89,0
13666,1489,2025-03-09,366.89,361.37,44
13667,1489,2025-02-27,366.89,366.89,0
13668,1489,2025-03-27,366.89,366.89,0
13669,1489,2025-04-25,366.89,366.89,0
13670,1489,2025-05-25,366.89,366.89,0
13671,1489,2025-06-27,366.89,366.89,0
13672,1489,2025-07-28,366.89,366.89,0
13673,1489,2025-08-25,366.89,366.89,0
13674,1489,2025-09-23,366.89,366.89,0
13675,1489,2025-11-27,366.89,323.72,32
13676,1489,2025-11-25,366.89,366.89,0
13677,1489,2026-02-04,366.89,329.83,39
13678,1490,2024-07-25,155.43,155.43,0
13679,1490,2024-08-26,155.43,155.43,0
13680,1490,2024-11-09,155.43,145.12,45
13681,1490,2024-10-28,155.43,155.43,0
13682,1490,2024-11-22,155.43,155.43,0
13683,1490,2024-12-28,155.43,155.43,0
13684,1490,2025-01-25,155.43,155.43,0
13685,1490,2025-02-23,155.43,155.43,0
13686,1490,2025-03-26,155.43,155.43,0
13687,1490,2025-04-23,155.43,155.43,0
13688,1490,2025-05-23,155.43,155.43,0
13689,1490,2025-08-10,155.43,134.97,49
13690,1490,2025-07-24,155.43,155.43,0
13691,1490,2025-08-24,155.43,155.43,0
13692,1490,2025-09-26,155.43,155.43,0
13693,1490,2025-10-26,155.43,155.43,0
13694,1490,2025-11-28,155.43,155.43,0
13695,1490,2025-12-22,155.43,155.43,0
13696,1491,2025-10-22,501.52,501.52,0
13697,1491,2025-11-29,501.52,422.9,4
13698,1491,2025-12-27,501.52,501.52,0
13699,1492,2025-11-27,539.34,539.34,0
13700,1492,2025-12-26,539.34,539.34,0
13701,1494,2025-07-26,165.72,144.17,33
13702,1494,2025-08-21,165.72,142.29,24
13703,1494,2025-08-23,165.72,165.72,0
13704,1494,2025-09-28,165.72,165.72,0
13705,1494,2025-10-26,165.72,165.72,0
13706,1494,2026-01-21,165.72,138.6,59
13707,1494,2025-12-25,165.72,165.72,0
13708,1496,2025-12-22,170.63,170.63,0
13709,1498,2025-12-25,1407.8,1407.8,0
13710,1499,2024-12-22,295.24,295.24,0
13711,1499,2025-01-25,295.24,295.24,0
13712,1499,2025-02-24,295.24,295.24,0
13713,1499,2025-03-27,295.24,295.24,0
13714,1499,2025-04-26,295.24,295.24,0
13715,1499,2025-05-25,295.24,295.24,0
13716,1499,2025-06-28,295.24,295.24,0
13717,1499,2025-07-27,295.24,295.24,0
13718,1499,2025-08-25,295.24,295.24,0
13719,1499,2025-09-28,295.24,295.24,0
13720,1499,2025-10-24,295.24,295.24,0
13721,1499,2025-11-23,295.24,295.24,0
13722,1499,2025-12-25,295.24,295.24,0
13723,1500,2024-01-23,348.76,348.76,0
13724,1500,2024-02-25,348.76,348.76,0
13725,1500,2024-03-26,348.76,348.76,0
13726,1500,2024-04-27,348.76,348.76,0
13727,1500,2024-05-27,348.76,348.76,0
13728,1500,2024-06-26,348.76,348.76,0
13729,1500,2024-07-25,348.76,348.76,0
13730,1500,2024-08-22,348.76,348.76,0
13731,1500,2024-09-25,348.76,348.76,0
13732,1500,2024-10-23,348.76,348.76,0
13733,1502,2025-04-24,427.58,427.58,0
13734,1502,2025-05-23,427.58,427.58,0
13735,1502,2025-06-27,427.58,427.58,0
13736,1502,2025-07-23,427.58,427.58,0
13737,1502,2025-08-28,427.58,427.58,0
13738,1502,2025-09-26,427.58,427.58,0
13739,1502,2025-10-24,427.58,427.58,0
13740,1502,2025-11-25,427.58,427.58,0
13741,1502,2025-12-26,427.58,427.58,0
13742,1503,2025-10-23,359.42,359.42,0
13743,1503,2025-11-28,359.42,359.42,0
13744,1503,2025-12-25,359.42,359.42,0
13745,1504,2025-12-27,404.7,404.7,0
13746,1506,2026-02-02,313.2,260.5,42
13747,1507,2025-09-28,149.56,27.56,95
13748,1507,2026-01-15,149.56,14.18,175
13749,1507,2025-08-26,149.56,149.56,0
13750,1507,2025-09-25,149.56,149.56,0
13751,1507,2025-10-27,149.56,149.56,0
13752,1507,2025-11-27,149.56,149.56,0
13753,1507,2025-12-25,149.56,149.56,0
13754,1508,2024-07-22,560.01,560.01,0
13755,1508,2024-08-26,560.01,560.01,0
13756,1508,2024-09-25,560.01,560.01,0
13757,1508,2024-10-25,560.01,560.01,0
13758,1508,2024-11-22,560.01,560.01,0
13759,1508,2024-12-23,560.01,560.01,0
13760,1508,2025-01-22,560.01,560.01,0
13761,1508,2025-02-25,560.01,560.01,0
13762,1508,2025-03-27,560.01,560.01,0
13763,1508,2025-04-28,560.01,560.01,0
13764,1508,2025-05-26,560.01,560.01,0
13765,1508,2025-06-26,560.01,560.01,0
13766,1508,2025-07-24,560.01,560.01,0
13767,1508,2025-08-24,560.01,560.01,0
13768,1508,2025-09-22,560.01,560.01,0
13769,1508,2025-10-24,560.01,560.01,0
13770,1508,2025-11-22,560.01,560.01,0
13771,1508,2025-12-28,560.01,560.01,0
13772,1509,2025-11-22,691.21,691.21,0
13773,1509,2026-01-14,691.21,661.76,22
13774,1510,2024-08-26,336.46,336.46,0
13775,1510,2024-09-25,336.46,336.46,0
13776,1510,2024-10-24,336.46,336.46,0
13777,1510,2024-11-26,336.46,336.46,0
13778,1510,2024-12-27,336.46,336.46,0
13779,1510,2025-01-22,336.46,336.46,0
13780,1510,2025-02-25,336.46,336.46,0
13781,1510,2025-03-25,336.46,336.46,0
13782,1510,2025-04-27,336.46,336.46,0
13783,1510,2025-05-24,336.46,336.46,0
13784,1510,2025-06-23,336.46,336.46,0
13785,1510,2025-07-22,336.46,336.46,0
13786,1510,2025-08-26,336.46,336.46,0
13787,1510,2025-09-23,336.46,336.46,0
13788,1510,2025-10-25,336.46,336.46,0
13789,1510,2025-11-24,336.46,336.46,0
13790,1510,2025-12-27,336.46,336.46,0
13791,1511,2024-10-26,556.34,556.34,0
13792,1511,2024-11-22,556.34,556.34,0
13793,1511,2024-12-27,556.34,556.34,0
13794,1511,2025-01-22,556.34,556.34,0
13795,1511,2025-02-25,556.34,556.34,0
13796,1511,2025-03-22,556.34,556.34,0
13797,1511,2025-04-23,556.34,556.34,0
13798,1511,2025-05-22,556.34,556.34,0
13799,1511,2025-06-25,556.34,556.34,0
13800,1511,2025-07-25,556.34,556.34,0
13801,1511,2025-08-23,556.34,556.34,0
13802,1511,2025-09-25,556.34,556.34,0
13803,1511,2025-10-25,556.34,556.34,0
13804,1511,2025-11-27,556.34,556.34,0
13805,1511,2025-12-25,556.34,556.34,0
13806,1512,2024-01-27,1206.38,1206.38,0
13807,1512,2024-02-26,1206.38,1206.38,0
13808,1512,2024-03-22,1206.38,1206.38,0
13809,1512,2024-04-26,1206.38,1206.38,0
13810,1512,2024-05-26,1206.38,1206.38,0
13811,1512,2024-06-22,1206.38,1206.38,0
13812,1512,2024-07-26,1206.38,1206.38,0
13813,1512,2024-08-26,1206.38,1206.38,0
13814,1512,2024-09-23,1206.38,1206.38,0
13815,1512,2024-10-28,1206.38,1206.38,0
13816,1512,2024-11-22,1206.38,1206.38,0
13817,1512,2024-12-23,1206.38,1206.38,0
13818,1512,2025-01-28,1206.38,1206.38,0
13819,1512,2025-02-25,1206.38,1206.38,0
13820,1512,2025-03-26,1206.38,1206.38,0
13821,1512,2025-04-22,1206.38,1206.38,0
13822,1512,2025-05-26,1206.38,1206.38,0
13823,1512,2025-06-22,1206.38,1206.38,0
13824,1512,2025-07-22,1206.38,1206.38,0
13825,1512,2025-08-27,1206.38,1206.38,0
13826,1512,2025-09-24,1206.38,1206.38,0
13827,1512,2025-10-23,1206.38,1206.38,0
13828,1512,2025-11-22,1206.38,1206.38,0
13829,1513,2025-03-28,839.83,839.83,0
13830,1513,2025-04-26,839.83,839.83,0
13831,1513,2025-07-27,839.83,674.24,62
13832,1513,2025-07-15,839.83,698.78,20
13833,1513,2025-07-27,839.83,839.83,0
13834,1513,2025-08-26,839.83,839.83,0
13835,1513,2025-09-26,839.83,839.83,0
13836,1513,2025-10-26,839.83,839.83,0
13837,1513,2025-11-27,839.83,839.83,0
13838,1513,2025-12-27,839.83,839.83,0
13839,1514,2024-12-26,844.0,844.0,0
13840,1514,2025-01-28,844.0,844.0,0
13841,1514,2025-02-23,844.0,844.0,0
13842,1514,2025-03-24,844.0,844.0,0
13843,1514,2025-07-03,844.0,42.81,72
13844,1514,2025-05-27,844.0,844.0,0
13845,1514,2025-06-22,844.0,844.0,0
13846,1514,2025-09-05,844.0,22.34,45
13847,1514,2025-08-26,844.0,844.0,0
13848,1514,2025-09-25,844.0,844.0,0
13849,1514,2025-10-25,844.0,844.0,0
13850,1514,2026-01-18,844.0,828.23,52
13851,1514,2025-12-25,844.0,844.0,0
13852,1515,2025-05-24,201.79,201.79,0
13853,1515,2025-06-27,201.79,201.79,0
13854,1515,2025-08-28,201.79,196.17,34
13855,1515,2025-08-27,201.79,201.79,0
13856,1515,2025-09-26,201.79,201.79,0
13857,1515,2025-10-25,201.79,201.79,0
13858,1515,2025-11-26,201.79,201.79,0
13859,1515,2025-12-27,201.79,201.79,0
13860,1516,2024-10-24,317.32,317.32,0
13861,1516,2025-02-08,317.32,293.11,77
13862,1516,2024-12-23,317.32,317.32,0
13863,1516,2025-01-24,317.32,317.32,0
13864,1516,2025-02-22,317.32,317.32,0
13865,1516,2025-03-24,317.32,317.32,0
13866,1516,2025-04-28,317.32,317.32,0
13867,1516,2025-05-27,317.32,317.32,0
13868,1516,2025-08-16,317.32,121.55,54
13869,1516,2025-07-27,317.32,317.32,0
13870,1516,2025-08-27,317.32,317.32,0
13871,1516,2025-09-26,317.32,317.32,0
13872,1516,2025-10-23,317.32,317.32,0
13873,1516,2025-11-22,317.32,317.32,0
13874,1516,2025-12-22,317.32,317.32,0
13875,1517,2025-02-28,653.26,653.26,0
13876,1517,2025-03-22,653.26,653.26,0
13877,1517,2025-04-23,653.26,653.26,0
13878,1517,2025-05-26,653.26,653.26,0
13879,1517,2025-06-22,653.26,653.26,0
13880,1517,2025-07-28,653.26,653.26,0
13881,1517,2025-11-10,653.26,602.56,76
13882,1517,2025-09-24,653.26,653.26,0
13883,1517,2025-10-23,653.26,653.26,0
13884,1517,2025-11-26,653.26,653.26,0
13885,1517,2025-12-24,653.26,653.26,0
13886,1519,2025-05-23,242.65,242.65,0
13887,1519,2025-06-24,242.65,242.65,0
13888,1519,2025-07-22,242.65,242.65,0
13889,1519,2025-08-26,242.65,242.65,0
13890,1519,2025-09-24,242.65,242.65,0
13891,1519,2025-10-28,242.65,242.65,0
13892,1519,2025-11-24,242.65,242.65,0
13893,1519,2026-02-14,242.65,200.15,48
13894,1520,2025-08-28,153.37,153.37,0
13895,1520,2025-11-17,153.37,6.02,55
13896,1520,2025-10-24,153.37,153.37,0
13897,1520,2025-11-25,153.37,153.37,0
13898,1520,2025-12-23,153.37,153.37,0
13899,1521,2025-12-27,526.39,526.39,0
13900,1522,2025-07-23,138.65,138.65,0
13901,1522,2025-08-28,138.65,138.65,0
13902,1522,2025-09-27,138.65,138.65,0
13903,1522,2025-10-26,138.65,138.65,0
13904,1522,2025-11-25,138.65,138.65,0
13905,1522,2025-12-22,138.65,138.65,0
13906,1523,2025-05-22,2320.46,2320.46,0
13907,1523,2025-06-25,2320.46,2320.46,0
13908,1523,2025-07-27,2320.46,2320.46,0
13909,1523,2025-08-27,2320.46,2320.46,0
13910,1523,2025-11-05,2320.46,2034.23,43
13911,1523,2025-10-22,2320.46,2320.46,0
13912,1523,2025-11-26,2320.46,2320.46,0
13913,1523,2025-12-25,2320.46,2320.46,0
13914,1524,2025-08-10,105.84,103.25,78
13915,1524,2025-06-24,105.84,105.84,0
13916,1524,2025-07-28,105.84,105.84,0
13917,1524,2025-08-26,105.84,105.84,0
13918,1524,2025-09-23,105.84,105.84,0
13919,1524,2025-10-25,105.84,105.84,0
13920,1524,2025-11-24,105.84,105.84,0
13921,1524,2025-12-23,105.84,105.84,0
13922,1525,2024-11-24,374.72,374.72,0
13923,1525,2024-12-24,374.72,374.72,0
13924,1525,2025-01-26,374.72,374.72,0
13925,1525,2025-02-23,374.72,374.72,0
13926,1525,2025-03-24,374.72,374.72,0
13927,1525,2025-04-26,374.72,374.72,0
13928,1525,2025-05-25,374.72,374.72,0
13929,1525,2025-07-09,374.72,325.97,17
13930,1525,2025-08-21,374.72,346.0,25
13931,1525,2025-08-23,374.72,374.72,0
13932,1525,2025-10-27,374.72,321.18,30
13933,1525,2025-10-26,374.72,374.72,0
13934,1525,2025-11-25,374.72,374.72,0
13935,1525,2026-04-24,374.72,52.31,117
13936,1526,2024-02-24,183.84,183.84,0
13937,1526,2024-03-28,183.84,183.84,0
13938,1526,2024-04-24,183.84,183.84,0
13939,1526,2024-05-22,183.84,183.84,0
13940,1526,2024-06-23,183.84,183.84,0
13941,1526,2024-07-26,183.84,183.84,0
13942,1526,2024-08-25,183.84,183.84,0
13943,1526,2024-09-26,183.84,183.84,0
13944,1526,2024-12-09,183.84,164.81,48
13945,1526,2025-01-14,183.84,177.26,52
13946,1526,2024-12-28,183.84,183.84,0
13947,1526,2025-01-28,183.84,183.84,0
13948,1526,2025-02-25,183.84,183.84,0
13949,1526,2025-03-24,183.84,183.84,0
13950,1526,2025-04-27,183.84,183.84,0
13951,1526,2025-06-24,183.84,158.35,27
13952,1526,2025-06-28,183.84,183.84,0
13953,1526,2025-07-28,183.84,183.84,0
13954,1526,2025-08-26,183.84,183.84,0
13955,1526,2025-09-22,183.84,183.84,0
13956,1526,2025-10-28,183.84,183.84,0
13957,1526,2025-12-24,183.84,153.46,27
13958,1526,2025-12-23,183.84,183.84,0
13959,1527,2024-02-21,350.15,334.26,28
13960,1527,2024-02-22,350.15,350.15,0
13961,1527,2024-03-27,350.15,350.15,0
13962,1527,2024-04-25,350.15,350.15,0
13963,1527,2024-07-24,350.15,331.42,57
13964,1527,2024-06-24,350.15,350.15,0
13965,1527,2024-07-27,350.15,350.15,0
13966,1527,2024-08-28,350.15,350.15,0
13967,1527,2024-09-23,350.15,350.15,0
13968,1527,2024-10-24,350.15,350.15,0
13969,1527,2024-11-28,350.15,350.15,0
13970,1527,2024-12-28,350.15,350.15,0
13971,1527,2025-01-25,350.15,350.15,0
13972,1527,2025-02-22,350.15,350.15,0
13973,1527,2025-03-24,350.15,350.15,0
13974,1527,2025-04-28,350.15,350.15,0
13975,1527,2025-05-24,350.15,350.15,0
13976,1527,2025-06-27,350.15,350.15,0
13977,1527,2025-07-26,350.15,350.15,0
13978,1527,2025-08-24,350.15,350.15,0
13979,1527,2025-09-24,350.15,350.15,0
13980,1527,2025-10-25,350.15,350.15,0
13981,1527,2025-11-25,350.15,350.15,0
13982,1527,2025-12-28,350.15,350.15,0
13983,1528,2025-06-19,133.47,127.03,84
13984,1528,2025-04-22,133.47,133.47,0
13985,1528,2025-06-08,133.47,129.01,17
13986,1528,2025-06-27,133.47,133.47,0
13987,1528,2025-07-27,133.47,133.47,0
13988,1528,2025-08-24,133.47,133.47,0
13989,1528,2025-09-23,133.47,133.47,0
13990,1528,2025-10-23,133.47,133.47,0
13991,1528,2025-11-22,133.47,133.47,0
13992,1528,2025-12-23,133.47,133.47,0
13993,1529,2025-12-27,648.14,648.14,0
13994,1530,2024-12-24,93.04,93.04,0
13995,1530,2025-01-24,93.04,93.04,0
13996,1530,2025-02-24,93.04,93.04,0
13997,1530,2025-03-23,93.04,93.04,0
13998,1530,2025-04-24,93.04,93.04,0
13999,1530,2025-05-24,93.04,93.04,0
14000,1530,2025-06-28,93.04,93.04,0
14001,1530,2025-09-18,93.04,3.93,57
14002,1530,2025-08-28,93.04,93.04,0
14003,1530,2025-09-27,93.04,93.04,0
14004,1530,2025-10-25,93.04,93.04,0
14005,1530,2025-11-28,93.04,93.04,0
14006,1530,2025-12-23,93.04,93.04,0
14007,1531,2025-08-27,549.24,549.24,0
14008,1531,2025-09-22,549.24,549.24,0
14009,1531,2025-10-27,549.24,549.24,0
14010,1531,2025-11-24,549.24,549.24,0
14011,1531,2025-12-26,549.24,549.24,0
14012,1532,2025-05-22,357.44,357.44,0
14013,1532,2025-06-25,357.44,357.44,0
14014,1532,2025-07-23,357.44,357.44,0
14015,1532,2025-08-26,357.44,357.44,0
14016,1532,2025-09-26,357.44,357.44,0
14017,1532,2025-10-28,357.44,357.44,0
14018,1532,2025-11-27,357.44,357.44,0
14019,1532,2025-12-28,357.44,357.44,0
14020,1533,2024-12-02,154.55,139.97,37
14021,1533,2024-11-23,154.55,154.55,0
14022,1533,2025-01-23,154.55,147.4,32
14023,1533,2025-02-01,154.55,125.32,6
14024,1533,2025-02-26,154.55,154.55,0
14025,1533,2025-03-24,154.55,154.55,0
14026,1533,2025-04-27,154.55,153.34,2
14027,1533,2025-05-22,154.55,154.55,0
14028,1533,2025-06-22,154.55,154.55,0
14029,1533,2025-07-26,154.55,154.55,0
14030,1533,2025-08-23,154.55,154.55,0
14031,1533,2025-09-25,154.55,143.19,1
14032,1533,2025-10-22,154.55,154.55,0
14033,1533,2025-11-22,154.55,154.55,0
14034,1533,2025-12-24,154.55,154.55,0
14035,1534,2025-08-09,493.54,485.91,43
14036,1534,2025-07-26,493.54,493.54,0
14037,1534,2025-11-08,493.54,484.35,74
14038,1534,2025-09-25,493.54,493.54,0
14039,1534,2025-10-23,493.54,493.54,0
14040,1534,2025-11-25,493.54,493.54,0
14041,1534,2025-12-22,493.54,493.54,0
14042,1535,2025-06-25,171.98,171.98,0
14043,1535,2025-09-27,171.98,148.46,65
14044,1535,2025-08-25,171.98,171.98,0
14045,1535,2025-11-23,171.98,137.8,58
14046,1535,2025-11-24,171.98,160.97,28
14047,1535,2025-11-22,171.98,171.98,0
14048,1535,2025-12-28,171.98,171.98,0
14049,1536,2025-08-27,172.37,172.37,0
14050,1536,2025-09-27,172.37,172.37,0
14051,1536,2025-10-27,172.37,172.37,0
14052,1536,2025-11-28,172.37,172.37,0
14053,1536,2025-12-25,172.37,172.37,0
14054,1537,2025-02-26,131.39,131.39,0
14055,1537,2025-03-24,131.39,131.39,0
14056,1537,2025-04-27,131.39,131.39,0
14057,1537,2025-05-28,131.39,131.39,0
14058,1537,2025-08-27,131.39,114.7,64
14059,1537,2025-07-26,131.39,131.39,0
14060,1537,2025-08-24,131.39,131.39,0
14061,1537,2025-09-22,131.39,131.39,0
14062,1537,2025-10-27,131.39,131.39,0
14063,1537,2025-11-22,131.39,131.39,0
14064,1537,2025-12-24,131.39,131.39,0
14065,1538,2024-09-28,762.24,762.24,0
14066,1538,2024-10-22,762.24,762.24,0
14067,1538,2024-11-24,762.24,762.24,0
14068,1538,2024-12-27,762.24,762.24,0
14069,1538,2025-01-28,762.24,762.24,0
14070,1538,2025-02-26,762.24,762.24,0
14071,1538,2025-04-22,762.24,37.58,30
14072,1538,2025-04-22,762.24,762.24,0
14073,1538,2025-05-25,762.24,762.24,0
14074,1538,2025-06-26,762.24,762.24,0
14075,1538,2025-07-30,762.24,715.95,7
14076,1538,2025-08-25,762.24,762.24,0
14077,1538,2025-09-23,762.24,762.24,0
14078,1539,2025-07-24,498.33,498.33,0
14079,1539,2025-08-28,498.33,498.33,0
14080,1539,2025-09-24,498.33,498.33,0
14081,1539,2025-10-26,498.33,412.41,3
14082,1539,2025-11-25,498.33,498.33,0
14083,1539,2025-12-24,498.33,498.33,0
14084,1540,2025-10-28,521.57,521.57,0
14085,1540,2025-11-26,521.57,521.57,0
14086,1540,2025-12-27,521.57,521.57,0
14087,1541,2024-11-22,672.78,672.78,0
14088,1541,2024-12-23,672.78,672.78,0
14089,1541,2025-01-24,672.78,672.78,0
14090,1541,2025-02-23,672.78,672.78,0
14091,1541,2025-03-23,672.78,672.78,0
14092,1541,2025-04-27,672.78,672.78,0
14093,1541,2025-05-28,672.78,672.78,0
14094,1541,2025-06-25,672.78,672.78,0
14095,1541,2025-07-24,672.78,672.78,0
14096,1541,2025-08-23,672.78,672.78,0
14097,1541,2025-09-28,672.78,672.78,0
14098,1541,2025-10-23,672.78,672.78,0
14099,1541,2025-11-23,672.78,672.78,0
14100,1541,2026-02-08,672.78,37.25,42
14101,1542,2025-05-26,936.17,936.17,0
14102,1542,2025-06-22,936.17,936.17,0
14103,1542,2025-07-23,936.17,936.17,0
14104,1542,2025-08-27,936.17,936.17,0
14105,1542,2025-11-10,936.17,801.69,43
14106,1542,2025-10-25,936.17,936.17,0
14107,1542,2025-11-25,936.17,936.17,0
14108,1542,2025-12-28,936.17,936.17,0
14109,1543,2025-04-26,469.23,469.23,0
14110,1543,2025-05-26,469.23,469.23,0
14111,1543,2025-06-24,469.23,469.23,0
14112,1543,2025-09-17,469.23,380.99,57
14113,1543,2025-08-28,469.23,469.23,0
14114,1543,2025-09-24,469.23,469.23,0
14115,1543,2025-10-28,469.23,469.23,0
14116,1543,2025-11-24,469.23,469.23,0
14117,1543,2025-12-27,469.23,469.23,0
14118,1544,2025-01-27,212.27,201.27,35
14119,1544,2025-01-27,212.27,212.27,0
14120,1544,2025-02-22,212.27,212.27,0
14121,1544,2025-06-07,212.27,189.2,76
14122,1544,2025-04-26,212.27,212.27,0
14123,1544,2025-05-26,212.27,212.27,0
14124,1544,2025-06-22,212.27,212.27,0
14125,1544,2025-07-23,212.27,212.27,0
14126,1544,2025-08-25,212.27,212.27,0
14127,1544,2025-09-23,212.27,212.27,0
14128,1544,2025-10-25,212.27,212.27,0
14129,1544,2025-11-26,212.27,212.27,0
14130,1544,2025-12-28,212.27,212.27,0
14131,1545,2025-11-24,288.07,288.07,0
14132,1545,2025-12-24,288.07,288.07,0
14133,1546,2025-04-23,295.85,295.85,0
14134,1546,2025-05-26,295.85,295.85,0
14135,1546,2025-06-23,295.85,295.85,0
14136,1546,2025-07-27,295.85,295.85,0
14137,1546,2025-08-22,295.85,295.85,0
14138,1546,2025-09-22,295.85,295.85,0
14139,1546,2025-10-26,295.85,295.85,0
14140,1546,2026-01-26,295.85,283.3,65
14141,1546,2025-12-24,295.85,295.85,0
14142,1547,2025-02-19,208.63,172.68,24
14143,1547,2025-02-24,208.63,208.63,0
14144,1547,2025-03-26,208.63,208.63,0
14145,1547,2025-04-25,208.63,208.63,0
14146,1547,2025-05-28,208.63,208.63,0
14147,1547,2025-06-22,208.63,208.63,0
14148,1547,2025-11-29,208.63,25.44,124
14149,1547,2025-08-26,208.63,208.63,0
14150,1547,2025-09-28,208.63,208.63,0
14151,1547,2025-10-24,208.63,208.63,0
14152,1547,2025-11-22,208.63,208.63,0
14153,1547,2026-01-02,208.63,167.03,9
14154,1548,2025-01-22,159.76,159.76,0
14155,1548,2025-02-25,159.76,159.76,0
14156,1548,2025-05-22,159.76,48.83,56
14157,1548,2025-04-27,159.76,159.76,0
14158,1548,2025-05-27,159.76,159.76,0
14159,1548,2025-06-27,159.76,159.76,0
14160,1548,2025-07-22,159.76,159.76,0
14161,1548,2025-08-24,159.76,159.76,0
14162,1548,2025-09-26,159.76,159.76,0
14163,1548,2025-10-23,159.76,159.76,0
14164,1548,2025-11-22,159.76,159.76,0
14165,1548,2025-12-22,159.76,159.76,0
14166,1549,2025-06-22,339.02,339.02,0
14167,1549,2025-07-26,339.02,339.02,0
14168,1549,2025-08-25,339.02,339.02,0
14169,1549,2025-09-26,339.02,339.02,0
14170,1549,2025-10-28,339.02,339.02,0
14171,1549,2025-11-25,339.02,339.02,0
14172,1549,2025-12-28,339.02,339.02,0
14173,1550,2025-04-25,236.98,236.98,0
14174,1550,2025-05-23,236.98,236.98,0
14175,1550,2025-09-28,236.98,53.21,96
14176,1550,2025-07-26,236.98,236.98,0
14177,1550,2025-08-23,236.98,236.98,0
14178,1550,2025-09-22,236.98,236.98,0
14179,1550,2025-10-26,236.98,236.98,0
14180,1550,2025-11-26,236.98,236.98,0
14181,1550,2026-03-15,236.98,231.52,82
14182,1551,2024-10-08,1973.85,1871.4,41
14183,1551,2024-09-27,1973.85,1973.85,0
14184,1551,2024-10-28,1973.85,1973.85,0
14185,1551,2024-11-23,1973.85,1973.85,0
14186,1551,2024-12-23,1973.85,1973.85,0
14187,1551,2025-01-24,1973.85,1973.85,0
14188,1551,2025-02-25,1973.85,1973.85,0
14189,1551,2025-04-17,1973.85,1610.68,26
14190,1551,2025-04-27,1973.85,1973.85,0
14191,1551,2025-05-23,1973.85,1973.85,0
14192,1551,2025-06-26,1973.85,1973.85,0
14193,1551,2025-07-28,1973.85,1973.85,0
14194,1551,2025-08-28,1973.85,1973.85,0
14195,1552,2024-08-27,143.7,143.7,0
14196,1552,2024-09-28,143.7,143.7,0
14197,1552,2024-12-19,143.7,143.12,52
14198,1552,2025-01-02,143.7,28.71,35
14199,1552,2024-12-22,143.7,143.7,0
14200,1552,2025-01-26,143.7,143.7,0
14201,1552,2025-02-28,143.7,143.7,0
14202,1552,2025-03-27,143.7,143.7,0
14203,1552,2025-04-22,143.7,143.7,0
14204,1552,2025-05-26,143.7,143.7,0
14205,1552,2025-06-26,143.7,143.7,0
14206,1552,2025-07-22,143.7,143.7,0
14207,1552,2025-08-27,143.7,143.7,0
14208,1552,2025-09-23,143.7,143.7,0
14209,1552,2025-12-19,143.7,134.62,53
14210,1552,2025-11-27,143.7,143.7,0
14211,1552,2025-12-26,143.7,143.7,0
14212,1553,2024-10-25,261.62,261.62,0
14213,1553,2024-11-25,261.62,261.62,0
14214,1553,2024-12-26,261.62,261.62,0
14215,1553,2025-01-27,261.62,261.62,0
14216,1553,2025-02-22,261.62,261.62,0
14217,1553,2025-03-28,261.62,244.52,3
14218,1553,2025-04-26,261.62,261.62,0
14219,1553,2025-05-23,261.62,261.62,0
14220,1553,2025-06-26,261.62,261.62,0
14221,1553,2025-07-28,261.62,261.62,0
14222,1553,2025-08-27,261.62,261.62,0
14223,1553,2025-09-24,261.62,261.62,0
14224,1553,2025-10-26,261.62,261.62,0
14225,1553,2025-11-28,261.62,261.62,0
14226,1553,2025-12-28,261.62,261.62,0
14227,1554,2025-03-26,296.24,296.24,0
14228,1554,2025-04-25,296.24,296.24,0
14229,1554,2025-05-25,296.24,296.24,0
14230,1554,2025-06-26,296.24,296.24,0
14231,1554,2025-07-26,296.24,296.24,0
14232,1554,2025-08-23,296.24,296.24,0
14233,1554,2025-09-26,296.24,296.24,0
14234,1554,2025-10-26,296.24,296.24,0
14235,1554,2025-11-23,296.24,296.24,0
14236,1554,2025-12-22,296.24,296.24,0
14237,1555,2025-02-22,270.95,270.95,0
14238,1555,2025-03-27,270.95,270.95,0
14239,1555,2025-05-12,270.95,258.28,15
14240,1555,2025-05-26,270.95,270.95,0
14241,1555,2025-06-23,270.95,270.95,0
14242,1555,2025-07-28,270.95,270.95,0
14243,1555,2025-08-24,270.95,270.95,0
14244,1555,2025-10-13,270.95,243.38,16
14245,1555,2025-10-23,270.95,270.95,0
14246,1555,2026-01-17,270.95,56.51,54
14247,1555,2026-03-21,270.95,64.8,88
14248,1556,2025-11-28,98.03,98.03,0
14249,1556,2025-12-23,98.03,98.03,0
14250,1557,2025-06-23,161.51,161.51,0
14251,1557,2025-07-23,161.51,161.51,0
14252,1557,2025-08-28,161.51,161.51,0
14253,1557,2025-09-24,161.51,161.51,0
14254,1557,2025-11-02,161.51,131.36,9
14255,1557,2025-11-28,161.51,161.51,0
14256,1557,2025-12-28,161.51,161.51,0
14257,1558,2024-01-28,352.09,352.09,0
14258,1558,2024-02-23,352.09,352.09,0
14259,1558,2024-03-26,352.09,352.09,0
14260,1558,2024-04-24,352.09,352.09,0
14261,1558,2024-05-22,352.09,352.09,0
14262,1558,2024-08-23,352.09,346.07,62
14263,1558,2024-07-23,352.09,352.09,0
14264,1558,2024-08-28,352.09,352.09,0
14265,1558,2024-09-28,352.09,352.09,0
14266,1558,2024-10-27,352.09,352.09,0
14267,1558,2024-11-23,352.09,352.09,0
14268,1558,2024-12-27,352.09,352.09,0
14269,1558,2025-01-24,352.09,352.09,0
14270,1558,2025-02-27,352.09,352.09,0
14271,1558,2025-03-23,352.09,352.09,0
14272,1558,2025-04-26,352.09,352.09,0
14273,1558,2025-05-23,352.09,352.09,0
14274,1558,2025-06-27,352.09,352.09,0
14275,1558,2025-07-23,352.09,352.09,0
14276,1558,2025-08-28,352.09,352.09,0
14277,1558,2025-09-22,352.09,352.09,0
14278,1558,2025-10-23,352.09,352.09,0
14279,1558,2025-11-23,352.09,352.09,0
14280,1558,2025-12-23,352.09,352.09,0
14281,1559,2025-12-24,573.45,573.45,0
14282,1560,2025-06-24,1078.74,1078.74,0
14283,1560,2025-09-22,1078.74,284.78,61
14284,1560,2025-08-26,1078.74,1078.74,0
14285,1560,2025-09-23,1078.74,1078.74,0
14286,1560,2025-10-23,1078.74,1078.74,0
14287,1560,2025-11-23,1078.74,1078.74,0
14288,1560,2025-12-22,1078.74,1078.74,0
14289,1561,2025-05-23,161.88,161.88,0
14290,1561,2025-06-24,161.88,161.88,0
14291,1561,2025-07-24,161.88,161.88,0
14292,1561,2025-08-25,161.88,161.88,0
14293,1561,2025-09-23,161.88,161.88,0
14294,1561,2025-10-26,161.88,161.88,0
14295,1561,2025-11-27,161.88,161.88,0
14296,1561,2025-12-25,161.88,161.88,0
14297,1562,2025-07-26,411.45,411.45,0
14298,1562,2025-08-27,411.45,411.45,0
14299,1562,2025-09-27,411.45,411.45,0
14300,1562,2025-10-28,411.45,411.45,0
14301,1562,2025-11-23,411.45,411.45,0
14302,1562,2025-12-22,411.45,411.45,0
14303,1563,2025-09-23,276.83,276.83,0
14304,1563,2025-10-22,276.83,276.83,0
14305,1563,2025-11-28,276.83,276.83,0
14306,1563,2025-12-25,276.83,276.83,0
14307,1564,2024-11-26,697.38,697.38,0
14308,1564,2024-12-25,697.38,697.38,0
14309,1564,2025-01-25,697.38,697.38,0
14310,1564,2025-02-28,697.38,697.38,0
14311,1564,2025-03-23,697.38,697.38,0
14312,1564,2025-04-25,697.38,697.38,0
14313,1564,2025-05-22,697.38,697.38,0
14314,1564,2025-06-23,697.38,697.38,0
14315,1564,2025-07-24,697.38,697.38,0
14316,1564,2025-08-22,697.38,697.38,0
14317,1564,2025-09-23,697.38,697.38,0
14318,1564,2025-10-24,697.38,697.38,0
14319,1564,2025-11-27,697.38,697.38,0
14320,1564,2025-12-22,697.38,697.38,0
14321,1565,2024-05-26,1200.0,1200.0,0
14322,1565,2024-06-25,1200.0,1200.0,0
14323,1565,2024-07-25,1200.0,1200.0,0
14324,1565,2024-08-26,1200.0,1200.0,0
14325,1565,2024-09-26,1200.0,1200.0,0
14326,1565,2024-10-25,1200.0,1200.0,0
14327,1565,2024-11-27,1200.0,1200.0,0
14328,1565,2024-12-25,1200.0,1200.0,0
14329,1565,2025-01-24,1200.0,1200.0,0
14330,1565,2025-02-22,1200.0,1200.0,0
14331,1565,2025-03-25,1200.0,1200.0,0
14332,1565,2025-04-25,1200.0,1200.0,0
14333,1565,2025-07-06,1200.0,1055.05,45
14334,1565,2025-06-26,1200.0,1200.0,0
14335,1565,2025-09-20,1200.0,1133.82,56
14336,1565,2025-08-26,1200.0,1200.0,0
14337,1565,2025-09-28,1200.0,1200.0,0
14338,1565,2025-10-26,1200.0,1200.0,0
14339,1565,2025-11-23,1200.0,1200.0,0
14340,1565,2025-12-28,1200.0,1200.0,0
14341,1566,2025-10-24,229.96,229.96,0
14342,1566,2025-11-28,229.96,229.96,0
14343,1566,2025-12-27,229.96,229.96,0
14344,1567,2026-04-28,618.62,28.78,123
14345,1568,2024-08-24,424.52,424.52,0
14346,1568,2024-09-26,424.52,424.52,0
14347,1568,2024-10-27,424.52,424.52,0
14348,1568,2024-11-28,424.52,424.52,0
14349,1568,2024-12-24,424.52,424.52,0
14350,1568,2025-01-22,424.52,424.52,0
14351,1568,2025-02-25,424.52,424.52,0
14352,1568,2025-03-27,424.52,424.52,0
14353,1568,2025-04-25,424.52,424.52,0
14354,1568,2025-05-22,424.52,424.52,0
14355,1568,2025-06-28,424.52,424.52,0
14356,1568,2025-07-25,424.52,424.52,0
14357,1568,2025-08-22,424.52,424.52,0
14358,1568,2025-09-22,424.52,424.52,0
14359,1568,2025-10-23,424.52,424.52,0
14360,1568,2025-11-27,424.52,424.52,0
14361,1568,2025-12-23,424.52,424.52,0
14362,1569,2025-04-28,196.33,196.33,0
14363,1569,2025-05-24,196.33,196.33,0
14364,1569,2025-09-11,196.33,58.26,75
14365,1569,2025-07-25,196.33,196.33,0
14366,1569,2025-10-29,196.33,34.43,64
14367,1569,2025-09-23,196.33,196.33,0
14368,1569,2025-10-28,196.33,196.33,0
14369,1569,2025-11-22,196.33,196.33,0
14370,1569,2025-12-24,196.33,196.33,0
14371,1570,2025-04-24,168.92,168.92,0
14372,1570,2025-05-25,168.92,168.92,0
14373,1570,2025-06-27,168.92,168.92,0
14374,1570,2025-07-24,168.92,168.92,0
14375,1570,2025-08-25,168.92,168.92,0
14376,1570,2025-09-23,168.92,168.92,0
14377,1570,2025-10-26,168.92,168.92,0
14378,1570,2025-11-22,168.92,168.92,0
14379,1570,2025-12-25,168.92,168.92,0
14380,1571,2025-12-28,159.21,159.21,0
14381,1572,2025-11-27,68.48,68.48,0
14382,1572,2025-12-27,68.48,68.48,0
14383,1573,2025-06-27,505.44,505.44,0
14384,1573,2025-07-22,505.44,505.44,0
14385,1573,2025-08-25,505.44,505.44,0
14386,1573,2025-09-25,505.44,505.44,0
14387,1573,2025-10-27,505.44,505.44,0
14388,1573,2025-11-27,505.44,505.44,0
14389,1573,2025-12-22,505.44,505.44,0
14390,1574,2025-09-23,523.65,523.65,0
14391,1574,2025-10-28,523.65,523.65,0
14392,1574,2025-11-28,523.65,523.65,0
14393,1574,2025-12-24,523.65,523.65,0
14394,1575,2024-11-27,401.09,401.09,0
14395,1575,2024-12-23,401.09,401.09,0
14396,1575,2025-01-25,401.09,401.09,0
14397,1575,2025-02-26,401.09,401.09,0
14398,1575,2025-03-27,401.09,401.09,0
14399,1575,2025-04-26,401.09,401.09,0
14400,1575,2025-05-23,401.09,401.09,0
14401,1575,2025-06-26,401.09,401.09,0
14402,1575,2025-09-13,401.09,369.38,51
14403,1575,2025-08-22,401.09,401.09,0
14404,1575,2025-09-27,401.09,401.09,0
14405,1575,2026-01-16,401.09,332.47,86
14406,1575,2026-01-25,401.09,369.95,63
14407,1576,2024-11-24,171.57,171.57,0
14408,1576,2025-03-22,171.57,165.17,84
14409,1576,2025-01-24,171.57,171.57,0
14410,1576,2025-02-27,171.57,171.57,0
14411,1576,2025-03-27,171.57,171.57,0
14412,1576,2025-04-25,171.57,171.57,0
14413,1576,2025-05-27,171.57,171.57,0
14414,1576,2025-06-24,171.57,171.57,0
14415,1576,2025-07-23,171.57,171.57,0
14416,1576,2025-08-25,171.57,171.57,0
14417,1576,2025-09-24,171.57,171.57,0
14418,1576,2025-10-24,171.57,171.57,0
14419,1576,2025-11-25,171.57,171.57,0
14420,1576,2025-12-25,171.57,171.57,0
14421,1577,2024-06-24,89.51,89.51,0
14422,1577,2024-07-25,89.51,89.51,0
14423,1577,2024-08-27,89.51,89.51,0
14424,1577,2024-09-24,89.51,89.51,0
14425,1577,2024-10-28,89.51,89.51,0
14426,1577,2025-02-05,89.51,83.2,74
14427,1577,2025-06-17,89.51,8.22,172
14428,1577,2025-01-22,89.51,89.51,0
14429,1577,2025-03-22,89.51,80.73,24
14430,1577,2025-03-23,89.51,89.51,0
14431,1577,2025-04-28,89.51,89.51,0
14432,1577,2025-05-24,89.51,89.51,0
14433,1577,2025-06-26,89.51,89.51,0
14434,1577,2025-07-24,89.51,89.51,0
14435,1577,2025-08-25,89.51,89.51,0
14436,1577,2025-09-24,89.51,89.51,0
14437,1577,2025-10-25,89.51,89.51,0
14438,1577,2025-11-25,89.51,89.51,0
14439,1577,2025-12-22,89.51,89.51,0
14440,1578,2025-06-09,936.52,816.65,73
14441,1578,2025-04-23,936.52,936.52,0
14442,1578,2025-05-24,936.52,936.52,0
14443,1578,2025-08-25,936.52,364.78,58
14444,1578,2025-07-22,936.52,936.52,0
14445,1578,2025-08-28,936.52,936.52,0
14446,1578,2025-09-23,936.52,936.52,0
14447,1578,2025-12-06,936.52,44.77,42
14448,1578,2026-02-01,936.52,27.18,70
14449,1578,2025-12-25,936.52,936.52,0
14450,1579,2025-04-25,714.24,714.24,0
14451,1579,2025-05-22,714.24,714.24,0
14452,1579,2025-06-27,714.24,714.24,0
14453,1579,2025-07-24,714.24,714.24,0
14454,1579,2025-08-26,714.24,714.24,0
14455,1579,2025-09-27,714.24,714.24,0
14456,1579,2025-10-23,714.24,714.24,0
14457,1579,2025-11-26,714.24,714.24,0
14458,1579,2025-12-26,714.24,714.24,0
14459,1580,2025-05-27,115.87,115.87,0
14460,1580,2025-06-27,115.87,115.87,0
14461,1580,2025-07-26,115.87,115.87,0
14462,1580,2025-08-26,115.87,115.87,0
14463,1580,2025-09-28,115.87,115.87,0
14464,1580,2025-10-25,115.87,115.87,0
14465,1580,2026-01-17,115.87,94.26,53
14466,1580,2025-12-25,115.87,115.87,0
14467,1581,2025-05-26,310.47,310.47,0
14468,1581,2025-06-25,310.47,310.47,0
14469,1581,2025-07-23,310.47,310.47,0
14470,1581,2025-08-23,310.47,310.47,0
14471,1581,2025-09-28,310.47,310.47,0
14472,1581,2025-10-23,310.47,310.47,0
14473,1581,2025-12-24,310.47,273.18,27
14474,1581,2025-12-28,310.47,310.47,0
14475,1582,2025-04-25,388.5,388.5,0
14476,1582,2025-05-24,388.5,388.5,0
14477,1582,2025-06-28,388.5,388.5,0
14478,1582,2025-07-24,388.5,388.5,0
14479,1582,2025-08-23,388.5,388.5,0
14480,1582,2025-09-23,388.5,388.5,0
14481,1582,2025-10-26,388.5,388.5,0
14482,1582,2025-11-22,388.5,388.5,0
14483,1582,2025-12-27,388.5,388.5,0
14484,1583,2025-05-27,533.96,533.96,0
14485,1583,2025-06-27,533.96,533.96,0
14486,1583,2025-07-27,533.96,533.96,0
14487,1583,2025-08-27,533.96,533.96,0
14488,1583,2025-10-26,533.96,436.18,34
14489,1583,2025-10-23,533.96,533.96,0
14490,1583,2025-12-12,533.96,457.69,15
14491,1583,2025-12-22,533.96,533.96,0
14492,1584,2024-03-23,430.59,430.59,0
14493,1584,2024-04-28,430.59,430.59,0
14494,1584,2024-05-28,430.59,430.59,0
14495,1584,2024-06-25,430.59,430.59,0
14496,1584,2024-07-22,430.59,430.59,0
14497,1584,2024-08-23,430.59,430.59,0
14498,1584,2024-09-22,430.59,430.59,0
14499,1584,2024-10-28,430.59,430.59,0
14500,1584,2024-11-28,430.59,430.59,0
14501,1584,2025-02-27,430.59,365.22,62
14502,1584,2025-01-24,430.59,430.59,0
14503,1584,2025-02-26,430.59,430.59,0
14504,1584,2025-03-24,430.59,430.59,0
14505,1584,2025-04-23,430.59,430.59,0
14506,1584,2025-05-22,430.59,430.59,0
14507,1584,2025-06-22,430.59,430.59,0
14508,1584,2025-07-26,430.59,430.59,0
14509,1584,2025-08-24,430.59,430.59,0
14510,1584,2025-09-27,430.59,430.59,0
14511,1584,2025-10-23,430.59,430.59,0
14512,1584,2025-11-28,430.59,430.59,0
14513,1584,2025-12-23,430.59,430.59,0
14514,1585,2025-11-24,345.44,345.44,0
14515,1585,2025-12-24,345.44,345.44,0
14516,1586,2025-07-28,443.09,443.09,0
14517,1586,2025-08-28,443.09,443.09,0
14518,1586,2025-09-28,443.09,443.09,0
14519,1586,2025-10-25,443.09,443.09,0
14520,1586,2025-11-27,443.09,443.09,0
14521,1586,2025-12-25,443.09,443.09,0
14522,1587,2025-01-24,261.23,261.23,0
14523,1587,2025-02-23,261.23,261.23,0
14524,1587,2025-03-24,261.23,261.23,0
14525,1587,2025-04-28,261.23,261.23,0
14526,1587,2025-08-07,261.23,223.79,73
14527,1587,2025-06-24,261.23,261.23,0
14528,1587,2025-07-22,261.23,261.23,0
14529,1587,2025-10-16,261.23,257.52,51
14530,1587,2025-09-24,261.23,261.23,0
14531,1587,2025-10-27,261.23,261.23,0
14532,1587,2025-11-23,261.23,261.23,0
14533,1587,2025-12-28,261.23,261.23,0
14534,1588,2024-06-25,1570.15,1570.15,0
14535,1588,2024-07-28,1570.15,1570.15,0
14536,1588,2024-08-27,1570.15,1570.15,0
14537,1588,2024-09-23,1570.15,1570.15,0
14538,1588,2024-10-27,1570.15,1570.15,0
14539,1588,2024-11-25,1570.15,1570.15,0
14540,1588,2024-12-22,1570.15,1570.15,0
14541,1588,2025-01-28,1570.15,1570.15,0
14542,1588,2025-02-25,1570.15,1570.15,0
14543,1588,2025-03-23,1570.15,1570.15,0
14544,1588,2025-04-23,1570.15,1570.15,0
14545,1588,2025-05-28,1570.15,1570.15,0
14546,1588,2025-06-25,1570.15,1570.15,0
14547,1588,2025-07-25,1570.15,1570.15,0
14548,1588,2025-08-24,1570.15,1570.15,0
14549,1588,2025-09-25,1570.15,1570.15,0
14550,1588,2025-10-25,1570.15,1570.15,0
14551,1588,2025-11-22,1570.15,1570.15,0
14552,1588,2025-12-27,1570.15,1570.15,0
14553,1589,2025-08-27,342.1,342.1,0
14554,1589,2025-09-23,342.1,342.1,0
14555,1589,2025-10-24,342.1,342.1,0
14556,1589,2025-11-28,342.1,342.1,0
14557,1589,2025-12-26,342.1,342.1,0
14558,1590,2025-10-26,478.95,478.95,0
14559,1590,2025-11-25,478.95,478.95,0
14560,1590,2025-12-24,478.95,478.95,0
14561,1591,2025-07-25,110.16,110.16,0
14562,1591,2025-08-23,110.16,110.16,0
14563,1591,2025-09-26,110.16,110.16,0
14564,1591,2025-10-25,110.16,110.16,0
14565,1591,2025-11-22,110.16,110.16,0
14566,1591,2025-12-26,110.16,110.16,0
14567,1592,2025-01-25,165.58,165.58,0
14568,1592,2025-02-26,165.58,165.58,0
14569,1592,2025-03-27,165.58,165.58,0
14570,1592,2025-04-26,165.58,165.58,0
14571,1592,2025-05-25,165.58,165.58,0
14572,1592,2025-06-22,165.58,165.58,0
14573,1592,2025-07-25,165.58,165.58,0
14574,1592,2025-08-26,165.58,165.58,0
14575,1592,2025-09-24,165.58,165.58,0
14576,1592,2025-10-28,165.58,165.58,0
14577,1592,2025-11-22,165.58,165.58,0
14578,1592,2025-12-24,165.58,165.58,0
14579,1593,2024-12-26,484.13,484.13,0
14580,1593,2025-04-02,484.13,426.61,68
14581,1593,2025-02-25,484.13,484.13,0
14582,1593,2025-03-25,484.13,484.13,0
14583,1593,2025-04-29,484.13,401.69,6
14584,1593,2025-05-23,484.13,484.13,0
14585,1593,2025-06-25,484.13,484.13,0
14586,1593,2025-09-04,484.13,482.89,40
14587,1593,2025-08-24,484.13,484.13,0
14588,1593,2025-09-23,484.13,484.13,0
14589,1593,2025-10-24,484.13,484.13,0
14590,1593,2025-11-23,484.13,484.13,0
14591,1593,2025-12-24,484.13,484.13,0
14592,1594,2025-04-24,153.24,153.24,0
14593,1594,2025-06-19,153.24,139.35,28
14594,1594,2025-06-25,153.24,153.24,0
14595,1594,2025-07-23,153.24,153.24,0
14596,1594,2025-08-28,153.24,153.24,0
14597,1594,2025-09-25,153.24,153.24,0
14598,1594,2025-10-24,153.24,153.24,0
14599,1594,2025-11-23,153.24,153.24,0
14600,1594,2025-12-22,153.24,153.24,0
14601,1595,2025-02-22,1313.47,1313.47,0
14602,1595,2025-03-23,1313.47,1313.47,0
14603,1595,2025-04-22,1313.47,1313.47,0
14604,1595,2025-05-25,1313.47,1313.47,0
14605,1595,2025-06-28,1313.47,1313.47,0
14606,1595,2025-07-26,1313.47,1313.47,0
14607,1595,2026-01-09,1313.47,274.48,140
14608,1595,2025-09-24,1313.47,1313.47,0
14609,1595,2025-10-27,1313.47,1313.47,0
14610,1595,2025-11-27,1313.47,1313.47,0
14611,1595,2025-12-23,1313.47,1313.47,0
14612,1596,2024-06-23,340.15,340.15,0
14613,1596,2024-07-23,340.15,340.15,0
14614,1596,2024-08-26,340.15,340.15,0
14615,1596,2024-09-23,340.15,340.15,0
14616,1596,2024-10-27,340.15,340.15,0
14617,1596,2024-11-25,340.15,340.15,0
14618,1596,2024-12-25,340.15,340.15,0
14619,1596,2025-01-23,340.15,340.15,0
14620,1596,2025-02-28,340.15,340.15,0
14621,1596,2025-03-26,340.15,340.15,0
14622,1596,2025-04-26,340.15,340.15,0
14623,1596,2025-05-26,340.15,340.15,0
14624,1596,2025-06-26,340.15,340.15,0
14625,1596,2025-07-25,340.15,340.15,0
14626,1596,2025-08-28,340.15,340.15,0
14627,1596,2025-09-22,340.15,340.15,0
14628,1596,2025-10-28,340.15,340.15,0
14629,1596,2025-11-24,340.15,340.15,0
14630,1596,2025-12-26,340.15,340.15,0
14631,1597,2025-09-28,108.09,108.09,0
14632,1597,2025-10-24,108.09,108.09,0
14633,1597,2025-11-22,108.09,108.09,0
14634,1597,2025-12-26,108.09,108.09,0
14635,1598,2024-07-30,328.51,325.12,8
14636,1598,2024-08-28,328.51,328.51,0
14637,1598,2024-09-28,328.51,328.51,0
14638,1598,2024-10-22,328.51,328.51,0
14639,1598,2024-11-27,328.51,328.51,0
14640,1598,2024-12-25,328.51,328.51,0
14641,1598,2025-01-25,328.51,328.51,0
14642,1598,2025-02-28,328.51,328.51,0
14643,1598,2025-05-26,328.51,269.53,63
14644,1598,2025-04-26,328.51,328.51,0
14645,1598,2025-05-26,328.51,328.51,0
14646,1598,2025-06-22,328.51,328.51,0
14647,1598,2025-07-28,328.51,328.51,0
14648,1598,2025-08-22,328.51,328.51,0
14649,1598,2025-09-24,328.51,328.51,0
14650,1598,2025-10-24,328.51,328.51,0
14651,1598,2025-11-28,328.51,328.51,0
14652,1598,2025-12-25,328.51,328.51,0
14653,1599,2025-01-24,561.31,561.31,0
14654,1599,2025-02-23,561.31,561.31,0
14655,1599,2025-03-24,561.31,561.31,0
14656,1599,2025-04-22,561.31,561.31,0
14657,1599,2025-05-26,561.31,561.31,0
14658,1599,2025-06-22,561.31,561.31,0
14659,1599,2025-10-08,561.31,119.82,75
14660,1599,2025-08-26,561.31,561.31,0
14661,1599,2025-09-22,561.31,561.31,0
14662,1599,2025-10-27,561.31,561.31,0
14663,1599,2025-11-28,561.31,561.31,0
14664,1599,2025-12-26,561.31,561.31,0
14665,1600,2025-06-26,494.01,494.01,0
14666,1600,2025-07-24,494.01,494.01,0
14667,1600,2025-08-24,494.01,494.01,0
14668,1600,2025-09-23,494.01,494.01,0
14669,1600,2025-10-28,494.01,494.01,0
14670,1600,2025-11-28,494.01,494.01,0
14671,1600,2025-12-27,494.01,494.01,0
14672,1601,2024-07-26,254.34,254.34,0
14673,1601,2024-10-10,254.34,234.21,46
14674,1601,2024-09-24,254.34,254.34,0
14675,1601,2024-10-26,254.34,254.34,0
14676,1601,2024-11-28,254.34,254.34,0
14677,1601,2024-12-24,254.34,254.34,0
14678,1601,2025-01-24,254.34,254.34,0
14679,1601,2025-02-25,254.34,254.34,0
14680,1601,2025-03-24,254.34,254.34,0
14681,1601,2025-04-26,254.34,254.34,0
14682,1601,2025-05-25,254.34,254.34,0
14683,1601,2025-06-26,254.34,254.34,0
14684,1601,2025-07-22,254.34,254.34,0
14685,1601,2025-08-26,254.34,254.34,0
14686,1601,2025-09-25,254.34,254.34,0
14687,1601,2025-10-23,254.34,254.34,0
14688,1601,2025-11-22,254.34,254.34,0
14689,1601,2025-12-23,254.34,254.34,0
14690,1602,2024-10-23,245.72,245.72,0
14691,1602,2024-11-27,245.72,245.72,0
14692,1602,2025-02-10,245.72,236.24,44
14693,1602,2025-07-11,245.72,81.83,168
14694,1602,2025-02-28,245.72,245.72,0
14695,1602,2025-03-28,245.72,245.72,0
14696,1602,2025-06-26,245.72,228.21,65
14697,1602,2025-08-09,245.72,229.27,74
14698,1602,2025-06-26,245.72,245.72,0
14699,1602,2025-07-28,245.72,245.72,0
14700,1602,2025-08-22,245.72,245.72,0
14701,1602,2025-09-27,245.72,245.72,0
14702,1602,2025-10-27,245.72,230.98,5
14703,1602,2025-11-25,245.72,245.72,0
14704,1602,2026-03-20,245.72,224.04,85
14705,1603,2025-02-23,17.0,17.0,0
14706,1603,2025-03-25,17.0,17.0,0
14707,1603,2025-04-27,17.0,17.0,0
14708,1603,2025-05-27,17.0,17.0,0
14709,1603,2025-09-11,17.0,14.53,79
14710,1603,2025-07-22,17.0,17.0,0
14711,1603,2025-08-24,17.0,17.0,0
14712,1603,2025-12-13,17.0,16.89,79
14713,1603,2025-10-28,17.0,17.0,0
14714,1603,2025-11-26,17.0,17.0,0
14715,1603,2025-12-27,17.0,17.0,0
14716,1604,2024-07-24,117.54,117.54,0
14717,1604,2024-08-22,117.54,117.54,0
14718,1604,2024-09-23,117.54,117.54,0
14719,1604,2024-10-26,117.54,117.54,0
14720,1604,2024-11-23,117.54,117.54,0
14721,1604,2024-12-25,117.54,117.54,0
14722,1604,2025-04-09,117.54,115.47,74
14723,1604,2025-02-24,117.54,117.54,0
14724,1604,2025-03-23,117.54,117.54,0
14725,1604,2025-04-27,117.54,117.54,0
14726,1604,2025-05-24,117.54,117.54,0
14727,1604,2025-06-26,117.54,117.54,0
14728,1604,2025-07-27,117.54,117.54,0
14729,1604,2025-08-27,117.54,117.54,0
14730,1604,2025-10-14,117.54,112.22,18
14731,1604,2025-10-23,117.54,117.54,0
14732,1604,2025-11-22,117.54,117.54,0
14733,1604,2025-12-24,117.54,117.54,0
14734,1605,2025-06-28,1096.26,1096.26,0
14735,1605,2025-07-25,1096.26,1096.26,0
14736,1605,2025-08-23,1096.26,1096.26,0
14737,1605,2025-09-24,1096.26,1096.26,0
14738,1605,2025-10-28,1096.26,1096.26,0
14739,1605,2025-11-23,1096.26,1096.26,0
14740,1605,2026-02-07,1096.26,927.21,45
14741,1606,2025-06-26,1305.69,1305.69,0
14742,1606,2025-07-22,1305.69,1305.69,0
14743,1606,2025-08-24,1305.69,1305.69,0
14744,1606,2025-09-22,1305.69,1305.69,0
14745,1606,2025-10-25,1305.69,1305.69,0
14746,1606,2025-11-25,1305.69,1305.69,0
14747,1606,2025-12-25,1305.69,1305.69,0
14748,1607,2025-08-25,921.99,921.99,0
14749,1607,2025-09-24,921.99,921.99,0
14750,1607,2025-10-25,921.99,921.99,0
14751,1607,2025-11-22,921.99,921.99,0
14752,1607,2026-03-22,921.99,918.17,89
14753,1608,2025-11-22,203.64,203.64,0
14754,1608,2025-12-22,203.64,203.64,0
14755,1609,2025-01-13,536.79,487.26,82
14756,1609,2024-11-25,536.79,536.79,0
14757,1609,2024-12-26,536.79,536.79,0
14758,1609,2025-01-26,536.79,536.79,0
14759,1609,2025-02-22,536.79,536.79,0
14760,1609,2025-03-24,536.79,536.79,0
14761,1609,2025-04-23,536.79,536.79,0
14762,1609,2025-05-22,536.79,536.79,0
14763,1609,2025-06-25,536.79,454.38,1
14764,1609,2025-07-25,536.79,536.79,0
14765,1609,2025-08-26,536.79,536.79,0
14766,1609,2025-09-24,536.79,536.79,0
14767,1609,2025-10-26,536.79,536.79,0
14768,1609,2025-11-26,536.79,536.79,0
14769,1609,2025-12-25,536.79,536.79,0
14770,1610,2024-12-27,229.44,229.44,0
14771,1610,2025-03-21,229.44,5.36,57
14772,1610,2025-02-25,229.44,229.44,0
14773,1610,2025-03-24,229.44,229.44,0
14774,1610,2025-04-25,229.44,229.44,0
14775,1610,2025-05-25,229.44,229.44,0
14776,1610,2025-06-26,229.44,229.44,0
14777,1610,2025-07-26,229.44,229.44,0
14778,1610,2025-08-28,229.44,229.44,0
14779,1610,2025-09-25,229.44,229.44,0
14780,1610,2025-10-28,229.44,229.44,0
14781,1610,2025-11-22,229.44,229.44,0
14782,1610,2025-12-28,229.44,229.44,0
14783,1611,2025-01-22,165.21,165.21,0
14784,1611,2025-02-28,165.21,165.21,0
14785,1611,2025-03-23,165.21,165.21,0
14786,1611,2025-04-27,165.21,165.21,0
14787,1611,2025-05-23,165.21,165.21,0
14788,1611,2025-06-26,165.21,165.21,0
14789,1611,2025-10-06,165.21,40.06,73
14790,1611,2025-08-25,165.21,165.21,0
14791,1611,2025-09-26,165.21,165.21,0
14792,1611,2025-10-24,165.21,165.21,0
14793,1611,2025-11-22,165.21,165.21,0
14794,1611,2025-12-23,165.21,165.21,0
14795,1612,2025-05-22,114.4,114.4,0
14796,1612,2025-06-22,114.4,114.4,0
14797,1612,2025-07-22,114.4,114.4,0
14798,1612,2025-08-26,114.4,114.4,0
14799,1612,2025-09-28,114.4,114.4,0
14800,1612,2025-10-27,114.4,114.4,0
14801,1612,2025-11-28,114.4,114.4,0
14802,1612,2025-12-24,114.4,114.4,0
14803,1613,2024-11-27,1009.83,1009.83,0
14804,1613,2024-12-25,1009.83,1009.83,0
14805,1613,2025-01-27,1009.83,1009.83,0
14806,1613,2025-02-24,1009.83,1009.83,0
14807,1613,2025-03-27,1009.83,1009.83,0
14808,1613,2025-04-26,1009.83,1009.83,0
14809,1613,2025-05-23,1009.83,1009.83,0
14810,1613,2025-06-23,1009.83,1009.83,0
14811,1613,2025-07-22,1009.83,1009.83,0
14812,1613,2025-11-19,1009.83,828.76,88
14813,1613,2025-09-27,1009.83,1009.83,0
14814,1613,2025-10-23,1009.83,1009.83,0
14815,1613,2025-11-26,1009.83,1009.83,0
14816,1613,2025-12-23,1009.83,1009.83,0
14817,1614,2024-12-24,733.03,733.03,0
14818,1614,2025-01-24,733.03,733.03,0
14819,1614,2025-02-26,733.03,733.03,0
14820,1614,2025-03-23,733.03,733.03,0
14821,1614,2025-04-27,733.03,733.03,0
14822,1614,2025-05-24,733.03,733.03,0
14823,1614,2025-06-25,733.03,733.03,0
14824,1614,2025-07-28,733.03,733.03,0
14825,1614,2025-08-27,733.03,733.03,0
14826,1614,2025-09-27,733.03,733.03,0
14827,1614,2025-10-28,733.03,733.03,0
14828,1614,2025-11-25,733.03,733.03,0
14829,1614,2025-12-22,733.03,733.03,0
14830,1615,2024-02-28,175.78,175.78,0
14831,1615,2024-03-28,175.78,175.78,0
14832,1615,2024-06-26,175.78,166.46,62
14833,1615,2024-05-27,175.78,175.78,0
14834,1615,2024-08-12,175.78,171.72,48
14835,1615,2024-08-14,175.78,149.0,22
14836,1615,2024-08-27,175.78,175.78,0
14837,1615,2024-09-25,175.78,175.78,0
14838,1615,2024-10-26,175.78,175.78,0
14839,1615,2025-01-07,175.78,2.05,40
14840,1615,2025-01-30,175.78,152.61,38
14841,1615,2025-01-22,175.78,175.78,0
14842,1615,2025-05-13,175.78,150.12,74
14843,1615,2025-03-22,175.78,175.78,0
14844,1615,2025-04-23,175.78,175.78,0
14845,1615,2025-06-03,175.78,154.79,8
14846,1615,2025-09-16,175.78,161.43,84
14847,1615,2025-07-26,175.78,175.78,0
14848,1615,2025-08-28,175.78,175.78,0
14849,1615,2025-09-25,175.78,175.78,0
14850,1615,2025-10-25,175.78,175.78,0
14851,1615,2025-11-23,175.78,175.78,0
14852,1615,2025-12-24,175.78,175.78,0
14853,1616,2025-11-24,627.87,627.87,0
14854,1616,2025-12-26,627.87,627.87,0
14855,1617,2025-01-28,1655.69,1655.69,0
14856,1617,2025-02-24,1655.69,1655.69,0
14857,1617,2025-03-27,1655.69,1655.69,0
14858,1617,2025-04-28,1655.69,1655.69,0
14859,1617,2025-05-25,1655.69,1655.69,0
14860,1617,2025-06-23,1655.69,1655.69,0
14861,1617,2025-07-27,1655.69,1655.69,0
14862,1617,2025-08-27,1655.69,1655.69,0
14863,1617,2025-09-24,1655.69,1655.69,0
14864,1617,2025-10-26,1655.69,1655.69,0
14865,1617,2025-11-27,1655.69,1655.69,0
14866,1617,2025-12-22,1655.69,1655.69,0
14867,1618,2025-06-27,1365.39,1365.39,0
14868,1618,2025-07-26,1365.39,1365.39,0
14869,1618,2025-08-25,1365.39,1365.39,0
14870,1618,2025-09-27,1365.39,1365.39,0
14871,1618,2025-10-22,1365.39,1365.39,0
14872,1618,2025-11-24,1365.39,1365.39,0
14873,1618,2025-12-22,1365.39,1365.39,0
14874,1619,2025-01-23,591.06,591.06,0
14875,1619,2025-02-23,591.06,591.06,0
14876,1619,2025-03-22,591.06,591.06,0
14877,1619,2025-05-04,591.06,573.23,6
14878,1619,2025-05-22,591.06,591.06,0
14879,1619,2025-06-22,591.06,591.06,0
14880,1619,2025-08-25,591.06,479.86,34
14881,1619,2025-10-09,591.06,479.31,48
14882,1619,2025-09-23,591.06,591.06,0
14883,1619,2025-10-28,591.06,591.06,0
14884,1619,2025-11-23,591.06,591.06,0
14885,1619,2026-01-26,591.06,506.59,31
14886,1620,2025-05-28,116.14,116.14,0
14887,1620,2025-06-23,116.14,116.14,0
14888,1620,2025-07-24,116.14,116.14,0
14889,1620,2025-08-26,116.14,116.14,0
14890,1620,2025-09-23,116.14,116.14,0
14891,1620,2025-10-23,116.14,116.14,0
14892,1620,2025-11-25,116.14,116.14,0
14893,1620,2025-12-27,116.14,116.14,0
14894,1621,2025-05-01,199.15,197.9,35
14895,1621,2025-04-24,199.15,199.15,0
14896,1621,2025-05-23,199.15,199.15,0
14897,1621,2025-06-28,199.15,199.15,0
14898,1621,2025-07-22,199.15,199.15,0
14899,1621,2025-08-24,199.15,199.15,0
14900,1621,2025-09-26,199.15,199.15,0
14901,1621,2025-10-27,199.15,199.15,0
14902,1621,2025-11-28,199.15,199.15,0
14903,1621,2025-12-27,199.15,199.15,0
14904,1622,2025-04-23,3321.41,3321.41,0
14905,1622,2025-05-28,3321.41,3321.41,0
14906,1622,2025-07-17,3321.41,3188.06,21
14907,1622,2025-07-23,3321.41,3321.41,0
14908,1622,2025-08-25,3321.41,3321.41,0
14909,1622,2025-09-24,3321.41,3321.41,0
14910,1622,2025-12-12,3321.41,339.82,46
14911,1622,2025-11-24,3321.41,3321.41,0
14912,1622,2025-12-22,3321.41,3321.41,0
14913,1623,2024-11-24,276.65,276.65,0
14914,1623,2024-12-23,276.65,276.65,0
14915,1623,2025-01-22,276.65,276.65,0
14916,1623,2025-02-28,276.65,276.65,0
14917,1623,2025-03-28,276.65,276.65,0
14918,1623,2025-04-27,276.65,276.65,0
14919,1623,2025-05-24,276.65,276.65,0
14920,1623,2025-06-26,276.65,276.65,0
14921,1623,2025-10-11,276.65,234.98,78
14922,1623,2025-08-26,276.65,276.65,0
14923,1623,2025-09-23,276.65,276.65,0
14924,1623,2025-10-27,276.65,276.65,0
14925,1623,2025-11-27,276.65,276.65,0
14926,1623,2025-12-22,276.65,276.65,0
14927,1624,2025-09-22,1118.04,1118.04,0
14928,1624,2025-10-23,1118.04,1118.04,0
14929,1624,2025-11-27,1118.04,1118.04,0
14930,1624,2025-12-26,1118.04,1118.04,0
14931,1625,2024-07-24,182.11,182.11,0
14932,1625,2024-08-23,182.11,182.11,0
14933,1625,2024-09-27,182.11,182.11,0
14934,1625,2024-10-28,182.11,182.11,0
14935,1625,2024-11-23,182.11,182.11,0
14936,1625,2024-12-22,182.11,182.11,0
14937,1625,2025-01-27,182.11,182.11,0
14938,1625,2025-02-23,182.11,182.11,0
14939,1625,2025-03-26,182.11,182.11,0
14940,1625,2025-04-26,182.11,182.11,0
14941,1625,2025-05-23,182.11,182.11,0
14942,1625,2025-06-25,182.11,182.11,0
14943,1625,2025-07-26,182.11,182.11,0
14944,1625,2025-08-24,182.11,182.11,0
14945,1625,2025-09-28,182.11,182.11,0
14946,1625,2025-10-23,182.11,182.11,0
14947,1625,2025-11-25,182.11,182.11,0
14948,1625,2025-12-26,182.11,182.11,0
14949,1626,2025-08-01,638.44,617.03,34
14950,1626,2025-10-06,638.44,600.04,70
14951,1626,2025-08-23,638.44,638.44,0
14952,1626,2025-09-27,638.44,638.44,0
14953,1626,2025-10-22,638.44,638.44,0
14954,1626,2025-11-23,638.44,638.44,0
14955,1626,2026-02-28,638.44,590.14,62
14956,1627,2025-03-24,835.66,835.66,0
14957,1627,2025-06-08,835.66,793.61,44
14958,1627,2025-05-24,835.66,835.66,0
14959,1627,2025-06-22,835.66,835.66,0
14960,1627,2025-07-22,835.66,835.66,0
14961,1627,2025-09-05,835.66,758.99,14
14962,1627,2025-09-23,835.66,835.66,0
14963,1627,2025-10-28,835.66,835.66,0
14964,1627,2025-11-25,835.66,835.66,0
14965,1627,2025-12-23,835.66,835.66,0
14966,1628,2025-06-26,159.68,159.68,0
14967,1628,2025-07-28,159.68,159.68,0
14968,1628,2025-08-26,159.68,159.68,0
14969,1628,2025-09-22,159.68,159.68,0
14970,1628,2025-10-22,159.68,159.68,0
14971,1628,2025-11-27,159.68,159.68,0
14972,1628,2025-12-26,159.68,159.68,0
14973,1629,2025-07-24,802.48,802.48,0
14974,1629,2025-08-27,802.48,802.48,0
14975,1629,2025-09-22,802.48,802.48,0
14976,1629,2025-10-22,802.48,802.48,0
14977,1629,2025-12-27,802.48,8.73,32
14978,1629,2025-12-26,802.48,802.48,0
14979,1630,2025-04-28,487.42,487.42,0
14980,1630,2025-05-27,487.42,487.42,0
14981,1630,2025-06-27,487.42,487.42,0
14982,1630,2025-07-25,487.42,487.42,0
14983,1630,2025-08-27,487.42,487.42,0
14984,1630,2025-09-23,487.42,487.42,0
14985,1630,2025-10-22,487.42,487.42,0
14986,1630,2025-11-26,487.42,487.42,0
14987,1630,2025-12-22,487.42,487.42,0
14988,1631,2026-02-12,291.21,31.89,143
14989,1631,2025-12-20,291.21,277.16,57
14990,1631,2025-11-26,291.21,291.21,0
14991,1631,2025-12-26,291.21,291.21,0
14992,1632,2024-11-28,420.45,420.45,0
14993,1632,2024-12-26,420.45,420.45,0
14994,1632,2025-01-25,420.45,420.45,0
14995,1632,2025-02-24,420.45,420.45,0
14996,1632,2025-03-26,420.45,420.45,0
14997,1632,2025-04-27,420.45,420.45,0
14998,1632,2025-05-24,420.45,420.45,0
14999,1632,2025-06-28,420.45,420.45,0
15000,1632,2025-07-24,420.45,420.45,0
15001,1632,2025-08-25,420.45,420.45,0
15002,1632,2025-09-28,420.45,420.45,0
15003,1632,2025-10-24,420.45,420.45,0
15004,1632,2025-11-25,420.45,420.45,0
15005,1632,2025-12-26,420.45,420.45,0
15006,1633,2024-10-23,218.76,218.76,0
15007,1633,2024-11-27,218.76,218.76,0
15008,1633,2024-12-27,218.76,218.76,0
15009,1633,2025-01-26,218.76,218.76,0
15010,1633,2025-03-30,218.76,56.3,33
15011,1633,2025-03-25,218.76,218.76,0
15012,1633,2025-04-22,218.76,218.76,0
15013,1633,2025-06-30,218.76,192.21,34
15014,1633,2025-06-26,218.76,218.76,0
15015,1633,2025-07-23,218.76,218.76,0
15016,1633,2025-08-23,218.76,218.76,0
15017,1633,2025-09-25,218.76,218.76,0
15018,1633,2025-10-22,218.76,218.76,0
15019,1633,2026-05-17,218.76,38.84,174
15020,1633,2025-12-27,218.76,218.76,0
15021,1635,2025-07-27,168.46,168.46,0
15022,1635,2025-09-05,168.46,156.26,14
15023,1635,2025-09-26,168.46,168.46,0
15024,1635,2025-10-24,168.46,168.46,0
15025,1635,2025-11-28,168.46,168.46,0
15026,1635,2025-12-22,168.46,168.46,0
15027,1636,2025-06-26,146.41,146.41,0
15028,1636,2025-07-27,146.41,146.41,0
15029,1636,2025-08-23,146.41,146.41,0
15030,1636,2025-09-26,146.41,146.41,0
15031,1636,2025-10-25,146.41,146.41,0
15032,1636,2025-11-28,146.41,146.41,0
15033,1636,2025-12-26,146.41,146.41,0
15034,1637,2025-08-26,250.3,250.3,0
15035,1637,2025-09-27,250.3,250.3,0
15036,1637,2025-10-26,250.3,250.3,0
15037,1637,2025-11-27,250.3,250.3,0
15038,1637,2025-12-23,250.3,250.3,0
15039,1638,2025-04-25,747.19,747.19,0
15040,1638,2025-05-28,747.19,747.19,0
15041,1638,2025-06-25,747.19,747.19,0
15042,1638,2025-07-27,747.19,747.19,0
15043,1638,2025-08-22,747.19,747.19,0
15044,1638,2025-09-24,747.19,747.19,0
15045,1638,2025-10-26,747.19,747.19,0
15046,1638,2025-11-28,747.19,747.19,0
15047,1638,2025-12-28,747.19,747.19,0
15048,1639,2024-03-23,187.25,187.25,0
15049,1639,2024-04-28,187.25,187.25,0
15050,1639,2024-05-24,187.25,187.25,0
15051,1639,2024-06-28,187.25,187.25,0
15052,1639,2024-07-23,187.25,187.25,0
15053,1639,2024-08-24,187.25,180.21,1
15054,1639,2024-09-23,187.25,187.25,0
15055,1639,2024-10-26,187.25,187.25,0
15056,1639,2025-05-04,187.25,12.56,159
15057,1639,2024-12-22,187.25,187.25,0
15058,1639,2025-01-24,187.25,187.25,0
15059,1639,2025-02-24,187.25,187.25,0
15060,1639,2025-06-18,187.25,159.73,87
15061,1639,2025-04-24,187.25,187.25,0
15062,1639,2025-05-22,187.25,187.25,0
15063,1639,2025-06-27,187.25,187.25,0
15064,1639,2025-07-26,187.25,187.25,0
15065,1639,2025-08-24,187.25,187.25,0
15066,1639,2025-09-28,187.25,187.25,0
15067,1639,2025-10-27,187.25,187.25,0
15068,1639,2025-11-22,187.25,187.25,0
15069,1639,2025-12-22,187.25,187.25,0
15070,1640,2025-01-26,402.27,402.27,0
15071,1640,2025-02-26,402.27,402.27,0
15072,1640,2025-03-28,402.27,402.27,0
15073,1640,2025-04-27,402.27,402.27,0
15074,1640,2025-05-25,402.27,402.27,0
15075,1640,2025-06-22,402.27,402.27,0
15076,1640,2025-07-23,402.27,402.27,0
15077,1640,2025-08-27,402.27,402.27,0
15078,1640,2025-09-26,402.27,402.27,0
15079,1640,2025-10-26,402.27,402.27,0
15080,1640,2025-11-27,402.27,402.27,0
15081,1640,2025-12-22,402.27,402.27,0
15082,1641,2025-01-22,320.77,320.77,0
15083,1641,2025-02-25,320.77,320.77,0
15084,1641,2025-05-27,320.77,284.04,63
15085,1641,2025-04-28,320.77,320.77,0
15086,1641,2025-05-24,320.77,320.77,0
15087,1641,2025-06-24,320.77,320.77,0
15088,1641,2025-07-23,320.77,320.77,0
15089,1641,2025-08-23,320.77,320.77,0
15090,1641,2025-09-27,320.77,320.77,0
15091,1641,2025-10-26,320.77,320.77,0
15092,1641,2025-11-23,320.77,320.77,0
15093,1641,2025-12-23,320.77,320.77,0
15094,1642,2025-06-28,367.93,367.93,0
15095,1642,2025-07-28,367.93,367.93,0
15096,1642,2025-08-22,367.93,367.93,0
15097,1642,2025-09-22,367.93,367.93,0
15098,1642,2025-10-24,367.93,367.93,0
15099,1642,2025-11-27,367.93,367.93,0
15100,1642,2026-03-21,367.93,336.86,87
15101,1643,2025-03-07,95.7,90.98,10
15102,1643,2025-03-28,95.7,95.7,0
15103,1643,2025-04-27,95.7,95.7,0
15104,1643,2025-05-24,95.7,95.7,0
15105,1643,2025-06-24,95.7,95.7,0
15106,1643,2025-07-24,95.7,95.7,0
15107,1643,2025-08-26,95.7,95.7,0
15108,1643,2025-09-25,95.7,95.7,0
15109,1643,2026-02-03,95.7,10.41,98
15110,1643,2025-11-24,95.7,95.7,0
15111,1643,2025-12-23,95.7,95.7,0
15112,1644,2024-12-24,120.62,120.62,0
15113,1644,2025-01-22,120.62,120.62,0
15114,1644,2025-02-23,120.62,120.62,0
15115,1644,2025-03-26,120.62,120.62,0
15116,1644,2025-04-27,120.62,120.62,0
15117,1644,2025-05-24,120.62,120.62,0
15118,1644,2025-06-28,120.62,120.62,0
15119,1644,2025-07-23,120.62,120.62,0
15120,1644,2025-08-25,120.62,120.62,0
15121,1644,2025-09-28,120.62,120.62,0
15122,1644,2025-10-24,120.62,120.62,0
15123,1644,2025-11-25,120.62,120.62,0
15124,1644,2025-12-24,120.62,120.62,0
15125,1645,2025-07-18,181.4,166.53,26
15126,1645,2025-07-26,181.4,181.4,0
15127,1645,2025-08-22,181.4,181.4,0
15128,1645,2025-09-22,181.4,181.4,0
15129,1645,2025-10-25,181.4,181.4,0
15130,1645,2025-11-28,181.4,181.4,0
15131,1645,2025-12-24,181.4,181.4,0
15132,1646,2024-10-23,200.95,200.95,0
15133,1646,2024-11-23,200.95,200.95,0
15134,1646,2024-12-22,200.95,200.95,0
15135,1646,2025-01-23,200.95,200.95,0
15136,1646,2025-02-24,200.95,200.95,0
15137,1646,2025-03-23,200.95,200.95,0
15138,1646,2025-04-28,200.95,200.95,0
15139,1646,2025-05-25,200.95,200.95,0
15140,1646,2025-06-28,200.95,200.95,0
15141,1646,2025-07-23,200.95,200.95,0
15142,1646,2025-08-25,200.95,200.95,0
15143,1646,2025-09-27,200.95,200.95,0
15144,1646,2025-10-22,200.95,200.95,0
15145,1646,2025-11-27,200.95,200.95,0
15146,1646,2025-12-25,200.95,200.95,0
15147,1647,2025-07-06,195.19,160.92,73
15148,1647,2025-09-07,195.19,24.91,107
15149,1647,2025-06-24,195.19,195.19,0
15150,1647,2025-07-22,195.19,195.19,0
15151,1647,2025-08-26,195.19,195.19,0
15152,1647,2025-09-22,195.19,195.19,0
15153,1647,2025-10-23,195.19,195.19,0
15154,1647,2025-11-26,195.19,195.19,0
15155,1647,2025-12-24,195.19,195.19,0
15156,1648,2025-07-23,425.76,425.76,0
15157,1648,2025-08-28,425.76,425.76,0
15158,1648,2025-09-26,425.76,425.76,0
15159,1648,2025-10-28,425.76,425.76,0
15160,1648,2025-11-23,425.76,425.76,0
15161,1648,2025-12-25,425.76,425.76,0
15162,1649,2025-11-22,97.66,97.66,0
15163,1649,2025-12-23,97.66,97.66,0
15164,1650,2025-01-23,100.78,100.78,0
15165,1650,2025-02-22,100.78,100.78,0
15166,1650,2025-04-14,100.78,93.24,17
15167,1650,2025-04-28,100.78,100.78,0
15168,1650,2025-05-24,100.78,100.78,0
15169,1650,2025-06-26,100.78,100.78,0
15170,1650,2025-07-27,100.78,100.78,0
15171,1650,2025-08-26,100.78,100.78,0
15172,1650,2025-12-19,100.78,98.4,86
15173,1650,2025-10-26,100.78,100.78,0
15174,1650,2025-11-22,100.78,100.78,0
15175,1650,2025-12-23,100.78,100.78,0
15176,1651,2025-04-23,175.53,175.53,0
15177,1651,2025-05-26,175.53,175.53,0
15178,1651,2025-06-23,175.53,175.53,0
15179,1651,2025-07-22,175.53,175.53,0
15180,1651,2025-10-07,175.53,167.72,44
15181,1651,2026-01-14,175.53,50.76,110
15182,1651,2025-10-26,175.53,175.53,0
15183,1651,2025-11-28,175.53,175.53,0
15184,1651,2025-12-25,175.53,175.53,0
15185,1652,2025-03-24,1034.91,1034.91,0
15186,1652,2025-04-28,1034.91,1034.91,0
15187,1652,2025-05-27,1034.91,1034.91,0
15188,1652,2025-06-24,1034.91,1034.91,0
15189,1652,2025-07-27,1034.91,1034.91,0
15190,1652,2025-10-01,1034.91,843.93,39
15191,1652,2025-09-26,1034.91,1034.91,0
15192,1652,2025-10-26,1034.91,1034.91,0
15193,1652,2025-11-22,1034.91,1034.91,0
15194,1652,2025-12-22,1034.91,1034.91,0
15195,1653,2025-07-23,123.78,123.78,0
15196,1653,2025-08-28,123.78,123.78,0
15197,1653,2025-09-27,123.78,123.78,0
15198,1653,2025-10-27,123.78,123.78,0
15199,1653,2025-11-23,123.78,123.78,0
15200,1653,2025-12-22,123.78,123.78,0
15201,1654,2024-01-25,184.97,184.97,0
15202,1654,2024-02-26,184.97,184.97,0
15203,1654,2024-03-28,184.97,184.97,0
15204,1654,2024-04-22,184.97,184.97,0
15205,1654,2024-05-27,184.97,184.97,0
15206,1654,2024-06-27,184.97,184.97,0
15207,1654,2024-07-23,184.97,184.97,0
15208,1654,2024-11-19,184.97,159.79,86
15209,1654,2024-09-26,184.97,184.97,0
15210,1654,2024-10-27,184.97,184.97,0
15211,1654,2024-11-25,184.97,184.97,0
15212,1654,2024-12-26,184.97,184.97,0
15213,1654,2025-01-28,184.97,184.97,0
15214,1654,2025-02-26,184.97,184.97,0
15215,1654,2025-03-28,184.97,184.97,0
15216,1654,2025-04-27,184.97,184.97,0
15217,1654,2025-05-27,184.97,184.97,0
15218,1654,2025-06-22,184.97,184.97,0
15219,1654,2025-07-26,184.97,184.97,0
15220,1654,2025-08-24,184.97,184.97,0
15221,1654,2025-09-28,184.97,184.97,0
15222,1654,2026-01-12,184.97,63.45,79
15223,1654,2025-11-22,184.97,184.97,0
15224,1654,2026-01-03,184.97,160.98,8
15225,1655,2024-02-28,250.43,250.43,0
15226,1655,2024-03-28,250.43,250.43,0
15227,1655,2024-04-22,250.43,250.43,0
15228,1655,2024-05-23,250.43,250.43,0
15229,1655,2024-06-22,250.43,250.43,0
15230,1655,2024-07-28,250.43,250.43,0
15231,1655,2024-08-25,250.43,250.43,0
15232,1655,2024-09-27,250.43,250.43,0
15233,1655,2024-10-22,250.43,250.43,0
15234,1655,2024-11-24,250.43,250.43,0
15235,1655,2025-02-06,250.43,224.04,41
15236,1655,2025-01-24,250.43,250.43,0
15237,1655,2025-02-23,250.43,250.43,0
15238,1655,2025-03-27,250.43,250.43,0
15239,1655,2025-04-28,250.43,250.43,0
15240,1655,2025-05-25,250.43,250.43,0
15241,1655,2025-06-24,250.43,250.43,0
15242,1655,2025-07-28,250.43,250.43,0
15243,1655,2025-08-23,250.43,250.43,0
15244,1655,2025-09-28,250.43,250.43,0
15245,1655,2025-10-28,250.43,250.43,0
15246,1655,2025-11-22,250.43,250.43,0
15247,1655,2025-12-22,250.43,250.43,0
15248,1656,2025-06-25,1839.92,1839.92,0
15249,1656,2025-08-24,1839.92,1550.01,30
15250,1656,2025-09-10,1839.92,1498.82,16
15251,1656,2025-09-23,1839.92,1839.92,0
15252,1656,2025-10-26,1839.92,1839.92,0
15253,1656,2025-11-28,1839.92,1839.92,0
15254,1656,2025-12-27,1839.92,1839.92,0
15255,1657,2025-07-25,244.05,244.05,0
15256,1657,2025-08-27,244.05,244.05,0
15257,1657,2025-09-28,244.05,244.05,0
15258,1657,2025-10-25,244.05,244.05,0
15259,1657,2025-11-25,244.05,244.05,0
15260,1657,2025-12-24,244.05,244.05,0
15261,1658,2025-08-22,195.17,195.17,0
15262,1658,2025-09-25,195.17,195.17,0
15263,1658,2025-12-01,195.17,184.67,38
15264,1658,2025-11-24,195.17,195.17,0
15265,1658,2025-12-24,195.17,195.17,0
15266,1659,2025-06-27,1242.43,1242.43,0
15267,1659,2025-10-02,1242.43,1221.0,68
15268,1659,2025-08-25,1242.43,1242.43,0
15269,1659,2025-09-23,1242.43,1242.43,0
15270,1659,2025-10-27,1242.43,1242.43,0
15271,1659,2025-11-27,1242.43,1242.43,0
15272,1659,2025-12-25,1242.43,1242.43,0
15273,1660,2025-07-23,88.63,88.63,0
15274,1660,2025-08-24,88.63,88.63,0
15275,1660,2025-09-26,88.63,88.63,0
15276,1660,2025-10-24,88.63,88.63,0
15277,1660,2025-11-26,88.63,88.63,0
15278,1660,2025-12-26,88.63,88.63,0
15279,1661,2025-09-28,114.53,114.53,0
15280,1661,2025-10-24,114.53,114.53,0
15281,1661,2025-11-27,114.53,114.53,0
15282,1661,2025-12-24,114.53,114.53,0
15283,1662,2025-04-22,271.25,271.25,0
15284,1662,2025-05-28,271.25,271.25,0
15285,1662,2025-06-24,271.25,271.25,0
15286,1662,2025-07-22,271.25,271.25,0
15287,1662,2025-08-22,271.25,271.25,0
15288,1662,2025-09-23,271.25,271.25,0
15289,1662,2025-10-25,271.25,271.25,0
15290,1662,2025-11-25,271.25,271.25,0
15291,1662,2026-03-20,271.25,232.13,86
15292,1663,2025-02-26,1028.18,1028.18,0
15293,1663,2025-03-22,1028.18,1028.18,0
15294,1663,2025-04-24,1028.18,1028.18,0
15295,1663,2025-05-23,1028.18,1028.18,0
15296,1663,2025-06-27,1028.18,1028.18,0
15297,1663,2025-07-27,1028.18,1028.18,0
15298,1663,2025-08-22,1028.18,1028.18,0
15299,1663,2025-09-28,1028.18,1028.18,0
15300,1663,2025-10-25,1028.18,1028.18,0
15301,1663,2025-12-08,1028.18,883.15,15
15302,1663,2026-01-27,1028.18,87.13,30
15303,1664,2025-06-26,593.16,593.16,0
15304,1664,2025-07-26,593.16,593.16,0
15305,1664,2025-08-25,593.16,593.16,0
15306,1664,2025-09-23,593.16,593.16,0
15307,1664,2025-10-28,593.16,593.16,0
15308,1664,2025-11-27,593.16,593.16,0
15309,1664,2025-12-23,593.16,593.16,0
15310,1666,2024-03-22,185.71,185.71,0
15311,1666,2024-04-24,185.71,185.71,0
15312,1666,2024-05-27,185.71,185.71,0
15313,1666,2024-06-22,185.71,185.71,0
15314,1666,2024-07-24,185.71,185.71,0
15315,1666,2024-08-27,185.71,185.71,0
15316,1666,2024-09-23,185.71,185.71,0
15317,1666,2024-10-25,185.71,185.71,0
15318,1666,2024-11-22,185.71,185.71,0
15319,1666,2024-12-28,185.71,185.71,0
15320,1666,2025-01-28,185.71,185.71,0
15321,1666,2025-02-22,185.71,185.71,0
15322,1666,2025-05-19,185.71,59.38,55
15323,1666,2025-09-03,185.71,30.28,129
15324,1666,2025-05-26,185.71,152.8,1
15325,1666,2025-06-22,185.71,185.71,0
15326,1666,2025-07-28,185.71,185.71,0
15327,1666,2025-08-28,185.71,185.71,0
15328,1666,2025-09-27,185.71,185.71,0
15329,1666,2025-10-28,185.71,185.71,0
15330,1666,2025-11-24,185.71,185.71,0
15331,1666,2025-12-27,185.71,185.71,0
15332,1667,2025-07-07,293.87,19.44,162
15333,1667,2025-02-23,293.87,293.87,0
15334,1667,2025-03-25,293.87,293.87,0
15335,1667,2025-04-25,293.87,293.87,0
15336,1667,2025-05-25,293.87,293.87,0
15337,1667,2025-07-04,293.87,247.98,8
15338,1667,2025-07-26,293.87,293.87,0
15339,1667,2025-08-25,293.87,293.87,0
15340,1667,2025-09-22,293.87,293.87,0
15341,1667,2025-10-23,293.87,293.87,0
15342,1667,2025-11-23,293.87,293.87,0
15343,1667,2025-12-23,293.87,293.87,0
15344,1668,2025-11-24,189.93,189.93,0
15345,1668,2025-12-27,189.93,189.93,0
15346,1669,2025-03-23,106.16,106.16,0
15347,1669,2025-04-27,106.16,106.16,0
15348,1669,2025-05-23,106.16,106.16,0
15349,1669,2025-06-25,106.16,106.16,0
15350,1669,2025-07-24,106.16,106.16,0
15351,1669,2025-08-23,106.16,106.16,0
15352,1669,2025-09-26,106.16,106.16,0
15353,1669,2025-10-28,106.16,106.16,0
15354,1669,2025-11-26,106.16,106.16,0
15355,1669,2025-12-24,106.16,106.16,0
15356,1670,2025-08-25,344.8,344.8,0
15357,1670,2025-09-25,344.8,344.8,0
15358,1670,2025-10-23,344.8,344.8,0
15359,1670,2025-11-26,344.8,344.8,0
15360,1670,2025-12-23,344.8,344.8,0
15361,1671,2025-06-22,328.56,328.56,0
15362,1671,2025-07-24,328.56,328.56,0
15363,1671,2025-08-25,328.56,328.56,0
15364,1671,2025-09-24,328.56,328.56,0
15365,1671,2025-10-28,328.56,328.56,0
15366,1671,2025-11-27,328.56,328.56,0
15367,1671,2025-12-23,328.56,328.56,0
15368,1672,2025-06-27,188.53,188.53,0
15369,1672,2025-07-25,188.53,188.53,0
15370,1672,2025-08-27,188.53,188.53,0
15371,1672,2025-12-11,188.53,177.0,74
15372,1672,2025-10-22,188.53,188.53,0
15373,1672,2025-11-25,188.53,188.53,0
15374,1672,2025-12-26,188.53,188.53,0
15375,1673,2024-02-28,62.82,62.82,0
15376,1673,2024-04-02,62.82,52.16,8
15377,1673,2024-05-30,62.82,55.89,35
15378,1673,2024-05-28,62.82,62.82,0
15379,1673,2024-06-23,62.82,62.82,0
15380,1673,2024-07-25,62.82,62.82,0
15381,1673,2024-08-28,62.82,62.82,0
15382,1673,2024-10-18,62.82,50.66,21
15383,1673,2024-10-28,62.82,62.82,0
15384,1673,2024-11-27,62.82,62.82,0
15385,1673,2024-12-22,62.82,62.82,0
15386,1673,2025-06-16,62.82,11.91,142
15387,1673,2025-02-28,62.82,62.82,0
15388,1673,2025-03-22,62.82,62.82,0
15389,1673,2025-04-28,62.82,62.82,0
15390,1673,2025-06-20,62.82,54.4,23
15391,1673,2025-10-23,62.82,5.98,119
15392,1673,2025-07-24,62.82,62.82,0
15393,1673,2025-08-26,62.82,62.82,0
15394,1673,2025-09-25,62.82,62.82,0
15395,1673,2025-10-25,62.82,62.82,0
15396,1673,2025-11-23,62.82,62.82,0
15397,1673,2025-12-27,62.82,62.82,0
15398,1674,2025-08-26,287.83,287.83,0
15399,1674,2025-09-23,287.83,287.83,0
15400,1674,2025-10-25,287.83,287.83,0
15401,1674,2025-11-27,287.83,287.83,0
15402,1674,2025-12-22,287.83,287.83,0
15403,1675,2025-08-25,216.35,216.35,0
15404,1675,2025-09-28,216.35,216.35,0
15405,1675,2025-10-25,216.35,216.35,0
15406,1675,2025-11-24,216.35,216.35,0
15407,1675,2025-12-22,216.35,216.35,0
15408,1676,2024-02-26,622.33,622.33,0
15409,1676,2024-03-26,622.33,622.33,0
15410,1676,2024-04-22,622.33,622.33,0
15411,1676,2024-05-25,622.33,622.33,0
15412,1676,2024-06-26,622.33,622.33,0
15413,1676,2024-07-27,622.33,622.33,0
15414,1676,2024-08-28,622.33,622.33,0
15415,1676,2024-09-26,622.33,622.33,0
15416,1676,2024-10-25,622.33,622.33,0
15417,1676,2024-11-24,622.33,622.33,0
15418,1676,2024-12-28,622.33,622.33,0
15419,1676,2025-01-23,622.33,622.33,0
15420,1676,2025-02-28,622.33,622.33,0
15421,1676,2025-08-28,622.33,174.11,157
15422,1676,2025-04-25,622.33,622.33,0
15423,1676,2025-05-24,622.33,622.33,0
15424,1676,2025-06-25,622.33,622.33,0
15425,1676,2025-08-04,622.33,617.65,13
15426,1676,2025-08-25,622.33,622.33,0
15427,1676,2025-11-07,622.33,570.75,44
15428,1676,2025-10-26,622.33,622.33,0
15429,1676,2025-11-24,622.33,622.33,0
15430,1676,2025-12-22,622.33,622.33,0
15431,1677,2025-02-24,223.46,223.46,0
15432,1677,2025-03-23,223.46,223.46,0
15433,1677,2025-06-23,223.46,198.0,57
15434,1677,2025-08-04,223.46,194.37,71
15435,1677,2025-06-22,223.46,223.46,0
15436,1677,2025-07-28,223.46,223.46,0
15437,1677,2025-08-25,223.46,223.46,0
15438,1677,2025-09-28,223.46,223.46,0
15439,1677,2025-10-26,223.46,223.46,0
15440,1677,2025-11-27,223.46,223.46,0
15441,1677,2025-12-25,223.46,223.46,0
15442,1678,2024-06-27,604.25,604.25,0
15443,1678,2024-07-27,604.25,604.25,0
15444,1678,2024-08-28,604.25,604.25,0
15445,1678,2024-09-25,604.25,604.25,0
15446,1678,2024-10-24,604.25,604.25,0
15447,1678,2025-01-02,604.25,531.19,41
15448,1678,2024-12-28,604.25,604.25,0
15449,1678,2025-01-26,604.25,604.25,0
15450,1678,2025-02-24,604.25,604.25,0
15451,1678,2025-03-26,604.25,604.25,0
15452,1678,2025-04-25,604.25,604.25,0
15453,1678,2025-05-23,604.25,604.25,0
15454,1678,2025-06-25,604.25,604.25,0
15455,1678,2025-07-26,604.25,604.25,0
15456,1678,2025-08-24,604.25,604.25,0
15457,1678,2025-09-23,604.25,604.25,0
15458,1678,2025-10-23,604.25,604.25,0
15459,1678,2025-11-27,604.25,604.25,0
15460,1678,2025-12-23,604.25,604.25,0
15461,1679,2024-10-23,350.92,350.92,0
15462,1679,2024-11-22,350.92,350.92,0
15463,1679,2024-12-28,350.92,350.92,0
15464,1679,2025-01-24,350.92,350.92,0
15465,1679,2025-02-27,350.92,350.92,0
15466,1679,2025-03-27,350.92,350.92,0
15467,1679,2025-04-22,350.92,350.92,0
15468,1679,2025-05-26,350.92,350.92,0
15469,1679,2025-06-23,350.92,350.92,0
15470,1679,2025-07-22,350.92,350.92,0
15471,1679,2025-08-28,350.92,350.92,0
15472,1679,2025-09-26,350.92,350.92,0
15473,1679,2025-10-22,350.92,350.92,0
15474,1679,2025-11-24,350.92,350.92,0
15475,1679,2025-12-24,350.92,350.92,0
15476,1680,2025-02-26,421.83,421.83,0
15477,1680,2025-03-22,421.83,421.83,0
15478,1680,2025-04-28,421.83,421.83,0
15479,1680,2025-05-28,421.83,421.83,0
15480,1680,2025-06-27,421.83,421.83,0
15481,1680,2025-07-24,421.83,421.83,0
15482,1680,2025-08-27,421.83,421.83,0
15483,1680,2025-09-23,421.83,421.83,0
15484,1680,2025-10-22,421.83,421.83,0
15485,1680,2025-11-28,421.83,421.83,0
15486,1680,2025-12-28,421.83,421.83,0
15487,1681,2024-03-27,331.89,331.89,0
15488,1681,2024-04-24,331.89,331.89,0
15489,1681,2024-05-25,331.89,331.89,0
15490,1681,2024-06-25,331.89,331.89,0
15491,1681,2024-08-21,331.89,317.23,25
15492,1681,2024-08-28,331.89,331.89,0
15493,1681,2024-09-26,331.89,331.89,0
15494,1681,2024-10-28,331.89,331.89,0
15495,1681,2024-11-26,331.89,331.89,0
15496,1681,2024-12-28,331.89,331.89,0
15497,1681,2025-01-23,331.89,331.89,0
15498,1681,2025-04-28,331.89,297.7,59
15499,1681,2025-03-27,331.89,331.89,0
15500,1681,2025-06-20,331.89,289.17,54
15501,1681,2025-08-05,331.89,49.19,73
15502,1681,2025-08-04,331.89,116.72,39
15503,1681,2025-10-02,331.89,283.23,69
15504,1681,2025-11-13,331.89,302.97,80
15505,1681,2025-09-28,331.89,331.89,0
15506,1681,2025-10-22,331.89,331.89,0
15507,1681,2025-11-24,331.89,331.89,0
15508,1681,2025-12-27,331.89,331.89,0
15509,1682,2025-10-22,320.53,320.53,0
15510,1682,2025-11-24,320.53,320.53,0
15511,1682,2025-12-23,320.53,320.53,0
15512,1684,2025-06-25,191.82,191.82,0
15513,1684,2025-07-25,191.82,191.82,0
15514,1684,2025-10-17,191.82,158.64,54
15515,1684,2025-09-23,191.82,191.82,0
15516,1684,2025-10-24,191.82,191.82,0
15517,1684,2025-11-28,191.82,191.82,0
15518,1684,2026-04-27,191.82,22.14,122
15519,1685,2025-04-22,214.49,214.49,0
15520,1685,2025-05-26,214.49,214.49,0
15521,1685,2025-06-28,214.49,214.49,0
15522,1685,2025-07-25,214.49,214.49,0
15523,1685,2025-08-27,214.49,214.49,0
15524,1685,2025-09-26,214.49,214.49,0
15525,1685,2025-10-27,214.49,214.49,0
15526,1685,2025-11-24,214.49,214.49,0
15527,1685,2025-12-23,214.49,214.49,0
15528,1686,2025-06-24,612.75,612.75,0
15529,1686,2025-10-20,612.75,27.23,84
15530,1686,2025-08-28,612.75,612.75,0
15531,1686,2025-09-27,612.75,612.75,0
15532,1686,2025-10-22,612.75,612.75,0
15533,1686,2025-11-22,612.75,612.75,0
15534,1686,2025-12-26,612.75,612.75,0
15535,1687,2024-10-23,75.04,75.04,0
15536,1687,2024-11-28,75.04,75.04,0
15537,1687,2024-12-26,75.04,75.04,0
15538,1687,2025-01-24,75.04,75.04,0
15539,1687,2025-03-28,75.04,73.37,34
15540,1687,2025-03-25,75.04,75.04,0
15541,1687,2025-04-27,75.04,75.04,0
15542,1687,2025-05-28,75.04,75.04,0
15543,1687,2025-06-24,75.04,75.04,0
15544,1687,2025-07-28,75.04,75.04,0
15545,1687,2025-08-23,75.04,75.04,0
15546,1687,2025-09-28,75.04,75.04,0
15547,1687,2025-10-24,75.04,75.04,0
15548,1687,2025-11-27,75.04,75.04,0
15549,1687,2025-12-23,75.04,75.04,0
15550,1688,2025-07-27,476.94,404.2,4
15551,1688,2025-08-27,476.94,476.94,0
15552,1688,2025-09-25,476.94,476.94,0
15553,1688,2025-11-05,476.94,410.95,11
15554,1688,2026-02-14,476.94,450.98,83
15555,1688,2026-05-21,476.94,174.68,150
15556,1689,2025-06-24,139.53,139.53,0
15557,1689,2025-07-27,139.53,139.53,0
15558,1689,2025-08-25,139.53,139.53,0
15559,1689,2025-09-24,139.53,139.53,0
15560,1689,2025-10-25,139.53,139.53,0
15561,1689,2025-11-27,139.53,139.53,0
15562,1689,2025-12-22,139.53,139.53,0
15563,1690,2025-08-22,1155.03,1155.03,0
15564,1690,2025-09-28,1155.03,1155.03,0
15565,1690,2025-10-24,1155.03,1155.03,0
15566,1690,2025-11-26,1155.03,1155.03,0
15567,1690,2025-12-22,1155.03,1155.03,0
15568,1691,2024-11-22,306.55,306.55,0
15569,1691,2024-12-26,306.55,306.55,0
15570,1691,2025-01-28,306.55,306.55,0
15571,1691,2025-02-28,306.55,306.55,0
15572,1691,2025-03-24,306.55,306.55,0
15573,1691,2025-06-09,306.55,5.44,46
15574,1691,2025-05-28,306.55,306.55,0
15575,1691,2025-06-22,306.55,306.55,0
15576,1691,2025-07-25,306.55,306.55,0
15577,1691,2025-08-22,306.55,306.55,0
15578,1691,2025-09-25,306.55,306.55,0
15579,1691,2025-12-02,306.55,269.82,41
15580,1691,2025-11-23,306.55,306.55,0
15581,1691,2026-01-17,306.55,283.93,24
15582,1693,2025-10-25,267.13,267.13,0
15583,1693,2025-11-24,267.13,267.13,0
15584,1693,2025-12-26,267.13,267.13,0
15585,1694,2025-11-23,125.75,125.75,0
15586,1694,2025-12-22,125.75,125.75,0
15587,1695,2024-07-23,333.75,333.75,0
15588,1695,2024-08-27,333.75,333.75,0
15589,1695,2024-09-28,333.75,333.75,0
15590,1695,2024-10-26,333.75,333.75,0
15591,1695,2025-02-11,333.75,91.52,75
15592,1695,2024-12-26,333.75,333.75,0
15593,1695,2025-01-25,333.75,333.75,0
15594,1695,2025-03-22,333.75,279.75,27
15595,1695,2025-03-28,333.75,333.75,0
15596,1695,2025-05-14,333.75,297.63,16
15597,1695,2025-05-24,333.75,333.75,0
15598,1695,2025-06-28,333.75,333.75,0
15599,1695,2025-07-25,333.75,333.75,0
15600,1695,2025-08-23,333.75,333.75,0
15601,1695,2025-09-24,333.75,333.75,0
15602,1695,2025-12-18,333.75,331.44,51
15603,1695,2026-01-12,333.75,307.59,45
15604,1695,2026-03-04,333.75,280.83,71
15605,1696,2025-11-25,646.28,646.28,0
15606,1696,2025-12-26,646.28,646.28,0
15607,1697,2025-03-28,514.96,514.96,0
15608,1697,2025-04-28,514.96,514.96,0
15609,1697,2025-05-27,514.96,514.96,0
15610,1697,2025-06-24,514.96,514.96,0
15611,1697,2025-07-28,514.96,514.96,0
15612,1697,2025-08-22,514.96,514.96,0
15613,1697,2025-09-26,514.96,514.96,0
15614,1697,2025-10-25,514.96,514.96,0
15615,1697,2025-11-23,514.96,514.96,0
15616,1697,2026-03-14,514.96,490.01,82
15617,1698,2025-09-25,279.07,279.07,0
15618,1698,2025-11-13,279.07,252.03,18
15619,1698,2025-11-23,279.07,279.07,0
15620,1698,2025-12-26,279.07,279.07,0
15621,1699,2024-01-24,457.44,457.44,0
15622,1699,2024-02-26,457.44,457.44,0
15623,1699,2024-03-25,457.44,457.44,0
15624,1699,2024-04-24,457.44,457.44,0
15625,1699,2024-05-24,457.44,457.44,0
15626,1699,2024-06-27,457.44,457.44,0
15627,1699,2024-07-26,457.44,457.44,0
15628,1699,2024-08-23,457.44,457.44,0
15629,1699,2024-09-25,457.44,457.44,0
15630,1699,2024-10-23,457.44,457.44,0
15631,1699,2024-11-25,457.44,457.44,0
15632,1699,2024-12-24,457.44,457.44,0
15633,1699,2025-01-22,457.44,457.44,0
15634,1699,2025-02-27,457.44,457.44,0
15635,1699,2025-03-26,457.44,457.44,0
15636,1699,2025-04-23,457.44,457.44,0
15637,1699,2025-05-22,457.44,457.44,0
15638,1699,2025-06-26,457.44,457.44,0
15639,1699,2025-07-24,457.44,457.44,0
15640,1699,2025-08-25,457.44,457.44,0
15641,1699,2025-09-23,457.44,457.44,0
15642,1699,2025-10-27,457.44,457.44,0
15643,1699,2025-11-25,457.44,457.44,0
15644,1699,2025-12-27,457.44,457.44,0
15645,1700,2025-03-27,439.59,439.59,0
15646,1700,2025-04-26,439.59,439.59,0
15647,1700,2025-05-24,439.59,439.59,0
15648,1700,2025-06-24,439.59,439.59,0
15649,1700,2025-07-22,439.59,439.59,0
15650,1700,2025-08-25,439.59,439.59,0
15651,1700,2025-09-27,439.59,439.59,0
15652,1700,2025-10-24,439.59,439.59,0
15653,1700,2025-11-25,439.59,439.59,0
15654,1700,2025-12-25,439.59,439.59,0
15655,1701,2024-09-25,202.26,202.26,0
15656,1701,2024-10-23,202.26,202.26,0
15657,1701,2024-11-23,202.26,202.26,0
15658,1701,2024-12-27,202.26,202.26,0
15659,1701,2025-01-23,202.26,202.26,0
15660,1701,2025-02-26,202.26,202.26,0
15661,1701,2025-03-26,202.26,202.26,0
15662,1701,2025-04-23,202.26,202.26,0
15663,1701,2025-05-27,202.26,202.26,0
15664,1701,2025-06-22,202.26,202.26,0
15665,1701,2025-07-24,202.26,202.26,0
15666,1701,2025-08-23,202.26,202.26,0
15667,1701,2025-09-23,202.26,202.26,0
15668,1701,2025-10-28,202.26,202.26,0
15669,1701,2025-12-17,202.26,167.04,23
15670,1701,2025-12-24,202.26,202.26,0
15671,1702,2025-04-25,259.82,259.82,0
15672,1702,2025-05-25,259.82,259.82,0
15673,1702,2025-08-16,259.82,224.4,49
15674,1702,2025-07-23,259.82,259.82,0
15675,1702,2025-10-17,259.82,239.57,54
15676,1702,2025-09-23,259.82,259.82,0
15677,1702,2025-10-28,259.82,259.82,0
15678,1702,2025-11-28,259.82,259.82,0
15679,1702,2025-12-26,259.82,259.82,0
15680,1703,2024-07-23,782.39,782.39,0
15681,1703,2024-08-24,782.39,782.39,0
15682,1703,2024-09-23,782.39,782.39,0
15683,1703,2024-10-27,782.39,782.39,0
15684,1703,2024-11-23,782.39,782.39,0
15685,1703,2024-12-23,782.39,782.39,0
15686,1703,2025-01-27,782.39,782.39,0
15687,1703,2025-02-24,782.39,782.39,0
15688,1703,2025-03-27,782.39,782.39,0
15689,1703,2025-04-23,782.39,782.39,0
15690,1703,2025-05-25,782.39,782.39,0
15691,1703,2025-06-23,782.39,782.39,0
15692,1703,2025-07-28,782.39,782.39,0
15693,1704,2025-06-25,270.28,270.28,0
15694,1704,2025-07-23,270.28,270.28,0
15695,1704,2025-08-26,270.28,270.28,0
15696,1704,2025-09-22,270.28,270.28,0
15697,1704,2025-10-25,270.28,270.28,0
15698,1704,2025-11-28,270.28,270.28,0
15699,1704,2025-12-24,270.28,270.28,0
15700,1705,2025-12-25,48.02,48.02,0
15701,1706,2025-08-27,851.54,851.54,0
15702,1706,2025-09-23,851.54,851.54,0
15703,1706,2025-10-27,851.54,851.54,0
15704,1706,2025-11-23,851.54,851.54,0
15705,1706,2025-12-22,851.54,851.54,0
15706,1707,2024-11-25,186.92,186.92,0
15707,1707,2024-12-23,186.92,186.92,0
15708,1707,2025-01-22,186.92,186.92,0
15709,1707,2025-02-26,186.92,186.92,0
15710,1707,2025-03-28,186.92,186.92,0
15711,1707,2025-04-24,186.92,186.92,0
15712,1707,2025-05-24,186.92,186.92,0
15713,1707,2025-06-25,186.92,186.92,0
15714,1707,2025-07-25,186.92,186.92,0
15715,1707,2025-09-08,186.92,155.44,17
15716,1707,2025-09-23,186.92,186.92,0
15717,1707,2025-10-25,186.92,186.92,0
15718,1707,2025-11-24,186.92,186.92,0
15719,1707,2026-02-25,186.92,168.7,61
15720,1708,2025-04-28,866.09,866.09,0
15721,1708,2025-05-26,866.09,866.09,0
15722,1708,2025-06-24,866.09,866.09,0
15723,1708,2025-07-23,866.09,866.09,0
15724,1708,2025-08-27,866.09,866.09,0
15725,1708,2025-09-23,866.09,866.09,0
15726,1708,2025-10-27,866.09,866.09,0
15727,1708,2025-11-28,866.09,866.09,0
15728,1708,2025-12-26,866.09,866.09,0
15729,1710,2025-04-23,1268.39,1268.39,0
15730,1710,2025-05-26,1268.39,1268.39,0
15731,1710,2025-06-24,1268.39,1268.39,0
15732,1710,2025-07-22,1268.39,1268.39,0
15733,1710,2025-08-25,1268.39,1268.39,0
15734,1710,2025-10-25,1268.39,1241.63,31
15735,1710,2025-10-25,1268.39,1268.39,0
15736,1710,2025-11-22,1268.39,1268.39,0
15737,1710,2025-12-27,1268.39,1268.39,0
15738,1711,2026-01-18,527.12,508.37,56
15739,1711,2025-12-25,527.12,527.12,0
15740,1712,2025-06-27,159.27,159.27,0
15741,1712,2025-07-28,159.27,159.27,0
15742,1712,2025-08-22,159.27,159.27,0
15743,1712,2025-09-23,159.27,159.27,0
15744,1712,2025-10-24,159.27,159.27,0
15745,1712,2025-11-26,159.27,159.27,0
15746,1712,2025-12-27,159.27,159.27,0
15747,1713,2025-04-28,102.45,102.45,0
15748,1713,2025-05-27,102.45,102.45,0
15749,1713,2025-06-26,102.45,102.45,0
15750,1713,2025-07-23,102.45,102.45,0
15751,1713,2025-08-25,102.45,102.45,0
15752,1713,2025-12-18,102.45,83.58,83
15753,1713,2025-10-26,102.45,102.45,0
15754,1713,2025-11-22,102.45,102.45,0
15755,1713,2025-12-26,102.45,102.45,0
15756,1714,2025-12-20,143.88,3.03,180
15757,1714,2025-10-18,143.88,115.79,87
15758,1714,2025-08-24,143.88,143.88,0
15759,1714,2025-09-28,143.88,143.88,0
15760,1714,2025-10-26,143.88,143.88,0
15761,1714,2025-11-23,143.88,143.88,0
15762,1714,2025-12-24,143.88,143.88,0
15763,1715,2024-01-26,236.72,236.72,0
15764,1715,2024-05-03,236.72,221.69,67
15765,1715,2024-03-23,236.72,236.72,0
15766,1715,2024-04-24,236.72,236.72,0
15767,1715,2024-05-28,236.72,236.72,0
15768,1715,2024-06-23,236.72,236.72,0
15769,1715,2024-07-27,236.72,236.72,0
15770,1715,2024-08-22,236.72,236.72,0
15771,1715,2024-09-23,236.72,236.72,0
15772,1715,2024-10-27,236.72,236.72,0
15773,1715,2024-11-27,236.72,236.72,0
15774,1715,2025-01-25,236.72,45.06,32
15775,1715,2025-01-25,236.72,236.72,0
15776,1715,2025-02-25,236.72,236.72,0
15777,1715,2025-03-24,236.72,236.72,0
15778,1715,2025-09-27,236.72,47.57,152
15779,1715,2025-06-12,236.72,214.44,20
15780,1715,2025-06-28,236.72,236.72,0
15781,1715,2025-08-21,236.72,232.32,29
15782,1715,2025-08-27,236.72,236.72,0
15783,1715,2025-09-25,236.72,236.72,0
15784,1715,2025-10-27,236.72,236.72,0
15785,1715,2026-01-11,236.72,228.11,50
15786,1715,2025-12-28,236.72,236.72,0
15787,1716,2025-05-22,400.7,400.7,0
15788,1716,2025-06-28,400.7,400.7,0
15789,1716,2025-07-24,400.7,400.7,0
15790,1716,2025-08-26,400.7,400.7,0
15791,1716,2025-09-24,400.7,400.7,0
15792,1716,2025-10-24,400.7,400.7,0
15793,1716,2025-11-23,400.7,400.7,0
15794,1716,2025-12-22,400.7,400.7,0
15795,1717,2024-01-28,321.05,321.05,0
15796,1717,2024-02-23,321.05,321.05,0
15797,1717,2024-03-22,321.05,321.05,0
15798,1717,2024-04-23,321.05,321.05,0
15799,1717,2024-05-22,321.05,321.05,0
15800,1717,2024-06-25,321.05,321.05,0
15801,1717,2024-07-25,321.05,321.05,0
15802,1717,2024-08-25,321.05,321.05,0
15803,1717,2024-09-24,321.05,321.05,0
15804,1717,2024-10-24,321.05,321.05,0
15805,1717,2024-11-22,321.05,321.05,0
15806,1717,2024-12-24,321.05,321.05,0
15807,1717,2025-01-25,321.05,321.05,0
15808,1717,2025-02-24,321.05,321.05,0
15809,1717,2025-03-23,321.05,321.05,0
15810,1717,2025-04-28,321.05,321.05,0
15811,1717,2025-05-28,321.05,321.05,0
15812,1717,2025-06-25,321.05,321.05,0
15813,1717,2025-07-22,321.05,321.05,0
15814,1717,2025-08-28,321.05,321.05,0
15815,1717,2025-09-22,321.05,321.05,0
15816,1717,2025-10-27,321.05,321.05,0
15817,1717,2026-03-03,321.05,66.11,101
15818,1717,2026-03-11,321.05,280.49,78
15819,1718,2025-03-27,304.95,304.95,0
15820,1718,2025-04-27,304.95,304.95,0
15821,1718,2025-05-25,304.95,304.95,0
15822,1718,2025-06-27,304.95,304.95,0
15823,1718,2025-07-28,304.95,304.95,0
15824,1718,2025-08-24,304.95,304.95,0
15825,1718,2025-11-20,304.95,255.56,56
15826,1718,2025-10-25,304.95,304.95,0
15827,1718,2025-11-22,304.95,304.95,0
15828,1718,2025-12-22,304.95,304.95,0
15829,1719,2025-03-26,112.59,112.59,0
15830,1719,2025-04-28,112.59,112.59,0
15831,1719,2025-05-26,112.59,112.59,0
15832,1719,2025-06-27,112.59,112.59,0
15833,1719,2025-07-24,112.59,112.59,0
15834,1719,2025-08-27,112.59,112.59,0
15835,1719,2025-09-26,112.59,112.59,0
15836,1719,2025-10-24,112.59,112.59,0
15837,1719,2025-11-28,112.59,112.59,0
15838,1719,2025-12-24,112.59,112.59,0
15839,1720,2024-12-25,86.57,86.57,0
15840,1720,2025-01-22,86.57,86.57,0
15841,1720,2025-02-24,86.57,86.57,0
15842,1720,2025-03-22,86.57,86.57,0
15843,1720,2025-05-15,86.57,74.7,18
15844,1720,2025-05-22,86.57,86.57,0
15845,1720,2025-06-26,86.57,86.57,0
15846,1720,2025-09-05,86.57,8.64,42
15847,1720,2025-08-27,86.57,86.57,0
15848,1720,2025-09-28,86.57,86.57,0
15849,1720,2026-01-23,86.57,85.97,88
15850,1720,2025-11-24,86.57,86.57,0
15851,1720,2026-03-19,86.57,85.52,85
15852,1722,2024-12-27,299.6,299.6,0
15853,1722,2025-01-23,299.6,299.6,0
15854,1722,2025-02-25,299.6,299.6,0
15855,1722,2025-03-26,299.6,299.6,0
15856,1722,2025-04-27,299.6,299.6,0
15857,1722,2025-05-27,299.6,299.6,0
15858,1722,2025-06-28,299.6,299.6,0
15859,1722,2025-07-23,299.6,299.6,0
15860,1722,2025-08-27,299.6,299.6,0
15861,1722,2025-09-26,299.6,299.6,0
15862,1722,2025-10-26,299.6,299.6,0
15863,1722,2025-11-28,299.6,299.6,0
15864,1722,2025-12-24,299.6,299.6,0
15865,1723,2024-05-24,411.68,411.68,0
15866,1723,2024-06-28,411.68,411.68,0
15867,1723,2024-07-28,411.68,411.68,0
15868,1723,2024-08-25,411.68,411.68,0
15869,1723,2024-09-26,411.68,411.68,0
15870,1723,2024-10-22,411.68,411.68,0
15871,1723,2024-12-17,411.68,351.28,22
15872,1723,2024-12-27,411.68,411.68,0
15873,1723,2025-01-26,411.68,411.68,0
15874,1723,2025-02-28,411.68,411.68,0
15875,1723,2025-03-24,411.68,411.68,0
15876,1723,2025-04-24,411.68,411.68,0
15877,1723,2025-05-28,411.68,411.68,0
15878,1723,2025-06-23,411.68,411.68,0
15879,1723,2025-07-28,411.68,411.68,0
15880,1723,2025-08-25,411.68,411.68,0
15881,1723,2025-09-26,411.68,411.68,0
15882,1723,2025-10-27,411.68,411.68,0
15883,1723,2025-11-23,411.68,411.68,0
15884,1723,2025-12-28,411.68,411.68,0
15885,1724,2025-07-22,1567.52,1567.52,0
15886,1724,2025-08-23,1567.52,1567.52,0
15887,1724,2025-09-28,1567.52,1567.52,0
15888,1724,2025-10-26,1567.52,1567.52,0
15889,1724,2025-11-28,1567.52,1567.52,0
15890,1724,2025-12-23,1567.52,1567.52,0
15891,1725,2025-05-23,199.81,199.81,0
15892,1725,2025-06-22,199.81,199.81,0
15893,1725,2025-07-23,199.81,199.81,0
15894,1725,2025-08-23,199.81,199.81,0
15895,1725,2025-09-24,199.81,199.81,0
15896,1725,2025-10-23,199.81,199.81,0
15897,1725,2025-11-25,199.81,199.81,0
15898,1725,2026-05-28,199.81,68.32,153
15899,1726,2025-03-24,783.43,783.43,0
15900,1726,2025-04-25,783.43,783.43,0
15901,1726,2025-05-26,783.43,783.43,0
15902,1726,2025-06-22,783.43,783.43,0
15903,1726,2025-07-23,783.43,783.43,0
15904,1726,2025-08-24,783.43,783.43,0
15905,1726,2025-09-28,783.43,783.43,0
15906,1726,2025-10-26,783.43,783.43,0
15907,1726,2025-11-28,783.43,783.43,0
15908,1726,2025-12-28,783.43,783.43,0
15909,1727,2025-04-28,301.4,301.4,0
15910,1727,2025-05-28,301.4,301.4,0
15911,1727,2025-06-23,301.4,301.4,0
15912,1727,2025-07-22,301.4,301.4,0
15913,1727,2025-08-23,301.4,301.4,0
15914,1727,2025-09-23,301.4,301.4,0
15915,1727,2025-10-24,301.4,301.4,0
15916,1727,2025-11-25,301.4,301.4,0
15917,1727,2025-12-24,301.4,301.4,0
15918,1728,2025-05-28,222.8,222.8,0
15919,1728,2025-08-10,222.8,211.25,43
15920,1728,2025-07-27,222.8,222.8,0
15921,1728,2025-08-27,222.8,222.8,0
15922,1728,2025-09-25,222.8,222.8,0
15923,1728,2025-10-22,222.8,222.8,0
15924,1728,2026-01-27,222.8,196.25,62
15925,1728,2025-12-28,222.8,222.8,0
15926,1730,2025-08-27,134.1,134.1,0
15927,1730,2025-09-24,134.1,134.1,0
15928,1730,2025-10-24,134.1,134.1,0
15929,1730,2025-11-25,134.1,134.1,0
15930,1730,2025-12-23,134.1,134.1,0
15931,1731,2025-10-25,179.03,179.03,0
15932,1731,2025-11-28,179.03,179.03,0
15933,1731,2025-12-24,179.03,179.03,0
15934,1732,2024-03-27,304.87,304.87,0
15935,1732,2024-04-27,304.87,304.87,0
15936,1732,2024-05-22,304.87,304.87,0
15937,1732,2024-06-28,304.87,304.87,0
15938,1732,2024-07-26,304.87,304.87,0
15939,1732,2024-08-28,304.87,304.87,0
15940,1732,2024-09-27,304.87,304.87,0
15941,1732,2024-10-26,304.87,304.87,0
15942,1732,2024-11-24,304.87,304.87,0
15943,1732,2024-12-22,304.87,304.87,0
15944,1732,2025-01-28,304.87,304.87,0
15945,1732,2025-02-25,304.87,304.87,0
15946,1732,2025-03-23,304.87,304.87,0
15947,1732,2025-04-23,304.87,304.87,0
15948,1732,2025-05-25,304.87,304.87,0
15949,1732,2025-06-22,304.87,304.87,0
15950,1732,2025-07-24,304.87,304.87,0
15951,1732,2025-08-22,304.87,304.87,0
15952,1732,2025-09-24,304.87,304.87,0
15953,1732,2025-10-28,304.87,304.87,0
15954,1732,2026-01-21,304.87,254.28,56
15955,1732,2025-12-25,304.87,304.87,0
15956,1733,2025-05-27,391.04,391.04,0
15957,1733,2025-09-02,391.04,388.81,70
15958,1733,2025-07-26,391.04,391.04,0
15959,1733,2025-08-26,391.04,391.04,0
15960,1733,2025-09-24,391.04,391.04,0
15961,1733,2025-10-28,391.04,391.04,0
15962,1733,2026-01-04,391.04,34.79,43
15963,1733,2025-12-24,391.04,391.04,0
15964,1734,2025-01-27,772.65,772.65,0
15965,1734,2025-02-22,772.65,772.65,0
15966,1734,2025-03-25,772.65,772.65,0
15967,1734,2025-04-27,772.65,772.65,0
15968,1734,2025-05-25,772.65,772.65,0
15969,1734,2025-06-27,772.65,772.65,0
15970,1734,2025-07-28,772.65,634.18,3
15971,1734,2025-08-27,772.65,772.65,0
15972,1734,2025-09-23,772.65,772.65,0
15973,1734,2025-10-28,772.65,772.65,0
15974,1734,2025-11-22,772.65,772.65,0
15975,1734,2026-03-18,772.65,644.68,83
15976,1735,2024-04-24,199.53,178.69,88
15977,1735,2024-02-22,199.53,199.53,0
15978,1735,2024-03-26,199.53,199.53,0
15979,1735,2024-07-30,199.53,51.16,94
15980,1735,2024-05-23,199.53,199.53,0
15981,1735,2024-06-28,199.53,199.53,0
15982,1735,2024-07-25,199.53,199.53,0
15983,1735,2024-08-27,199.53,199.53,0
15984,1735,2024-09-26,199.53,199.53,0
15985,1735,2024-10-25,199.53,199.53,0
15986,1735,2024-11-27,199.53,199.53,0
15987,1735,2024-12-27,199.53,199.53,0
15988,1735,2025-01-27,199.53,199.53,0
15989,1735,2025-02-25,199.53,199.53,0
15990,1735,2025-03-27,199.53,199.53,0
15991,1735,2025-04-28,199.53,199.53,0
15992,1735,2025-05-26,199.53,199.53,0
15993,1735,2025-09-24,199.53,65.49,89
15994,1735,2025-07-28,199.53,199.53,0
15995,1736,2025-06-27,484.32,484.32,0
15996,1736,2025-07-23,484.32,484.32,0
15997,1736,2025-08-27,484.32,484.32,0
15998,1736,2025-09-28,484.32,484.32,0
15999,1736,2025-10-26,484.32,484.32,0
16000,1736,2026-02-14,484.32,415.95,80
16001,1736,2025-12-23,484.32,484.32,0
16002,1737,2025-10-30,292.3,51.75,157
16003,1737,2025-06-25,292.3,292.3,0
16004,1737,2025-07-27,292.3,292.3,0
16005,1737,2025-08-27,292.3,292.3,0
16006,1737,2025-09-28,292.3,292.3,0
16007,1737,2025-10-23,292.3,292.3,0
16008,1737,2025-11-27,292.3,292.3,0
16009,1737,2025-12-23,292.3,292.3,0
16010,1738,2025-09-24,288.5,288.5,0
16011,1738,2026-01-29,288.5,95.71,98
16012,1738,2025-11-26,288.5,288.5,0
16013,1738,2026-03-17,288.5,280.09,79
16014,1739,2024-01-28,256.5,256.5,0
16015,1739,2024-02-27,256.5,256.5,0
16016,1739,2024-03-24,256.5,256.5,0
16017,1739,2024-04-27,256.5,256.5,0
16018,1739,2024-05-25,256.5,256.5,0
16019,1739,2024-06-22,256.5,256.5,0
16020,1739,2024-07-22,256.5,256.5,0
16021,1739,2024-08-27,256.5,256.5,0
16022,1739,2024-09-25,256.5,256.5,0
16023,1739,2024-10-22,256.5,256.5,0
16024,1739,2024-11-27,256.5,256.5,0
16025,1739,2024-12-23,256.5,256.5,0
16026,1739,2025-01-27,256.5,256.5,0
16027,1739,2025-02-22,256.5,256.5,0
16028,1739,2025-03-28,256.5,256.5,0
16029,1739,2025-04-24,256.5,256.5,0
16030,1739,2025-05-25,256.5,256.5,0
16031,1739,2025-06-27,256.5,256.5,0
16032,1739,2025-09-21,256.5,241.41,58
16033,1739,2025-08-24,256.5,256.5,0
16034,1739,2025-09-22,256.5,256.5,0
16035,1739,2025-10-26,256.5,256.5,0
16036,1739,2025-11-23,256.5,256.5,0
16037,1739,2025-12-28,256.5,256.5,0
16038,1740,2025-04-26,326.67,326.67,0
16039,1740,2025-05-24,326.67,326.67,0
16040,1740,2025-06-26,326.67,326.67,0
16041,1740,2025-07-23,326.67,326.67,0
16042,1740,2025-08-28,326.67,326.67,0
16043,1740,2026-02-06,326.67,69.64,132
16044,1740,2025-12-06,326.67,274.19,41
16045,1740,2025-11-27,326.67,326.67,0
16046,1740,2025-12-22,326.67,326.67,0
16047,1741,2024-08-27,400.82,400.82,0
16048,1741,2024-09-23,400.82,400.82,0
16049,1741,2024-10-27,400.82,400.82,0
16050,1741,2024-11-26,400.82,400.82,0
16051,1741,2025-03-05,400.82,355.74,73
16052,1741,2025-01-22,400.82,400.82,0
16053,1741,2025-02-26,400.82,400.82,0
16054,1741,2025-03-24,400.82,400.82,0
16055,1741,2025-04-22,400.82,400.82,0
16056,1741,2025-05-28,400.82,400.82,0
16057,1741,2025-06-23,400.82,400.82,0
16058,1741,2025-07-26,400.82,400.82,0
16059,1741,2025-08-28,400.82,400.82,0
16060,1741,2025-09-26,400.82,400.82,0
16061,1741,2025-10-27,400.82,400.82,0
16062,1741,2026-02-07,400.82,360.51,73
16063,1741,2025-12-22,400.82,400.82,0
16064,1742,2025-06-25,634.82,634.82,0
16065,1742,2025-07-25,634.82,634.82,0
16066,1742,2025-08-24,634.82,634.82,0
16067,1742,2025-09-24,634.82,634.82,0
16068,1742,2025-10-22,634.82,634.82,0
16069,1742,2025-11-22,634.82,634.82,0
16070,1742,2025-12-26,634.82,634.82,0
16071,1743,2025-08-26,556.25,556.25,0
16072,1743,2025-09-27,556.25,556.25,0
16073,1743,2025-10-27,556.25,556.25,0
16074,1743,2025-11-25,556.25,556.25,0
16075,1743,2025-12-27,556.25,556.25,0
16076,1744,2025-04-28,907.87,907.87,0
16077,1744,2025-05-28,907.87,907.87,0
16078,1744,2025-06-26,907.87,907.87,0
16079,1744,2025-07-23,907.87,907.87,0
16080,1744,2025-08-27,907.87,907.87,0
16081,1744,2025-09-26,907.87,907.87,0
16082,1744,2025-10-25,907.87,907.87,0
16083,1744,2025-11-25,907.87,907.87,0
16084,1744,2025-12-23,907.87,907.87,0
16085,1745,2025-06-23,276.89,276.89,0
16086,1745,2025-07-27,276.89,276.89,0
16087,1745,2025-08-25,276.89,276.89,0
16088,1745,2025-09-24,276.89,276.89,0
16089,1745,2025-10-22,276.89,276.89,0
16090,1745,2025-11-27,276.89,276.89,0
16091,1745,2025-12-24,276.89,276.89,0
16092,1746,2025-08-26,211.2,211.2,0
16093,1746,2025-09-26,211.2,211.2,0
16094,1746,2025-10-25,211.2,211.2,0
16095,1746,2025-11-22,211.2,211.2,0
16096,1746,2025-12-22,211.2,211.2,0
16097,1747,2024-10-27,422.43,422.43,0
16098,1747,2024-11-24,422.43,422.43,0
16099,1747,2025-01-18,422.43,341.53,24
16100,1747,2025-01-23,422.43,422.43,0
16101,1747,2025-04-11,422.43,54.11,42
16102,1747,2025-03-26,422.43,422.43,0
16103,1747,2025-04-27,422.43,422.43,0
16104,1747,2025-05-22,422.43,422.43,0
16105,1747,2025-06-25,422.43,422.43,0
16106,1747,2025-07-27,422.43,422.43,0
16107,1747,2025-08-26,422.43,422.43,0
16108,1747,2025-09-26,422.43,422.43,0
16109,1747,2025-10-22,422.43,422.43,0
16110,1747,2025-11-23,422.43,422.43,0
16111,1747,2025-12-23,422.43,422.43,0
16112,1748,2025-05-27,1197.7,1197.7,0
16113,1748,2025-06-23,1197.7,1197.7,0
16114,1748,2025-07-24,1197.7,1197.7,0
16115,1748,2025-08-26,1197.7,1197.7,0
16116,1748,2025-09-28,1197.7,1197.7,0
16117,1748,2025-10-26,1197.7,1197.7,0
16118,1748,2025-11-28,1197.7,1197.7,0
16119,1748,2025-12-28,1197.7,1197.7,0
16120,1749,2025-06-26,654.06,654.06,0
16121,1749,2025-07-26,654.06,654.06,0
16122,1749,2025-08-27,654.06,654.06,0
16123,1749,2025-09-22,654.06,654.06,0
16124,1749,2025-10-24,654.06,654.06,0
16125,1749,2025-12-27,654.06,574.64,33
16126,1749,2025-12-24,654.06,654.06,0
16127,1750,2024-01-22,294.47,294.47,0
16128,1750,2024-02-27,294.47,294.47,0
16129,1750,2024-03-26,294.47,294.47,0
16130,1750,2024-04-24,294.47,294.47,0
16131,1750,2024-06-26,294.47,255.76,33
16132,1750,2024-06-27,294.47,294.47,0
16133,1750,2024-07-22,294.47,294.47,0
16134,1750,2024-10-04,294.47,249.74,43
16135,1750,2024-09-26,294.47,294.47,0
16136,1750,2024-11-16,294.47,289.75,21
16137,1750,2024-11-26,294.47,294.47,0
16138,1750,2024-12-27,294.47,294.47,0
16139,1750,2025-01-25,294.47,294.47,0
16140,1750,2025-02-28,294.47,294.47,0
16141,1750,2025-03-26,294.47,294.47,0
16142,1750,2025-04-23,294.47,294.47,0
16143,1750,2025-05-26,294.47,294.47,0
16144,1750,2025-06-25,294.47,294.47,0
16145,1750,2025-07-25,294.47,294.47,0
16146,1750,2025-08-22,294.47,294.47,0
16147,1750,2025-09-27,294.47,294.47,0
16148,1750,2025-10-27,294.47,294.47,0
16149,1750,2025-11-24,294.47,294.47,0
16150,1750,2025-12-24,294.47,294.47,0
16151,1751,2025-06-23,832.64,832.64,0
16152,1751,2025-07-27,832.64,832.64,0
16153,1751,2025-08-23,832.64,832.64,0
16154,1751,2025-09-25,832.64,832.64,0
16155,1751,2025-10-27,832.64,832.64,0
16156,1751,2025-11-23,832.64,832.64,0
16157,1751,2025-12-24,832.64,832.64,0
16158,1752,2024-08-25,218.67,218.67,0
16159,1752,2024-09-26,218.67,218.67,0
16160,1752,2024-10-24,218.67,218.67,0
16161,1752,2024-11-27,218.67,218.67,0
16162,1752,2024-12-24,218.67,218.67,0
16163,1752,2025-01-27,218.67,218.67,0
16164,1752,2025-02-28,218.67,218.67,0
16165,1752,2025-03-22,218.67,218.67,0
16166,1752,2025-04-23,218.67,218.67,0
16167,1752,2025-05-27,218.67,218.67,0
16168,1752,2025-06-28,218.67,218.67,0
16169,1752,2025-07-28,218.67,218.67,0
16170,1752,2025-08-25,218.67,218.67,0
16171,1752,2025-09-28,218.67,218.67,0
16172,1752,2025-10-26,218.67,218.67,0
16173,1752,2025-11-28,218.67,218.67,0
16174,1752,2025-12-23,218.67,218.67,0
16175,1753,2025-02-23,256.07,256.07,0
16176,1753,2025-06-22,256.07,58.71,89
16177,1753,2025-04-26,256.07,256.07,0
16178,1753,2025-05-27,256.07,256.07,0
16179,1753,2025-06-25,256.07,256.07,0
16180,1753,2025-07-26,256.07,256.07,0
16181,1753,2025-09-24,256.07,228.8,27
16182,1753,2025-09-23,256.07,256.07,0
16183,1753,2025-10-27,256.07,256.07,0
16184,1753,2025-11-24,256.07,256.07,0
16185,1753,2025-12-26,256.07,256.07,0
16186,1754,2024-05-22,667.87,667.87,0
16187,1754,2024-06-26,667.87,667.87,0
16188,1754,2024-07-27,667.87,667.87,0
16189,1754,2024-08-23,667.87,667.87,0
16190,1754,2024-09-25,667.87,667.87,0
16191,1754,2024-10-27,667.87,667.87,0
16192,1754,2024-11-24,667.87,667.87,0
16193,1754,2024-12-26,667.87,667.87,0
16194,1754,2025-01-25,667.87,667.87,0
16195,1754,2025-02-28,667.87,667.87,0
16196,1754,2025-03-25,667.87,667.87,0
16197,1754,2025-04-22,667.87,667.87,0
16198,1754,2025-05-27,667.87,667.87,0
16199,1754,2025-06-27,667.87,667.87,0
16200,1754,2025-07-23,667.87,667.87,0
16201,1754,2025-08-27,667.87,667.87,0
16202,1754,2025-09-23,667.87,667.87,0
16203,1754,2025-10-24,667.87,667.87,0
16204,1754,2025-11-22,667.87,667.87,0
16205,1754,2025-12-24,667.87,667.87,0
16206,1755,2024-11-28,149.8,149.8,0
16207,1755,2024-12-22,149.8,149.8,0
16208,1755,2025-01-26,149.8,149.8,0
16209,1755,2025-07-17,149.8,14.02,145
16210,1755,2025-03-26,149.8,149.8,0
16211,1755,2025-04-23,149.8,149.8,0
16212,1755,2025-05-26,149.8,149.8,0
16213,1755,2025-06-22,149.8,149.8,0
16214,1755,2025-07-22,149.8,149.8,0
16215,1755,2025-08-28,149.8,149.8,0
16216,1755,2025-09-24,149.8,149.8,0
16217,1755,2025-10-24,149.8,149.8,0
16218,1755,2025-11-22,149.8,149.8,0
16219,1755,2025-12-22,149.8,149.8,0
16220,1756,2025-09-25,386.92,386.92,0
16221,1756,2025-10-28,386.92,386.92,0
16222,1756,2026-01-20,386.92,379.36,59
16223,1756,2025-12-23,386.92,386.92,0
16224,1757,2024-10-28,376.7,376.7,0
16225,1757,2024-12-03,376.7,328.64,8
16226,1757,2024-12-25,376.7,376.7,0
16227,1757,2025-01-28,376.7,376.7,0
16228,1757,2025-02-23,376.7,376.7,0
16229,1757,2025-03-26,376.7,376.7,0
16230,1757,2025-04-25,376.7,376.7,0
16231,1757,2025-05-28,376.7,376.7,0
16232,1757,2025-06-26,376.7,376.7,0
16233,1757,2025-07-26,376.7,376.7,0
16234,1757,2025-08-26,376.7,376.7,0
16235,1757,2025-09-28,376.7,376.7,0
16236,1757,2025-10-28,376.7,376.7,0
16237,1758,2025-07-31,596.08,526.19,35
16238,1758,2025-07-31,596.08,575.63,3
16239,1758,2025-10-07,596.08,565.84,40
16240,1758,2025-09-23,596.08,596.08,0
16241,1758,2025-10-25,596.08,596.08,0
16242,1758,2025-11-22,596.08,596.08,0
16243,1758,2025-12-25,596.08,596.08,0
16244,1759,2025-07-22,555.86,28.91,88
16245,1759,2025-05-24,555.86,555.86,0
16246,1759,2025-06-24,555.86,555.86,0
16247,1759,2025-07-23,555.86,555.86,0
16248,1759,2025-08-28,555.86,555.86,0
16249,1759,2025-09-27,555.86,555.86,0
16250,1759,2025-10-25,555.86,555.86,0
16251,1759,2025-11-28,555.86,555.86,0
16252,1759,2025-12-24,555.86,555.86,0
16253,1760,2025-08-04,252.4,59.09,133
16254,1760,2025-04-23,252.4,252.4,0
16255,1760,2025-05-23,252.4,252.4,0
16256,1760,2025-06-22,252.4,252.4,0
16257,1760,2025-07-22,252.4,252.4,0
16258,1760,2025-08-24,252.4,252.4,0
16259,1760,2025-09-27,252.4,252.4,0
16260,1760,2025-10-24,252.4,252.4,0
16261,1760,2025-11-27,252.4,252.4,0
16262,1760,2026-02-27,252.4,219.5,61
16263,1761,2025-11-27,272.26,272.26,0
16264,1761,2025-12-27,272.26,272.26,0
16265,1762,2024-11-22,670.08,670.08,0
16266,1762,2025-03-18,670.08,207.65,80
16267,1762,2025-04-02,670.08,665.85,64
16268,1762,2025-02-23,670.08,670.08,0
16269,1762,2025-03-28,670.08,670.08,0
16270,1762,2025-04-24,670.08,670.08,0
16271,1762,2025-05-26,670.08,670.08,0
16272,1762,2025-06-24,670.08,670.08,0
16273,1762,2025-07-26,670.08,670.08,0
16274,1762,2025-10-24,670.08,538.29,58
16275,1762,2025-09-22,670.08,670.08,0
16276,1762,2025-10-27,670.08,670.08,0
16277,1762,2026-03-27,670.08,128.99,121
16278,1762,2026-01-17,670.08,613.41,21
16279,1763,2026-02-18,151.32,125.81,55
16280,1765,2024-02-24,174.1,174.1,0
16281,1765,2024-03-25,174.1,174.1,0
16282,1765,2024-04-27,174.1,174.1,0
16283,1765,2024-05-22,174.1,174.1,0
16284,1765,2024-06-26,174.1,174.1,0
16285,1765,2024-07-28,174.1,174.1,0
16286,1765,2024-08-24,174.1,174.1,0
16287,1765,2024-09-22,174.1,174.1,0
16288,1765,2024-10-24,174.1,174.1,0
16289,1765,2024-11-24,174.1,174.1,0
16290,1765,2024-12-24,174.1,174.1,0
16291,1765,2025-01-26,174.1,174.1,0
16292,1765,2025-02-26,174.1,174.1,0
16293,1765,2025-03-22,174.1,174.1,0
16294,1765,2025-04-27,174.1,174.1,0
16295,1765,2025-05-25,174.1,174.1,0
16296,1765,2025-06-23,174.1,174.1,0
16297,1765,2025-07-28,174.1,174.1,0
16298,1765,2025-08-23,174.1,174.1,0
16299,1765,2025-09-27,174.1,174.1,0
16300,1765,2025-10-27,174.1,174.1,0
16301,1765,2025-11-25,174.1,174.1,0
16302,1765,2025-12-25,174.1,174.1,0
16303,1766,2025-10-26,226.01,187.55,4
16304,1766,2025-11-23,226.01,226.01,0
16305,1766,2025-12-25,226.01,226.01,0
16306,1767,2025-01-27,777.97,777.97,0
16307,1767,2025-02-27,777.97,777.97,0
16308,1767,2025-06-05,777.97,306.4,73
16309,1767,2025-04-25,777.97,777.97,0
16310,1767,2025-05-28,777.97,777.97,0
16311,1767,2025-06-26,777.97,777.97,0
16312,1767,2025-07-27,777.97,777.97,0
16313,1767,2025-08-26,777.97,777.97,0
16314,1767,2025-11-09,777.97,649.41,43
16315,1767,2025-12-30,777.97,635.27,66
16316,1767,2025-11-25,777.97,777.97,0
16317,1767,2025-12-22,777.97,777.97,0
16318,1768,2025-06-26,921.14,921.14,0
16319,1768,2025-07-24,921.14,921.14,0
16320,1768,2025-09-24,921.14,826.49,33
16321,1768,2025-09-26,921.14,921.14,0
16322,1768,2025-10-24,921.14,921.14,0
16323,1768,2025-11-28,921.14,921.14,0
16324,1768,2025-12-25,921.14,921.14,0
16325,1769,2025-07-24,572.22,572.22,0
16326,1769,2025-08-27,572.22,572.22,0
16327,1769,2025-09-27,572.22,572.22,0
16328,1769,2025-10-22,572.22,572.22,0
16329,1769,2025-11-26,572.22,572.22,0
16330,1769,2026-01-04,572.22,555.87,12
16331,1770,2025-05-28,523.35,523.35,0
16332,1770,2025-06-25,523.35,523.35,0
16333,1770,2025-07-24,523.35,523.35,0
16334,1770,2025-08-23,523.35,523.35,0
16335,1770,2025-09-23,523.35,523.35,0
16336,1770,2025-10-23,523.35,523.35,0
16337,1770,2026-01-31,523.35,476.37,67
16338,1770,2026-03-13,523.35,131.28,80
16339,1771,2025-12-23,446.78,446.78,0
16340,1772,2025-03-24,586.18,586.18,0
16341,1772,2025-04-25,586.18,586.18,0
16342,1772,2025-05-22,586.18,586.18,0
16343,1772,2025-06-28,586.18,586.18,0
16344,1772,2025-07-27,586.18,586.18,0
16345,1772,2025-08-26,586.18,586.18,0
16346,1772,2025-09-24,586.18,586.18,0
16347,1772,2025-10-25,586.18,586.18,0
16348,1772,2025-11-28,586.18,586.18,0
16349,1772,2025-12-22,586.18,586.18,0
16350,1773,2025-02-26,517.71,517.71,0
16351,1773,2025-03-25,517.71,517.71,0
16352,1773,2025-04-22,517.71,517.71,0
16353,1773,2025-05-24,517.71,517.71,0
16354,1773,2025-06-26,517.71,517.71,0
16355,1773,2025-07-22,517.71,517.71,0
16356,1773,2025-08-23,517.71,517.71,0
16357,1773,2025-09-24,517.71,517.71,0
16358,1773,2025-10-23,517.71,517.71,0
16359,1773,2025-11-26,517.71,517.71,0
16360,1773,2025-12-28,517.71,517.71,0
16361,1774,2025-06-22,344.59,344.59,0
16362,1774,2025-07-27,344.59,344.59,0
16363,1774,2025-08-25,344.59,344.59,0
16364,1774,2025-09-25,344.59,344.59,0
16365,1774,2025-10-26,344.59,344.59,0
16366,1774,2025-11-23,344.59,344.59,0
16367,1774,2025-12-26,344.59,344.59,0
16368,1775,2025-12-24,428.79,428.79,0
16369,1776,2025-12-24,176.54,176.54,0
16370,1777,2024-12-24,121.49,121.49,0
16371,1777,2025-01-27,121.49,121.49,0
16372,1777,2025-02-25,121.49,121.49,0
16373,1777,2025-03-25,121.49,121.49,0
16374,1777,2025-04-28,121.49,121.49,0
16375,1777,2025-05-25,121.49,121.49,0
16376,1777,2025-06-25,121.49,121.49,0
16377,1777,2025-07-28,121.49,121.49,0
16378,1777,2025-08-28,121.49,121.49,0
16379,1777,2025-09-28,121.49,121.49,0
16380,1777,2025-10-25,121.49,121.49,0
16381,1777,2025-11-26,121.49,121.49,0
16382,1777,2025-12-24,121.49,121.49,0
16383,1778,2025-07-22,606.71,606.71,0
16384,1778,2025-08-28,606.71,606.71,0
16385,1778,2025-09-26,606.71,606.71,0
16386,1778,2025-10-23,606.71,606.71,0
16387,1778,2025-11-24,606.71,606.71,0
16388,1778,2025-12-27,606.71,606.71,0
16389,1779,2025-03-24,95.72,95.72,0
16390,1779,2025-04-23,95.72,95.72,0
16391,1779,2025-05-22,95.72,95.72,0
16392,1779,2025-06-23,95.72,95.72,0
16393,1779,2025-07-28,95.72,95.72,0
16394,1779,2025-08-23,95.72,95.72,0
16395,1779,2025-09-25,95.72,95.72,0
16396,1779,2025-10-24,95.72,95.72,0
16397,1779,2025-11-27,95.72,95.72,0
16398,1779,2025-12-22,95.72,95.72,0
16399,1780,2025-05-23,189.3,189.3,0
16400,1780,2025-06-23,189.3,189.3,0
16401,1780,2025-07-23,189.3,189.3,0
16402,1780,2025-08-26,189.3,189.3,0
16403,1780,2025-09-22,189.3,189.3,0
16404,1780,2025-10-25,189.3,189.3,0
16405,1780,2025-11-26,189.3,189.3,0
16406,1780,2025-12-26,189.3,189.3,0
16407,1781,2025-06-25,213.65,213.65,0
16408,1781,2025-07-22,213.65,213.65,0
16409,1781,2025-08-28,213.65,213.65,0
16410,1781,2025-09-22,213.65,213.65,0
16411,1781,2025-10-24,213.65,213.65,0
16412,1781,2025-11-25,213.65,213.65,0
16413,1781,2026-01-14,213.65,212.61,17
16414,1782,2024-10-28,301.39,301.39,0
16415,1782,2024-11-25,301.39,301.39,0
16416,1782,2024-12-26,301.39,301.39,0
16417,1782,2025-01-24,301.39,301.39,0
16418,1782,2025-02-22,301.39,301.39,0
16419,1782,2025-03-27,301.39,301.39,0
16420,1782,2025-09-22,301.39,18.88,150
16421,1782,2025-05-25,301.39,301.39,0
16422,1782,2025-06-26,301.39,301.39,0
16423,1782,2025-07-25,301.39,301.39,0
16424,1782,2025-08-26,301.39,301.39,0
16425,1782,2025-09-25,301.39,301.39,0
16426,1782,2025-10-27,301.39,301.39,0
16427,1782,2025-11-26,301.39,301.39,0
16428,1782,2025-12-25,301.39,301.39,0
16429,1783,2025-06-24,152.98,152.98,0
16430,1783,2025-07-26,152.98,152.98,0
16431,1783,2025-08-25,152.98,152.98,0
16432,1783,2025-12-12,152.98,150.77,81
16433,1783,2025-10-27,152.98,152.98,0
16434,1783,2025-11-28,152.98,152.98,0
16435,1783,2025-12-28,152.98,152.98,0
16436,1784,2024-09-28,182.17,182.17,0
16437,1784,2024-10-23,182.17,182.17,0
16438,1784,2024-12-18,182.17,174.88,23
16439,1784,2025-01-01,182.17,150.57,9
16440,1784,2025-04-16,182.17,179.67,82
16441,1784,2025-03-07,182.17,166.89,10
16442,1784,2025-05-10,182.17,166.03,43
16443,1784,2025-07-20,182.17,3.0,86
16444,1784,2025-05-24,182.17,182.17,0
16445,1784,2025-11-19,182.17,32.1,147
16446,1784,2025-07-22,182.17,182.17,0
16447,1784,2025-09-01,182.17,154.16,5
16448,1784,2025-10-29,182.17,178.35,33
16449,1784,2026-01-11,182.17,180.73,81
16450,1784,2025-11-23,182.17,182.17,0
16451,1784,2025-12-28,182.17,182.17,0
16452,1785,2025-05-22,419.3,419.3,0
16453,1785,2025-06-24,419.3,419.3,0
16454,1785,2025-10-31,419.3,13.5,99
16455,1785,2025-11-01,419.3,383.78,68
16456,1785,2026-01-09,419.3,11.25,106
16457,1785,2025-10-24,419.3,419.3,0
16458,1785,2025-11-26,419.3,419.3,0
16459,1785,2025-12-23,419.3,419.3,0
16460,1786,2025-03-24,362.32,362.32,0
16461,1786,2025-04-24,362.32,362.32,0
16462,1786,2025-05-28,362.32,362.32,0
16463,1786,2025-06-24,362.32,362.32,0
16464,1786,2025-07-28,362.32,362.32,0
16465,1786,2025-11-21,362.32,323.95,85
16466,1786,2025-09-22,362.32,362.32,0
16467,1786,2025-10-22,362.32,362.32,0
16468,1786,2025-11-26,362.32,362.32,0
16469,1786,2025-12-25,362.32,362.32,0
16470,1787,2024-12-24,67.22,67.22,0
16471,1787,2025-01-24,67.22,67.22,0
16472,1787,2025-02-24,67.22,67.22,0
16473,1787,2025-03-23,67.22,67.22,0
16474,1787,2025-04-22,67.22,67.22,0
16475,1787,2025-05-24,67.22,67.22,0
16476,1787,2025-06-25,67.22,67.22,0
16477,1787,2025-07-28,67.22,67.22,0
16478,1787,2025-08-22,67.22,67.22,0
16479,1787,2025-09-23,67.22,67.22,0
16480,1787,2025-10-28,67.22,67.22,0
16481,1787,2025-11-22,67.22,67.22,0
16482,1787,2025-12-24,67.22,67.22,0
16483,1788,2025-07-16,138.38,49.56,53
16484,1788,2025-06-22,138.38,138.38,0
16485,1788,2025-07-24,138.38,138.38,0
16486,1788,2025-08-22,138.38,138.38,0
16487,1788,2025-09-26,138.38,138.38,0
16488,1788,2025-10-26,138.38,138.38,0
16489,1788,2025-11-22,138.38,138.38,0
16490,1788,2026-03-03,138.38,133.99,71
16491,1789,2025-07-24,692.78,692.78,0
16492,1789,2025-08-25,692.78,692.78,0
16493,1789,2025-09-26,692.78,692.78,0
16494,1789,2025-10-23,692.78,692.78,0
16495,1789,2026-01-26,692.78,561.71,65
16496,1789,2025-12-25,692.78,692.78,0
16497,1790,2025-02-28,390.36,390.36,0
16498,1790,2025-03-26,390.36,390.36,0
16499,1790,2025-04-24,390.36,390.36,0
16500,1790,2025-05-27,390.36,390.36,0
16501,1790,2025-06-23,390.36,390.36,0
16502,1790,2025-07-27,390.36,390.36,0
16503,1790,2025-08-22,390.36,390.36,0
16504,1790,2025-09-22,390.36,390.36,0
16505,1790,2025-11-06,390.36,314.09,11
16506,1790,2025-11-22,390.36,390.36,0
16507,1790,2026-01-19,390.36,360.5,27
16508,1791,2025-09-27,1542.71,1542.71,0
16509,1791,2025-10-26,1542.71,1542.71,0
16510,1791,2025-11-27,1542.71,1542.71,0
16511,1791,2025-12-28,1542.71,1542.71,0
16512,1792,2025-06-24,346.96,346.96,0
16513,1792,2025-07-27,346.96,346.96,0
16514,1792,2025-08-23,346.96,346.96,0
16515,1792,2025-09-27,346.96,346.96,0
16516,1792,2025-10-25,346.96,346.96,0
16517,1792,2025-11-26,346.96,346.96,0
16518,1792,2025-12-25,346.96,346.96,0
16519,1793,2024-10-27,255.63,255.63,0
16520,1793,2024-11-28,255.63,255.63,0
16521,1793,2024-12-28,255.63,255.63,0
16522,1793,2025-01-25,255.63,255.63,0
16523,1793,2025-02-26,255.63,255.63,0
16524,1793,2025-03-26,255.63,255.63,0
16525,1793,2025-04-23,255.63,255.63,0
16526,1793,2025-05-25,255.63,255.63,0
16527,1793,2025-06-28,255.63,255.63,0
16528,1793,2025-09-18,255.63,230.74,54
16529,1793,2025-08-27,255.63,255.63,0
16530,1793,2025-09-28,255.63,255.63,0
16531,1793,2025-11-29,255.63,231.33,32
16532,1793,2025-11-27,255.63,255.63,0
16533,1793,2025-12-22,255.63,255.63,0
16534,1794,2024-01-28,315.02,315.02,0
16535,1794,2024-02-26,315.02,315.02,0
16536,1794,2024-03-26,315.02,315.02,0
16537,1794,2024-04-23,315.02,315.02,0
16538,1794,2024-05-24,315.02,315.02,0
16539,1794,2024-06-22,315.02,315.02,0
16540,1794,2024-07-25,315.02,315.02,0
16541,1794,2024-08-28,315.02,315.02,0
16542,1794,2024-09-23,315.02,315.02,0
16543,1794,2024-10-24,315.02,315.02,0
16544,1794,2025-01-01,315.02,25.88,38
16545,1794,2024-12-25,315.02,315.02,0
16546,1794,2025-01-23,315.02,315.02,0
16547,1794,2025-02-22,315.02,315.02,0
16548,1794,2025-03-22,315.02,315.02,0
16549,1794,2025-04-26,315.02,315.02,0
16550,1794,2025-05-24,315.02,315.02,0
16551,1794,2025-06-23,315.02,315.02,0
16552,1794,2025-07-28,315.02,315.02,0
16553,1794,2025-08-24,315.02,315.02,0
16554,1794,2025-09-26,315.02,315.02,0
16555,1794,2025-10-26,315.02,315.02,0
16556,1794,2025-11-26,315.02,315.02,0
16557,1794,2025-12-26,315.02,315.02,0
16558,1795,2024-12-27,616.97,616.97,0
16559,1795,2025-01-24,616.97,616.97,0
16560,1795,2025-02-23,616.97,616.97,0
16561,1795,2025-03-23,616.97,616.97,0
16562,1795,2025-04-27,616.97,616.97,0
16563,1795,2025-05-25,616.97,616.97,0
16564,1795,2025-06-27,616.97,616.97,0
16565,1795,2025-07-23,616.97,616.97,0
16566,1795,2025-08-22,616.97,616.97,0
16567,1795,2025-09-28,616.97,616.97,0
16568,1795,2025-10-22,616.97,616.97,0
16569,1795,2026-01-11,616.97,40.72,50
16570,1795,2025-12-26,616.97,616.97,0
16571,1796,2024-12-28,198.15,198.15,0
16572,1796,2025-01-23,198.15,198.15,0
16573,1796,2025-02-27,198.15,198.15,0
16574,1796,2025-05-28,198.15,21.05,65
16575,1796,2025-04-28,198.15,198.15,0
16576,1796,2025-05-24,198.15,198.15,0
16577,1796,2025-08-02,198.15,187.21,37
16578,1796,2025-07-23,198.15,198.15,0
16579,1796,2025-08-25,198.15,198.15,0
16580,1796,2025-09-27,198.15,198.15,0
16581,1796,2025-10-27,198.15,198.15,0
16582,1796,2025-11-23,198.15,198.15,0
16583,1796,2025-12-26,198.15,198.15,0
16584,1797,2025-02-24,138.04,138.04,0
16585,1797,2025-03-24,138.04,138.04,0
16586,1797,2025-05-10,138.04,130.44,15
16587,1797,2025-05-22,138.04,138.04,0
16588,1797,2025-06-26,138.04,138.04,0
16589,1797,2025-07-25,138.04,138.04,0
16590,1797,2025-08-28,138.04,138.04,0
16591,1797,2025-09-26,138.04,138.04,0
16592,1797,2025-10-24,138.04,138.04,0
16593,1797,2025-11-27,138.04,138.04,0
16594,1797,2025-12-28,138.04,138.04,0
16595,1798,2025-06-26,45.93,45.93,0
16596,1798,2025-07-22,45.93,45.93,0
16597,1798,2025-08-24,45.93,45.93,0
16598,1798,2026-03-05,45.93,17.3,162
16599,1798,2025-10-27,45.93,45.93,0
16600,1798,2025-11-22,45.93,45.93,0
16601,1798,2026-05-27,45.93,14.7,153
16602,1799,2025-06-25,169.27,169.27,0
16603,1799,2025-07-27,169.27,169.27,0
16604,1799,2025-08-23,169.27,169.27,0
16605,1799,2025-09-26,169.27,169.27,0
16606,1799,2026-03-05,169.27,22.83,131
16607,1799,2026-01-16,169.27,154.31,51
16608,1799,2025-12-24,169.27,169.27,0
16609,1800,2025-09-24,262.49,262.49,0
16610,1800,2025-10-25,262.49,262.49,0
16611,1800,2025-11-27,262.49,262.49,0
16612,1800,2026-03-10,262.49,262.25,76
16613,1801,2025-01-27,168.36,168.36,0
16614,1801,2025-05-21,168.36,62.86,83
16615,1801,2025-03-26,168.36,168.36,0
16616,1801,2025-04-26,168.36,168.36,0
16617,1801,2025-07-01,168.36,158.56,35
16618,1801,2025-06-25,168.36,168.36,0
16619,1801,2025-07-27,168.36,168.36,0
16620,1801,2025-11-05,168.36,140.5,75
16621,1801,2025-09-24,168.36,168.36,0
16622,1801,2025-10-22,168.36,168.36,0
16623,1801,2025-11-27,168.36,168.36,0
16624,1801,2025-12-25,168.36,168.36,0
16625,1802,2024-08-27,191.64,191.64,0
16626,1802,2024-09-28,191.64,191.64,0
16627,1802,2024-10-28,191.64,191.64,0
16628,1802,2024-11-27,191.64,191.64,0
16629,1802,2024-12-28,191.64,191.64,0
16630,1802,2025-07-04,191.64,70.17,159
16631,1802,2025-02-27,191.64,191.64,0
16632,1802,2025-03-24,191.64,191.64,0
16633,1802,2025-04-25,191.64,191.64,0
16634,1802,2025-05-28,191.64,191.64,0
16635,1802,2025-06-28,191.64,191.64,0
16636,1802,2025-07-24,191.64,191.64,0
16637,1802,2025-08-23,191.64,191.64,0
16638,1802,2025-09-27,191.64,191.64,0
16639,1802,2025-10-23,191.64,191.64,0
16640,1802,2026-02-08,191.64,185.86,72
16641,1802,2025-12-24,191.64,191.64,0
16642,1803,2025-12-25,111.71,111.71,0
16643,1804,2025-08-29,154.64,124.64,63
16644,1804,2025-07-27,154.64,154.64,0
16645,1804,2025-08-22,154.64,154.64,0
16646,1804,2025-09-26,154.64,154.64,0
16647,1804,2025-10-28,154.64,154.64,0
16648,1804,2025-11-27,154.64,154.64,0
16649,1804,2026-03-10,154.64,50.83,76
16650,1805,2025-09-27,83.84,83.84,0
16651,1805,2025-10-27,83.84,83.84,0
16652,1805,2025-11-27,83.84,83.84,0
16653,1805,2025-12-24,83.84,83.84,0
16654,1806,2024-03-27,458.22,458.22,0
16655,1806,2024-04-26,458.22,458.22,0
16656,1806,2024-05-23,458.22,458.22,0
16657,1806,2024-06-27,458.22,458.22,0
16658,1806,2024-07-26,458.22,458.22,0
16659,1806,2024-08-22,458.22,458.22,0
16660,1806,2024-09-28,458.22,458.22,0
16661,1806,2024-10-24,458.22,458.22,0
16662,1806,2024-11-24,458.22,458.22,0
16663,1806,2025-01-09,458.22,406.3,16
16664,1806,2025-01-27,458.22,458.22,0
16665,1806,2025-02-23,458.22,458.22,0
16666,1806,2025-03-26,458.22,458.22,0
16667,1806,2025-04-22,458.22,458.22,0
16668,1806,2025-05-28,458.22,458.22,0
16669,1806,2025-06-28,458.22,458.22,0
16670,1806,2025-07-22,458.22,458.22,0
16671,1806,2025-08-25,458.22,458.22,0
16672,1806,2025-09-27,458.22,458.22,0
16673,1806,2025-10-27,458.22,458.22,0
16674,1806,2025-11-23,458.22,458.22,0
16675,1806,2025-12-25,458.22,458.22,0
16676,1807,2025-12-23,83.81,83.81,0
16677,1808,2025-05-26,236.97,236.97,0
16678,1808,2025-06-23,236.97,236.97,0
16679,1808,2025-07-27,236.97,236.97,0
16680,1808,2025-11-12,236.97,200.53,77
16681,1808,2025-10-07,236.97,224.71,15
16682,1808,2025-10-23,236.97,236.97,0
16683,1808,2025-11-28,236.97,236.97,0
16684,1808,2025-12-23,236.97,236.97,0
16685,1809,2025-06-26,112.46,112.46,0
16686,1809,2025-07-23,112.46,112.46,0
16687,1809,2025-08-26,112.46,112.46,0
16688,1809,2025-09-28,112.46,112.46,0
16689,1809,2025-10-24,112.46,112.46,0
16690,1809,2025-11-25,112.46,112.46,0
16691,1809,2026-02-03,112.46,92.86,38
16692,1810,2025-03-25,437.08,437.08,0
16693,1810,2025-04-26,437.08,437.08,0
16694,1810,2025-05-24,437.08,437.08,0
16695,1810,2025-06-25,437.08,437.08,0
16696,1810,2025-07-23,437.08,437.08,0
16697,1810,2025-08-25,437.08,437.08,0
16698,1810,2025-09-26,437.08,437.08,0
16699,1810,2025-10-27,437.08,437.08,0
16700,1810,2025-11-25,437.08,437.08,0
16701,1810,2025-12-23,437.08,437.08,0
16702,1811,2025-05-27,216.7,216.7,0
16703,1811,2025-06-24,216.7,216.7,0
16704,1811,2025-07-28,216.7,216.7,0
16705,1811,2025-08-22,216.7,216.7,0
16706,1811,2025-09-26,216.7,216.7,0
16707,1811,2026-02-24,216.7,84.52,125
16708,1811,2026-04-30,216.7,24.44,159
16709,1811,2025-12-22,216.7,216.7,0
16710,1812,2025-02-22,459.47,459.47,0
16711,1812,2025-03-27,459.47,459.47,0
16712,1812,2025-04-23,459.47,459.47,0
16713,1812,2025-05-28,459.47,459.47,0
16714,1812,2025-06-25,459.47,459.47,0
16715,1812,2025-07-23,459.47,459.47,0
16716,1812,2025-08-27,459.47,459.47,0
16717,1812,2025-09-24,459.47,459.47,0
16718,1812,2025-10-22,459.47,459.47,0
16719,1812,2025-11-27,459.47,459.47,0
16720,1812,2026-06-03,459.47,173.14,161
16721,1813,2025-08-26,322.27,322.27,0
16722,1813,2025-09-27,322.27,322.27,0
16723,1813,2025-10-27,322.27,322.27,0
16724,1813,2025-11-24,322.27,322.27,0
16725,1813,2025-12-25,322.27,322.27,0
16726,1814,2025-06-22,103.47,103.47,0
16727,1814,2025-07-25,103.47,103.47,0
16728,1814,2025-08-25,103.47,103.47,0
16729,1814,2025-09-28,103.47,103.47,0
16730,1814,2025-10-23,103.47,103.47,0
16731,1814,2025-11-26,103.47,103.47,0
16732,1814,2025-12-26,103.47,103.47,0
16733,1815,2025-08-25,89.83,89.83,0
16734,1815,2025-09-23,89.83,89.83,0
16735,1815,2025-10-23,89.83,89.83,0
16736,1815,2025-11-28,89.83,89.83,0
16737,1815,2025-12-25,89.83,89.83,0
16738,1816,2024-01-26,120.09,120.09,0
16739,1816,2024-02-25,120.09,120.09,0
16740,1816,2024-03-25,120.09,120.09,0
16741,1816,2024-04-25,120.09,120.09,0
16742,1816,2024-05-28,120.09,120.09,0
16743,1816,2024-06-25,120.09,120.09,0
16744,1816,2024-07-28,120.09,120.09,0
16745,1816,2024-08-25,120.09,120.09,0
16746,1816,2024-09-23,120.09,120.09,0
16747,1816,2024-10-27,120.09,120.09,0
16748,1816,2024-11-25,120.09,120.09,0
16749,1816,2024-12-25,120.09,120.09,0
16750,1816,2025-01-24,120.09,120.09,0
16751,1816,2025-02-25,120.09,120.09,0
16752,1816,2025-03-25,120.09,120.09,0
16753,1816,2025-04-28,120.09,120.09,0
16754,1816,2025-05-26,120.09,120.09,0
16755,1816,2025-06-24,120.09,120.09,0
16756,1816,2025-07-26,120.09,120.09,0
16757,1816,2025-08-25,120.09,120.09,0
16758,1816,2025-09-25,120.09,120.09,0
16759,1816,2025-10-23,120.09,120.09,0
16760,1816,2025-11-24,120.09,120.09,0
16761,1816,2025-12-27,120.09,120.09,0
16762,1817,2025-06-24,879.34,879.34,0
16763,1817,2025-07-22,879.34,879.34,0
16764,1817,2025-08-24,879.34,879.34,0
16765,1817,2025-11-23,879.34,793.74,57
16766,1817,2025-10-27,879.34,879.34,0
16767,1817,2025-11-27,879.34,879.34,0
16768,1817,2025-12-25,879.34,879.34,0
16769,1818,2025-04-22,164.86,164.86,0
16770,1818,2025-05-24,164.86,164.86,0
16771,1818,2025-09-07,164.86,134.66,71
16772,1818,2025-07-25,164.86,164.86,0
16773,1818,2025-08-23,164.86,164.86,0
16774,1818,2025-09-24,164.86,164.86,0
16775,1818,2025-10-26,164.86,164.86,0
16776,1818,2025-11-23,164.86,164.86,0
16777,1818,2025-12-28,164.86,164.86,0
16778,1819,2024-08-27,88.27,88.27,0
16779,1819,2024-09-28,88.27,88.27,0
16780,1819,2024-10-25,88.27,88.27,0
16781,1819,2024-11-27,88.27,88.27,0
16782,1819,2024-12-27,88.27,88.27,0
16783,1819,2025-01-22,88.27,88.27,0
16784,1819,2025-02-23,88.27,88.27,0
16785,1819,2025-04-12,88.27,78.8,17
16786,1819,2025-04-27,88.27,88.27,0
16787,1819,2025-05-23,88.27,88.27,0
16788,1819,2025-06-28,88.27,88.27,0
16789,1819,2025-07-27,88.27,88.27,0
16790,1819,2025-08-24,88.27,88.27,0
16791,1819,2025-09-27,88.27,88.27,0
16792,1819,2025-10-26,88.27,88.27,0
16793,1819,2025-11-22,88.27,88.27,0
16794,1819,2025-12-23,88.27,88.27,0
16795,1820,2025-04-28,121.35,121.35,0
16796,1820,2025-05-23,121.35,121.35,0
16797,1820,2025-06-22,121.35,121.35,0
16798,1820,2025-07-27,121.35,121.35,0
16799,1820,2025-08-22,121.35,121.35,0
16800,1820,2025-09-22,121.35,121.35,0
16801,1820,2025-10-23,121.35,121.35,0
16802,1820,2026-01-28,121.35,114.2,67
16803,1820,2025-12-26,121.35,121.35,0
16804,1821,2025-09-26,300.57,300.57,0
16805,1821,2025-10-22,300.57,300.57,0
16806,1821,2025-11-28,300.57,300.57,0
16807,1821,2025-12-26,300.57,300.57,0
16808,1823,2024-11-24,99.01,98.55,59
16809,1823,2024-10-25,99.01,99.01,0
16810,1823,2024-11-23,99.01,99.01,0
16811,1823,2024-12-27,99.01,99.01,0
16812,1823,2025-01-22,99.01,99.01,0
16813,1823,2025-02-27,99.01,99.01,0
16814,1823,2025-06-07,99.01,91.83,72
16815,1823,2025-04-23,99.01,99.01,0
16816,1823,2025-05-24,99.01,99.01,0
16817,1823,2025-06-22,99.01,99.01,0
16818,1823,2025-09-24,99.01,86.91,60
16819,1823,2026-01-04,99.01,27.15,132
16820,1823,2025-09-28,99.01,99.01,0
16821,1823,2025-10-25,99.01,99.01,0
16822,1823,2025-11-24,99.01,99.01,0
16823,1823,2025-12-24,99.01,99.01,0
16824,1824,2025-07-26,272.38,272.38,0
16825,1824,2025-08-24,272.38,272.38,0
16826,1824,2025-09-27,272.38,272.38,0
16827,1824,2025-10-23,272.38,272.38,0
16828,1824,2025-11-22,272.38,272.38,0
16829,1824,2025-12-22,272.38,272.38,0
16830,1825,2025-08-25,688.91,688.91,0
16831,1825,2025-09-22,688.91,688.91,0
16832,1825,2025-10-23,688.91,688.91,0
16833,1825,2025-11-26,688.91,688.91,0
16834,1825,2025-12-22,688.91,688.91,0
16835,1827,2025-01-24,316.34,316.34,0
16836,1827,2025-02-25,316.34,316.34,0
16837,1827,2025-03-26,316.34,316.34,0
16838,1827,2025-04-28,316.34,316.34,0
16839,1827,2025-05-27,316.34,316.34,0
16840,1827,2025-06-25,316.34,316.34,0
16841,1827,2025-07-28,316.34,316.34,0
16842,1827,2025-08-26,316.34,316.34,0
16843,1827,2025-09-28,316.34,316.34,0
16844,1827,2025-10-26,316.34,316.34,0
16845,1827,2025-11-27,316.34,316.34,0
16846,1827,2025-12-26,316.34,316.34,0
16847,1828,2025-12-23,211.45,211.45,0
16848,1829,2025-06-26,85.21,68.78,34
16849,1829,2025-06-24,85.21,85.21,0
16850,1829,2025-07-24,85.21,85.21,0
16851,1829,2025-08-26,85.21,85.21,0
16852,1829,2025-09-26,85.21,85.21,0
16853,1829,2025-10-25,85.21,85.21,0
16854,1829,2025-11-26,85.21,85.21,0
16855,1829,2025-12-25,85.21,85.21,0
16856,1830,2024-12-22,189.45,189.45,0
16857,1830,2025-02-16,189.45,163.78,20
16858,1830,2025-05-14,189.45,188.75,79
16859,1830,2025-07-27,189.45,35.45,125
16860,1830,2025-04-26,189.45,189.45,0
16861,1830,2025-05-23,189.45,189.45,0
16862,1830,2025-06-24,189.45,189.45,0
16863,1830,2025-07-25,189.45,189.45,0
16864,1830,2026-01-26,189.45,47.95,156
16865,1830,2025-09-23,189.45,189.45,0
16866,1830,2025-10-26,189.45,189.45,0
16867,1830,2025-11-28,189.45,189.45,0
16868,1830,2025-12-22,189.45,189.45,0
16869,1831,2025-06-25,619.03,619.03,0
16870,1831,2025-07-22,619.03,619.03,0
16871,1831,2025-08-27,619.03,619.03,0
16872,1831,2025-09-25,619.03,619.03,0
16873,1831,2025-10-24,619.03,619.03,0
16874,1831,2025-11-24,619.03,619.03,0
16875,1831,2025-12-25,619.03,619.03,0
16876,1832,2025-01-23,73.62,73.62,0
16877,1832,2025-02-28,73.62,73.62,0
16878,1832,2025-03-26,73.62,73.62,0
16879,1832,2025-04-28,73.62,73.62,0
16880,1832,2025-05-28,73.62,73.62,0
16881,1832,2025-06-22,73.62,73.62,0
16882,1832,2025-07-26,73.62,73.62,0
16883,1832,2025-08-25,73.62,73.62,0
16884,1832,2025-09-23,73.62,73.62,0
16885,1832,2025-10-24,73.62,73.62,0
16886,1832,2025-11-23,73.62,73.62,0
16887,1832,2025-12-23,73.62,73.62,0
16888,1833,2025-05-26,367.18,367.18,0
16889,1833,2025-06-27,367.18,367.18,0
16890,1833,2025-07-22,367.18,367.18,0
16891,1833,2025-08-27,367.18,367.18,0
16892,1833,2025-09-28,367.18,367.18,0
16893,1833,2025-10-26,367.18,367.18,0
16894,1833,2025-11-24,367.18,367.18,0
16895,1833,2025-12-27,367.18,367.18,0
16896,1834,2025-12-26,171.1,171.1,0
16897,1835,2024-07-26,408.25,408.25,0
16898,1835,2024-08-25,408.25,408.25,0
16899,1835,2024-09-27,408.25,408.25,0
16900,1835,2025-01-17,408.25,349.12,82
16901,1835,2024-11-27,408.25,408.25,0
16902,1835,2024-12-24,408.25,408.25,0
16903,1835,2025-01-27,408.25,408.25,0
16904,1835,2025-02-24,408.25,408.25,0
16905,1835,2025-03-27,408.25,408.25,0
16906,1835,2025-04-22,408.25,408.25,0
16907,1835,2025-05-22,408.25,408.25,0
16908,1835,2025-06-25,408.25,408.25,0
16909,1835,2025-07-27,408.25,408.25,0
16910,1835,2025-08-25,408.25,408.25,0
16911,1835,2026-02-19,408.25,67.76,150
16912,1835,2025-11-08,408.25,402.94,16
16913,1835,2025-11-26,408.25,408.25,0
16914,1835,2025-12-23,408.25,408.25,0
16915,1836,2025-06-28,1177.1,1177.1,0
16916,1836,2026-01-06,1177.1,55.65,168
16917,1836,2025-08-25,1177.1,1177.1,0
16918,1836,2025-09-25,1177.1,1177.1,0
16919,1836,2025-10-23,1177.1,1177.1,0
16920,1836,2025-11-23,1177.1,1177.1,0
16921,1836,2025-12-24,1177.1,1177.1,0
16922,1837,2024-08-24,425.51,425.51,0
16923,1837,2024-09-22,425.51,425.51,0
16924,1837,2024-10-25,425.51,425.51,0
16925,1837,2024-11-26,425.51,425.51,0
16926,1837,2024-12-26,425.51,425.51,0
16927,1837,2025-01-26,425.51,425.51,0
16928,1837,2025-02-24,425.51,425.51,0
16929,1837,2025-03-28,425.51,425.51,0
16930,1837,2025-04-26,425.51,425.51,0
16931,1837,2025-05-25,425.51,425.51,0
16932,1837,2025-06-25,425.51,425.51,0
16933,1837,2025-07-27,425.51,425.51,0
16934,1837,2025-08-24,425.51,425.51,0
16935,1837,2025-09-26,425.51,425.51,0
16936,1837,2025-10-26,425.51,425.51,0
16937,1837,2025-11-23,425.51,425.51,0
16938,1837,2026-06-02,425.51,86.4,156
16939,1838,2024-06-22,61.9,61.9,0
16940,1838,2024-08-03,61.9,53.41,11
16941,1838,2024-08-22,61.9,61.9,0
16942,1838,2025-03-06,61.9,24.12,159
16943,1838,2024-11-11,61.9,50.08,18
16944,1838,2024-11-22,61.9,61.9,0
16945,1838,2025-01-22,61.9,60.55,27
16946,1838,2025-01-24,61.9,61.9,0
16947,1838,2025-02-23,61.9,61.9,0
16948,1838,2025-03-27,61.9,61.9,0
16949,1838,2025-04-22,61.9,61.9,0
16950,1838,2025-05-26,61.9,61.9,0
16951,1838,2025-06-23,61.9,61.9,0
16952,1838,2025-11-03,61.9,10.27,100
16953,1838,2025-08-23,61.9,61.9,0
16954,1838,2025-09-25,61.9,61.9,0
16955,1838,2025-10-28,61.9,61.9,0
16956,1838,2026-02-11,61.9,52.73,76
16957,1838,2026-03-05,61.9,61.33,67
16958,1839,2025-06-25,107.12,107.12,0
16959,1839,2025-07-23,107.12,107.12,0
16960,1839,2025-08-23,107.12,107.12,0
16961,1839,2025-09-26,107.12,107.12,0
16962,1839,2025-10-26,107.12,107.12,0
16963,1839,2025-11-27,107.12,107.12,0
16964,1839,2025-12-27,107.12,107.12,0
16965,1840,2025-11-22,666.63,666.63,0
16966,1840,2025-12-25,666.63,666.63,0
16967,1841,2025-09-23,785.24,785.24,0
16968,1841,2026-03-02,785.24,255.28,125
16969,1841,2025-11-26,785.24,785.24,0
16970,1841,2025-12-23,785.24,785.24,0
16971,1843,2024-04-22,169.43,169.43,0
16972,1843,2024-05-28,169.43,169.43,0
16973,1843,2024-08-18,169.43,153.97,57
16974,1843,2024-07-28,169.43,169.43,0
16975,1843,2024-08-22,169.43,169.43,0
16976,1843,2024-11-27,169.43,44.15,62
16977,1843,2024-10-28,169.43,169.43,0
16978,1843,2025-01-27,169.43,158.67,65
16979,1843,2025-03-31,169.43,67.54,99
16980,1843,2025-01-28,169.43,169.43,0
16981,1843,2025-02-24,169.43,169.43,0
16982,1843,2025-03-23,169.43,169.43,0
16983,1843,2025-04-27,169.43,169.43,0
16984,1843,2025-05-24,169.43,169.43,0
16985,1843,2025-06-24,169.43,169.43,0
16986,1843,2025-12-01,169.43,0.98,128
16987,1843,2025-08-22,169.43,169.43,0
16988,1843,2025-09-25,169.43,169.43,0
16989,1843,2025-12-10,169.43,154.98,43
16990,1843,2025-12-09,169.43,155.2,15
16991,1843,2025-12-25,169.43,169.43,0
16992,1844,2025-07-22,798.73,798.73,0
16993,1844,2025-08-22,798.73,798.73,0
16994,1844,2025-09-24,798.73,798.73,0
16995,1844,2025-10-28,798.73,798.73,0
16996,1844,2025-11-24,798.73,798.73,0
16997,1844,2025-12-27,798.73,798.73,0
16998,1845,2024-05-27,757.98,757.98,0
16999,1845,2024-06-23,757.98,757.98,0
17000,1845,2024-07-25,757.98,757.98,0
17001,1845,2024-08-22,757.98,757.98,0
17002,1845,2024-09-26,757.98,757.98,0
17003,1845,2024-10-24,757.98,757.98,0
17004,1845,2024-11-22,757.98,757.98,0
17005,1845,2024-12-24,757.98,757.98,0
17006,1845,2025-01-24,757.98,757.98,0
17007,1845,2025-02-26,757.98,757.98,0
17008,1845,2025-03-28,757.98,757.98,0
17009,1845,2025-04-28,757.98,757.98,0
17010,1845,2025-05-24,757.98,757.98,0
17011,1845,2025-06-23,757.98,757.98,0
17012,1845,2025-07-28,757.98,757.98,0
17013,1845,2025-08-28,757.98,757.98,0
17014,1845,2025-09-25,757.98,757.98,0
17015,1845,2025-10-24,757.98,757.98,0
17016,1845,2025-11-28,757.98,757.98,0
17017,1845,2025-12-25,757.98,757.98,0
17018,1846,2025-03-23,193.26,193.26,0
17019,1846,2025-04-25,193.26,193.26,0
17020,1846,2025-05-27,193.26,193.26,0
17021,1846,2025-06-23,193.26,193.26,0
17022,1846,2025-07-25,193.26,193.26,0
17023,1846,2025-08-24,193.26,193.26,0
17024,1846,2025-09-22,193.26,193.26,0
17025,1846,2025-10-25,193.26,193.26,0
17026,1846,2025-11-26,193.26,193.26,0
17027,1846,2025-12-22,193.26,193.26,0
17028,1847,2024-07-23,550.38,550.38,0
17029,1847,2024-08-22,550.38,550.38,0
17030,1847,2024-09-28,550.38,550.38,0
17031,1847,2024-10-24,550.38,550.38,0
17032,1847,2024-11-25,550.38,550.38,0
17033,1847,2024-12-22,550.38,550.38,0
17034,1847,2025-01-28,550.38,550.38,0
17035,1847,2025-02-26,550.38,550.38,0
17036,1847,2025-03-23,550.38,550.38,0
17037,1847,2025-04-23,550.38,550.38,0
17038,1847,2025-05-24,550.38,550.38,0
17039,1847,2025-06-24,550.38,550.38,0
17040,1847,2025-07-24,550.38,550.38,0
17041,1847,2025-08-24,550.38,550.38,0
17042,1847,2025-09-24,550.38,550.38,0
17043,1847,2025-10-24,550.38,550.38,0
17044,1847,2025-11-22,550.38,550.38,0
17045,1847,2025-12-27,550.38,550.38,0
17046,1848,2025-06-27,173.11,173.11,0
17047,1848,2025-07-24,173.11,173.11,0
17048,1848,2025-08-25,173.11,173.11,0
17049,1848,2025-09-25,173.11,173.11,0
17050,1848,2025-10-24,173.11,173.11,0
17051,1848,2025-11-28,173.11,173.11,0
17052,1848,2025-12-27,173.11,173.11,0
17053,1849,2025-08-25,133.92,133.92,0
17054,1849,2025-09-25,133.92,133.92,0
17055,1849,2025-11-03,133.92,119.78,11
17056,1849,2025-11-26,133.92,133.92,0
17057,1849,2025-12-27,133.92,133.92,0
17058,1850,2025-03-27,163.92,163.92,0
17059,1850,2025-04-27,163.92,163.92,0
17060,1850,2025-05-23,163.92,163.92,0
17061,1850,2025-08-24,163.92,156.6,57
17062,1850,2025-07-24,163.92,163.92,0
17063,1850,2025-08-25,163.92,163.92,0
17064,1850,2025-09-24,163.92,163.92,0
17065,1850,2025-10-25,163.92,163.92,0
17066,1850,2025-11-26,163.92,163.92,0
17067,1850,2025-12-23,163.92,163.92,0
17068,1851,2025-11-28,551.13,551.13,0
17069,1851,2025-12-28,551.13,551.13,0
17070,1852,2025-12-23,325.07,325.07,0
17071,1853,2025-05-25,1779.0,1779.0,0
17072,1853,2025-06-24,1779.0,1779.0,0
17073,1853,2025-07-26,1779.0,1779.0,0
17074,1853,2025-08-26,1779.0,1779.0,0
17075,1853,2025-09-23,1779.0,1779.0,0
17076,1853,2025-10-28,1779.0,1779.0,0
17077,1853,2026-01-26,1779.0,1617.59,61
17078,1853,2026-02-09,1779.0,692.08,45
17079,1854,2025-09-22,83.75,83.75,0
17080,1854,2025-10-23,83.75,83.75,0
17081,1854,2025-11-24,83.75,83.75,0
17082,1854,2025-12-22,83.75,83.75,0
17083,1855,2025-12-23,145.33,145.33,0
17084,1856,2025-10-27,310.64,310.64,0
17085,1856,2025-11-23,310.64,310.64,0
17086,1856,2025-12-28,310.64,310.64,0
17087,1857,2024-01-24,162.59,162.59,0
17088,1857,2024-02-23,162.59,162.59,0
17089,1857,2024-03-23,162.59,162.59,0
17090,1857,2024-04-23,162.59,162.59,0
17091,1857,2024-05-27,162.59,162.59,0
17092,1857,2024-06-23,162.59,162.59,0
17093,1857,2024-07-23,162.59,162.59,0
17094,1857,2024-08-28,162.59,162.59,0
17095,1857,2024-09-22,162.59,162.59,0
17096,1857,2024-10-28,162.59,162.59,0
17097,1857,2024-11-24,162.59,162.59,0
17098,1857,2024-12-24,162.59,162.59,0
17099,1857,2025-01-24,162.59,162.59,0
17100,1857,2025-02-25,162.59,162.59,0
17101,1857,2025-07-22,162.59,21.04,116
17102,1857,2025-04-23,162.59,162.59,0
17103,1857,2025-05-28,162.59,155.89,6
17104,1857,2025-06-24,162.59,162.59,0
17105,1857,2025-07-24,162.59,162.59,0
17106,1857,2025-08-27,162.59,162.59,0
17107,1857,2025-09-23,162.59,162.59,0
17108,1857,2025-10-23,162.59,162.59,0
17109,1857,2025-11-24,162.59,162.59,0
17110,1857,2025-12-27,162.59,162.59,0
17111,1858,2025-04-27,464.97,464.97,0
17112,1858,2025-05-27,464.97,464.97,0
17113,1858,2025-06-22,464.97,464.97,0
17114,1858,2025-07-23,464.97,464.97,0
17115,1858,2025-08-24,464.97,464.97,0
17116,1858,2025-09-24,464.97,464.97,0
17117,1858,2025-10-22,464.97,464.97,0
17118,1858,2025-11-24,464.97,464.97,0
17119,1858,2025-12-27,464.97,464.97,0
17120,1859,2025-01-24,188.84,188.84,0
17121,1859,2025-02-22,188.84,188.84,0
17122,1859,2025-03-28,188.84,188.84,0
17123,1859,2025-08-07,188.84,44.87,104
17124,1859,2025-05-22,188.84,188.84,0
17125,1859,2025-06-22,188.84,188.84,0
17126,1859,2025-07-25,188.84,188.84,0
17127,1859,2025-08-25,188.84,188.84,0
17128,1859,2025-09-28,188.84,188.84,0
17129,1859,2026-01-26,188.84,75.02,95
17130,1859,2025-11-25,188.84,188.84,0
17131,1859,2025-12-22,188.84,188.84,0
17132,1860,2024-11-22,118.53,118.53,0
17133,1860,2024-12-27,118.53,118.53,0
17134,1860,2025-01-22,118.53,118.53,0
17135,1860,2025-02-24,118.53,118.53,0
17136,1860,2025-06-12,118.53,102.54,79
17137,1860,2025-04-25,118.53,118.53,0
17138,1860,2025-05-27,118.53,118.53,0
17139,1860,2025-06-24,118.53,118.53,0
17140,1860,2025-07-28,118.53,118.53,0
17141,1860,2025-08-27,118.53,118.53,0
17142,1860,2025-09-22,118.53,118.53,0
17143,1860,2025-11-05,118.53,106.87,8
17144,1860,2025-11-25,118.53,118.53,0
17145,1860,2025-12-27,118.53,118.53,0
17146,1861,2025-05-26,220.86,220.86,0
17147,1861,2025-06-28,220.86,220.86,0
17148,1861,2025-07-25,220.86,220.86,0
17149,1861,2025-08-27,220.86,220.86,0
17150,1861,2025-09-22,220.86,220.86,0
17151,1861,2025-10-24,220.86,220.86,0
17152,1861,2025-11-24,220.86,220.86,0
17153,1861,2025-12-28,220.86,220.86,0
17154,1862,2025-04-26,345.01,345.01,0
17155,1862,2025-05-26,345.01,345.01,0
17156,1862,2025-06-24,345.01,345.01,0
17157,1862,2025-07-24,345.01,345.01,0
17158,1862,2025-10-21,345.01,279.98,54
17159,1862,2025-11-05,345.01,277.13,40
17160,1862,2025-10-27,345.01,345.01,0
17161,1862,2025-11-28,345.01,345.01,0
17162,1862,2025-12-24,345.01,345.01,0
17163,1864,2024-01-25,291.08,291.08,0
17164,1864,2024-02-28,291.08,291.08,0
17165,1864,2024-03-25,291.08,291.08,0
17166,1864,2024-04-23,291.08,291.08,0
17167,1864,2024-05-23,291.08,291.08,0
17168,1864,2024-06-23,291.08,291.08,0
17169,1864,2024-07-25,291.08,291.08,0
17170,1865,2024-01-28,1253.13,1253.13,0
17171,1865,2024-02-26,1253.13,1253.13,0
17172,1865,2024-03-24,1253.13,1253.13,0
17173,1865,2024-04-26,1253.13,1253.13,0
17174,1865,2024-05-22,1253.13,1253.13,0
17175,1865,2024-06-24,1253.13,1253.13,0
17176,1865,2024-07-27,1253.13,1253.13,0
17177,1865,2024-08-24,1253.13,1253.13,0
17178,1865,2024-09-23,1253.13,1253.13,0
17179,1865,2024-10-22,1253.13,1253.13,0
17180,1865,2024-11-25,1253.13,1253.13,0
17181,1865,2024-12-22,1253.13,1253.13,0
17182,1865,2025-01-22,1253.13,1253.13,0
17183,1865,2025-02-25,1253.13,1253.13,0
17184,1865,2025-03-26,1253.13,1253.13,0
17185,1865,2025-04-27,1253.13,1253.13,0
17186,1865,2025-05-22,1253.13,1253.13,0
17187,1865,2025-06-24,1253.13,1253.13,0
17188,1865,2025-07-28,1253.13,1253.13,0
17189,1865,2025-08-28,1253.13,1253.13,0
17190,1865,2025-09-27,1253.13,1253.13,0
17191,1865,2025-10-28,1253.13,1253.13,0
17192,1865,2025-11-27,1253.13,1253.13,0
17193,1865,2025-12-23,1253.13,1253.13,0
17194,1866,2025-02-25,282.18,282.18,0
17195,1866,2025-03-25,282.18,282.18,0
17196,1866,2025-04-24,282.18,282.18,0
17197,1866,2025-05-28,282.18,282.18,0
17198,1866,2025-06-28,282.18,282.18,0
17199,1866,2025-07-23,282.18,282.18,0
17200,1866,2025-08-25,282.18,282.18,0
17201,1866,2025-09-26,282.18,282.18,0
17202,1866,2025-12-22,282.18,239.36,55
17203,1866,2025-11-23,282.18,282.18,0
17204,1866,2025-12-22,282.18,282.18,0
17205,1867,2024-08-24,593.2,593.2,0
17206,1867,2024-12-03,593.2,508.17,72
17207,1867,2024-10-23,593.2,593.2,0
17208,1867,2024-11-22,593.2,593.2,0
17209,1867,2024-12-24,593.2,593.2,0
17210,1867,2025-01-28,593.2,593.2,0
17211,1867,2025-02-26,593.2,593.2,0
17212,1867,2025-03-25,593.2,593.2,0
17213,1867,2025-04-27,593.2,593.2,0
17214,1867,2025-05-22,593.2,593.2,0
17215,1867,2025-08-12,593.2,580.66,48
17216,1867,2025-07-27,593.2,593.2,0
17217,1867,2025-08-26,593.2,593.2,0
17218,1867,2025-09-23,593.2,593.2,0
17219,1867,2025-10-26,593.2,593.2,0
17220,1867,2025-11-25,593.2,593.2,0
17221,1867,2025-12-22,593.2,593.2,0
17222,1868,2025-03-24,198.71,198.71,0
17223,1868,2025-04-23,198.71,198.71,0
17224,1868,2025-07-07,198.71,195.09,42
17225,1868,2025-10-14,198.71,47.46,109
17226,1868,2025-07-22,198.71,198.71,0
17227,1868,2025-09-07,198.71,162.07,13
17228,1868,2025-09-25,198.71,198.71,0
17229,1868,2025-10-26,198.71,198.71,0
17230,1868,2025-11-22,198.71,198.71,0
17231,1868,2025-12-28,198.71,198.71,0
17232,1869,2025-06-26,52.4,52.4,0
17233,1869,2025-07-26,52.4,52.4,0
17234,1869,2025-08-24,52.4,52.4,0
17235,1869,2025-11-11,52.4,7.88,45
17236,1869,2025-12-25,52.4,43.25,61
17237,1869,2025-11-22,52.4,52.4,0
17238,1869,2025-12-26,52.4,52.4,0
17239,1870,2024-01-24,517.58,517.58,0
17240,1870,2024-02-25,517.58,517.58,0
17241,1870,2024-03-27,517.58,517.58,0
17242,1870,2024-04-27,517.58,517.58,0
17243,1870,2024-05-23,517.58,517.58,0
17244,1870,2024-06-22,517.58,517.58,0
17245,1870,2024-07-23,517.58,517.58,0
17246,1870,2024-08-22,517.58,517.58,0
17247,1870,2024-09-27,517.58,517.58,0
17248,1870,2024-10-26,517.58,517.58,0
17249,1870,2024-11-26,517.58,517.58,0
17250,1870,2024-12-23,517.58,517.58,0
17251,1870,2025-01-25,517.58,517.58,0
17252,1870,2025-02-28,517.58,517.58,0
17253,1870,2025-03-28,517.58,517.58,0
17254,1870,2025-04-24,517.58,517.58,0
17255,1870,2025-05-22,517.58,517.58,0
17256,1870,2025-06-27,517.58,517.58,0
17257,1870,2025-07-25,517.58,517.58,0
17258,1870,2025-08-22,517.58,517.58,0
17259,1870,2025-09-22,517.58,517.58,0
17260,1870,2025-10-25,517.58,517.58,0
17261,1870,2025-11-23,517.58,517.58,0
17262,1870,2025-12-27,517.58,517.58,0
17263,1871,2024-01-27,1163.67,1163.67,0
17264,1871,2024-02-23,1163.67,1163.67,0
17265,1871,2024-03-22,1163.67,1163.67,0
17266,1871,2024-04-24,1163.67,1163.67,0
17267,1871,2024-05-27,1163.67,1163.67,0
17268,1871,2024-06-23,1163.67,1163.67,0
17269,1871,2024-07-24,1163.67,1163.67,0
17270,1871,2024-08-25,1163.67,1163.67,0
17271,1871,2024-09-24,1163.67,1163.67,0
17272,1871,2024-10-27,1163.67,1163.67,0
17273,1871,2024-11-25,1163.67,1163.67,0
17274,1871,2024-12-25,1163.67,1163.67,0
17275,1871,2025-01-27,1163.67,1163.67,0
17276,1871,2025-02-23,1163.67,1163.67,0
17277,1871,2025-03-26,1163.67,1163.67,0
17278,1871,2025-04-24,1163.67,1163.67,0
17279,1871,2025-05-27,1163.67,1163.67,0
17280,1871,2025-06-28,1163.67,1163.67,0
17281,1871,2025-07-22,1163.67,1163.67,0
17282,1871,2025-08-23,1163.67,1163.67,0
17283,1871,2025-09-26,1163.67,1163.67,0
17284,1871,2025-10-28,1163.67,1163.67,0
17285,1871,2025-11-28,1163.67,1163.67,0
17286,1871,2025-12-23,1163.67,1163.67,0
17287,1872,2025-05-25,180.82,180.82,0
17288,1872,2025-06-22,180.82,180.82,0
17289,1872,2025-07-24,180.82,180.82,0
17290,1872,2025-08-28,180.82,180.82,0
17291,1872,2025-09-25,180.82,180.82,0
17292,1872,2025-10-24,180.82,180.82,0
17293,1872,2025-11-25,180.82,180.82,0
17294,1872,2025-12-25,180.82,180.82,0
17295,1873,2025-01-22,631.25,631.25,0
17296,1873,2025-02-22,631.25,631.25,0
17297,1873,2025-03-22,631.25,631.25,0
17298,1873,2025-04-24,631.25,631.25,0
17299,1873,2025-05-25,631.25,631.25,0
17300,1873,2025-06-22,631.25,631.25,0
17301,1873,2025-07-23,631.25,631.25,0
17302,1873,2025-08-23,631.25,631.25,0
17303,1873,2025-11-02,631.25,532.26,41
17304,1873,2025-10-24,631.25,631.25,0
17305,1873,2025-11-28,631.25,631.25,0
17306,1873,2025-12-22,631.25,631.25,0
17307,1874,2025-07-24,209.35,209.35,0
17308,1874,2025-08-27,209.35,209.35,0
17309,1874,2025-09-28,209.35,209.35,0
17310,1874,2025-10-23,209.35,209.35,0
17311,1874,2025-11-25,209.35,209.35,0
17312,1874,2025-12-23,209.35,209.35,0
17313,1875,2025-05-24,1448.21,1448.21,0
17314,1875,2025-06-23,1448.21,1448.21,0
17315,1875,2025-07-23,1448.21,1448.21,0
17316,1875,2025-08-28,1448.21,1448.21,0
17317,1875,2025-09-24,1448.21,1448.21,0
17318,1875,2026-01-18,1448.21,1334.9,87
17319,1875,2025-11-28,1448.21,1448.21,0
17320,1875,2025-12-25,1448.21,1448.21,0
17321,1876,2025-06-25,367.87,367.87,0
17322,1876,2025-08-20,367.87,298.42,24
17323,1876,2025-08-24,367.87,367.87,0
17324,1876,2025-09-28,367.87,367.87,0
17325,1876,2025-10-24,367.87,367.87,0
17326,1876,2025-11-22,367.87,367.87,0
17327,1876,2025-12-28,367.87,367.87,0
17328,1877,2025-09-28,562.41,562.41,0
17329,1877,2025-10-22,562.41,562.41,0
17330,1877,2025-11-23,562.41,562.41,0
17331,1877,2026-02-01,562.41,556.52,39
17332,1878,2025-09-22,272.28,219.18,89
17333,1878,2025-09-19,272.28,93.24,59
17334,1878,2025-08-24,272.28,272.28,0
17335,1878,2025-09-24,272.28,272.28,0
17336,1878,2025-10-27,272.28,272.28,0
17337,1878,2025-11-26,272.28,272.28,0
17338,1878,2025-12-23,272.28,272.28,0
17339,1879,2025-12-25,111.65,111.65,0
17340,1880,2025-04-27,104.48,96.48,58
17341,1880,2025-07-04,104.48,3.68,102
17342,1880,2025-04-27,104.48,104.48,0
17343,1880,2025-05-27,104.48,104.48,0
17344,1880,2025-07-04,104.48,83.82,9
17345,1880,2025-07-27,104.48,104.48,0
17346,1880,2025-08-26,104.48,104.48,0
17347,1880,2025-10-07,104.48,91.21,11
17348,1880,2025-10-28,104.48,104.48,0
17349,1880,2025-12-21,104.48,97.51,29
17350,1880,2025-12-23,104.48,104.48,0
17351,1881,2025-04-25,197.73,197.73,0
17352,1881,2025-05-26,197.73,197.73,0
17353,1881,2025-06-26,197.73,197.73,0
17354,1881,2025-07-25,197.73,197.73,0
17355,1881,2025-08-25,197.73,197.73,0
17356,1881,2025-09-26,197.73,197.73,0
17357,1881,2025-10-24,197.73,197.73,0
17358,1881,2025-11-22,197.73,197.73,0
17359,1881,2025-12-23,197.73,197.73,0
17360,1882,2025-06-28,593.08,593.08,0
17361,1882,2025-07-25,593.08,593.08,0
17362,1882,2025-08-25,593.08,593.08,0
17363,1882,2025-09-22,593.08,593.08,0
17364,1882,2025-10-23,593.08,593.08,0
17365,1882,2025-11-25,593.08,593.08,0
17366,1882,2025-12-22,593.08,593.08,0
17367,1883,2025-10-25,263.74,263.74,0
17368,1883,2025-11-23,263.74,263.74,0
17369,1883,2025-12-27,263.74,263.74,0
17370,1884,2025-08-23,270.66,270.66,0
17371,1884,2025-09-24,270.66,270.66,0
17372,1884,2025-10-27,270.66,270.66,0
17373,1884,2025-11-28,270.66,270.66,0
17374,1884,2025-12-24,270.66,270.66,0
17375,1885,2024-04-25,518.9,518.9,0
17376,1885,2024-05-24,518.9,518.9,0
17377,1885,2024-06-24,518.9,518.9,0
17378,1885,2024-07-26,518.9,518.9,0
17379,1885,2024-08-26,518.9,518.9,0
17380,1885,2024-09-22,518.9,518.9,0
17381,1885,2024-10-23,518.9,518.9,0
17382,1885,2024-11-26,518.9,518.9,0
17383,1885,2024-12-25,518.9,518.9,0
17384,1885,2025-01-22,518.9,518.9,0
17385,1885,2025-02-22,518.9,518.9,0
17386,1885,2025-03-26,518.9,518.9,0
17387,1885,2025-04-23,518.9,518.9,0
17388,1886,2025-05-22,334.95,334.95,0
17389,1886,2025-06-26,334.95,334.95,0
17390,1886,2025-07-23,334.95,334.95,0
17391,1886,2025-08-22,334.95,334.95,0
17392,1886,2025-09-27,334.95,334.95,0
17393,1886,2025-10-26,334.95,334.95,0
17394,1886,2025-11-24,334.95,334.95,0
17395,1886,2025-12-24,334.95,334.95,0
17396,1887,2025-06-22,214.29,214.29,0
17397,1887,2025-07-24,214.29,214.29,0
17398,1887,2025-08-25,214.29,214.29,0
17399,1887,2025-09-24,214.29,214.29,0
17400,1887,2025-10-23,214.29,214.29,0
17401,1887,2025-11-24,214.29,214.29,0
17402,1887,2025-12-27,214.29,214.29,0
17403,1888,2025-06-24,576.44,576.44,0
17404,1888,2025-07-23,576.44,576.44,0
17405,1888,2025-08-23,576.44,576.44,0
17406,1888,2025-09-24,576.44,576.44,0
17407,1888,2025-10-24,576.44,576.44,0
17408,1888,2025-11-26,576.44,576.44,0
17409,1888,2025-12-22,576.44,576.44,0
17410,1889,2025-02-26,180.19,180.19,0
17411,1889,2025-03-24,180.19,180.19,0
17412,1889,2025-04-24,180.19,180.19,0
17413,1889,2025-05-26,180.19,180.19,0
17414,1889,2025-06-27,180.19,180.19,0
17415,1889,2025-07-24,180.19,180.19,0
17416,1889,2025-08-26,180.19,180.19,0
17417,1889,2025-09-28,180.19,180.19,0
17418,1889,2025-10-22,180.19,180.19,0
17419,1889,2025-11-22,180.19,180.19,0
17420,1889,2025-12-25,180.19,180.19,0
17421,1890,2024-10-26,106.29,106.29,0
17422,1890,2024-11-26,106.29,106.29,0
17423,1890,2024-12-22,106.29,106.29,0
17424,1890,2025-01-22,106.29,106.29,0
17425,1890,2025-02-25,106.29,106.29,0
17426,1890,2025-03-27,106.29,106.29,0
17427,1890,2025-04-22,106.29,106.29,0
17428,1890,2025-05-24,106.29,106.29,0
17429,1890,2025-06-23,106.29,106.29,0
17430,1890,2025-07-28,106.29,106.29,0
17431,1890,2025-11-28,106.29,21.79,94
17432,1890,2025-09-24,106.29,106.29,0
17433,1890,2025-10-22,106.29,106.29,0
17434,1890,2025-11-27,106.29,106.29,0
17435,1890,2025-12-26,106.29,106.29,0
17436,1891,2025-05-26,548.52,548.52,0
17437,1891,2025-06-28,548.52,548.52,0
17438,1891,2025-07-23,548.52,548.52,0
17439,1891,2025-08-26,548.52,548.52,0
17440,1891,2025-09-26,548.52,548.52,0
17441,1891,2025-10-26,548.52,548.52,0
17442,1891,2025-11-28,548.52,548.52,0
17443,1891,2025-12-28,548.52,548.52,0
17444,1892,2025-08-27,117.5,117.5,0
17445,1892,2025-09-24,117.5,117.5,0
17446,1892,2025-10-23,117.5,117.5,0
17447,1892,2025-11-27,117.5,117.5,0
17448,1892,2025-12-28,117.5,117.5,0
17449,1893,2025-07-06,296.61,244.58,40
17450,1893,2025-06-23,296.61,296.61,0
17451,1893,2025-12-15,296.61,73.12,142
17452,1893,2025-08-22,296.61,296.61,0
17453,1893,2025-12-08,296.61,84.37,74
17454,1893,2025-10-24,296.61,296.61,0
17455,1893,2025-11-24,296.61,296.61,0
17456,1893,2025-12-23,296.61,296.61,0
17457,1894,2025-09-28,368.84,368.84,0
17458,1894,2025-10-28,368.84,368.84,0
17459,1894,2025-11-22,368.84,368.84,0
17460,1894,2025-12-28,368.84,368.84,0
17461,1895,2025-09-27,550.78,550.78,0
17462,1895,2025-11-10,550.78,448.13,13
17463,1895,2025-11-23,550.78,550.78,0
17464,1895,2025-12-24,550.78,550.78,0
17465,1896,2024-08-25,83.24,83.24,0
17466,1896,2024-10-09,83.24,71.43,11
17467,1896,2025-03-28,83.24,29.5,152
17468,1896,2024-11-24,83.24,83.24,0
17469,1896,2024-12-27,83.24,83.24,0
17470,1896,2025-01-28,83.24,83.24,0
17471,1896,2025-02-27,83.24,83.24,0
17472,1896,2025-03-22,83.24,83.24,0
17473,1896,2025-04-26,83.24,83.24,0
17474,1896,2025-05-23,83.24,83.24,0
17475,1896,2025-06-28,83.24,83.24,0
17476,1896,2025-08-09,83.24,67.75,14
17477,1896,2025-08-27,83.24,83.24,0
17478,1896,2025-12-18,83.24,69.48,86
17479,1896,2025-10-23,83.24,83.24,0
17480,1896,2025-11-28,83.24,83.24,0
17481,1896,2025-12-23,83.24,83.24,0
17482,1897,2024-01-24,733.32,733.32,0
17483,1897,2024-02-28,733.32,733.32,0
17484,1897,2024-03-24,733.32,733.32,0
17485,1897,2024-04-23,733.32,733.32,0
17486,1897,2024-05-24,733.32,733.32,0
17487,1897,2024-06-28,733.32,733.32,0
17488,1897,2024-07-26,733.32,733.32,0
17489,1897,2024-08-24,733.32,733.32,0
17490,1897,2024-09-25,733.32,733.32,0
17491,1897,2024-10-28,733.32,733.32,0
17492,1897,2024-11-26,733.32,733.32,0
17493,1897,2024-12-22,733.32,733.32,0
17494,1897,2025-04-23,733.32,603.71,87
17495,1897,2025-05-12,733.32,616.14,73
17496,1897,2025-07-15,733.32,60.1,109
17497,1897,2025-04-27,733.32,733.32,0
17498,1897,2025-05-24,733.32,733.32,0
17499,1897,2025-06-29,733.32,612.42,1
17500,1897,2025-07-28,733.32,733.32,0
17501,1897,2025-08-25,733.32,733.32,0
17502,1897,2025-09-23,733.32,733.32,0
17503,1897,2025-10-26,733.32,733.32,0
17504,1897,2025-11-23,733.32,733.32,0
17505,1897,2025-12-28,733.32,733.32,0
17506,1898,2024-03-26,1990.43,1990.43,0
17507,1898,2024-04-28,1990.43,1990.43,0
17508,1898,2024-05-28,1990.43,1990.43,0
17509,1898,2024-06-24,1990.43,1990.43,0
17510,1898,2024-07-27,1990.43,1990.43,0
17511,1898,2024-08-24,1990.43,1990.43,0
17512,1898,2024-09-27,1990.43,1990.43,0
17513,1898,2024-12-10,1990.43,1635.31,46
17514,1898,2024-11-27,1990.43,1990.43,0
17515,1898,2024-12-22,1990.43,1990.43,0
17516,1898,2025-01-25,1990.43,1990.43,0
17517,1898,2025-08-12,1990.43,735.46,165
17518,1898,2025-03-25,1990.43,1990.43,0
17519,1898,2025-04-27,1990.43,1990.43,0
17520,1898,2025-05-23,1990.43,1990.43,0
17521,1898,2025-06-22,1990.43,1990.43,0
17522,1898,2025-07-28,1990.43,1990.43,0
17523,1898,2025-08-28,1990.43,1990.43,0
17524,1898,2025-11-03,1990.43,67.44,39
17525,1898,2025-10-23,1990.43,1990.43,0
17526,1898,2025-12-02,1990.43,1670.87,10
17527,1898,2025-12-23,1990.43,1990.43,0
17528,1899,2025-06-24,281.09,281.09,0
17529,1899,2025-07-25,281.09,281.09,0
17530,1899,2025-08-26,281.09,281.09,0
17531,1899,2025-09-22,281.09,281.09,0
17532,1899,2025-10-22,281.09,281.09,0
17533,1899,2025-11-23,281.09,281.09,0
17534,1899,2025-12-25,281.09,281.09,0
17535,1901,2024-11-23,909.59,909.59,0
17536,1901,2024-12-26,909.59,909.59,0
17537,1901,2025-01-22,909.59,909.59,0
17538,1901,2025-02-23,909.59,909.59,0
17539,1901,2025-03-28,909.59,909.59,0
17540,1901,2025-04-28,909.59,909.59,0
17541,1901,2025-05-24,909.59,909.59,0
17542,1901,2025-06-24,909.59,909.59,0
17543,1901,2025-11-03,909.59,112.1,101
17544,1901,2025-08-26,909.59,909.59,0
17545,1901,2025-09-23,909.59,909.59,0
17546,1901,2025-10-28,909.59,909.59,0
17547,1901,2025-11-25,909.59,909.59,0
17548,1901,2025-12-26,909.59,909.59,0
17549,1902,2025-03-23,240.31,240.31,0
17550,1902,2025-04-24,240.31,240.31,0
17551,1902,2025-05-23,240.31,240.31,0
17552,1902,2025-06-27,240.31,240.31,0
17553,1902,2025-07-27,240.31,240.31,0
17554,1902,2025-08-27,240.31,240.31,0
17555,1902,2025-09-24,240.31,240.31,0
17556,1902,2025-10-28,240.31,240.31,0
17557,1902,2025-11-22,240.31,240.31,0
17558,1902,2026-02-14,240.31,209.59,50
17559,1903,2025-05-24,512.42,512.42,0
17560,1903,2025-06-27,512.42,512.42,0
17561,1903,2025-07-26,512.42,512.42,0
17562,1903,2025-08-22,512.42,512.42,0
17563,1903,2025-09-22,512.42,512.42,0
17564,1903,2025-10-25,512.42,512.42,0
17565,1903,2025-11-23,512.42,512.42,0
17566,1903,2025-12-28,512.42,512.42,0
17567,1904,2025-02-25,270.15,270.15,0
17568,1904,2025-03-23,270.15,270.15,0
17569,1904,2025-04-22,270.15,270.15,0
17570,1904,2025-05-28,270.15,270.15,0
17571,1904,2025-06-22,270.15,270.15,0
17572,1904,2025-07-25,270.15,270.15,0
17573,1904,2025-08-27,270.15,270.15,0
17574,1904,2025-09-23,270.15,270.15,0
17575,1904,2025-10-25,270.15,270.15,0
17576,1904,2025-11-24,270.15,270.15,0
17577,1904,2025-12-23,270.15,270.15,0
17578,1905,2025-04-22,590.12,590.12,0
17579,1905,2025-08-03,590.12,481.52,71
17580,1905,2025-06-22,590.12,590.12,0
17581,1905,2025-09-10,590.12,526.53,46
17582,1905,2025-08-27,590.12,590.12,0
17583,1905,2025-12-07,590.12,209.41,75
17584,1905,2026-01-08,590.12,479.71,76
17585,1905,2026-02-16,590.12,514.49,84
17586,1905,2025-12-23,590.12,590.12,0
17587,1906,2025-10-26,52.02,52.02,0
17588,1906,2025-11-25,52.02,52.02,0
17589,1906,2025-12-23,52.02,52.02,0
17590,1907,2024-03-24,191.39,191.39,0
17591,1907,2024-04-28,191.39,191.39,0
17592,1907,2024-05-26,191.39,191.39,0
17593,1907,2024-06-23,191.39,191.39,0
17594,1907,2024-07-26,191.39,191.39,0
17595,1907,2024-08-27,191.39,191.39,0
17596,1907,2024-09-25,191.39,191.39,0
17597,1907,2024-11-30,191.39,190.49,39
17598,1907,2024-11-23,191.39,191.39,0
17599,1907,2024-12-27,191.39,191.39,0
17600,1907,2025-04-18,191.39,154.07,81
17601,1907,2025-02-25,191.39,191.39,0
17602,1907,2025-03-26,191.39,191.39,0
17603,1907,2025-04-23,191.39,191.39,0
17604,1907,2025-05-28,191.39,191.39,0
17605,1907,2025-06-26,191.39,191.39,0
17606,1907,2025-07-25,191.39,191.39,0
17607,1907,2025-08-24,191.39,191.39,0
17608,1907,2025-09-22,191.39,191.39,0
17609,1907,2025-10-22,191.39,191.39,0
17610,1907,2025-11-28,191.39,191.39,0
17611,1907,2025-12-23,191.39,191.39,0
17612,1908,2024-09-25,309.6,309.6,0
17613,1908,2024-10-22,309.6,309.6,0
17614,1908,2025-02-12,309.6,262.71,77
17615,1908,2025-01-14,309.6,299.4,19
17616,1908,2025-01-25,309.6,309.6,0
17617,1908,2025-02-23,309.6,309.6,0
17618,1908,2025-03-23,309.6,309.6,0
17619,1908,2025-04-25,309.6,309.6,0
17620,1908,2025-05-25,309.6,309.6,0
17621,1908,2025-06-27,309.6,309.6,0
17622,1908,2025-07-27,309.6,309.6,0
17623,1908,2025-08-22,309.6,309.6,0
17624,1908,2025-09-22,309.6,309.6,0
17625,1908,2025-10-27,309.6,309.6,0
17626,1908,2025-11-28,309.6,309.6,0
17627,1908,2025-12-24,309.6,309.6,0
17628,1909,2024-04-26,374.42,374.42,0
17629,1909,2024-05-24,374.42,374.42,0
17630,1909,2024-06-24,374.42,374.42,0
17631,1909,2024-07-28,374.42,374.42,0
17632,1909,2024-08-24,374.42,374.42,0
17633,1909,2024-09-27,374.42,374.42,0
17634,1909,2024-10-28,374.42,374.42,0
17635,1909,2024-11-25,374.42,374.42,0
17636,1909,2024-12-28,374.42,374.42,0
17637,1909,2025-01-25,374.42,374.42,0
17638,1909,2025-02-28,374.42,374.42,0
17639,1909,2025-03-25,374.42,374.42,0
17640,1909,2025-05-27,374.42,304.9,35
17641,1909,2025-05-26,374.42,374.42,0
17642,1909,2025-06-26,374.42,374.42,0
17643,1909,2025-07-25,374.42,374.42,0
17644,1909,2025-08-25,374.42,374.42,0
17645,1909,2025-09-25,374.42,374.42,0
17646,1909,2025-10-24,374.42,374.42,0
17647,1909,2025-11-23,374.42,374.42,0
17648,1909,2025-12-22,374.42,374.42,0
17649,1910,2026-02-15,394.63,362.41,51
17650,1911,2025-02-24,165.68,165.68,0
17651,1911,2025-03-27,165.68,165.68,0
17652,1911,2025-04-24,165.68,165.68,0
17653,1911,2025-05-24,165.68,165.68,0
17654,1911,2025-06-25,165.68,165.68,0
17655,1911,2025-07-23,165.68,165.68,0
17656,1911,2025-08-23,165.68,165.68,0
17657,1911,2026-02-04,165.68,40.68,129
17658,1911,2025-10-26,165.68,165.68,0
17659,1911,2026-02-06,165.68,162.36,73
17660,1911,2025-12-28,165.68,165.68,0
17661,1912,2024-06-24,1086.62,1086.62,0
17662,1912,2024-07-22,1086.62,1086.62,0
17663,1912,2024-11-08,1086.62,1054.53,72
17664,1912,2024-09-24,1086.62,1086.62,0
17665,1912,2024-10-25,1086.62,1086.62,0
17666,1912,2024-11-23,1086.62,1086.62,0
17667,1912,2024-12-22,1086.62,1086.62,0
17668,1912,2025-01-22,1086.62,1086.62,0
17669,1912,2025-02-23,1086.62,1086.62,0
17670,1912,2025-03-22,1086.62,1086.62,0
17671,1912,2025-04-27,1086.62,1086.62,0
17672,1912,2025-05-28,1086.62,1086.62,0
17673,1912,2025-06-27,1086.62,1086.62,0
17674,1913,2025-02-26,343.37,343.37,0
17675,1913,2025-03-25,343.37,343.37,0
17676,1913,2025-06-03,343.37,325.33,42
17677,1913,2025-08-17,343.37,293.09,81
17678,1913,2025-06-26,343.37,343.37,0
17679,1913,2025-09-07,343.37,309.38,45
17680,1913,2025-11-12,343.37,86.29,77
17681,1913,2025-12-31,343.37,37.49,98
17682,1913,2025-10-24,343.37,343.37,0
17683,1913,2025-11-27,343.37,343.37,0
17684,1913,2025-12-23,343.37,343.37,0
17685,1914,2025-12-25,230.43,230.43,0
17686,1915,2025-01-25,1294.49,1294.49,0
17687,1915,2025-02-24,1294.49,1294.49,0
17688,1915,2025-03-27,1294.49,1294.49,0
17689,1915,2025-04-25,1294.49,1294.49,0
17690,1915,2025-05-26,1294.49,1294.49,0
17691,1915,2025-06-24,1294.49,1294.49,0
17692,1915,2025-07-23,1294.49,1294.49,0
17693,1915,2025-08-27,1294.49,1294.49,0
17694,1915,2025-09-24,1294.49,1294.49,0
17695,1915,2025-10-23,1294.49,1294.49,0
17696,1915,2025-11-28,1294.49,1294.49,0
17697,1915,2025-12-25,1294.49,1294.49,0
17698,1916,2025-04-25,531.49,531.49,0
17699,1916,2025-05-23,531.49,531.49,0
17700,1916,2025-06-26,531.49,531.49,0
17701,1916,2025-07-23,531.49,531.49,0
17702,1916,2025-08-28,531.49,531.49,0
17703,1916,2025-09-27,531.49,531.49,0
17704,1916,2025-10-27,531.49,531.49,0
17705,1916,2025-11-25,531.49,531.49,0
17706,1916,2025-12-24,531.49,531.49,0
17707,1917,2025-06-27,575.89,575.89,0
17708,1917,2025-07-27,575.89,575.89,0
17709,1917,2025-10-23,575.89,558.45,57
17710,1917,2025-09-27,575.89,575.89,0
17711,1917,2025-10-27,575.89,575.89,0
17712,1917,2025-11-22,575.89,575.89,0
17713,1917,2025-12-24,575.89,575.89,0
17714,1918,2025-02-26,257.44,257.44,0
17715,1918,2025-03-22,257.44,257.44,0
17716,1918,2025-07-11,257.44,21.68,76
17717,1918,2025-05-22,257.44,257.44,0
17718,1918,2025-06-24,257.44,257.44,0
17719,1918,2025-07-22,257.44,257.44,0
17720,1918,2025-08-27,257.44,257.44,0
17721,1918,2025-09-22,257.44,257.44,0
17722,1918,2025-10-25,257.44,257.44,0
17723,1918,2025-11-26,257.44,257.44,0
17724,1918,2025-12-24,257.44,257.44,0
17725,1919,2025-05-24,197.92,197.92,0
17726,1919,2025-06-24,197.92,197.92,0
17727,1919,2025-07-25,197.92,197.92,0
17728,1919,2025-08-24,197.92,197.92,0
17729,1919,2025-09-28,197.92,197.92,0
17730,1919,2025-10-27,197.92,197.92,0
17731,1919,2025-11-26,197.92,197.92,0
17732,1919,2025-12-22,197.92,197.92,0
17733,1920,2025-04-26,165.19,165.19,0
17734,1920,2025-05-27,165.19,165.19,0
17735,1920,2025-06-27,165.19,165.19,0
17736,1920,2025-07-25,165.19,165.19,0
17737,1920,2025-08-27,165.19,165.19,0
17738,1920,2025-09-24,165.19,165.19,0
17739,1920,2025-10-28,165.19,165.19,0
17740,1920,2025-11-28,165.19,165.19,0
17741,1920,2025-12-24,165.19,165.19,0
17742,1921,2025-11-23,462.31,462.31,0
17743,1921,2025-12-22,462.31,462.31,0
17744,1922,2024-10-26,165.94,165.94,0
17745,1922,2024-11-24,165.94,165.94,0
17746,1922,2024-12-24,165.94,165.94,0
17747,1922,2025-01-24,165.94,165.94,0
17748,1922,2025-02-27,165.94,165.94,0
17749,1922,2025-08-12,165.94,42.31,139
17750,1922,2025-04-26,165.94,165.94,0
17751,1922,2025-05-22,165.94,165.94,0
17752,1922,2025-09-14,165.94,136.96,84
17753,1922,2025-07-23,165.94,165.94,0
17754,1922,2025-08-27,165.94,165.94,0
17755,1922,2025-10-17,165.94,148.2,23
17756,1922,2025-12-15,165.94,39.79,52
17757,1922,2026-01-01,165.94,135.8,39
17758,1922,2026-06-06,165.94,64.11,163
17759,1923,2024-11-03,122.36,109.42,69
17760,1923,2024-09-28,122.36,122.36,0
17761,1923,2024-10-23,122.36,122.36,0
17762,1923,2025-02-12,122.36,121.39,76
17763,1923,2025-02-27,122.36,25.24,67
17764,1923,2025-01-24,122.36,122.36,0
17765,1923,2025-04-23,122.36,119.1,55
17766,1923,2025-03-28,122.36,122.36,0
17767,1923,2025-04-27,122.36,122.36,0
17768,1923,2025-05-23,122.36,122.36,0
17769,1923,2025-06-22,122.36,122.36,0
17770,1923,2025-07-27,122.36,122.36,0
17771,1923,2025-08-28,122.36,122.36,0
17772,1923,2025-09-28,122.36,122.36,0
17773,1923,2025-10-24,122.36,122.36,0
17774,1923,2026-05-04,122.36,33.35,157
17775,1923,2025-12-23,122.36,122.36,0
17776,1924,2024-06-22,296.28,296.28,0
17777,1924,2024-07-23,296.28,296.28,0
17778,1924,2024-08-25,296.28,296.28,0
17779,1924,2024-09-26,296.28,296.28,0
17780,1924,2024-10-22,296.28,296.28,0
17781,1924,2024-11-27,296.28,296.28,0
17782,1924,2024-12-22,296.28,296.28,0
17783,1924,2025-01-23,296.28,296.28,0
17784,1924,2025-02-25,296.28,296.28,0
17785,1924,2025-03-27,296.28,296.28,0
17786,1924,2025-04-28,296.28,296.28,0
17787,1924,2025-05-23,296.28,296.28,0
17788,1924,2025-06-22,296.28,296.28,0
17789,1924,2025-07-23,296.28,296.28,0
17790,1924,2025-08-23,296.28,296.28,0
17791,1924,2025-09-27,296.28,296.28,0
17792,1924,2025-10-28,296.28,296.28,0
17793,1924,2025-11-27,296.28,296.28,0
17794,1924,2025-12-27,296.28,296.28,0
17795,1925,2025-06-27,431.78,431.78,0
17796,1925,2025-07-28,431.78,431.78,0
17797,1925,2025-08-26,431.78,431.78,0
17798,1925,2025-09-27,431.78,431.78,0
17799,1925,2025-10-25,431.78,431.78,0
17800,1925,2025-11-26,431.78,431.78,0
17801,1925,2025-12-24,431.78,431.78,0
17802,1926,2024-07-24,601.09,601.09,0
17803,1926,2024-08-25,601.09,601.09,0
17804,1926,2024-09-25,601.09,601.09,0
17805,1926,2025-02-27,601.09,176.63,125
17806,1926,2024-11-26,601.09,601.09,0
17807,1926,2024-12-24,601.09,601.09,0
17808,1926,2025-01-25,601.09,601.09,0
17809,1926,2025-04-18,601.09,592.52,54
17810,1926,2025-03-22,601.09,601.09,0
17811,1926,2025-04-27,601.09,601.09,0
17812,1926,2025-05-26,601.09,601.09,0
17813,1926,2025-06-27,601.09,601.09,0
17814,1926,2025-07-25,601.09,601.09,0
17815,1926,2025-08-22,601.09,601.09,0
17816,1926,2025-09-24,601.09,601.09,0
17817,1926,2025-10-27,601.09,601.09,0
17818,1926,2025-11-25,601.09,601.09,0
17819,1926,2025-12-26,601.09,601.09,0
17820,1927,2025-06-26,137.45,137.45,0
17821,1927,2025-07-26,137.45,137.45,0
17822,1927,2025-08-23,137.45,137.45,0
17823,1927,2025-09-27,137.45,137.45,0
17824,1927,2025-10-27,137.45,137.45,0
17825,1927,2025-11-26,137.45,137.45,0
17826,1927,2025-12-24,137.45,137.45,0
17827,1928,2024-08-23,69.89,69.89,0
17828,1928,2024-09-26,69.89,69.89,0
17829,1928,2024-10-23,69.89,69.89,0
17830,1928,2024-11-28,69.89,69.89,0
17831,1928,2024-12-23,69.89,69.89,0
17832,1928,2025-01-25,69.89,69.89,0
17833,1928,2025-02-27,69.89,69.89,0
17834,1928,2025-03-27,69.89,69.89,0
17835,1928,2025-04-22,69.89,69.89,0
17836,1928,2025-05-23,69.89,69.89,0
17837,1928,2025-06-25,69.89,69.89,0
17838,1928,2025-07-24,69.89,69.89,0
17839,1928,2025-08-25,69.89,69.89,0
17840,1928,2025-09-28,69.89,69.89,0
17841,1928,2025-10-25,69.89,69.89,0
17842,1928,2025-11-27,69.89,69.89,0
17843,1928,2025-12-26,69.89,69.89,0
17844,1930,2025-05-03,312.3,275.45,68
17845,1930,2025-06-03,312.3,310.19,69
17846,1930,2025-04-25,312.3,312.3,0
17847,1930,2025-05-25,312.3,312.3,0
17848,1930,2025-06-22,312.3,312.3,0
17849,1930,2025-07-22,312.3,312.3,0
17850,1930,2025-08-26,312.3,312.3,0
17851,1930,2025-09-26,312.3,312.3,0
17852,1930,2025-11-18,312.3,279.04,27
17853,1930,2025-11-26,312.3,312.3,0
17854,1930,2025-12-25,312.3,312.3,0
17855,1931,2025-05-28,670.71,670.71,0
17856,1931,2025-06-26,670.71,670.71,0
17857,1931,2025-07-27,670.71,670.71,0
17858,1931,2025-08-23,670.71,670.71,0
17859,1931,2025-09-24,670.71,670.71,0
17860,1931,2025-10-22,670.71,670.71,0
17861,1931,2026-01-04,670.71,589.88,42
17862,1931,2025-12-26,670.71,670.71,0
17863,1932,2024-12-26,39.35,39.35,0
17864,1932,2025-01-28,39.35,39.35,0
17865,1932,2025-02-28,39.35,39.35,0
17866,1932,2025-03-23,39.35,39.35,0
17867,1932,2025-04-28,39.35,39.35,0
17868,1932,2025-07-17,39.35,38.98,50
17869,1932,2025-06-22,39.35,39.35,0
17870,1932,2025-09-16,39.35,36.13,52
17871,1932,2025-08-24,39.35,39.35,0
17872,1932,2025-09-28,39.35,39.35,0
17873,1932,2026-04-04,39.35,1.91,158
17874,1932,2025-11-22,39.35,39.35,0
17875,1932,2025-12-26,39.35,39.35,0
17876,1933,2024-05-26,720.23,720.23,0
17877,1933,2024-06-22,720.23,720.23,0
17878,1933,2024-07-27,720.23,720.23,0
17879,1933,2024-08-23,720.23,720.23,0
17880,1933,2024-09-27,720.23,720.23,0
17881,1933,2024-10-28,720.23,720.23,0
17882,1933,2024-11-26,720.23,720.23,0
17883,1933,2024-12-27,720.23,720.23,0
17884,1933,2025-01-27,720.23,720.23,0
17885,1933,2025-02-25,720.23,720.23,0
17886,1933,2025-03-22,720.23,720.23,0
17887,1933,2025-04-24,720.23,720.23,0
17888,1933,2025-05-28,720.23,720.23,0
17889,1933,2025-06-24,720.23,720.23,0
17890,1933,2025-07-27,720.23,720.23,0
17891,1933,2025-08-25,720.23,720.23,0
17892,1933,2025-09-23,720.23,720.23,0
17893,1933,2025-10-24,720.23,720.23,0
17894,1933,2025-11-23,720.23,720.23,0
17895,1933,2025-12-26,720.23,720.23,0
17896,1934,2026-03-07,383.51,67.91,102
17897,1934,2025-12-26,383.51,383.51,0
17898,1935,2025-02-25,1129.21,1129.21,0
17899,1935,2025-03-25,1129.21,1129.21,0
17900,1935,2025-04-24,1129.21,1129.21,0
17901,1935,2025-05-26,1129.21,1129.21,0
17902,1935,2025-06-27,1129.21,1129.21,0
17903,1935,2025-07-23,1129.21,1129.21,0
17904,1935,2025-08-23,1129.21,1129.21,0
17905,1935,2025-09-27,1129.21,1129.21,0
17906,1935,2025-10-23,1129.21,1129.21,0
17907,1935,2025-11-28,1129.21,1129.21,0
17908,1935,2025-12-28,1129.21,1129.21,0
17909,1936,2025-06-27,99.26,99.26,0
17910,1936,2025-07-28,99.26,99.26,0
17911,1936,2025-08-23,99.26,99.26,0
17912,1936,2025-09-28,99.26,99.26,0
17913,1936,2025-10-24,99.26,99.26,0
17914,1936,2025-11-25,99.26,99.26,0
17915,1936,2025-12-26,99.26,99.26,0
17916,1937,2024-09-25,286.69,286.69,0
17917,1937,2024-10-27,286.69,286.69,0
17918,1937,2025-02-03,286.69,283.29,73
17919,1937,2024-12-28,286.69,286.69,0
17920,1937,2025-01-24,286.69,286.69,0
17921,1937,2025-02-26,286.69,286.69,0
17922,1937,2025-03-26,286.69,286.69,0
17923,1937,2025-04-27,286.69,286.69,0
17924,1937,2025-05-23,286.69,286.69,0
17925,1937,2025-06-27,286.69,286.69,0
17926,1937,2025-07-27,286.69,286.69,0
17927,1937,2025-08-24,286.69,286.69,0
17928,1937,2025-09-27,286.69,286.69,0
17929,1937,2025-10-24,286.69,286.69,0
17930,1937,2025-11-22,286.69,286.69,0
17931,1937,2025-12-25,286.69,286.69,0
17932,1938,2025-05-23,344.22,344.22,0
17933,1938,2025-06-27,344.22,344.22,0
17934,1938,2025-07-23,344.22,344.22,0
17935,1938,2025-08-23,344.22,344.22,0
17936,1938,2025-09-25,344.22,344.22,0
17937,1938,2025-10-26,344.22,344.22,0
17938,1938,2025-11-22,344.22,344.22,0
17939,1938,2025-12-24,344.22,344.22,0
17940,1939,2025-07-25,237.49,237.49,0
17941,1939,2025-08-27,237.49,237.49,0
17942,1939,2025-09-24,237.49,237.49,0
17943,1939,2025-10-25,237.49,237.49,0
17944,1939,2025-11-28,237.49,237.49,0
17945,1939,2025-12-28,237.49,237.49,0
17946,1940,2024-01-25,578.79,578.79,0
17947,1940,2024-02-26,578.79,578.79,0
17948,1940,2024-03-26,578.79,578.79,0
17949,1940,2024-04-22,578.79,578.79,0
17950,1940,2024-05-25,578.79,578.79,0
17951,1940,2024-06-22,578.79,578.79,0
17952,1940,2024-07-22,578.79,578.79,0
17953,1940,2024-08-26,578.79,578.79,0
17954,1940,2024-09-24,578.79,578.79,0
17955,1940,2024-10-22,578.79,578.79,0
17956,1940,2024-11-24,578.79,578.79,0
17957,1940,2024-12-23,578.79,578.79,0
17958,1940,2025-04-02,578.79,549.25,66
17959,1941,2025-02-26,246.86,246.86,0
17960,1941,2025-03-22,246.86,246.86,0
17961,1941,2025-04-25,246.86,246.86,0
17962,1941,2025-05-26,246.86,246.86,0
17963,1941,2025-06-27,246.86,246.86,0
17964,1941,2025-07-25,246.86,246.86,0
17965,1941,2025-08-23,246.86,246.86,0
17966,1941,2025-09-28,246.86,246.86,0
17967,1941,2025-10-22,246.86,246.86,0
17968,1941,2025-11-24,246.86,246.86,0
17969,1941,2025-12-22,246.86,246.86,0
17970,1942,2025-01-26,664.94,664.94,0
17971,1942,2025-02-25,664.94,664.94,0
17972,1942,2025-03-23,664.94,664.94,0
17973,1942,2025-04-27,664.94,664.94,0
17974,1942,2025-05-24,664.94,664.94,0
17975,1942,2025-06-23,664.94,664.94,0
17976,1942,2025-07-23,664.94,664.94,0
17977,1942,2025-08-22,664.94,664.94,0
17978,1942,2025-09-23,664.94,664.94,0
17979,1942,2025-10-28,664.94,664.94,0
17980,1942,2025-11-22,664.94,664.94,0
17981,1942,2025-12-22,664.94,664.94,0
17982,1943,2025-12-28,524.0,524.0,0
17983,1944,2024-06-27,363.37,363.37,0
17984,1944,2024-07-24,363.37,363.37,0
17985,1944,2024-08-27,363.37,363.37,0
17986,1944,2024-09-22,363.37,363.37,0
17987,1944,2024-10-26,363.37,363.37,0
17988,1944,2024-11-24,363.37,363.37,0
17989,1944,2024-12-28,363.37,363.37,0
17990,1944,2025-01-28,363.37,363.37,0
17991,1944,2025-02-23,363.37,363.37,0
17992,1944,2025-03-24,363.37,363.37,0
17993,1944,2025-04-26,363.37,363.37,0
17994,1944,2025-05-25,363.37,363.37,0
17995,1944,2025-06-22,363.37,363.37,0
17996,1945,2025-04-19,134.72,3.43,53
17997,1945,2025-03-22,134.72,134.72,0
17998,1945,2025-04-27,134.72,134.72,0
17999,1945,2025-05-24,134.72,134.72,0
18000,1945,2025-06-24,134.72,134.72,0
18001,1945,2025-07-24,134.72,134.72,0
18002,1945,2025-08-28,134.72,134.72,0
18003,1945,2025-09-28,134.72,134.72,0
18004,1945,2025-10-24,134.72,134.72,0
18005,1945,2025-11-26,134.72,134.72,0
18006,1945,2025-12-27,134.72,134.72,0
18007,1946,2024-12-26,617.63,617.63,0
18008,1946,2025-01-23,617.63,617.63,0
18009,1946,2025-02-22,617.63,617.63,0
18010,1946,2025-03-26,617.63,617.63,0
18011,1946,2025-04-24,617.63,617.63,0
18012,1946,2025-05-22,617.63,617.63,0
18013,1946,2025-06-27,617.63,617.63,0
18014,1946,2025-07-26,617.63,617.63,0
18015,1946,2025-08-28,617.63,617.63,0
18016,1946,2025-09-25,617.63,617.63,0
18017,1946,2025-10-25,617.63,617.63,0
18018,1946,2025-11-26,617.63,617.63,0
18019,1946,2025-12-27,617.63,617.63,0
18020,1947,2025-09-23,110.44,110.44,0
18021,1947,2026-01-17,110.44,14.89,82
18022,1947,2026-01-05,110.44,96.75,41
18023,1947,2026-01-01,110.44,100.45,5
18024,1948,2024-12-24,425.59,425.59,0
18025,1948,2025-01-28,425.59,425.59,0
18026,1948,2025-02-27,425.59,425.59,0
18027,1948,2025-04-30,425.59,349.98,38
18028,1948,2025-04-22,425.59,425.59,0
18029,1948,2025-05-23,425.59,425.59,0
18030,1948,2025-06-26,425.59,425.59,0
18031,1948,2025-07-26,425.59,425.59,0
18032,1948,2025-08-27,425.59,425.59,0
18033,1948,2025-09-22,425.59,425.59,0
18034,1948,2025-10-22,425.59,425.59,0
18035,1948,2025-11-22,425.59,425.59,0
18036,1948,2025-12-23,425.59,425.59,0
18037,1949,2025-12-25,549.46,549.46,0
18038,1950,2024-12-25,588.68,588.68,0
18039,1950,2025-01-26,588.68,588.68,0
18040,1950,2025-03-11,588.68,588.61,16
18041,1950,2025-03-22,588.68,588.68,0
18042,1950,2025-04-27,588.68,588.68,0
18043,1950,2025-05-24,588.68,588.68,0
18044,1950,2025-06-25,588.68,588.68,0
18045,1950,2025-07-27,588.68,588.68,0
18046,1950,2025-08-23,588.68,588.68,0
18047,1950,2025-11-06,588.68,116.65,41
18048,1950,2025-10-22,588.68,588.68,0
18049,1950,2025-11-26,588.68,588.68,0
18050,1950,2025-12-27,588.68,588.68,0
18051,1951,2025-11-22,97.49,97.49,0
18052,1951,2025-12-23,97.49,97.49,0
18053,1952,2025-12-21,375.23,145.17,90
18054,1952,2025-10-26,375.23,375.23,0
18055,1952,2025-11-28,375.23,375.23,0
18056,1952,2026-01-10,375.23,357.88,15
18057,1953,2025-03-26,898.1,898.1,0
18058,1953,2025-05-21,898.1,754.78,24
18059,1953,2025-05-26,898.1,898.1,0
18060,1953,2025-06-24,898.1,898.1,0
18061,1953,2025-07-28,898.1,898.1,0
18062,1953,2025-08-28,898.1,898.1,0
18063,1953,2025-09-26,898.1,898.1,0
18064,1953,2025-10-26,898.1,898.1,0
18065,1953,2025-11-27,898.1,898.1,0
18066,1953,2025-12-26,898.1,898.1,0
18067,1954,2025-08-22,242.63,242.63,0
18068,1954,2025-09-23,242.63,242.63,0
18069,1954,2025-10-22,242.63,242.63,0
18070,1954,2025-11-28,242.63,242.63,0
18071,1954,2025-12-22,242.63,242.63,0
18072,1955,2024-07-24,1395.17,1395.17,0
18073,1955,2024-08-23,1395.17,1395.17,0
18074,1955,2024-09-25,1395.17,1395.17,0
18075,1955,2024-10-27,1395.17,1395.17,0
18076,1955,2024-11-26,1395.17,1395.17,0
18077,1955,2024-12-22,1395.17,1395.17,0
18078,1955,2025-01-28,1395.17,1395.17,0
18079,1955,2025-02-22,1395.17,1395.17,0
18080,1955,2025-03-22,1395.17,1395.17,0
18081,1955,2025-04-26,1395.17,1395.17,0
18082,1955,2025-05-23,1395.17,1395.17,0
18083,1955,2025-08-08,1395.17,1229.65,42
18084,1955,2025-07-25,1395.17,1395.17,0
18085,1955,2025-08-27,1395.17,1395.17,0
18086,1955,2025-09-26,1395.17,1395.17,0
18087,1955,2025-10-27,1395.17,1395.17,0
18088,1955,2026-02-10,1395.17,1167.04,78
18089,1955,2026-01-20,1395.17,1387.07,28
18090,1956,2025-06-26,69.77,69.77,0
18091,1956,2025-10-23,69.77,16.48,93
18092,1956,2025-08-23,69.77,69.77,0
18093,1956,2025-09-22,69.77,69.77,0
18094,1956,2025-10-23,69.77,69.77,0
18095,1956,2025-11-29,69.77,68.26,6
18096,1956,2026-06-18,69.77,26.02,175
18097,1957,2025-03-27,116.04,116.04,0
18098,1957,2025-04-22,116.04,116.04,0
18099,1957,2025-05-28,116.04,116.04,0
18100,1957,2025-06-24,116.04,116.04,0
18101,1957,2025-07-25,116.04,116.04,0
18102,1957,2025-08-24,116.04,116.04,0
18103,1957,2025-09-27,116.04,116.04,0
18104,1957,2025-10-25,116.04,116.04,0
18105,1957,2025-11-26,116.04,116.04,0
18106,1957,2025-12-28,116.04,116.04,0
18107,1958,2025-06-26,182.63,182.63,0
18108,1958,2025-08-24,182.63,181.24,30
18109,1958,2025-09-08,182.63,173.98,11
18110,1958,2025-09-22,182.63,182.63,0
18111,1958,2025-10-25,182.63,182.63,0
18112,1958,2025-11-25,182.63,182.63,0
18113,1958,2025-12-23,182.63,182.63,0
18114,1960,2025-01-26,265.24,265.24,0
18115,1960,2025-02-22,265.24,265.24,0
18116,1960,2025-03-23,265.24,265.24,0
18117,1960,2025-04-22,265.24,265.24,0
18118,1960,2025-05-26,265.24,265.24,0
18119,1960,2025-06-24,265.24,265.24,0
18120,1960,2025-07-25,265.24,265.24,0
18121,1960,2025-08-25,265.24,265.24,0
18122,1960,2025-09-25,265.24,265.24,0
18123,1960,2025-10-22,265.24,265.24,0
18124,1960,2025-11-28,265.24,265.24,0
18125,1960,2025-12-26,265.24,265.24,0
18126,1961,2025-02-26,198.5,198.5,0
18127,1961,2025-03-26,198.5,198.5,0
18128,1961,2025-04-22,198.5,198.5,0
18129,1961,2025-05-24,198.5,198.5,0
18130,1961,2025-06-26,198.5,198.5,0
18131,1961,2025-07-22,198.5,198.5,0
18132,1961,2025-08-24,198.5,198.5,0
18133,1961,2025-09-24,198.5,198.5,0
18134,1961,2025-10-28,198.5,198.5,0
18135,1961,2025-11-23,198.5,198.5,0
18136,1961,2025-12-28,198.5,198.5,0
18137,1962,2024-10-24,688.23,688.23,0
18138,1962,2024-12-21,688.23,566.83,24
18139,1962,2024-12-24,688.23,688.23,0
18140,1962,2025-01-27,688.23,688.23,0
18141,1962,2025-04-16,688.23,215.5,49
18142,1962,2025-03-22,688.23,688.23,0
18143,1962,2025-04-23,688.23,688.23,0
18144,1962,2025-05-26,688.23,688.23,0
18145,1962,2025-06-28,688.23,688.23,0
18146,1962,2025-07-23,688.23,688.23,0
18147,1962,2025-08-27,688.23,688.23,0
18148,1962,2025-09-26,688.23,688.23,0
18149,1962,2025-10-26,688.23,688.23,0
18150,1962,2025-11-23,688.23,688.23,0
18151,1962,2025-12-24,688.23,688.23,0
18152,1964,2025-04-26,548.16,548.16,0
18153,1964,2025-05-27,548.16,548.16,0
18154,1964,2025-06-23,548.16,548.16,0
18155,1964,2025-07-22,548.16,548.16,0
18156,1964,2025-08-25,548.16,548.16,0
18157,1964,2025-09-26,548.16,548.16,0
18158,1964,2026-01-11,548.16,518.43,77
18159,1964,2025-11-23,548.16,548.16,0
18160,1964,2025-12-25,548.16,548.16,0
18161,1965,2025-04-28,247.72,247.72,0
18162,1965,2025-05-25,247.72,247.72,0
18163,1965,2025-06-23,247.72,247.72,0
18164,1965,2025-07-22,247.72,247.72,0
18165,1965,2025-09-25,247.72,246.29,34
18166,1965,2026-01-14,247.72,32.94,111
18167,1965,2025-10-26,247.72,247.72,0
18168,1965,2025-11-22,247.72,247.72,0
18169,1965,2025-12-28,247.72,247.72,0
18170,1966,2025-06-28,916.01,916.01,0
18171,1966,2025-07-25,916.01,916.01,0
18172,1966,2025-08-25,916.01,916.01,0
18173,1966,2025-09-26,916.01,916.01,0
18174,1966,2025-10-28,916.01,916.01,0
18175,1966,2025-11-24,916.01,916.01,0
18176,1966,2025-12-26,916.01,916.01,0
18177,1967,2025-07-11,749.29,613.24,74
18178,1967,2025-05-25,749.29,749.29,0
18179,1967,2025-06-27,749.29,749.29,0
18180,1967,2025-07-26,749.29,749.29,0
18181,1967,2025-08-28,749.29,749.29,0
18182,1967,2025-09-26,749.29,749.29,0
18183,1967,2025-10-22,749.29,749.29,0
18184,1967,2025-12-09,749.29,691.15,12
18185,1967,2025-12-22,749.29,749.29,0
18186,1968,2025-06-27,589.03,589.03,0
18187,1968,2025-07-23,589.03,589.03,0
18188,1968,2025-08-23,589.03,589.03,0
18189,1968,2025-09-26,589.03,589.03,0
18190,1968,2025-10-24,589.03,589.03,0
18191,1968,2025-11-28,589.03,589.03,0
18192,1968,2025-12-26,589.03,589.03,0
18193,1969,2025-06-22,435.33,435.33,0
18194,1969,2025-07-22,435.33,435.33,0
18195,1969,2025-08-26,435.33,435.33,0
18196,1969,2025-09-22,435.33,435.33,0
18197,1969,2025-10-22,435.33,435.33,0
18198,1969,2025-11-22,435.33,435.33,0
18199,1969,2025-12-28,435.33,435.33,0
18200,1970,2025-02-26,429.57,429.57,0
18201,1970,2025-07-14,429.57,88.33,113
18202,1970,2025-04-25,429.57,429.57,0
18203,1970,2025-05-27,429.57,429.57,0
18204,1970,2025-11-24,429.57,95.69,150
18205,1970,2025-07-28,429.57,429.57,0
18206,1970,2025-08-24,429.57,429.57,0
18207,1970,2025-10-19,429.57,355.24,22
18208,1970,2025-10-25,429.57,429.57,0
18209,1970,2025-11-24,429.57,429.57,0
18210,1970,2025-12-27,429.57,429.57,0
18211,1971,2025-05-26,265.14,265.14,0
18212,1971,2025-06-22,265.14,265.14,0
18213,1971,2025-07-23,265.14,265.14,0
18214,1971,2025-09-24,265.14,239.21,28
18215,1971,2025-09-27,265.14,265.14,0
18216,1971,2025-10-22,265.14,265.14,0
18217,1971,2025-11-28,265.14,265.14,0
18218,1971,2025-12-23,265.14,265.14,0
18219,1972,2025-07-28,575.82,575.82,0
18220,1972,2025-08-24,575.82,575.82,0
18221,1972,2025-09-23,575.82,575.82,0
18222,1972,2025-10-22,575.82,575.82,0
18223,1972,2025-11-23,575.82,575.82,0
18224,1972,2026-02-03,575.82,551.75,43
18225,1973,2025-04-27,331.99,331.99,0
18226,1973,2025-05-24,331.99,331.99,0
18227,1973,2025-06-28,331.99,331.99,0
18228,1973,2025-07-28,331.99,331.99,0
18229,1973,2025-08-23,331.99,331.99,0
18230,1973,2025-09-22,331.99,331.99,0
18231,1973,2026-01-03,331.99,288.22,71
18232,1973,2025-11-24,331.99,331.99,0
18233,1973,2025-12-27,331.99,331.99,0
18234,1974,2025-12-26,579.94,579.94,0
18235,1976,2025-10-22,186.87,186.87,0
18236,1976,2025-11-25,186.87,186.87,0
18237,1976,2025-12-22,186.87,186.87,0
18238,1977,2024-10-23,114.74,114.74,0
18239,1977,2024-11-22,114.74,114.74,0
18240,1977,2024-12-22,114.74,114.74,0
18241,1977,2025-01-25,114.74,114.74,0
18242,1977,2025-02-27,114.74,114.74,0
18243,1977,2025-03-23,114.74,114.74,0
18244,1977,2025-07-04,114.74,107.65,67
18245,1977,2025-05-26,114.74,114.74,0
18246,1977,2025-06-26,114.74,114.74,0
18247,1977,2025-07-28,114.74,114.74,0
18248,1977,2025-08-22,114.74,114.74,0
18249,1977,2025-11-27,114.74,111.77,61
18250,1977,2025-10-22,114.74,114.74,0
18251,1977,2026-02-19,114.74,109.59,83
18252,1977,2026-01-17,114.74,113.02,20
18253,1978,2024-12-26,267.0,267.0,0
18254,1978,2025-01-25,267.0,267.0,0
18255,1978,2025-02-22,267.0,267.0,0
18256,1978,2025-03-26,267.0,267.0,0
18257,1978,2025-06-24,267.0,218.3,62
18258,1978,2025-05-24,267.0,267.0,0
18259,1978,2025-06-22,267.0,267.0,0
18260,1978,2025-07-28,267.0,267.0,0
18261,1978,2025-08-24,267.0,267.0,0
18262,1978,2025-09-24,267.0,267.0,0
18263,1978,2025-10-26,267.0,267.0,0
18264,1978,2025-11-23,267.0,267.0,0
18265,1978,2025-12-22,267.0,267.0,0
18266,1979,2025-12-24,293.83,293.83,0
18267,1980,2025-08-23,43.65,43.65,0
18268,1980,2025-09-28,43.65,43.65,0
18269,1980,2025-10-22,43.65,43.65,0
18270,1980,2025-11-22,43.65,43.65,0
18271,1980,2025-12-24,43.65,43.65,0
18272,1981,2025-09-25,279.14,279.14,0
18273,1981,2025-10-22,279.14,279.14,0
18274,1981,2025-11-24,279.14,279.14,0
18275,1981,2025-12-27,279.14,279.14,0
18276,1982,2024-12-27,100.83,100.83,0
18277,1982,2025-01-22,100.83,100.83,0
18278,1982,2025-03-14,100.83,96.94,17
18279,1982,2025-03-25,100.83,100.83,0
18280,1982,2025-04-26,100.83,100.83,0
18281,1982,2025-05-27,100.83,100.83,0
18282,1982,2025-06-25,100.83,100.83,0
18283,1982,2025-07-28,100.83,100.83,0
18284,1982,2025-08-28,100.83,100.83,0
18285,1982,2025-09-23,100.83,100.83,0
18286,1982,2025-10-28,100.83,100.83,0
18287,1982,2025-11-26,100.83,100.83,0
18288,1982,2025-12-22,100.83,100.83,0
18289,1983,2025-05-06,301.46,253.33,67
18290,1983,2025-06-04,301.46,278.5,72
18291,1983,2025-04-23,301.46,301.46,0
18292,1983,2025-05-23,301.46,301.46,0
18293,1983,2025-06-28,301.46,301.46,0
18294,1983,2025-07-28,301.46,301.46,0
18295,1983,2025-09-30,301.46,249.28,36
18296,1983,2025-09-23,301.46,301.46,0
18297,1983,2026-01-02,301.46,265.89,68
18298,1983,2025-11-22,301.46,301.46,0
18299,1983,2025-12-28,301.46,301.46,0
18300,1984,2026-02-23,501.02,412.03,58
18301,1985,2025-09-23,323.98,323.98,0
18302,1985,2025-11-05,323.98,273.38,11
18303,1985,2025-11-26,323.98,323.98,0
18304,1985,2025-12-26,323.98,323.98,0
18305,1986,2025-09-22,347.81,347.81,0
18306,1986,2025-10-27,347.81,347.81,0
18307,1986,2025-11-28,347.81,347.81,0
18308,1986,2025-12-23,347.81,347.81,0
18309,1987,2025-12-26,159.78,159.78,0
18310,1989,2024-01-24,229.04,229.04,0
18311,1989,2024-02-27,229.04,229.04,0
18312,1989,2024-03-28,229.04,229.04,0
18313,1989,2024-04-24,229.04,229.04,0
18314,1989,2024-05-25,229.04,229.04,0
18315,1989,2024-08-21,229.04,205.5,54
18316,1989,2024-07-22,229.04,229.04,0
18317,1989,2024-08-24,229.04,229.04,0
18318,1989,2024-09-24,229.04,229.04,0
18319,1989,2024-10-24,229.04,229.04,0
18320,1989,2024-11-25,229.04,229.04,0
18321,1989,2024-12-26,229.04,229.04,0
18322,1989,2025-01-24,229.04,229.04,0
18323,1989,2025-02-22,229.04,229.04,0
18324,1989,2025-03-23,229.04,229.04,0
18325,1989,2025-04-27,229.04,229.04,0
18326,1989,2025-05-25,229.04,229.04,0
18327,1989,2025-07-29,229.04,210.85,35
18328,1989,2025-07-28,229.04,229.04,0
18329,1989,2025-08-26,229.04,229.04,0
18330,1989,2025-09-27,229.04,229.04,0
18331,1989,2025-10-22,229.04,229.04,0
18332,1989,2025-11-23,229.04,229.04,0
18333,1989,2025-12-28,229.04,229.04,0
18334,1990,2025-08-28,178.88,178.88,0
18335,1990,2025-09-27,178.88,178.88,0
18336,1990,2025-12-27,178.88,150.33,65
18337,1990,2026-04-29,178.88,69.34,158
18338,1990,2025-12-28,178.88,178.88,0
18339,1991,2025-08-03,96.6,82.22,42
18340,1991,2025-07-27,96.6,96.6,0
18341,1991,2025-12-11,96.6,17.82,106
18342,1991,2025-09-26,96.6,96.6,0
18343,1991,2025-10-26,96.6,96.6,0
18344,1991,2025-11-25,96.6,96.6,0
18345,1991,2025-12-22,96.6,96.6,0
18346,1992,2025-07-26,147.02,147.02,0
18347,1992,2025-08-24,147.02,147.02,0
18348,1992,2025-09-24,147.02,147.02,0
18349,1992,2025-12-11,147.02,142.54,48
18350,1992,2025-11-23,147.02,147.02,0
18351,1992,2025-12-22,147.02,147.02,0
18352,1993,2024-01-28,200.82,200.82,0
18353,1993,2024-02-23,200.82,200.82,0
18354,1993,2024-03-25,200.82,200.82,0
18355,1993,2024-04-26,200.82,200.82,0
18356,1993,2024-05-24,200.82,200.82,0
18357,1993,2024-06-24,200.82,200.82,0
18358,1993,2024-08-19,200.82,172.23,23
18359,1994,2024-01-24,713.06,713.06,0
18360,1994,2024-02-27,713.06,713.06,0
18361,1994,2024-03-25,713.06,713.06,0
18362,1994,2024-04-24,713.06,713.06,0
18363,1994,2024-05-26,713.06,713.06,0
18364,1994,2024-06-23,713.06,713.06,0
18365,1994,2024-07-24,713.06,713.06,0
18366,1994,2024-08-26,713.06,713.06,0
18367,1994,2024-09-27,713.06,713.06,0
18368,1994,2025-02-28,713.06,150.71,123
18369,1994,2024-11-23,713.06,713.06,0
18370,1994,2024-12-22,713.06,713.06,0
18371,1994,2025-04-11,713.06,619.98,78
18372,1994,2025-02-24,713.06,713.06,0
18373,1994,2025-03-27,713.06,713.06,0
18374,1994,2025-04-22,713.06,713.06,0
18375,1994,2025-05-22,713.06,713.06,0
18376,1994,2025-06-26,713.06,713.06,0
18377,1994,2025-07-27,713.06,713.06,0
18378,1994,2025-08-27,713.06,713.06,0
18379,1994,2025-09-24,713.06,713.06,0
18380,1994,2025-10-28,713.06,713.06,0
18381,1994,2025-11-23,713.06,713.06,0
18382,1994,2025-12-26,713.06,713.06,0
18383,1995,2024-04-26,1108.16,1108.16,0
18384,1995,2024-05-25,1108.16,1108.16,0
18385,1995,2024-06-23,1108.16,1108.16,0
18386,1995,2024-07-25,1108.16,1108.16,0
18387,1995,2024-08-25,1108.16,1108.16,0
18388,1995,2024-09-28,1108.16,1108.16,0
18389,1995,2024-10-27,1108.16,1108.16,0
18390,1995,2024-11-23,1108.16,1108.16,0
18391,1995,2024-12-26,1108.16,1108.16,0
18392,1995,2025-01-25,1108.16,1108.16,0
18393,1995,2025-02-27,1108.16,1108.16,0
18394,1995,2025-03-25,1108.16,1108.16,0
18395,1995,2025-04-23,1108.16,1108.16,0
18396,1995,2025-05-24,1108.16,1108.16,0
18397,1995,2025-06-26,1108.16,1108.16,0
18398,1995,2025-07-28,1108.16,1108.16,0
18399,1995,2025-08-22,1108.16,1108.16,0
18400,1995,2025-09-25,1108.16,1108.16,0
18401,1995,2025-10-26,1108.16,1108.16,0
18402,1995,2025-11-22,1108.16,1108.16,0
18403,1995,2026-03-01,1108.16,21.4,63
18404,1996,2024-08-03,326.83,0.36,98
18405,1996,2024-07-19,326.83,302.56,52
18406,1996,2024-06-27,326.83,326.83,0
18407,1996,2024-07-24,326.83,326.83,0
18408,1996,2024-08-27,326.83,326.83,0
18409,1996,2024-09-25,326.83,326.83,0
18410,1996,2024-10-27,326.83,326.83,0
18411,1996,2025-02-08,326.83,290.58,75
18412,1996,2024-12-22,326.83,326.83,0
18413,1996,2025-01-22,326.83,326.83,0
18414,1996,2025-03-20,326.83,287.65,22
18415,1996,2025-03-26,326.83,326.83,0
18416,1996,2025-04-28,326.83,326.83,0
18417,1996,2025-05-22,326.83,326.83,0
18418,1996,2025-06-22,326.83,326.83,0
18419,1996,2025-07-28,326.83,326.83,0
18420,1996,2025-08-24,326.83,326.83,0
18421,1996,2025-09-22,326.83,326.83,0
18422,1996,2025-10-26,326.83,326.83,0
18423,1996,2026-02-10,326.83,291.71,74
18424,1996,2025-12-26,326.83,326.83,0
18425,1997,2025-12-25,53.39,53.39,0
18426,1998,2025-02-28,132.73,132.73,0
18427,1998,2025-03-26,132.73,132.73,0
18428,1998,2025-04-23,132.73,132.73,0
18429,1998,2025-05-22,132.73,132.73,0
18430,1998,2025-07-30,132.73,127.91,37
18431,1998,2025-07-25,132.73,132.73,0
18432,1998,2025-08-26,132.73,132.73,0
18433,1998,2025-09-23,132.73,132.73,0
18434,1998,2025-12-20,132.73,115.43,54
18435,1998,2025-11-23,132.73,132.73,0
18436,1998,2025-12-25,132.73,132.73,0
18437,1999,2025-02-26,160.39,160.39,0
18438,1999,2025-03-24,160.39,160.39,0
18439,1999,2025-06-17,160.39,151.63,54
18440,1999,2025-07-22,160.39,131.13,59
18441,1999,2025-06-23,160.39,160.39,0
18442,1999,2025-07-26,160.39,160.39,0
18443,1999,2025-08-23,160.39,160.39,0
18444,1999,2025-09-22,160.39,160.39,0
18445,1999,2025-10-27,160.39,160.39,0
18446,1999,2025-11-22,160.39,160.39,0
18447,1999,2025-12-26,160.39,160.39,0
18448,2000,2025-03-22,137.33,137.33,0
18449,2000,2025-04-24,137.33,137.33,0
18450,2000,2025-05-26,137.33,137.33,0
18451,2000,2025-06-26,137.33,137.33,0
18452,2000,2025-07-24,137.33,137.33,0
18453,2000,2025-08-22,137.33,137.33,0
18454,2000,2025-09-25,137.33,137.33,0
18455,2000,2025-10-22,137.33,137.33,0
18456,2000,2025-11-24,137.33,137.33,0
18457,2000,2025-12-26,137.33,137.33,0
18458,2001,2024-11-24,523.33,523.33,0
18459,2001,2024-12-26,523.33,523.33,0
18460,2001,2025-01-24,523.33,523.33,0
18461,2001,2025-02-25,523.33,523.33,0
18462,2001,2025-03-27,523.33,523.33,0
18463,2001,2025-04-28,523.33,523.33,0
18464,2001,2025-05-24,523.33,523.33,0
18465,2001,2025-06-24,523.33,523.33,0
18466,2001,2025-07-28,523.33,523.33,0
18467,2001,2025-08-24,523.33,523.33,0
18468,2001,2025-09-25,523.33,523.33,0
18469,2001,2025-10-27,523.33,523.33,0
18470,2001,2025-11-22,523.33,523.33,0
18471,2001,2025-12-23,523.33,523.33,0
18472,2002,2025-12-24,672.55,672.55,0
18473,2003,2025-03-22,730.42,730.42,0
18474,2003,2025-04-23,730.42,730.42,0
18475,2003,2025-05-24,730.42,730.42,0
18476,2003,2025-06-22,730.42,730.42,0
18477,2003,2025-07-24,730.42,730.42,0
18478,2003,2025-08-28,730.42,730.42,0
18479,2003,2025-09-22,730.42,730.42,0
18480,2003,2025-10-23,730.42,730.42,0
18481,2003,2025-11-22,730.42,730.42,0
18482,2003,2025-12-22,730.42,730.42,0
18483,2004,2025-06-24,111.84,111.84,0
18484,2004,2025-07-26,111.84,111.84,0
18485,2004,2025-08-23,111.84,111.84,0
18486,2004,2025-09-26,111.84,111.84,0
18487,2004,2025-10-22,111.84,111.84,0
18488,2004,2025-11-25,111.84,111.84,0
18489,2004,2025-12-31,111.84,110.2,7
18490,2005,2025-06-24,89.01,89.01,0
18491,2005,2025-10-10,89.01,88.43,77
18492,2005,2025-08-26,89.01,89.01,0
18493,2005,2025-09-26,89.01,89.01,0
18494,2005,2025-10-22,89.01,89.01,0
18495,2005,2025-11-22,89.01,89.01,0
18496,2005,2026-06-08,89.01,30.47,162
18497,2006,2025-01-26,588.82,588.82,0
18498,2006,2025-02-28,588.82,588.82,0
18499,2006,2025-03-22,588.82,588.82,0
18500,2006,2025-04-25,588.82,588.82,0
18501,2006,2025-05-27,588.82,588.82,0
18502,2006,2025-06-26,588.82,588.82,0
18503,2006,2025-07-28,588.82,588.82,0
18504,2006,2025-08-22,588.82,588.82,0
18505,2006,2025-09-25,588.82,588.82,0
18506,2006,2025-10-27,588.82,588.82,0
18507,2006,2025-11-28,588.82,588.82,0
18508,2006,2025-12-23,588.82,588.82,0
18509,2007,2025-02-24,1204.5,1204.5,0
18510,2007,2025-06-16,1204.5,1203.91,80
18511,2007,2025-05-05,1204.5,986.21,8
18512,2007,2025-06-08,1204.5,1171.89,15
18513,2007,2025-06-27,1204.5,1204.5,0
18514,2007,2025-07-28,1204.5,1204.5,0
18515,2007,2025-08-26,1204.5,1204.5,0
18516,2007,2025-09-26,1204.5,1204.5,0
18517,2007,2025-10-30,1204.5,1096.91,4
18518,2007,2025-11-23,1204.5,1204.5,0
18519,2007,2026-06-01,1204.5,16.74,160
18520,2009,2025-12-27,238.75,238.75,0
18521,2010,2024-08-24,769.68,769.68,0
18522,2010,2024-09-28,769.68,769.68,0
18523,2010,2024-10-25,769.68,769.68,0
18524,2010,2024-11-23,769.68,769.68,0
18525,2010,2024-12-25,769.68,769.68,0
18526,2010,2025-01-27,769.68,769.68,0
18527,2010,2025-02-28,769.68,769.68,0
18528,2010,2025-03-25,769.68,769.68,0
18529,2010,2025-04-22,769.68,769.68,0
18530,2010,2025-05-25,769.68,769.68,0
18531,2010,2025-06-25,769.68,769.68,0
18532,2010,2025-07-26,769.68,769.68,0
18533,2010,2025-08-24,769.68,769.68,0
18534,2010,2025-09-24,769.68,769.68,0
18535,2010,2025-10-26,769.68,769.68,0
18536,2010,2025-11-23,769.68,769.68,0
18537,2010,2025-12-26,769.68,769.68,0
18538,2011,2025-08-23,224.12,224.12,0
18539,2011,2025-09-25,224.12,224.12,0
18540,2011,2025-10-24,224.12,224.12,0
18541,2011,2025-11-27,224.12,224.12,0
18542,2011,2025-12-26,224.12,224.12,0
18543,2012,2025-12-23,382.29,382.29,0
18544,2013,2025-05-25,115.65,115.65,0
18545,2013,2025-06-25,115.65,115.65,0
18546,2013,2025-09-01,115.65,97.5,39
18547,2013,2025-08-22,115.65,115.65,0
18548,2013,2025-09-28,115.65,115.65,0
18549,2013,2025-10-28,115.65,115.65,0
18550,2013,2026-01-25,115.65,110.46,59
18551,2013,2025-12-23,115.65,115.65,0
18552,2014,2025-10-24,377.22,377.22,0
18553,2014,2025-11-26,377.22,377.22,0
18554,2014,2025-12-23,377.22,377.22,0
18555,2015,2025-03-27,145.07,145.07,0
18556,2015,2025-04-28,145.07,145.07,0
18557,2015,2025-05-23,145.07,145.07,0
18558,2015,2025-06-27,145.07,145.07,0
18559,2015,2025-07-28,145.07,145.07,0
18560,2015,2025-08-25,145.07,145.07,0
18561,2015,2025-09-28,145.07,145.07,0
18562,2015,2025-10-23,145.07,145.07,0
18563,2015,2025-11-28,145.07,145.07,0
18564,2015,2025-12-25,145.07,145.07,0
18565,2016,2024-07-24,375.61,375.61,0
18566,2016,2024-09-29,375.61,50.33,37
18567,2016,2024-09-27,375.61,375.61,0
18568,2016,2025-01-11,375.61,330.02,75
18569,2016,2024-11-27,375.61,375.61,0
18570,2016,2024-12-28,375.61,375.61,0
18571,2016,2025-01-28,375.61,375.61,0
18572,2016,2025-02-23,375.61,375.61,0
18573,2016,2025-03-28,375.61,375.61,0
18574,2016,2025-04-25,375.61,375.61,0
18575,2016,2025-05-25,375.61,375.61,0
18576,2016,2025-06-25,375.61,375.61,0
18577,2016,2025-07-26,375.61,375.61,0
18578,2016,2025-08-28,375.61,375.61,0
18579,2016,2025-09-24,375.61,375.61,0
18580,2016,2025-10-24,375.61,375.61,0
18581,2016,2025-11-26,375.61,375.61,0
18582,2016,2025-12-26,375.61,375.61,0
18583,2018,2025-05-26,251.6,251.6,0
18584,2018,2025-06-23,251.6,251.6,0
18585,2018,2025-07-23,251.6,251.6,0
18586,2018,2025-08-26,251.6,251.6,0
18587,2018,2025-10-04,251.6,240.56,9
18588,2018,2025-12-26,251.6,245.09,59
18589,2018,2025-11-25,251.6,251.6,0
18590,2018,2025-12-24,251.6,251.6,0
18591,2021,2024-09-26,138.44,138.44,0
18592,2021,2024-10-26,138.44,138.44,0
18593,2021,2024-11-23,138.44,138.44,0
18594,2021,2024-12-23,138.44,138.44,0
18595,2021,2025-01-25,138.44,138.44,0
18596,2021,2025-02-27,138.44,138.44,0
18597,2021,2025-03-26,138.44,138.44,0
18598,2021,2025-04-22,138.44,138.44,0
18599,2021,2025-05-25,138.44,138.44,0
18600,2021,2025-06-27,138.44,138.44,0
18601,2021,2025-08-18,138.44,118.75,24
18602,2021,2025-08-23,138.44,138.44,0
18603,2021,2025-09-23,138.44,138.44,0
18604,2021,2025-10-24,138.44,138.44,0
18605,2021,2025-11-24,138.44,138.44,0
18606,2021,2025-12-28,138.44,138.44,0
18607,2023,2025-05-26,719.45,719.45,0
18608,2023,2025-06-28,719.45,719.45,0
18609,2023,2025-07-22,719.45,719.45,0
18610,2023,2025-08-25,719.45,719.45,0
18611,2023,2025-09-25,719.45,719.45,0
18612,2023,2025-10-28,719.45,719.45,0
18613,2023,2025-11-23,719.45,719.45,0
18614,2023,2025-12-28,719.45,719.45,0
18615,2025,2025-11-23,179.24,179.24,0
18616,2025,2025-12-23,179.24,179.24,0
18617,2027,2025-03-25,423.1,423.1,0
18618,2027,2025-04-24,423.1,423.1,0
18619,2027,2025-05-27,423.1,423.1,0
18620,2027,2025-06-27,423.1,423.1,0
18621,2027,2025-07-25,423.1,423.1,0
18622,2027,2025-08-26,423.1,423.1,0
18623,2027,2025-09-27,423.1,423.1,0
18624,2027,2025-10-27,423.1,423.1,0
18625,2027,2025-11-25,423.1,423.1,0
18626,2027,2025-12-26,423.1,423.1,0
18627,2029,2024-05-22,420.3,420.3,0
18628,2029,2024-06-26,420.3,420.3,0
18629,2029,2024-07-22,420.3,420.3,0
18630,2029,2024-08-25,420.3,420.3,0
18631,2029,2024-09-26,420.3,420.3,0
18632,2029,2024-10-23,420.3,420.3,0
18633,2029,2024-11-26,420.3,420.3,0
18634,2029,2024-12-28,420.3,420.3,0
18635,2029,2025-04-01,420.3,62.8,67
18636,2029,2025-02-28,420.3,420.3,0
18637,2029,2025-03-24,420.3,420.3,0
18638,2029,2025-04-28,420.3,420.3,0
18639,2029,2025-05-29,420.3,396.18,1
18640,2029,2025-06-22,420.3,420.3,0
18641,2029,2025-07-22,420.3,420.3,0
18642,2029,2025-08-27,420.3,420.3,0
18643,2029,2025-09-22,420.3,420.3,0
18644,2029,2025-10-23,420.3,420.3,0
18645,2029,2025-11-22,420.3,420.3,0
18646,2029,2026-03-08,420.3,338.03,75
18647,2030,2024-07-22,1204.23,1204.23,0
18648,2030,2024-08-28,1204.23,1204.23,0
18649,2030,2024-09-25,1204.23,1204.23,0
18650,2030,2024-10-26,1204.23,1204.23,0
18651,2030,2024-11-27,1204.23,1204.23,0
18652,2030,2024-12-26,1204.23,1204.23,0
18653,2030,2025-01-24,1204.23,1204.23,0
18654,2030,2025-02-28,1204.23,1204.23,0
18655,2030,2025-03-23,1204.23,1204.23,0
18656,2030,2025-04-26,1204.23,1204.23,0
18657,2030,2025-05-27,1204.23,1204.23,0
18658,2030,2025-06-22,1204.23,1204.23,0
18659,2030,2025-07-23,1204.23,1204.23,0
18660,2030,2025-08-28,1204.23,1204.23,0
18661,2030,2025-09-22,1204.23,1204.23,0
18662,2030,2025-12-05,1204.23,980.17,43
18663,2030,2025-11-26,1204.23,1204.23,0
18664,2030,2025-12-23,1204.23,1204.23,0
18665,2031,2025-07-24,122.37,122.37,0
18666,2031,2025-08-24,122.37,122.37,0
18667,2031,2025-09-26,122.37,122.37,0
18668,2031,2025-10-25,122.37,122.37,0
18669,2031,2025-11-25,122.37,122.37,0
18670,2031,2025-12-23,122.37,122.37,0
18671,2033,2025-01-24,216.34,216.34,0
18672,2033,2025-02-25,216.34,216.34,0
18673,2033,2025-03-26,216.34,216.34,0
18674,2033,2025-04-28,216.34,216.34,0
18675,2033,2025-05-25,216.34,216.34,0
18676,2033,2025-06-25,216.34,216.34,0
18677,2033,2025-07-27,216.34,216.34,0
18678,2033,2025-08-23,216.34,216.34,0
18679,2033,2025-09-23,216.34,216.34,0
18680,2033,2025-10-27,216.34,216.34,0
18681,2033,2026-04-06,216.34,23.38,130
18682,2033,2025-12-24,216.34,216.34,0
18683,2034,2025-09-20,746.99,714.7,58
18684,2034,2025-08-25,746.99,746.99,0
18685,2034,2025-09-23,746.99,746.99,0
18686,2034,2025-10-23,746.99,746.99,0
18687,2034,2025-11-22,746.99,746.99,0
18688,2034,2025-12-27,746.99,746.99,0
18689,2035,2025-06-28,315.12,315.12,0
18690,2035,2025-07-28,315.12,315.12,0
18691,2035,2025-08-22,315.12,315.12,0
18692,2035,2025-09-24,315.12,315.12,0
18693,2035,2025-10-31,315.12,268.95,9
18694,2035,2025-11-22,315.12,315.12,0
18695,2035,2025-12-26,315.12,315.12,0
18696,2036,2025-08-27,228.98,52.06,66
18697,2036,2025-07-23,228.98,228.98,0
18698,2036,2025-08-25,228.98,228.98,0
18699,2036,2025-09-25,228.98,228.98,0
18700,2036,2025-10-26,228.98,228.98,0
18701,2036,2025-11-24,228.98,228.98,0
18702,2036,2026-03-13,228.98,209.5,80
18703,2037,2025-01-24,302.79,302.79,0
18704,2037,2025-02-22,302.79,302.79,0
18705,2037,2025-03-28,302.79,302.79,0
18706,2037,2025-04-25,302.79,302.79,0
18707,2037,2025-05-23,302.79,302.79,0
18708,2037,2025-06-22,302.79,302.79,0
18709,2037,2025-07-24,302.79,302.79,0
18710,2037,2025-08-23,302.79,302.79,0
18711,2037,2025-09-25,302.79,302.79,0
18712,2037,2025-10-22,302.79,302.79,0
18713,2037,2025-11-24,302.79,302.79,0
18714,2037,2025-12-24,302.79,302.79,0
18715,2038,2024-04-25,288.1,288.1,0
18716,2038,2024-05-23,288.1,288.1,0
18717,2038,2024-06-25,288.1,288.1,0
18718,2038,2024-07-28,288.1,288.1,0
18719,2038,2024-08-28,288.1,288.1,0
18720,2038,2024-09-27,288.1,288.1,0
18721,2038,2024-10-27,288.1,288.1,0
18722,2038,2024-11-28,288.1,288.1,0
18723,2038,2024-12-26,288.1,288.1,0
18724,2038,2025-01-22,288.1,288.1,0
18725,2038,2025-02-28,288.1,288.1,0
18726,2038,2025-03-27,288.1,288.1,0
18727,2038,2025-04-23,288.1,288.1,0
18728,2038,2025-11-11,288.1,64.06,170
18729,2038,2025-06-22,288.1,288.1,0
18730,2038,2025-07-27,288.1,288.1,0
18731,2038,2025-08-28,288.1,288.1,0
18732,2038,2025-09-22,288.1,288.1,0
18733,2038,2025-10-22,288.1,288.1,0
18734,2038,2025-11-25,288.1,288.1,0
18735,2038,2025-12-26,288.1,288.1,0
18736,2039,2025-05-28,703.02,703.02,0
18737,2039,2025-06-25,703.02,703.02,0
18738,2039,2025-07-24,703.02,703.02,0
18739,2039,2025-08-27,703.02,703.02,0
18740,2039,2025-09-27,703.02,703.02,0
18741,2039,2025-10-24,703.02,703.02,0
18742,2039,2025-11-27,703.02,703.02,0
18743,2039,2025-12-22,703.02,703.02,0
18744,2040,2025-05-26,368.34,368.34,0
18745,2040,2025-06-24,368.34,368.34,0
18746,2040,2025-07-27,368.34,368.34,0
18747,2040,2025-08-23,368.34,368.34,0
18748,2040,2025-09-26,368.34,368.34,0
18749,2040,2025-10-28,368.34,368.34,0
18750,2040,2026-01-30,368.34,340.31,66
18751,2040,2026-03-12,368.34,345.84,79
18752,2041,2024-12-04,199.68,177.48,67
18753,2041,2024-11-19,199.68,170.04,25
18754,2041,2024-11-25,199.68,199.68,0
18755,2041,2024-12-25,199.68,199.68,0
18756,2041,2025-01-25,199.68,199.68,0
18757,2041,2025-03-06,199.68,194.61,10
18758,2041,2025-03-28,199.68,199.68,0
18759,2041,2025-06-27,199.68,178.22,63
18760,2041,2025-05-27,199.68,199.68,0
18761,2041,2025-06-23,199.68,199.68,0
18762,2041,2025-07-22,199.68,199.68,0
18763,2041,2025-08-28,199.68,199.68,0
18764,2041,2025-09-27,199.68,199.68,0
18765,2041,2025-10-24,199.68,199.68,0
18766,2041,2026-03-11,199.68,28.73,106
18767,2041,2025-12-22,199.68,199.68,0
18768,2042,2025-06-25,230.51,230.51,0
18769,2042,2025-07-25,230.51,230.51,0
18770,2042,2025-08-24,230.51,230.51,0
18771,2042,2025-09-22,230.51,230.51,0
18772,2042,2025-10-23,230.51,230.51,0
18773,2042,2025-11-28,230.51,230.51,0
18774,2042,2025-12-24,230.51,230.51,0
18775,2044,2025-01-24,230.61,230.61,0
18776,2044,2025-02-24,230.61,230.61,0
18777,2044,2025-03-26,230.61,230.61,0
18778,2044,2025-04-25,230.61,230.61,0
18779,2044,2025-05-25,230.61,230.61,0
18780,2044,2025-06-28,230.61,230.61,0
18781,2044,2025-07-25,230.61,230.61,0
18782,2044,2025-08-26,230.61,230.61,0
18783,2044,2025-10-21,230.61,201.91,27
18784,2044,2025-10-26,230.61,230.61,0
18785,2044,2025-11-26,230.61,230.61,0
18786,2044,2025-12-28,230.61,230.61,0
18787,2045,2024-11-22,196.48,196.48,0
18788,2045,2024-12-23,196.48,196.48,0
18789,2045,2025-01-26,196.48,196.48,0
18790,2045,2025-02-23,196.48,196.48,0
18791,2045,2025-03-27,196.48,196.48,0
18792,2045,2025-04-23,196.48,196.48,0
18793,2045,2025-05-26,196.48,196.48,0
18794,2045,2025-06-26,196.48,196.48,0
18795,2045,2025-07-28,196.48,196.48,0
18796,2045,2025-08-25,196.48,196.48,0
18797,2045,2025-09-26,196.48,196.48,0
18798,2045,2025-10-22,196.48,196.48,0
18799,2045,2025-11-27,196.48,196.48,0
18800,2045,2025-12-28,196.48,196.48,0
18801,2046,2025-06-22,214.89,214.89,0
18802,2046,2025-07-23,214.89,214.89,0
18803,2046,2025-09-27,214.89,201.71,31
18804,2046,2025-09-26,214.89,214.89,0
18805,2046,2025-10-25,214.89,214.89,0
18806,2046,2025-11-28,214.89,214.89,0
18807,2046,2025-12-27,214.89,214.89,0
18808,2047,2024-10-24,189.31,189.31,0
18809,2047,2024-11-27,189.31,189.31,0
18810,2047,2025-01-14,189.31,169.13,19
18811,2047,2025-01-24,189.31,189.31,0
18812,2047,2025-02-23,189.31,189.31,0
18813,2047,2025-03-27,189.31,189.31,0
18814,2047,2025-05-24,189.31,66.11,31
18815,2047,2025-05-23,189.31,189.31,0
18816,2047,2025-06-28,189.31,189.31,0
18817,2047,2025-07-27,189.31,189.31,0
18818,2047,2025-09-28,189.31,173.75,37
18819,2047,2025-09-27,189.31,189.31,0
18820,2047,2025-10-26,189.31,189.31,0
18821,2048,2025-06-23,216.49,216.49,0
18822,2048,2025-07-23,216.49,216.49,0
18823,2048,2025-08-26,216.49,216.49,0
18824,2048,2025-09-27,216.49,216.49,0
18825,2048,2025-10-24,216.49,216.49,0
18826,2048,2025-11-22,216.49,216.49,0
18827,2048,2025-12-23,216.49,216.49,0
18828,2049,2025-03-27,347.19,347.19,0
18829,2049,2025-04-28,347.19,347.19,0
18830,2049,2025-05-23,347.19,347.19,0
18831,2049,2025-06-26,347.19,347.19,0
18832,2049,2025-07-23,347.19,347.19,0
18833,2049,2025-08-28,347.19,347.19,0
18834,2049,2025-09-23,347.19,347.19,0
18835,2049,2025-10-23,347.19,347.19,0
18836,2049,2025-11-24,347.19,347.19,0
18837,2049,2025-12-22,347.19,347.19,0
18838,2050,2025-06-23,725.99,725.99,0
18839,2050,2025-07-26,725.99,725.99,0
18840,2050,2025-08-24,725.99,725.99,0
18841,2050,2025-09-24,725.99,725.99,0
18842,2050,2025-10-26,725.99,725.99,0
18843,2050,2025-11-23,725.99,725.99,0
18844,2050,2025-12-25,725.99,725.99,0
18845,2051,2024-07-26,764.88,764.88,0
18846,2051,2024-08-26,764.88,764.88,0
18847,2051,2024-12-10,764.88,697.08,78
18848,2051,2024-10-26,764.88,764.88,0
18849,2051,2024-11-28,764.88,764.88,0
18850,2051,2024-12-28,764.88,764.88,0
18851,2051,2025-01-28,764.88,764.88,0
18852,2051,2025-02-23,764.88,764.88,0
18853,2051,2025-03-27,764.88,764.88,0
18854,2051,2025-04-27,764.88,764.88,0
18855,2051,2025-05-22,764.88,764.88,0
18856,2051,2025-06-26,764.88,764.88,0
18857,2051,2025-07-24,764.88,764.88,0
18858,2051,2025-08-25,764.88,764.88,0
18859,2051,2025-09-22,764.88,764.88,0
18860,2051,2025-10-26,764.88,764.88,0
18861,2051,2025-11-22,764.88,764.88,0
18862,2051,2025-12-24,764.88,764.88,0
18863,2052,2025-04-23,188.89,188.89,0
18864,2052,2025-05-25,188.89,188.89,0
18865,2052,2025-06-23,188.89,188.89,0
18866,2052,2025-07-22,188.89,188.89,0
18867,2052,2025-08-22,188.89,188.89,0
18868,2052,2025-09-27,188.89,188.89,0
18869,2052,2025-10-22,188.89,188.89,0
18870,2052,2025-11-23,188.89,188.89,0
18871,2052,2025-12-22,188.89,188.89,0
18872,2053,2025-02-25,122.94,122.94,0
18873,2053,2025-06-24,122.94,30.95,92
18874,2053,2025-04-28,122.94,122.94,0
18875,2053,2025-06-17,122.94,114.17,23
18876,2053,2025-06-27,122.94,122.94,0
18877,2053,2025-07-22,122.94,122.94,0
18878,2053,2025-08-28,122.94,122.94,0
18879,2053,2025-12-11,122.94,105.38,75
18880,2053,2025-10-24,122.94,122.94,0
18881,2053,2025-11-28,122.94,122.94,0
18882,2053,2025-12-26,122.94,122.94,0
18883,2054,2025-04-26,128.62,128.62,0
18884,2054,2025-05-28,128.62,128.62,0
18885,2054,2025-06-27,128.62,128.62,0
18886,2054,2025-07-27,128.62,128.62,0
18887,2054,2025-08-28,128.62,128.62,0
18888,2054,2025-09-26,128.62,128.62,0
18889,2054,2025-10-22,128.62,128.62,0
18890,2054,2025-11-25,128.62,128.62,0
18891,2054,2025-12-23,128.62,128.62,0
18892,2055,2025-05-24,664.49,664.49,0
18893,2055,2025-06-26,664.49,664.49,0
18894,2055,2025-07-24,664.49,664.49,0
18895,2055,2025-08-28,664.49,664.49,0
18896,2055,2025-12-21,664.49,645.84,84
18897,2055,2025-10-28,664.49,664.49,0
18898,2055,2025-11-25,664.49,664.49,0
18899,2055,2025-12-24,664.49,664.49,0
18900,2056,2025-05-25,1484.19,1484.19,0
18901,2056,2025-06-27,1484.19,1484.19,0
18902,2056,2025-07-27,1484.19,1484.19,0
18903,2056,2025-09-05,1484.19,1426.09,9
18904,2056,2025-09-23,1484.19,1484.19,0
18905,2056,2025-10-28,1484.19,1484.19,0
18906,2056,2025-11-25,1484.19,1484.19,0
18907,2056,2025-12-22,1484.19,1484.19,0
18908,2057,2025-07-26,571.9,571.9,0
18909,2057,2025-08-27,571.9,571.9,0
18910,2057,2025-09-27,571.9,571.9,0
18911,2057,2025-10-27,571.9,571.9,0
18912,2057,2026-01-31,571.9,561.94,68
18913,2057,2025-12-28,571.9,571.9,0
18914,2058,2025-09-24,585.21,585.21,0
18915,2058,2025-10-25,585.21,585.21,0
18916,2058,2025-11-28,585.21,585.21,0
18917,2058,2025-12-31,585.21,506.79,3
18918,2059,2025-04-28,1586.62,1586.62,0
18919,2059,2025-05-26,1586.62,1586.62,0
18920,2059,2025-06-22,1586.62,1586.62,0
18921,2059,2025-07-23,1586.62,1586.62,0
18922,2059,2025-08-22,1586.62,1586.62,0
18923,2059,2025-09-27,1586.62,1586.62,0
18924,2059,2025-10-25,1586.62,1586.62,0
18925,2059,2025-11-23,1586.62,1586.62,0
18926,2059,2025-12-27,1586.62,1586.62,0
18927,2060,2024-07-26,104.45,104.45,0
18928,2060,2024-08-22,104.45,104.45,0
18929,2060,2024-09-23,104.45,104.45,0
18930,2060,2024-10-24,104.45,104.45,0
18931,2060,2024-11-24,104.45,104.45,0
18932,2060,2024-12-26,104.45,104.45,0
18933,2060,2025-01-25,104.45,104.45,0
18934,2060,2025-02-27,104.45,104.45,0
18935,2060,2025-03-26,104.45,104.45,0
18936,2060,2025-04-26,104.45,104.45,0
18937,2060,2025-05-28,104.45,104.45,0
18938,2060,2025-06-24,104.45,104.45,0
18939,2060,2025-07-25,104.45,104.45,0
18940,2060,2025-08-28,104.45,104.45,0
18941,2060,2025-10-08,104.45,85.74,16
18942,2060,2025-10-26,104.45,104.45,0
18943,2060,2025-11-23,104.45,104.45,0
18944,2060,2025-12-22,104.45,104.45,0
18945,2061,2025-01-26,299.18,299.18,0
18946,2061,2025-02-24,299.18,299.18,0
18947,2061,2025-03-24,299.18,299.18,0
18948,2061,2025-04-26,299.18,299.18,0
18949,2061,2025-05-25,299.18,299.18,0
18950,2061,2025-06-28,299.18,299.18,0
18951,2061,2025-07-23,299.18,299.18,0
18952,2061,2025-08-23,299.18,299.18,0
18953,2061,2025-09-28,299.18,299.18,0
18954,2061,2025-10-24,299.18,299.18,0
18955,2061,2025-11-23,299.18,299.18,0
18956,2061,2025-12-28,299.18,299.18,0
18957,2062,2025-11-24,139.75,139.75,0
18958,2062,2025-12-28,139.75,139.75,0
18959,2063,2025-06-22,362.15,362.15,0
18960,2063,2025-07-25,362.15,362.15,0
18961,2063,2025-08-28,362.15,362.15,0
18962,2063,2025-09-27,362.15,362.15,0
18963,2063,2025-10-27,362.15,362.15,0
18964,2063,2026-01-23,362.15,313.65,60
18965,2063,2025-12-22,362.15,362.15,0
18966,2064,2024-09-25,498.03,411.34,31
18967,2064,2024-09-23,498.03,498.03,0
18968,2064,2024-10-25,498.03,498.03,0
18969,2064,2024-11-24,498.03,498.03,0
18970,2064,2024-12-26,498.03,498.03,0
18971,2064,2025-03-24,498.03,398.45,60
18972,2064,2025-02-26,498.03,498.03,0
18973,2064,2025-03-22,498.03,498.03,0
18974,2064,2025-04-26,498.03,498.03,0
18975,2064,2025-07-24,498.03,82.62,57
18976,2064,2025-06-24,498.03,498.03,0
18977,2064,2025-07-23,498.03,498.03,0
18978,2064,2025-08-23,498.03,498.03,0
18979,2064,2025-09-24,498.03,498.03,0
18980,2064,2025-10-23,498.03,498.03,0
18981,2064,2025-11-22,498.03,498.03,0
18982,2064,2025-12-27,498.03,498.03,0
18983,2065,2025-05-01,463.86,10.88,38
18984,2065,2025-04-24,463.86,463.86,0
18985,2065,2025-05-23,463.86,463.86,0
18986,2065,2025-06-25,463.86,463.86,0
18987,2065,2025-07-22,463.86,463.86,0
18988,2065,2025-08-28,463.86,463.86,0
18989,2065,2025-09-24,463.86,463.86,0
18990,2065,2025-10-22,463.86,463.86,0
18991,2065,2025-11-24,463.86,463.86,0
18992,2065,2025-12-27,463.86,463.86,0
18993,2066,2024-01-24,327.77,327.77,0
18994,2066,2024-02-22,327.77,327.77,0
18995,2066,2024-03-23,327.77,327.77,0
18996,2066,2024-04-22,327.77,327.77,0
18997,2066,2024-05-22,327.77,327.77,0
18998,2066,2024-06-26,327.77,327.77,0
18999,2066,2024-07-26,327.77,327.77,0
19000,2066,2024-11-08,327.77,266.11,76
19001,2066,2024-09-24,327.77,327.77,0
19002,2066,2024-10-27,327.77,327.77,0
19003,2066,2024-11-22,327.77,327.77,0
19004,2066,2024-12-25,327.77,327.77,0
19005,2066,2025-01-22,327.77,327.77,0
19006,2066,2025-03-20,327.77,311.43,20
19007,2066,2025-03-25,327.77,327.77,0
19008,2066,2025-04-22,327.77,327.77,0
19009,2066,2025-05-28,327.77,327.77,0
19010,2066,2025-06-24,327.77,327.77,0
19011,2066,2025-07-23,327.77,327.77,0
19012,2066,2025-08-24,327.77,327.77,0
19013,2066,2025-09-26,327.77,327.77,0
19014,2066,2025-10-22,327.77,327.77,0
19015,2066,2025-11-27,327.77,327.77,0
19016,2066,2025-12-24,327.77,327.77,0
19017,2067,2025-06-28,328.1,328.1,0
19018,2067,2025-07-26,328.1,328.1,0
19019,2067,2025-08-27,328.1,328.1,0
19020,2067,2025-09-27,328.1,328.1,0
19021,2067,2025-10-22,328.1,328.1,0
19022,2067,2025-11-22,328.1,328.1,0
19023,2067,2025-12-24,328.1,328.1,0
19024,2068,2025-07-26,250.89,250.89,0
19025,2068,2025-09-22,250.89,245.12,26
19026,2068,2025-12-05,250.89,210.04,69
19027,2068,2025-10-24,250.89,250.89,0
19028,2068,2025-11-26,250.89,250.89,0
19029,2068,2025-12-26,250.89,250.89,0
19030,2069,2025-04-24,95.59,95.59,0
19031,2069,2025-05-24,95.59,95.59,0
19032,2069,2025-09-24,95.59,4.5,93
19033,2069,2025-07-22,95.59,95.59,0
19034,2069,2025-08-24,95.59,95.59,0
19035,2069,2026-03-14,95.59,27.34,167
19036,2069,2025-10-27,95.59,95.59,0
19037,2069,2025-12-19,95.59,79.58,26
19038,2069,2026-04-15,95.59,5.95,111
19039,2070,2025-05-25,233.17,233.17,0
19040,2070,2025-06-22,233.17,233.17,0
19041,2070,2025-07-23,233.17,233.17,0
19042,2070,2025-08-23,233.17,233.17,0
19043,2070,2025-09-24,233.17,233.17,0
19044,2070,2025-10-28,233.17,233.17,0
19045,2070,2025-11-23,233.17,233.17,0
19046,2070,2025-12-22,233.17,233.17,0
19047,2071,2024-05-22,99.64,99.64,0
19048,2071,2024-06-24,99.64,99.64,0
19049,2071,2024-07-25,99.64,99.64,0
19050,2071,2024-08-22,99.64,99.64,0
19051,2071,2024-09-23,99.64,99.64,0
19052,2071,2024-10-27,99.64,99.64,0
19053,2071,2024-11-24,99.64,99.64,0
19054,2071,2024-12-23,99.64,99.64,0
19055,2071,2025-01-22,99.64,99.64,0
19056,2071,2025-03-10,99.64,90.26,15
19057,2071,2025-03-24,99.64,99.64,0
19058,2071,2025-04-23,99.64,99.64,0
19059,2071,2025-05-28,99.64,99.64,0
19060,2071,2025-06-23,99.64,99.64,0
19061,2071,2025-07-28,99.64,99.64,0
19062,2071,2025-08-22,99.64,99.64,0
19063,2071,2025-09-25,99.64,99.64,0
19064,2071,2025-10-26,99.64,99.64,0
19065,2071,2025-11-26,99.64,99.64,0
19066,2071,2025-12-28,99.64,99.64,0
19067,2072,2024-07-27,144.9,144.9,0
19068,2072,2024-08-28,144.9,144.9,0
19069,2072,2024-09-22,144.9,144.9,0
19070,2072,2024-10-26,144.9,144.9,0
19071,2072,2024-11-22,144.9,144.9,0
19072,2072,2024-12-26,144.9,144.9,0
19073,2072,2025-01-27,144.9,144.9,0
19074,2072,2025-02-28,144.9,144.9,0
19075,2072,2025-03-28,144.9,144.9,0
19076,2072,2025-04-26,144.9,144.9,0
19077,2072,2025-05-24,144.9,144.9,0
19078,2072,2025-06-24,144.9,144.9,0
19079,2072,2025-07-22,144.9,144.9,0
19080,2072,2025-08-28,144.9,144.9,0
19081,2072,2025-09-24,144.9,144.9,0
19082,2072,2025-10-24,144.9,144.9,0
19083,2072,2025-11-23,144.9,144.9,0
19084,2072,2025-12-26,144.9,144.9,0
19085,2073,2025-03-23,772.7,772.7,0
19086,2073,2025-04-25,772.7,772.7,0
19087,2073,2025-05-26,772.7,772.7,0
19088,2073,2025-06-22,772.7,772.7,0
19089,2073,2025-07-23,772.7,772.7,0
19090,2073,2025-08-23,772.7,772.7,0
19091,2073,2025-09-24,772.7,772.7,0
19092,2073,2025-10-26,772.7,772.7,0
19093,2073,2025-11-22,772.7,772.7,0
19094,2073,2025-12-27,772.7,772.7,0
19095,2074,2024-12-26,861.04,861.04,0
19096,2074,2025-01-26,861.04,861.04,0
19097,2074,2025-02-23,861.04,861.04,0
19098,2074,2025-03-26,861.04,861.04,0
19099,2074,2025-04-27,861.04,861.04,0
19100,2074,2025-05-22,861.04,861.04,0
19101,2074,2025-06-26,861.04,861.04,0
19102,2074,2025-07-23,861.04,861.04,0
19103,2074,2025-08-23,861.04,861.04,0
19104,2074,2025-09-28,861.04,861.04,0
19105,2074,2025-10-23,861.04,861.04,0
19106,2074,2025-11-26,861.04,861.04,0
19107,2074,2025-12-26,861.04,861.04,0
19108,2075,2025-01-26,160.49,160.49,0
19109,2075,2025-02-22,160.49,160.49,0
19110,2075,2025-03-25,160.49,160.49,0
19111,2075,2025-05-06,160.49,144.6,9
19112,2075,2025-09-21,160.49,47.76,121
19113,2075,2025-06-28,160.49,160.49,0
19114,2075,2025-07-27,160.49,160.49,0
19115,2075,2025-08-24,160.49,160.49,0
19116,2075,2025-09-22,160.49,160.49,0
19117,2075,2025-10-27,160.49,160.49,0
19118,2075,2025-11-24,160.49,160.49,0
19119,2075,2025-12-23,160.49,160.49,0
19120,2076,2025-06-25,249.43,249.43,0
19121,2076,2025-07-28,249.43,249.43,0
19122,2076,2025-08-24,249.43,249.43,0
19123,2076,2025-09-23,249.43,249.43,0
19124,2076,2025-10-28,249.43,249.43,0
19125,2076,2025-11-25,249.43,249.43,0
19126,2076,2025-12-28,249.43,249.43,0
19127,2077,2025-11-28,84.57,84.57,0
19128,2077,2025-12-25,84.57,84.57,0
19129,2078,2024-07-27,186.17,186.17,0
19130,2078,2024-08-28,186.17,186.17,0
19131,2078,2024-09-25,186.17,186.17,0
19132,2078,2024-10-27,186.17,186.17,0
19133,2078,2024-11-26,186.17,186.17,0
19134,2078,2024-12-26,186.17,186.17,0
19135,2078,2025-01-27,186.17,186.17,0
19136,2078,2025-02-25,186.17,186.17,0
19137,2078,2025-04-09,186.17,153.01,13
19138,2078,2025-04-23,186.17,186.17,0
19139,2078,2025-05-26,186.17,186.17,0
19140,2078,2025-06-27,186.17,186.17,0
19141,2078,2025-07-22,186.17,186.17,0
19142,2078,2025-08-27,186.17,186.17,0
19143,2078,2025-11-25,186.17,167.78,61
19144,2078,2025-10-22,186.17,186.17,0
19145,2078,2025-11-28,186.17,186.17,0
19146,2078,2025-12-22,186.17,186.17,0
19147,2079,2025-05-23,384.73,384.73,0
19148,2079,2025-06-27,384.73,384.73,0
19149,2079,2025-07-25,384.73,384.73,0
19150,2079,2025-08-25,384.73,384.73,0
19151,2079,2025-09-27,384.73,384.73,0
19152,2079,2025-10-22,384.73,384.73,0
19153,2079,2025-11-25,384.73,384.73,0
19154,2079,2026-03-21,384.73,354.75,87
19155,2080,2025-02-27,481.63,481.63,0
19156,2080,2025-03-26,481.63,481.63,0
19157,2080,2025-04-26,481.63,481.63,0
19158,2080,2025-08-18,481.63,407.87,83
19159,2080,2025-06-23,481.63,481.63,0
19160,2080,2025-07-27,481.63,481.63,0
19161,2080,2025-08-25,481.63,481.63,0
19162,2080,2025-09-25,481.63,481.63,0
19163,2080,2025-10-23,481.63,481.63,0
19164,2080,2025-11-23,481.63,481.63,0
19165,2080,2025-12-22,481.63,481.63,0
19166,2081,2025-04-25,265.45,265.45,0
19167,2081,2025-05-22,265.45,265.45,0
19168,2081,2025-06-24,265.45,265.45,0
19169,2081,2025-07-28,265.45,265.45,0
19170,2081,2025-08-25,265.45,265.45,0
19171,2081,2025-09-28,265.45,265.45,0
19172,2081,2025-10-22,265.45,265.45,0
19173,2081,2025-11-27,265.45,265.45,0
19174,2081,2025-12-24,265.45,265.45,0
19175,2082,2024-12-25,36.9,36.9,0
19176,2082,2025-01-27,36.9,36.9,0
19177,2082,2025-04-15,36.9,31.84,50
19178,2082,2025-07-17,36.9,12.32,114
19179,2082,2025-04-27,36.9,36.9,0
19180,2082,2025-07-24,36.9,9.47,57
19181,2082,2025-06-24,36.9,36.9,0
19182,2082,2025-07-23,36.9,36.9,0
19183,2082,2025-08-25,36.9,36.9,0
19184,2082,2026-01-11,36.9,6.54,111
19185,2082,2025-10-26,36.9,36.9,0
19186,2082,2025-11-26,36.9,36.9,0
19187,2082,2025-12-26,36.9,36.9,0
19188,2083,2025-04-26,75.21,75.21,0
19189,2083,2025-07-10,75.21,65.04,43
19190,2083,2025-06-22,75.21,75.21,0
19191,2083,2025-07-22,75.21,75.21,0
19192,2083,2025-08-25,75.21,75.21,0
19193,2083,2025-09-25,75.21,75.21,0
19194,2083,2025-10-25,75.21,75.21,0
19195,2083,2026-01-25,75.21,65.54,58
19196,2083,2025-12-23,75.21,75.21,0
19197,2084,2025-04-24,234.07,234.07,0
19198,2084,2025-05-28,234.07,234.07,0
19199,2084,2025-06-25,234.07,234.07,0
19200,2084,2025-07-24,234.07,234.07,0
19201,2084,2025-08-24,234.07,234.07,0
19202,2084,2025-09-28,234.07,234.07,0
19203,2084,2025-10-22,234.07,234.07,0
19204,2084,2025-11-26,234.07,234.07,0
19205,2084,2025-12-25,234.07,234.07,0
19206,2085,2025-04-27,171.87,171.87,0
19207,2085,2025-05-25,171.87,171.87,0
19208,2085,2025-06-22,171.87,171.87,0
19209,2085,2025-07-23,171.87,171.87,0
19210,2085,2025-08-26,171.87,171.87,0
19211,2085,2025-09-27,171.87,171.87,0
19212,2085,2025-10-27,171.87,171.87,0
19213,2085,2026-02-20,171.87,15.77,87
19214,2085,2025-12-25,171.87,171.87,0
19215,2086,2024-01-27,149.42,149.42,0
19216,2086,2024-02-27,149.42,149.42,0
19217,2086,2024-03-24,149.42,149.42,0
19218,2086,2024-04-25,149.42,149.42,0
19219,2086,2024-05-24,149.42,149.42,0
19220,2086,2024-06-28,149.42,149.42,0
19221,2086,2024-07-28,149.42,149.42,0
19222,2086,2024-08-25,149.42,149.42,0
19223,2086,2024-09-25,149.42,149.42,0
19224,2086,2024-10-22,149.42,149.42,0
19225,2086,2025-02-19,149.42,135.57,85
19226,2086,2024-12-24,149.42,149.42,0
19227,2086,2025-01-25,149.42,149.42,0
19228,2086,2025-03-26,149.42,125.06,29
19229,2086,2025-07-27,149.42,8.05,125
19230,2086,2025-04-26,149.42,149.42,0
19231,2086,2025-05-24,149.42,149.42,0
19232,2086,2025-06-24,149.42,149.42,0
19233,2086,2025-07-23,149.42,149.42,0
19234,2086,2025-08-23,149.42,149.42,0
19235,2086,2025-09-24,149.42,149.42,0
19236,2086,2026-02-05,149.42,47.29,100
19237,2086,2025-11-28,149.42,149.42,0
19238,2086,2026-03-21,149.42,133.01,84
19239,2087,2025-04-28,411.67,411.67,0
19240,2087,2025-05-23,411.67,411.67,0
19241,2087,2025-06-23,411.67,411.67,0
19242,2087,2025-07-24,411.67,411.67,0
19243,2087,2025-08-25,411.67,411.67,0
19244,2087,2025-09-24,411.67,411.67,0
19245,2087,2025-10-26,411.67,411.67,0
19246,2087,2025-11-23,411.67,411.67,0
19247,2087,2025-12-25,411.67,411.67,0
19248,2088,2024-08-23,137.86,132.89,61
19249,2088,2024-08-04,137.86,133.11,8
19250,2088,2024-08-28,137.86,137.86,0
19251,2088,2024-09-26,137.86,137.86,0
19252,2088,2024-10-22,137.86,137.86,0
19253,2088,2024-11-23,137.86,137.86,0
19254,2088,2024-12-28,137.86,137.86,0
19255,2088,2025-01-27,137.86,137.86,0
19256,2088,2025-02-28,137.86,137.86,0
19257,2088,2025-03-24,137.86,137.86,0
19258,2088,2025-04-23,137.86,137.86,0
19259,2088,2025-05-28,137.86,137.86,0
19260,2088,2025-06-24,137.86,137.86,0
19261,2088,2025-07-26,137.86,137.86,0
19262,2088,2025-08-26,137.86,137.86,0
19263,2088,2025-09-28,137.86,137.86,0
19264,2088,2025-10-22,137.86,137.86,0
19265,2088,2025-11-24,137.86,137.86,0
19266,2088,2025-12-23,137.86,137.86,0
19267,2089,2025-07-23,257.71,257.71,0
19268,2089,2026-01-24,257.71,50.52,154
19269,2089,2025-09-22,257.71,257.71,0
19270,2089,2025-10-24,257.71,257.71,0
19271,2089,2025-11-22,257.71,257.71,0
19272,2089,2026-02-06,257.71,249.35,44
19273,2090,2025-12-24,952.39,952.39,0
19274,2091,2025-12-28,739.63,739.63,0
19275,2092,2025-04-27,487.99,487.99,0
19276,2092,2025-05-22,487.99,487.99,0
19277,2092,2025-06-22,487.99,487.99,0
19278,2092,2025-08-09,487.99,483.27,12
19279,2092,2025-08-27,487.99,487.99,0
19280,2092,2025-09-25,487.99,487.99,0
19281,2092,2025-10-23,487.99,487.99,0
19282,2092,2025-11-23,487.99,487.99,0
19283,2092,2025-12-22,487.99,487.99,0
19284,2093,2025-06-23,867.59,867.59,0
19285,2093,2025-07-22,867.59,867.59,0
19286,2093,2025-08-22,867.59,867.59,0
19287,2093,2025-09-27,867.59,867.59,0
19288,2093,2025-10-26,867.59,867.59,0
19289,2093,2025-11-26,867.59,867.59,0
19290,2093,2025-12-28,867.59,867.59,0
19291,2094,2024-08-23,945.04,945.04,0
19292,2094,2024-09-24,945.04,945.04,0
19293,2094,2024-10-23,945.04,945.04,0
19294,2094,2024-11-28,945.04,945.04,0
19295,2094,2025-02-11,945.04,898.71,45
19296,2094,2025-01-27,945.04,945.04,0
19297,2094,2025-02-27,945.04,945.04,0
19298,2094,2025-06-05,945.04,935.29,74
19299,2094,2025-04-28,945.04,945.04,0
19300,2094,2025-05-28,945.04,945.04,0
19301,2094,2025-06-25,945.04,945.04,0
19302,2094,2025-07-26,945.04,945.04,0
19303,2094,2025-08-24,945.04,945.04,0
19304,2094,2025-09-25,945.04,945.04,0
19305,2094,2025-10-24,945.04,945.04,0
19306,2094,2025-11-23,945.04,945.04,0
19307,2094,2025-12-25,945.04,945.04,0
19308,2095,2025-06-28,256.57,256.57,0
19309,2095,2025-07-25,256.57,256.57,0
19310,2095,2025-08-23,256.57,256.57,0
19311,2095,2025-09-26,256.57,256.57,0
19312,2095,2025-10-26,256.57,256.57,0
19313,2095,2025-11-27,256.57,256.57,0
19314,2095,2025-12-23,256.57,256.57,0
19315,2096,2025-06-28,571.13,571.13,0
19316,2096,2025-07-28,571.13,571.13,0
19317,2096,2025-08-26,571.13,571.13,0
19318,2096,2025-09-26,571.13,571.13,0
19319,2096,2025-10-26,571.13,571.13,0
19320,2096,2025-11-23,571.13,571.13,0
19321,2096,2025-12-28,571.13,571.13,0
19322,2097,2025-01-25,340.99,340.99,0
19323,2097,2025-02-23,340.99,340.99,0
19324,2097,2025-03-25,340.99,340.99,0
19325,2097,2025-04-26,340.99,340.99,0
19326,2097,2025-05-28,340.99,340.99,0
19327,2097,2025-06-25,340.99,340.99,0
19328,2097,2025-07-24,340.99,340.99,0
19329,2097,2025-08-25,340.99,340.99,0
19330,2097,2025-09-25,340.99,340.99,0
19331,2097,2025-10-24,340.99,340.99,0
19332,2097,2025-11-24,340.99,340.99,0
19333,2097,2025-12-28,340.99,340.99,0
19334,2098,2025-11-28,430.11,430.11,0
19335,2098,2025-12-28,430.11,430.11,0
19336,2099,2025-06-27,105.71,105.71,0
19337,2099,2025-07-26,105.71,105.71,0
19338,2099,2025-08-24,105.71,105.71,0
19339,2099,2025-09-28,105.71,105.71,0
19340,2099,2025-10-22,105.71,105.71,0
19341,2099,2025-11-23,105.71,105.71,0
19342,2099,2026-01-31,105.71,101.63,34
19343,2100,2025-11-25,151.88,151.88,0
19344,2100,2025-12-27,151.88,151.88,0
19345,2101,2025-08-25,290.69,290.69,0
19346,2101,2025-09-26,290.69,290.69,0
19347,2101,2025-10-23,290.69,290.69,0
19348,2101,2026-01-30,290.69,240.6,67
19349,2101,2025-12-23,290.69,290.69,0
19350,2103,2025-12-23,317.26,317.26,0
19351,2104,2024-12-23,920.84,920.84,0
19352,2104,2025-01-26,920.84,920.84,0
19353,2104,2025-04-08,920.84,836.74,43
19354,2104,2025-03-27,920.84,920.84,0
19355,2104,2025-04-26,920.84,920.84,0
19356,2104,2025-05-25,920.84,920.84,0
19357,2104,2025-06-28,920.84,920.84,0
19358,2104,2025-07-26,920.84,920.84,0
19359,2104,2025-08-25,920.84,920.84,0
19360,2104,2025-09-27,920.84,920.84,0
19361,2104,2025-11-20,920.84,740.36,28
19362,2104,2025-11-22,920.84,920.84,0
19363,2104,2025-12-26,920.84,920.84,0
19364,2105,2024-08-26,176.34,176.34,0
19365,2105,2024-09-22,176.34,176.34,0
19366,2105,2024-10-22,176.34,176.34,0
19367,2105,2024-11-22,176.34,176.34,0
19368,2105,2024-12-27,176.34,176.34,0
19369,2105,2025-03-29,176.34,142.31,65
19370,2105,2025-02-22,176.34,176.34,0
19371,2105,2025-03-23,176.34,176.34,0
19372,2105,2025-04-25,176.34,176.34,0
19373,2105,2025-05-27,176.34,176.34,0
19374,2105,2025-06-28,176.34,176.34,0
19375,2105,2025-07-24,176.34,176.34,0
19376,2105,2025-08-27,176.34,176.34,0
19377,2105,2025-09-26,176.34,176.34,0
19378,2105,2025-10-26,176.34,176.34,0
19379,2105,2025-11-27,176.34,176.34,0
19380,2105,2025-12-27,176.34,176.34,0
19381,2106,2025-02-28,242.77,242.77,0
19382,2106,2025-03-26,242.77,242.77,0
19383,2106,2025-06-19,242.77,233.05,55
19384,2106,2025-05-27,242.77,242.77,0
19385,2106,2025-06-26,242.77,242.77,0
19386,2106,2025-07-23,242.77,242.77,0
19387,2106,2025-08-25,242.77,242.77,0
19388,2106,2025-09-22,242.77,242.77,0
19389,2106,2025-11-01,242.77,234.84,5
19390,2106,2026-04-07,242.77,50.04,134
19391,2106,2025-12-26,242.77,242.77,0
19392,2107,2025-11-26,445.24,445.24,0
19393,2107,2026-03-16,445.24,425.07,78
19394,2108,2024-12-25,400.72,400.72,0
19395,2108,2025-01-24,400.72,400.72,0
19396,2108,2025-02-24,400.72,400.72,0
19397,2108,2025-03-23,400.72,400.72,0
19398,2108,2025-04-27,400.72,400.72,0
19399,2108,2025-05-26,400.72,400.72,0
19400,2108,2025-06-22,400.72,400.72,0
19401,2108,2025-07-25,400.72,400.72,0
19402,2108,2025-08-23,400.72,400.72,0
19403,2108,2025-09-24,400.72,400.72,0
19404,2108,2025-10-25,400.72,400.72,0
19405,2108,2025-11-22,400.72,400.72,0
19406,2108,2025-12-23,400.72,400.72,0
19407,2109,2025-10-27,102.62,102.62,0
19408,2109,2025-11-22,102.62,102.62,0
19409,2109,2025-12-26,102.62,102.62,0
19410,2110,2024-07-26,1111.1,1111.1,0
19411,2110,2024-08-25,1111.1,1111.1,0
19412,2110,2024-09-28,1111.1,1111.1,0
19413,2110,2024-10-23,1111.1,1111.1,0
19414,2110,2024-11-28,1111.1,1111.1,0
19415,2110,2024-12-24,1111.1,1111.1,0
19416,2110,2025-01-25,1111.1,1111.1,0
19417,2110,2025-02-25,1111.1,1111.1,0
19418,2110,2025-04-03,1111.1,940.44,12
19419,2110,2025-04-25,1111.1,1111.1,0
19420,2110,2025-05-25,1111.1,1111.1,0
19421,2110,2025-06-23,1111.1,1111.1,0
19422,2110,2025-07-25,1111.1,1111.1,0
19423,2110,2025-08-22,1111.1,1111.1,0
19424,2110,2025-09-26,1111.1,1111.1,0
19425,2110,2025-10-23,1111.1,1111.1,0
19426,2110,2025-11-22,1111.1,1111.1,0
19427,2110,2025-12-26,1111.1,1111.1,0
19428,2111,2025-02-25,1113.3,1113.3,0
19429,2111,2025-03-27,1113.3,1113.3,0
19430,2111,2025-04-26,1113.3,1113.3,0
19431,2111,2025-05-27,1113.3,1113.3,0
19432,2111,2025-06-22,1113.3,1113.3,0
19433,2111,2025-07-22,1113.3,1113.3,0
19434,2111,2025-11-03,1113.3,959.0,73
19435,2111,2025-09-23,1113.3,1113.3,0
19436,2111,2025-10-25,1113.3,1113.3,0
19437,2111,2025-11-27,1113.3,1113.3,0
19438,2111,2025-12-27,1113.3,1113.3,0
19439,2112,2025-01-27,187.73,187.73,0
19440,2112,2025-02-27,187.73,187.73,0
19441,2112,2025-03-25,187.73,187.73,0
19442,2112,2025-04-23,187.73,187.73,0
19443,2112,2025-05-23,187.73,187.73,0
19444,2112,2025-09-18,187.73,41.61,88
19445,2112,2025-10-05,187.73,156.69,69
19446,2112,2025-08-24,187.73,187.73,0
19447,2112,2025-09-25,187.73,187.73,0
19448,2112,2025-10-27,187.73,187.73,0
19449,2112,2025-11-23,187.73,187.73,0
19450,2112,2025-12-24,187.73,187.73,0
19451,2113,2025-07-22,681.57,681.57,0
19452,2113,2025-08-22,681.57,681.57,0
19453,2113,2025-09-25,681.57,681.57,0
19454,2113,2025-10-25,681.57,681.57,0
19455,2113,2025-11-25,681.57,681.57,0
19456,2113,2025-12-23,681.57,681.57,0
19457,2114,2024-08-24,241.67,241.67,0
19458,2114,2024-10-01,241.67,214.67,9
19459,2114,2024-10-23,241.67,241.67,0
19460,2114,2024-11-28,241.67,241.67,0
19461,2114,2024-12-22,241.67,241.67,0
19462,2114,2025-01-22,241.67,241.67,0
19463,2114,2025-02-27,241.67,241.67,0
19464,2114,2025-03-25,241.67,241.67,0
19465,2114,2025-04-25,241.67,241.67,0
19466,2114,2025-05-24,241.67,241.67,0
19467,2114,2025-06-28,241.67,241.67,0
19468,2114,2025-07-27,241.67,241.67,0
19469,2114,2025-10-09,241.67,203.99,47
19470,2114,2025-10-26,241.67,225.4,31
19471,2114,2025-10-27,241.67,241.67,0
19472,2114,2025-11-24,241.67,241.67,0
19473,2114,2025-12-28,241.67,241.67,0
19474,2115,2025-11-25,86.64,86.64,0
19475,2115,2026-04-25,86.64,9.72,120
19476,2116,2024-12-25,1259.52,1259.52,0
19477,2116,2025-04-12,1259.52,148.49,74
19478,2116,2025-02-25,1259.52,1259.52,0
19479,2116,2025-03-27,1259.52,1259.52,0
19480,2116,2025-04-24,1259.52,1259.52,0
19481,2116,2025-05-22,1259.52,1259.52,0
19482,2116,2025-06-23,1259.52,1259.52,0
19483,2116,2025-10-10,1259.52,27.59,76
19484,2116,2025-08-26,1259.52,1259.52,0
19485,2116,2025-09-23,1259.52,1259.52,0
19486,2116,2025-12-31,1259.52,1254.46,68
19487,2116,2025-11-22,1259.52,1259.52,0
19488,2116,2025-12-22,1259.52,1259.52,0
19489,2117,2025-02-28,80.0,80.0,0
19490,2117,2025-03-27,80.0,80.0,0
19491,2117,2025-04-23,80.0,80.0,0
19492,2117,2025-05-28,80.0,80.0,0
19493,2117,2025-06-22,80.0,80.0,0
19494,2117,2025-07-25,80.0,80.0,0
19495,2117,2025-08-22,80.0,80.0,0
19496,2117,2025-09-28,80.0,80.0,0
19497,2117,2025-10-22,80.0,80.0,0
19498,2117,2025-11-26,80.0,80.0,0
19499,2117,2025-12-25,80.0,80.0,0
19500,2118,2024-01-26,62.53,62.53,0
19501,2118,2024-02-25,62.53,62.53,0
19502,2118,2024-03-28,62.53,62.53,0
19503,2118,2024-04-27,62.53,62.53,0
19504,2118,2024-05-27,62.53,62.53,0
19505,2118,2024-06-27,62.53,62.53,0
19506,2118,2024-07-28,62.53,62.53,0
19507,2118,2024-08-22,62.53,62.53,0
19508,2118,2024-09-25,62.53,62.53,0
19509,2118,2024-10-27,62.53,62.53,0
19510,2118,2025-01-03,62.53,19.55,37
19511,2118,2025-02-13,62.53,54.16,52
19512,2118,2025-01-28,62.53,62.53,0
19513,2118,2025-02-24,62.53,62.53,0
19514,2118,2025-03-22,62.53,62.53,0
19515,2118,2025-04-27,62.53,62.53,0
19516,2118,2025-05-24,62.53,62.53,0
19517,2118,2025-06-26,62.53,62.53,0
19518,2118,2025-10-23,62.53,6.17,92
19519,2118,2025-09-17,62.53,59.85,26
19520,2118,2025-09-24,62.53,62.53,0
19521,2118,2025-10-25,62.53,62.53,0
19522,2118,2025-11-28,62.53,62.53,0
19523,2118,2026-01-02,62.53,59.95,11
19524,2119,2025-05-10,266.93,254.54,76
19525,2119,2025-03-28,266.93,266.93,0
19526,2119,2025-04-25,266.93,266.93,0
19527,2119,2025-05-28,266.93,266.93,0
19528,2119,2025-06-27,266.93,266.93,0
19529,2119,2025-07-23,266.93,266.93,0
19530,2119,2025-10-16,266.93,103.58,54
19531,2119,2025-09-28,266.93,266.93,0
19532,2119,2025-10-24,266.93,266.93,0
19533,2119,2025-11-30,266.93,264.27,5
19534,2119,2025-12-28,266.93,266.93,0
19535,2121,2025-12-14,383.11,308.84,78
19536,2121,2025-10-24,383.11,383.11,0
19537,2121,2025-11-23,383.11,383.11,0
19538,2121,2025-12-23,383.11,383.11,0
19539,2122,2025-05-27,287.17,287.17,0
19540,2122,2025-06-26,287.17,287.17,0
19541,2122,2025-07-26,287.17,287.17,0
19542,2122,2025-08-23,287.17,287.17,0
19543,2122,2025-09-26,287.17,287.17,0
19544,2122,2025-10-28,287.17,287.17,0
19545,2122,2025-11-25,287.17,287.17,0
19546,2122,2025-12-28,287.17,287.17,0
19547,2123,2024-01-26,188.28,188.28,0
19548,2123,2024-02-23,188.28,188.28,0
19549,2123,2024-03-25,188.28,188.28,0
19550,2123,2024-04-27,188.28,188.28,0
19551,2123,2024-10-10,188.28,69.32,138
19552,2123,2024-06-28,188.28,188.28,0
19553,2123,2024-07-23,188.28,188.28,0
19554,2123,2024-08-26,188.28,188.28,0
19555,2123,2024-10-16,188.28,157.5,24
19556,2123,2024-10-24,188.28,188.28,0
19557,2123,2024-11-22,188.28,188.28,0
19558,2123,2024-12-23,188.28,188.28,0
19559,2123,2025-02-20,188.28,185.88,28
19560,2123,2025-02-27,188.28,188.28,0
19561,2123,2025-03-26,188.28,188.28,0
19562,2123,2025-04-23,188.28,188.28,0
19563,2123,2025-05-26,188.28,188.28,0
19564,2123,2025-06-22,188.28,188.28,0
19565,2123,2026-01-03,188.28,51.52,162
19566,2123,2025-08-23,188.28,188.28,0
19567,2123,2025-09-26,188.28,188.28,0
19568,2123,2025-10-23,188.28,188.28,0
19569,2123,2025-11-27,188.28,188.28,0
19570,2123,2026-04-09,188.28,12.17,106
19571,2124,2024-10-27,64.93,64.93,0
19572,2124,2024-11-22,64.93,64.93,0
19573,2124,2024-12-24,64.93,64.93,0
19574,2124,2025-01-27,64.93,64.93,0
19575,2124,2025-02-24,64.93,64.93,0
19576,2124,2025-03-22,64.93,64.93,0
19577,2124,2025-09-15,64.93,9.24,145
19578,2124,2025-05-27,64.93,64.93,0
19579,2124,2025-06-26,64.93,64.93,0
19580,2124,2025-07-28,64.93,64.93,0
19581,2124,2025-08-27,64.93,64.93,0
19582,2124,2025-09-27,64.93,64.93,0
19583,2124,2026-04-12,64.93,8.71,172
19584,2124,2026-01-02,64.93,55.99,38
19585,2124,2025-12-23,64.93,64.93,0
19586,2125,2025-06-26,549.94,549.94,0
19587,2125,2025-07-22,549.94,549.94,0
19588,2125,2025-08-24,549.94,549.94,0
19589,2125,2025-09-22,549.94,549.94,0
19590,2125,2025-10-24,549.94,549.94,0
19591,2125,2025-11-22,549.94,549.94,0
19592,2125,2025-12-25,549.94,549.94,0
19593,2126,2024-01-22,934.04,934.04,0
19594,2126,2024-03-13,934.04,907.64,17
19595,2126,2024-03-23,934.04,934.04,0
19596,2126,2024-04-24,934.04,934.04,0
19597,2126,2024-05-28,934.04,934.04,0
19598,2126,2024-06-28,934.04,934.04,0
19599,2126,2024-07-23,934.04,934.04,0
19600,2126,2024-08-25,934.04,934.04,0
19601,2126,2024-09-24,934.04,934.04,0
19602,2126,2024-10-27,934.04,934.04,0
19603,2126,2024-11-23,934.04,934.04,0
19604,2126,2024-12-26,934.04,934.04,0
19605,2126,2025-01-28,934.04,934.04,0
19606,2126,2025-02-22,934.04,934.04,0
19607,2126,2025-04-02,934.04,929.14,6
19608,2126,2025-04-22,934.04,934.04,0
19609,2126,2025-05-23,934.04,934.04,0
19610,2126,2025-06-26,934.04,934.04,0
19611,2126,2025-07-27,934.04,934.04,0
19612,2126,2025-08-26,934.04,934.04,0
19613,2126,2025-09-24,934.04,934.04,0
19614,2126,2025-10-27,934.04,934.04,0
19615,2126,2025-11-24,934.04,934.04,0
19616,2126,2025-12-26,934.04,934.04,0
19617,2127,2025-03-22,606.83,606.83,0
19618,2127,2025-04-28,606.83,606.83,0
19619,2127,2025-05-28,606.83,606.83,0
19620,2127,2025-06-27,606.83,606.83,0
19621,2127,2025-07-26,606.83,606.83,0
19622,2127,2025-08-22,606.83,606.83,0
19623,2127,2025-09-24,606.83,606.83,0
19624,2127,2025-10-24,606.83,606.83,0
19625,2127,2025-11-26,606.83,606.83,0
19626,2127,2025-12-23,606.83,606.83,0
19627,2128,2024-08-27,1648.22,1648.22,0
19628,2128,2024-09-22,1648.22,1648.22,0
19629,2128,2024-10-28,1648.22,1648.22,0
19630,2128,2024-11-26,1648.22,1648.22,0
19631,2128,2024-12-22,1648.22,1648.22,0
19632,2128,2025-01-27,1648.22,1648.22,0
19633,2128,2025-02-25,1648.22,1648.22,0
19634,2128,2025-03-22,1648.22,1648.22,0
19635,2128,2025-04-24,1648.22,1648.22,0
19636,2128,2025-05-26,1648.22,1648.22,0
19637,2128,2025-06-26,1648.22,1648.22,0
19638,2128,2025-07-23,1648.22,1648.22,0
19639,2128,2025-08-28,1648.22,1648.22,0
19640,2128,2025-09-26,1648.22,1648.22,0
19641,2128,2025-10-22,1648.22,1648.22,0
19642,2128,2025-11-27,1648.22,1648.22,0
19643,2128,2025-12-26,1648.22,1648.22,0
19644,2129,2024-05-25,728.56,728.56,0
19645,2129,2024-06-28,728.56,728.56,0
19646,2129,2024-07-25,728.56,728.56,0
19647,2129,2024-08-25,728.56,728.56,0
19648,2129,2024-09-24,728.56,728.56,0
19649,2129,2024-10-24,728.56,728.56,0
19650,2129,2024-11-23,728.56,728.56,0
19651,2129,2024-12-26,728.56,728.56,0
19652,2129,2025-01-25,728.56,728.56,0
19653,2129,2025-02-23,728.56,728.56,0
19654,2129,2025-06-14,728.56,722.86,81
19655,2129,2025-04-25,728.56,728.56,0
19656,2129,2025-05-22,728.56,728.56,0
19657,2129,2025-06-26,728.56,728.56,0
19658,2129,2025-07-23,728.56,728.56,0
19659,2129,2025-08-24,728.56,728.56,0
19660,2129,2025-09-25,728.56,728.56,0
19661,2129,2025-11-24,728.56,657.51,33
19662,2129,2025-11-27,728.56,728.56,0
19663,2129,2025-12-25,728.56,728.56,0
19664,2130,2025-10-25,61.8,61.8,0
19665,2130,2025-11-23,61.8,61.8,0
19666,2130,2025-12-24,61.8,61.8,0
19667,2131,2025-09-04,1189.33,1166.24,13
19668,2131,2025-09-23,1189.33,1189.33,0
19669,2131,2025-10-28,1189.33,1189.33,0
19670,2131,2025-11-26,1189.33,1189.33,0
19671,2131,2025-12-25,1189.33,1189.33,0
19672,2133,2025-04-28,246.72,246.72,0
19673,2133,2025-05-27,246.72,246.72,0
19674,2133,2025-06-27,246.72,246.72,0
19675,2133,2025-07-25,246.72,246.72,0
19676,2133,2025-08-25,246.72,246.72,0
19677,2133,2025-09-27,246.72,246.72,0
19678,2133,2025-10-24,246.72,246.72,0
19679,2133,2025-11-26,246.72,246.72,0
19680,2133,2025-12-28,246.72,246.72,0
19681,2134,2025-05-24,136.3,136.3,0
19682,2134,2025-06-22,136.3,136.3,0
19683,2134,2025-07-24,136.3,136.3,0
19684,2134,2025-08-22,136.3,136.3,0
19685,2134,2025-12-06,136.3,120.21,73
19686,2134,2025-10-23,136.3,136.3,0
19687,2134,2025-11-25,136.3,136.3,0
19688,2134,2025-12-25,136.3,136.3,0
19689,2135,2024-01-22,908.25,908.25,0
19690,2135,2024-02-27,908.25,908.25,0
19691,2135,2024-03-27,908.25,908.25,0
19692,2135,2024-04-28,908.25,908.25,0
19693,2135,2024-05-22,908.25,908.25,0
19694,2135,2024-06-27,908.25,908.25,0
19695,2135,2024-07-23,908.25,908.25,0
19696,2135,2024-08-26,908.25,908.25,0
19697,2135,2024-09-25,908.25,908.25,0
19698,2135,2024-10-27,908.25,908.25,0
19699,2135,2024-11-25,908.25,908.25,0
19700,2135,2024-12-22,908.25,908.25,0
19701,2135,2025-01-24,908.25,908.25,0
19702,2136,2025-07-27,105.39,105.39,0
19703,2136,2025-08-22,105.39,105.39,0
19704,2136,2025-09-25,105.39,105.39,0
19705,2136,2025-10-24,105.39,105.39,0
19706,2136,2025-11-27,105.39,105.39,0
19707,2136,2025-12-26,105.39,105.39,0
19708,2137,2024-03-26,418.81,418.81,0
19709,2137,2024-04-28,418.81,418.81,0
19710,2137,2024-05-28,418.81,418.81,0
19711,2137,2024-06-28,418.81,418.81,0
19712,2137,2024-07-27,418.81,418.81,0
19713,2137,2024-08-27,418.81,418.81,0
19714,2137,2024-09-23,418.81,418.81,0
19715,2137,2024-10-23,418.81,418.81,0
19716,2137,2024-11-25,418.81,418.81,0
19717,2137,2024-12-24,418.81,418.81,0
19718,2137,2025-01-23,418.81,418.81,0
19719,2137,2025-02-23,418.81,418.81,0
19720,2137,2025-03-23,418.81,418.81,0
19721,2137,2025-04-28,418.81,418.81,0
19722,2137,2025-05-23,418.81,418.81,0
19723,2137,2025-06-28,418.81,418.81,0
19724,2137,2025-07-26,418.81,418.81,0
19725,2137,2025-08-25,418.81,418.81,0
19726,2137,2025-11-18,418.81,390.77,53
19727,2137,2025-10-25,418.81,418.81,0
19728,2137,2026-02-08,418.81,373.44,77
19729,2137,2025-12-26,418.81,418.81,0
19730,2138,2024-11-27,861.12,861.12,0
19731,2138,2024-12-24,861.12,861.12,0
19732,2138,2025-01-27,861.12,861.12,0
19733,2138,2025-02-24,861.12,861.12,0
19734,2138,2025-03-28,861.12,861.12,0
19735,2138,2025-04-27,861.12,861.12,0
19736,2138,2025-05-22,861.12,861.12,0
19737,2138,2025-06-22,861.12,861.12,0
19738,2138,2025-07-26,861.12,861.12,0
19739,2138,2025-08-23,861.12,861.12,0
19740,2138,2025-10-24,861.12,838.82,27
19741,2138,2025-10-27,861.12,861.12,0
19742,2138,2026-01-30,861.12,766.79,63
19743,2138,2025-12-24,861.12,861.12,0
19744,2139,2024-12-23,415.87,415.87,0
19745,2139,2025-01-27,415.87,415.87,0
19746,2139,2025-02-25,415.87,415.87,0
19747,2139,2025-03-22,415.87,415.87,0
19748,2139,2025-04-27,415.87,415.87,0
19749,2139,2025-05-23,415.87,415.87,0
19750,2139,2025-06-28,415.87,415.87,0
19751,2139,2025-07-26,415.87,415.87,0
19752,2139,2025-08-23,415.87,415.87,0
19753,2139,2025-09-26,415.87,415.87,0
19754,2139,2025-10-27,415.87,415.87,0
19755,2139,2025-11-24,415.87,415.87,0
19756,2139,2025-12-24,415.87,415.87,0
19757,2140,2025-02-27,2257.81,2257.81,0
19758,2140,2025-03-25,2257.81,2257.81,0
19759,2140,2025-04-27,2257.81,2257.81,0
19760,2140,2025-05-25,2257.81,2257.81,0
19761,2140,2025-09-07,2257.81,2221.47,77
19762,2140,2025-07-25,2257.81,2257.81,0
19763,2140,2025-08-28,2257.81,2257.81,0
19764,2140,2025-09-28,2257.81,2257.81,0
19765,2140,2025-10-23,2257.81,2257.81,0
19766,2140,2025-11-25,2257.81,2257.81,0
19767,2140,2025-12-23,2257.81,2257.81,0
19768,2142,2025-06-23,197.81,197.81,0
19769,2142,2025-07-26,197.81,197.81,0
19770,2142,2025-08-27,197.81,197.81,0
19771,2142,2025-09-25,197.81,197.81,0
19772,2142,2025-10-26,197.81,197.81,0
19773,2142,2025-12-21,197.81,180.85,25
19774,2142,2025-12-26,197.81,197.81,0
19775,2143,2025-10-19,638.37,586.52,84
19776,2143,2025-08-27,638.37,638.37,0
19777,2143,2025-09-23,638.37,638.37,0
19778,2143,2025-10-24,638.37,638.37,0
19779,2143,2025-11-25,638.37,638.37,0
19780,2143,2025-12-22,638.37,638.37,0
19781,2144,2024-12-27,464.92,464.92,0
19782,2144,2025-01-26,464.92,464.92,0
19783,2144,2025-02-23,464.92,464.92,0
19784,2144,2025-03-25,464.92,464.92,0
19785,2144,2025-04-23,464.92,464.92,0
19786,2144,2025-05-28,464.92,464.92,0
19787,2144,2025-07-21,464.92,463.82,26
19788,2144,2025-07-27,464.92,464.92,0
19789,2144,2025-08-23,464.92,464.92,0
19790,2144,2025-09-26,464.92,464.92,0
19791,2144,2025-11-01,464.92,393.89,4
19792,2144,2025-11-22,464.92,464.92,0
19793,2144,2025-12-27,464.92,464.92,0
19794,2145,2025-07-02,153.07,147.83,5
19795,2145,2025-07-25,153.07,153.07,0
19796,2145,2025-08-23,153.07,153.07,0
19797,2145,2025-09-24,153.07,153.07,0
19798,2145,2025-10-27,153.07,153.07,0
19799,2145,2025-11-26,153.07,153.07,0
19800,2145,2025-12-26,153.07,153.07,0
19801,2146,2024-07-24,218.48,218.48,0
19802,2146,2024-08-28,218.48,218.48,0
19803,2146,2024-09-28,218.48,218.48,0
19804,2146,2024-10-24,218.48,218.48,0
19805,2146,2024-11-24,218.48,218.48,0
19806,2146,2024-12-22,218.48,218.48,0
19807,2146,2025-01-25,218.48,218.48,0
19808,2146,2025-02-23,218.48,218.48,0
19809,2146,2025-03-26,218.48,218.48,0
19810,2146,2025-04-25,218.48,218.48,0
19811,2146,2025-05-25,218.48,218.48,0
19812,2146,2025-06-23,218.48,218.48,0
19813,2146,2025-07-23,218.48,218.48,0
19814,2146,2025-08-22,218.48,218.48,0
19815,2146,2025-09-26,218.48,218.48,0
19816,2146,2025-10-22,218.48,218.48,0
19817,2146,2025-11-27,218.48,218.48,0
19818,2146,2025-12-27,218.48,218.48,0
19819,2148,2024-05-25,90.13,90.13,0
19820,2148,2024-06-28,90.13,90.13,0
19821,2148,2024-07-23,90.13,90.13,0
19822,2148,2024-08-25,90.13,90.13,0
19823,2148,2024-09-22,90.13,90.13,0
19824,2148,2024-10-27,90.13,90.13,0
19825,2148,2024-11-26,90.13,90.13,0
19826,2148,2024-12-25,90.13,90.13,0
19827,2148,2025-01-27,90.13,90.13,0
19828,2148,2025-04-13,90.13,12.58,44
19829,2148,2025-03-22,90.13,90.13,0
19830,2148,2025-04-23,90.13,90.13,0
19831,2148,2025-05-28,90.13,90.13,0
19832,2148,2025-06-27,90.13,90.13,0
19833,2148,2025-07-22,90.13,90.13,0
19834,2148,2025-08-27,90.13,90.13,0
19835,2148,2025-09-28,90.13,90.13,0
19836,2148,2025-10-22,90.13,90.13,0
19837,2148,2025-11-24,90.13,90.13,0
19838,2148,2025-12-27,90.13,90.13,0
19839,2149,2024-11-28,265.31,265.31,0
19840,2149,2024-12-22,265.31,265.31,0
19841,2149,2025-01-26,265.31,265.31,0
19842,2149,2025-02-25,265.31,265.31,0
19843,2149,2025-03-24,265.31,265.31,0
19844,2149,2025-04-24,265.31,265.31,0
19845,2149,2025-05-24,265.31,265.31,0
19846,2149,2025-06-23,265.31,265.31,0
19847,2149,2025-10-16,265.31,235.46,83
19848,2149,2025-08-22,265.31,265.31,0
19849,2149,2025-09-28,265.31,265.31,0
19850,2149,2025-10-22,265.31,265.31,0
19851,2149,2025-11-23,265.31,265.31,0
19852,2149,2025-12-23,265.31,265.31,0
19853,2150,2025-05-27,261.22,261.22,0
19854,2150,2025-06-24,261.22,261.22,0
19855,2150,2025-07-23,261.22,261.22,0
19856,2150,2025-08-27,261.22,261.22,0
19857,2150,2025-09-27,261.22,261.22,0
19858,2150,2025-10-22,261.22,261.22,0
19859,2150,2025-11-22,261.22,261.22,0
19860,2150,2025-12-26,261.22,261.22,0
19861,2151,2024-12-22,161.71,161.71,0
19862,2151,2025-01-24,161.71,161.71,0
19863,2151,2025-02-22,161.71,161.71,0
19864,2151,2025-04-06,161.71,129.42,12
19865,2151,2025-06-13,161.71,156.34,49
19866,2151,2025-05-22,161.71,161.71,0
19867,2151,2025-06-28,161.71,161.71,0
19868,2151,2025-07-27,161.71,161.71,0
19869,2151,2025-08-27,161.71,161.71,0
19870,2151,2025-09-23,161.71,161.71,0
19871,2151,2025-10-27,161.71,161.71,0
19872,2151,2025-11-22,161.71,161.71,0
19873,2151,2025-12-28,161.71,161.71,0
19874,2152,2024-06-18,271.18,261.67,88
19875,2152,2024-04-27,271.18,271.18,0
19876,2152,2024-05-25,271.18,271.18,0
19877,2152,2024-06-23,271.18,271.18,0
19878,2152,2024-07-24,271.18,271.18,0
19879,2152,2024-08-27,271.18,271.18,0
19880,2152,2024-09-24,271.18,271.18,0
19881,2152,2024-10-27,271.18,271.18,0
19882,2152,2025-02-09,271.18,249.96,73
19883,2152,2024-12-25,271.18,271.18,0
19884,2152,2025-01-22,271.18,271.18,0
19885,2152,2025-02-24,271.18,271.18,0
19886,2152,2025-03-22,271.18,271.18,0
19887,2152,2025-04-28,271.18,271.18,0
19888,2152,2025-05-26,271.18,271.18,0
19889,2152,2025-06-26,271.18,271.18,0
19890,2152,2025-07-23,271.18,271.18,0
19891,2152,2025-08-28,271.18,271.18,0
19892,2152,2025-09-24,271.18,271.18,0
19893,2152,2025-10-28,271.18,271.18,0
19894,2152,2025-11-22,271.18,271.18,0
19895,2152,2025-12-27,271.18,271.18,0
19896,2153,2025-02-22,169.0,43.76,30
19897,2153,2025-02-28,169.0,169.0,0
19898,2153,2025-03-24,169.0,169.0,0
19899,2153,2025-04-25,169.0,169.0,0
19900,2153,2025-05-22,169.0,169.0,0
19901,2153,2025-06-23,169.0,169.0,0
19902,2153,2025-07-22,169.0,169.0,0
19903,2153,2025-08-25,169.0,169.0,0
19904,2153,2025-09-22,169.0,169.0,0
19905,2153,2025-10-25,169.0,169.0,0
19906,2153,2026-02-03,169.0,5.7,71
19907,2153,2025-12-26,169.0,169.0,0
19908,2154,2024-07-24,229.8,229.8,0
19909,2154,2024-08-26,229.8,229.8,0
19910,2154,2024-09-27,229.8,229.8,0
19911,2154,2024-10-27,229.8,229.8,0
19912,2154,2024-11-24,229.8,229.8,0
19913,2154,2024-12-25,229.8,229.8,0
19914,2154,2025-01-24,229.8,229.8,0
19915,2154,2025-02-22,229.8,229.8,0
19916,2154,2025-03-25,229.8,229.8,0
19917,2154,2025-04-22,229.8,229.8,0
19918,2154,2025-05-25,229.8,229.8,0
19919,2154,2025-06-27,229.8,229.8,0
19920,2154,2025-07-22,229.8,229.8,0
19921,2154,2025-08-22,229.8,229.8,0
19922,2154,2025-09-27,229.8,229.8,0
19923,2154,2025-10-26,229.8,229.8,0
19924,2154,2025-11-22,229.8,229.8,0
19925,2154,2025-12-25,229.8,229.8,0
19926,2155,2024-12-25,102.41,102.41,0
19927,2155,2025-01-28,102.41,102.41,0
19928,2155,2025-02-25,102.41,102.41,0
19929,2155,2025-03-22,102.41,102.41,0
19930,2155,2025-04-24,102.41,102.41,0
19931,2155,2025-05-22,102.41,102.41,0
19932,2155,2025-06-23,102.41,102.41,0
19933,2155,2025-07-27,102.41,102.41,0
19934,2155,2025-08-28,102.41,102.41,0
19935,2155,2025-09-28,102.41,102.41,0
19936,2155,2025-10-23,102.41,102.41,0
19937,2155,2025-11-27,102.41,102.41,0
19938,2155,2025-12-25,102.41,102.41,0
19939,2156,2025-09-23,101.51,101.51,0
19940,2156,2025-10-22,101.51,101.51,0
19941,2156,2025-11-26,101.51,101.51,0
19942,2156,2025-12-23,101.51,101.51,0
19943,2157,2025-06-26,59.74,59.74,0
19944,2157,2025-07-24,59.74,59.74,0
19945,2157,2025-08-26,59.74,59.74,0
19946,2157,2025-09-28,59.74,59.74,0
19947,2157,2025-10-24,59.74,59.74,0
19948,2157,2025-11-26,59.74,59.74,0
19949,2157,2025-12-27,59.74,59.74,0
19950,2158,2025-11-03,249.71,226.22,7
19951,2158,2025-11-26,249.71,249.71,0
19952,2158,2025-12-25,249.71,249.71,0
19953,2159,2025-12-23,1658.52,1658.52,0
19954,2160,2024-01-23,611.97,611.97,0
19955,2160,2024-02-24,611.97,611.97,0
19956,2160,2024-03-23,611.97,611.97,0
19957,2160,2024-04-23,611.97,611.97,0
19958,2160,2024-05-28,611.97,611.97,0
19959,2160,2024-06-28,611.97,611.97,0
19960,2160,2024-07-26,611.97,611.97,0
19961,2160,2024-08-26,611.97,611.97,0
19962,2160,2024-09-25,611.97,611.97,0
19963,2160,2024-10-25,611.97,611.97,0
19964,2160,2024-11-26,611.97,611.97,0
19965,2160,2024-12-26,611.97,611.97,0
19966,2160,2025-01-24,611.97,611.97,0
19967,2160,2025-02-28,611.97,611.97,0
19968,2160,2025-03-23,611.97,611.97,0
19969,2160,2025-04-27,611.97,611.97,0
19970,2160,2025-05-24,611.97,611.97,0
19971,2160,2025-06-28,611.97,611.97,0
19972,2160,2025-07-24,611.97,611.97,0
19973,2160,2025-08-22,611.97,611.97,0
19974,2160,2025-09-23,611.97,611.97,0
19975,2160,2025-10-28,611.97,611.97,0
19976,2160,2025-11-28,611.97,611.97,0
19977,2160,2025-12-26,611.97,611.97,0
19978,2161,2024-10-25,518.0,518.0,0
19979,2161,2024-11-28,518.0,518.0,0
19980,2161,2024-12-24,518.0,518.0,0
19981,2161,2025-01-25,518.0,518.0,0
19982,2161,2025-02-23,518.0,518.0,0
19983,2161,2025-03-25,518.0,518.0,0
19984,2161,2025-04-28,518.0,518.0,0
19985,2161,2025-05-28,518.0,518.0,0
19986,2161,2025-06-22,518.0,518.0,0
19987,2161,2025-07-25,518.0,518.0,0
19988,2161,2025-08-23,518.0,518.0,0
19989,2161,2025-09-24,518.0,518.0,0
19990,2161,2025-10-25,518.0,518.0,0
19991,2161,2025-11-27,518.0,518.0,0
19992,2161,2025-12-28,518.0,518.0,0
19993,2162,2025-06-25,1433.04,1433.04,0
19994,2162,2025-07-25,1433.04,1433.04,0
19995,2162,2025-08-23,1433.04,1433.04,0
19996,2162,2025-09-24,1433.04,1433.04,0
19997,2162,2025-10-25,1433.04,1433.04,0
19998,2162,2025-11-24,1433.04,1433.04,0
19999,2162,2025-12-27,1433.04,1433.04,0
20000,2163,2025-10-24,835.91,88.58,119
20001,2163,2025-07-28,835.91,835.91,0
20002,2163,2025-08-25,835.91,835.91,0
20003,2163,2025-09-25,835.91,835.91,0
20004,2163,2025-10-28,835.91,835.91,0
20005,2163,2025-11-28,835.91,835.91,0
20006,2163,2025-12-22,835.91,835.91,0
20007,2164,2025-07-26,135.76,135.76,0
20008,2164,2025-09-18,135.76,114.14,23
20009,2164,2025-09-24,135.76,135.76,0
20010,2164,2025-10-28,135.76,135.76,0
20011,2164,2025-11-23,135.76,135.76,0
20012,2164,2025-12-28,135.76,135.76,0
20013,2165,2024-01-25,185.17,185.17,0
20014,2165,2024-02-23,185.17,185.17,0
20015,2165,2024-03-26,185.17,185.17,0
20016,2165,2024-04-27,185.17,185.17,0
20017,2165,2024-05-26,185.17,185.17,0
20018,2165,2024-12-20,185.17,55.42,180
20019,2165,2024-11-01,185.17,44.67,100
20020,2165,2024-08-28,185.17,185.17,0
20021,2165,2025-01-28,185.17,30.5,123
20022,2165,2025-01-23,185.17,160.26,87
20023,2165,2025-02-04,185.17,184.39,74
20024,2165,2025-01-08,185.17,162.41,15
20025,2165,2025-03-14,185.17,166.59,46
20026,2165,2025-02-22,185.17,185.17,0
20027,2165,2025-03-26,185.17,185.17,0
20028,2165,2025-04-22,185.17,185.17,0
20029,2165,2025-09-05,185.17,62.09,101
20030,2165,2025-06-22,185.17,185.17,0
20031,2165,2025-07-26,185.17,185.17,0
20032,2166,2025-10-26,510.54,510.54,0
20033,2166,2025-11-28,510.54,510.54,0
20034,2166,2026-02-13,510.54,85.63,47
20035,2167,2025-07-12,614.69,496.68,45
20036,2167,2025-06-25,614.69,614.69,0
20037,2167,2025-07-26,614.69,614.69,0
20038,2167,2025-08-23,614.69,614.69,0
20039,2167,2025-09-25,614.69,614.69,0
20040,2167,2025-10-27,614.69,614.69,0
20041,2167,2025-11-22,614.69,614.69,0
20042,2167,2025-12-25,614.69,614.69,0
20043,2168,2024-01-22,72.51,72.51,0
20044,2168,2024-02-27,72.51,72.51,0
20045,2168,2024-09-13,72.51,15.7,174
20046,2168,2024-04-28,72.51,72.51,0
20047,2168,2024-05-27,72.51,72.51,0
20048,2168,2024-06-25,72.51,72.51,0
20049,2168,2024-07-25,72.51,72.51,0
20050,2168,2024-08-24,72.51,72.51,0
20051,2168,2024-09-25,72.51,72.51,0
20052,2168,2024-10-28,72.51,72.51,0
20053,2168,2024-11-27,72.51,72.51,0
20054,2168,2024-12-25,72.51,72.51,0
20055,2168,2025-03-02,72.51,62.67,36
20056,2168,2025-02-27,72.51,72.51,0
20057,2168,2025-03-25,72.51,72.51,0
20058,2168,2025-04-25,72.51,72.51,0
20059,2168,2025-05-24,72.51,72.51,0
20060,2168,2025-06-23,72.51,72.51,0
20061,2168,2025-07-23,72.51,72.51,0
20062,2168,2025-08-24,72.51,72.51,0
20063,2168,2025-09-26,72.51,72.51,0
20064,2168,2026-04-01,72.51,26.87,157
20065,2168,2025-11-25,72.51,72.51,0
20066,2168,2025-12-25,72.51,72.51,0
20067,2169,2025-11-26,406.37,406.37,0
20068,2169,2025-12-22,406.37,406.37,0
20069,2170,2025-10-26,605.02,605.02,0
20070,2170,2025-11-27,605.02,605.02,0
20071,2170,2025-12-24,605.02,605.02,0
20072,2171,2025-03-22,192.76,192.76,0
20073,2171,2025-04-28,192.76,192.76,0
20074,2171,2025-05-27,192.76,192.76,0
20075,2171,2025-06-26,192.76,192.76,0
20076,2171,2025-07-28,192.76,192.76,0
20077,2171,2025-08-27,192.76,192.76,0
20078,2171,2025-09-28,192.76,192.76,0
20079,2171,2025-10-28,192.76,192.76,0
20080,2171,2025-11-25,192.76,192.76,0
20081,2171,2026-01-10,192.76,185.0,16
20082,2173,2024-12-22,991.83,991.83,0
20083,2173,2025-01-24,991.83,991.83,0
20084,2173,2025-02-24,991.83,991.83,0
20085,2173,2025-03-24,991.83,991.83,0
20086,2173,2025-04-28,991.83,991.83,0
20087,2173,2025-05-24,991.83,991.83,0
20088,2173,2025-06-25,991.83,991.83,0
20089,2173,2025-07-27,991.83,991.83,0
20090,2173,2025-08-28,991.83,991.83,0
20091,2173,2025-09-22,991.83,991.83,0
20092,2173,2025-10-25,991.83,991.83,0
20093,2173,2025-11-24,991.83,991.83,0
20094,2173,2025-12-26,991.83,991.83,0
20095,2174,2025-11-28,114.7,114.7,0
20096,2174,2025-12-23,114.7,114.7,0
20097,2175,2025-05-28,574.22,574.22,0
20098,2175,2025-08-12,574.22,536.62,47
20099,2175,2025-07-24,574.22,574.22,0
20100,2175,2025-08-23,574.22,574.22,0
20101,2175,2025-09-28,574.22,574.22,0
20102,2175,2025-10-22,574.22,574.22,0
20103,2175,2025-11-22,574.22,574.22,0
20104,2175,2025-12-22,574.22,574.22,0
20105,2176,2024-07-27,341.6,341.6,0
20106,2176,2024-08-23,341.6,341.6,0
20107,2176,2024-09-27,341.6,341.6,0
20108,2176,2024-10-24,341.6,341.6,0
20109,2176,2025-02-25,341.6,287.74,89
20110,2176,2024-12-23,341.6,341.6,0
20111,2176,2025-01-23,341.6,341.6,0
20112,2176,2025-02-26,341.6,341.6,0
20113,2176,2025-03-26,341.6,341.6,0
20114,2176,2025-06-27,341.6,301.21,61
20115,2176,2025-05-24,341.6,341.6,0
20116,2176,2025-06-25,341.6,341.6,0
20117,2176,2025-07-28,341.6,341.6,0
20118,2176,2025-08-24,341.6,341.6,0
20119,2176,2025-09-26,341.6,341.6,0
20120,2176,2025-10-24,341.6,341.6,0
20121,2176,2025-11-27,341.6,341.6,0
20122,2176,2025-12-28,341.6,341.6,0
20123,2177,2025-08-26,1335.83,1335.83,0
20124,2177,2025-09-23,1335.83,1335.83,0
20125,2177,2025-10-24,1335.83,1335.83,0
20126,2177,2025-11-23,1335.83,1335.83,0
20127,2177,2025-12-25,1335.83,1335.83,0
20128,2178,2025-11-23,88.54,88.54,0
20129,2178,2025-12-26,88.54,88.54,0
20130,2179,2025-05-26,233.64,233.64,0
20131,2179,2025-06-25,233.64,233.64,0
20132,2179,2025-07-22,233.64,233.64,0
20133,2179,2025-08-22,233.64,233.64,0
20134,2179,2025-09-25,233.64,233.64,0
20135,2179,2025-10-23,233.64,233.64,0
20136,2179,2025-11-25,233.64,233.64,0
20137,2179,2025-12-22,233.64,233.64,0
20138,2180,2025-05-24,638.3,638.3,0
20139,2180,2025-06-24,638.3,638.3,0
20140,2180,2025-07-27,638.3,638.3,0
20141,2180,2025-08-26,638.3,638.3,0
20142,2180,2025-09-23,638.3,638.3,0
20143,2180,2025-10-25,638.3,638.3,0
20144,2180,2025-11-25,638.3,638.3,0
20145,2180,2025-12-23,638.3,638.3,0
20146,2182,2024-07-25,64.99,64.99,0
20147,2182,2024-08-26,64.99,64.99,0
20148,2182,2024-09-23,64.99,64.99,0
20149,2182,2024-10-25,64.99,64.99,0
20150,2182,2024-11-27,64.99,64.99,0
20151,2182,2024-12-26,64.99,64.99,0
20152,2182,2025-01-23,64.99,64.99,0
20153,2182,2025-03-09,64.99,53.36,9
20154,2182,2025-03-26,64.99,64.99,0
20155,2182,2025-04-22,64.99,64.99,0
20156,2182,2025-05-23,64.99,64.99,0
20157,2182,2025-06-23,64.99,64.99,0
20158,2182,2025-07-25,64.99,64.99,0
20159,2182,2025-08-28,64.99,64.99,0
20160,2182,2025-10-29,64.99,53.88,36
20161,2182,2025-10-27,64.99,64.99,0
20162,2182,2026-01-10,64.99,58.56,47
20163,2182,2025-12-25,64.99,64.99,0
20164,2183,2025-09-20,312.39,287.5,25
20165,2183,2025-09-27,312.39,312.39,0
20166,2183,2025-10-22,312.39,312.39,0
20167,2183,2025-11-27,312.39,312.39,0
20168,2183,2025-12-27,312.39,312.39,0
20169,2184,2025-07-28,315.99,315.99,0
20170,2184,2025-08-27,315.99,315.99,0
20171,2184,2025-09-27,315.99,315.99,0
20172,2184,2025-10-26,315.99,315.99,0
20173,2184,2025-11-28,315.99,315.99,0
20174,2184,2025-12-27,315.99,315.99,0
20175,2185,2025-02-27,206.92,206.92,0
20176,2185,2025-03-23,206.92,206.92,0
20177,2185,2025-05-22,206.92,199.5,26
20178,2185,2025-05-24,206.92,206.92,0
20179,2185,2025-10-07,206.92,34.87,106
20180,2185,2025-07-22,206.92,206.92,0
20181,2185,2025-08-28,206.92,206.92,0
20182,2185,2025-09-26,206.92,206.92,0
20183,2185,2025-10-23,206.92,206.92,0
20184,2185,2025-11-22,206.92,206.92,0
20185,2185,2025-12-24,206.92,206.92,0
20186,2186,2025-02-28,409.37,409.37,0
20187,2186,2025-03-23,409.37,409.37,0
20188,2186,2025-04-25,409.37,409.37,0
20189,2186,2025-05-26,409.37,409.37,0
20190,2186,2025-06-22,409.37,409.37,0
20191,2186,2025-07-25,409.37,409.37,0
20192,2186,2025-08-27,409.37,409.37,0
20193,2186,2025-09-25,409.37,409.37,0
20194,2186,2025-10-26,409.37,409.37,0
20195,2186,2025-11-26,409.37,409.37,0
20196,2186,2025-12-28,409.37,409.37,0
20197,2187,2025-04-27,321.23,321.23,0
20198,2187,2025-05-27,321.23,321.23,0
20199,2187,2025-06-22,321.23,321.23,0
20200,2187,2025-09-12,321.23,304.46,51
20201,2187,2025-08-22,321.23,321.23,0
20202,2187,2025-09-28,321.23,321.23,0
20203,2187,2025-10-28,321.23,321.23,0
20204,2187,2025-11-26,321.23,321.23,0
20205,2187,2025-12-23,321.23,321.23,0
20206,2188,2025-05-22,309.69,309.69,0
20207,2188,2025-06-25,309.69,309.69,0
20208,2188,2025-07-28,309.69,309.69,0
20209,2188,2025-08-26,309.69,309.69,0
20210,2188,2025-09-24,309.69,309.69,0
20211,2188,2025-10-24,309.69,309.69,0
20212,2188,2026-01-06,309.69,252.96,42
20213,2188,2026-03-20,309.69,287.23,88
20214,2189,2025-04-22,306.31,306.31,0
20215,2189,2025-05-28,306.31,306.31,0
20216,2189,2025-06-25,306.31,306.31,0
20217,2189,2025-07-24,306.31,306.31,0
20218,2189,2025-08-23,306.31,306.31,0
20219,2189,2025-09-24,306.31,306.31,0
20220,2189,2025-10-28,306.31,306.31,0
20221,2189,2025-11-22,306.31,306.31,0
20222,2189,2025-12-27,306.31,306.31,0
20223,2190,2024-01-25,188.38,188.38,0
20224,2190,2024-02-25,188.38,188.38,0
20225,2190,2024-03-26,188.38,188.38,0
20226,2190,2024-05-10,188.38,152.76,18
20227,2190,2024-05-27,188.38,188.38,0
20228,2190,2024-06-23,188.38,188.38,0
20229,2190,2024-07-27,188.38,188.38,0
20230,2190,2024-08-26,188.38,188.38,0
20231,2190,2024-09-28,188.38,188.38,0
20232,2190,2024-10-23,188.38,188.38,0
20233,2190,2024-11-26,188.38,188.38,0
20234,2190,2024-12-22,188.38,188.38,0
20235,2190,2025-01-23,188.38,188.38,0
20236,2190,2025-02-26,188.38,188.38,0
20237,2190,2025-03-23,188.38,188.38,0
20238,2190,2025-04-26,188.38,188.38,0
20239,2190,2025-05-22,188.38,188.38,0
20240,2190,2025-06-28,188.38,188.38,0
20241,2190,2025-07-28,188.38,188.38,0
20242,2190,2025-08-28,188.38,188.38,0
20243,2190,2025-09-24,188.38,188.38,0
20244,2190,2025-10-26,188.38,188.38,0
20245,2190,2025-11-28,188.38,188.38,0
20246,2190,2025-12-25,188.38,188.38,0
20247,2191,2025-06-23,524.2,524.2,0
20248,2191,2025-07-26,524.2,524.2,0
20249,2191,2025-08-26,524.2,524.2,0
20250,2191,2025-09-27,524.2,524.2,0
20251,2191,2025-10-22,524.2,524.2,0
20252,2191,2025-11-24,524.2,524.2,0
20253,2191,2025-12-22,524.2,524.2,0
20254,2192,2025-11-23,509.67,509.67,0
20255,2192,2025-12-25,509.67,509.67,0
20256,2193,2025-03-27,214.54,214.54,0
20257,2193,2025-04-26,214.54,214.54,0
20258,2193,2025-10-11,214.54,74.87,141
20259,2193,2025-06-25,214.54,214.54,0
20260,2193,2025-07-26,214.54,214.54,0
20261,2193,2025-08-24,214.54,214.54,0
20262,2193,2025-09-23,214.54,214.54,0
20263,2193,2025-10-25,214.54,214.54,0
20264,2193,2025-11-27,214.54,214.54,0
20265,2193,2025-12-24,214.54,214.54,0
20266,2194,2025-09-22,393.99,393.99,0
20267,2194,2025-10-28,393.99,393.99,0
20268,2194,2025-11-22,393.99,393.99,0
20269,2194,2025-12-28,393.99,393.99,0
20270,2195,2025-06-23,892.56,892.56,0
20271,2195,2025-07-24,892.56,892.56,0
20272,2195,2025-08-23,892.56,892.56,0
20273,2195,2025-09-25,892.56,892.56,0
20274,2195,2025-10-22,892.56,892.56,0
20275,2195,2025-11-24,892.56,892.56,0
20276,2195,2025-12-26,892.56,892.56,0
20277,2196,2024-02-23,924.33,924.33,0
20278,2196,2024-03-27,924.33,924.33,0
20279,2196,2024-04-24,924.33,924.33,0
20280,2196,2024-05-23,924.33,924.33,0
20281,2196,2024-06-24,924.33,924.33,0
20282,2196,2024-07-23,924.33,924.33,0
20283,2196,2024-08-24,924.33,924.33,0
20284,2196,2024-09-28,924.33,924.33,0
20285,2196,2024-10-23,924.33,924.33,0
20286,2196,2024-11-27,924.33,924.33,0
20287,2196,2024-12-27,924.33,924.33,0
20288,2196,2025-01-28,924.33,924.33,0
20289,2196,2025-02-25,924.33,924.33,0
20290,2196,2025-03-25,924.33,924.33,0
20291,2196,2025-04-22,924.33,924.33,0
20292,2196,2025-05-28,924.33,924.33,0
20293,2196,2025-06-27,924.33,924.33,0
20294,2196,2025-07-26,924.33,924.33,0
20295,2196,2025-08-26,924.33,924.33,0
20296,2196,2025-09-22,924.33,924.33,0
20297,2196,2025-10-22,924.33,924.33,0
20298,2196,2025-11-22,924.33,924.33,0
20299,2196,2025-12-26,924.33,924.33,0
20300,2197,2024-07-28,1173.46,1173.46,0
20301,2197,2024-08-23,1173.46,1173.46,0
20302,2197,2024-09-23,1173.46,1173.46,0
20303,2197,2024-10-22,1173.46,1173.46,0
20304,2197,2025-02-02,1173.46,1073.34,66
20305,2197,2024-12-27,1173.46,1173.46,0
20306,2197,2025-01-23,1173.46,1173.46,0
20307,2197,2025-02-25,1173.46,1173.46,0
20308,2197,2025-03-27,1173.46,1173.46,0
20309,2197,2025-04-23,1173.46,1173.46,0
20310,2197,2025-05-24,1173.46,1173.46,0
20311,2197,2025-06-24,1173.46,1173.46,0
20312,2197,2025-07-24,1173.46,1173.46,0
20313,2197,2025-08-27,1173.46,1173.46,0
20314,2197,2025-09-22,1173.46,1173.46,0
20315,2197,2025-10-22,1173.46,1173.46,0
20316,2197,2025-11-24,1173.46,1173.46,0
20317,2197,2025-12-27,1173.46,1001.72,5
20318,2198,2024-10-24,590.98,590.98,0
20319,2198,2025-01-15,590.98,576.56,54
20320,2198,2024-12-22,590.98,590.98,0
20321,2198,2025-01-26,590.98,590.98,0
20322,2198,2025-02-25,590.98,590.98,0
20323,2198,2025-03-24,590.98,590.98,0
20324,2198,2025-04-23,590.98,590.98,0
20325,2198,2025-05-24,590.98,590.98,0
20326,2198,2025-06-22,590.98,590.98,0
20327,2198,2025-07-22,590.98,590.98,0
20328,2198,2025-10-30,590.98,587.71,63
20329,2198,2025-09-22,590.98,590.98,0
20330,2198,2025-10-27,590.98,590.98,0
20331,2198,2025-11-25,590.98,590.98,0
20332,2198,2025-12-27,590.98,590.98,0
20333,2199,2025-04-17,344.05,311.74,50
20334,2199,2025-03-28,344.05,344.05,0
20335,2199,2025-04-22,344.05,344.05,0
20336,2199,2025-05-26,344.05,344.05,0
20337,2199,2025-06-24,344.05,344.05,0
20338,2199,2025-09-04,344.05,33.88,39
20339,2199,2025-08-24,344.05,344.05,0
20340,2199,2025-09-26,344.05,344.05,0
20341,2199,2025-10-25,344.05,344.05,0
20342,2199,2025-11-26,344.05,344.05,0
20343,2199,2025-12-22,344.05,344.05,0
20344,2200,2026-02-24,161.8,4.35,91
20345,2200,2025-12-27,161.8,161.8,0
20346,2201,2024-03-26,586.95,586.95,0
20347,2201,2024-04-28,586.95,586.95,0
20348,2201,2024-05-26,586.95,586.95,0
20349,2201,2024-06-28,586.95,586.95,0
20350,2201,2024-07-28,586.95,586.95,0
20351,2201,2024-08-25,586.95,586.95,0
20352,2201,2024-09-23,586.95,586.95,0
20353,2201,2024-10-24,586.95,586.95,0
20354,2201,2024-11-24,586.95,586.95,0
20355,2201,2024-12-24,586.95,586.95,0
20356,2201,2025-01-25,586.95,586.95,0
20357,2201,2025-02-23,586.95,586.95,0
20358,2201,2025-03-28,586.95,478.37,3
20359,2201,2025-04-26,586.95,586.95,0
20360,2201,2025-05-27,586.95,586.95,0
20361,2201,2025-06-27,586.95,586.95,0
20362,2201,2025-07-25,586.95,586.95,0
20363,2201,2025-08-25,586.95,586.95,0
20364,2201,2025-09-26,586.95,586.95,0
20365,2201,2025-10-24,586.95,586.95,0
20366,2201,2025-11-25,586.95,586.95,0
20367,2201,2025-12-22,586.95,586.95,0
20368,2202,2025-11-23,660.97,660.97,0
20369,2202,2025-12-25,660.97,660.97,0
20370,2203,2025-01-25,180.82,180.82,0
20371,2203,2025-02-25,180.82,180.82,0
20372,2203,2025-03-28,180.82,180.82,0
20373,2203,2025-04-28,180.82,180.82,0
20374,2203,2025-05-28,180.82,180.82,0
20375,2203,2025-06-22,180.82,180.82,0
20376,2203,2025-07-22,180.82,180.82,0
20377,2203,2025-08-27,180.82,180.82,0
20378,2203,2025-09-26,180.82,180.82,0
20379,2203,2025-10-26,180.82,180.82,0
20380,2203,2025-11-22,180.82,180.82,0
20381,2203,2025-12-22,180.82,180.82,0
20382,2204,2025-06-26,601.92,601.92,0
20383,2204,2025-07-22,601.92,601.92,0
20384,2204,2025-08-26,601.92,601.92,0
20385,2204,2025-09-22,601.92,601.92,0
20386,2204,2025-10-28,601.92,601.92,0
20387,2204,2025-11-24,601.92,601.92,0
20388,2204,2025-12-27,601.92,601.92,0
20389,2205,2024-07-23,1052.48,1052.48,0
20390,2205,2024-08-23,1052.48,1052.48,0
20391,2205,2024-09-28,1052.48,1052.48,0
20392,2205,2024-10-28,1052.48,1052.48,0
20393,2205,2024-11-25,1052.48,1052.48,0
20394,2205,2024-12-25,1052.48,1052.48,0
20395,2205,2025-01-25,1052.48,1052.48,0
20396,2205,2025-02-28,1052.48,1052.48,0
20397,2205,2025-03-26,1052.48,1052.48,0
20398,2205,2025-04-27,1052.48,1052.48,0
20399,2205,2025-05-23,1052.48,1052.48,0
20400,2205,2025-06-24,1052.48,1052.48,0
20401,2205,2025-07-24,1052.48,1052.48,0
20402,2205,2025-08-23,1052.48,1052.48,0
20403,2205,2025-09-25,1052.48,1052.48,0
20404,2205,2025-10-22,1052.48,1052.48,0
20405,2205,2025-11-25,1052.48,1052.48,0
20406,2205,2025-12-28,1052.48,1052.48,0
20407,2206,2025-01-26,279.11,279.11,0
20408,2206,2025-04-12,279.11,246.89,47
20409,2206,2025-03-22,279.11,279.11,0
20410,2206,2025-04-25,279.11,279.11,0
20411,2206,2025-06-26,279.11,231.7,31
20412,2206,2025-06-27,279.11,279.11,0
20413,2206,2025-07-28,279.11,279.11,0
20414,2206,2025-08-22,279.11,279.11,0
20415,2206,2025-09-28,279.11,279.11,0
20416,2206,2025-10-27,279.11,279.11,0
20417,2206,2025-11-27,279.11,279.11,0
20418,2206,2025-12-22,279.11,279.11,0
20419,2207,2025-01-26,305.92,305.92,0
20420,2207,2025-02-26,305.92,305.92,0
20421,2207,2025-03-23,305.92,305.92,0
20422,2207,2025-04-24,305.92,305.92,0
20423,2207,2025-05-25,305.92,305.92,0
20424,2207,2025-06-28,305.92,305.92,0
20425,2207,2025-07-24,305.92,305.92,0
20426,2207,2025-08-23,305.92,305.92,0
20427,2207,2025-09-25,305.92,305.92,0
20428,2207,2025-10-22,305.92,305.92,0
20429,2207,2025-11-26,305.92,305.92,0
20430,2207,2025-12-25,305.92,305.92,0
20431,2208,2025-06-26,344.32,344.32,0
20432,2208,2025-07-24,344.32,344.32,0
20433,2208,2025-08-27,344.32,344.32,0
20434,2208,2025-09-25,344.32,344.32,0
20435,2208,2025-10-28,344.32,344.32,0
20436,2208,2025-11-28,344.32,344.32,0
20437,2208,2025-12-24,344.32,344.32,0
20438,2209,2025-06-27,416.12,416.12,0
20439,2209,2025-07-23,416.12,416.12,0
20440,2209,2025-08-22,416.12,416.12,0
20441,2209,2025-09-24,416.12,416.12,0
20442,2209,2025-10-26,416.12,416.12,0
20443,2209,2025-11-23,416.12,416.12,0
20444,2209,2025-12-28,416.12,416.12,0
20445,2210,2025-02-28,647.73,647.73,0
20446,2210,2025-03-26,647.73,647.73,0
20447,2210,2025-04-25,647.73,647.73,0
20448,2210,2025-05-22,647.73,647.73,0
20449,2210,2025-06-26,647.73,647.73,0
20450,2210,2025-07-28,647.73,647.73,0
20451,2210,2025-08-22,647.73,647.73,0
20452,2210,2025-09-28,647.73,647.73,0
20453,2210,2025-10-24,647.73,647.73,0
20454,2210,2025-11-24,647.73,647.73,0
20455,2210,2025-12-25,647.73,647.73,0
20456,2211,2025-01-27,396.78,396.78,0
20457,2211,2025-03-11,396.78,367.21,16
20458,2211,2025-03-22,396.78,396.78,0
20459,2211,2025-04-22,396.78,396.78,0
20460,2211,2025-05-27,396.78,396.78,0
20461,2211,2025-06-22,396.78,396.78,0
20462,2211,2025-07-22,396.78,396.78,0
20463,2211,2025-08-26,396.78,396.78,0
20464,2211,2025-09-25,396.78,396.78,0
20465,2211,2025-10-25,396.78,396.78,0
20466,2211,2025-11-24,396.78,396.78,0
20467,2211,2025-12-26,396.78,396.78,0
20468,2212,2025-06-22,532.29,532.29,0
20469,2212,2025-08-29,532.29,44.47,35
20470,2212,2025-08-22,532.29,532.29,0
20471,2212,2025-09-25,532.29,532.29,0
20472,2212,2025-11-17,532.29,478.24,22
20473,2212,2025-11-25,532.29,532.29,0
20474,2212,2025-12-23,532.29,532.29,0
20475,2213,2024-11-28,265.68,265.68,0
20476,2213,2024-12-23,265.68,265.68,0
20477,2213,2025-01-28,265.68,218.61,1
20478,2213,2025-04-28,265.68,255.21,65
20479,2213,2025-03-24,265.68,265.68,0
20480,2213,2025-04-25,265.68,265.68,0
20481,2213,2025-05-28,265.68,265.68,0
20482,2213,2025-06-28,265.68,265.68,0
20483,2213,2025-07-23,265.68,221.68,1
20484,2213,2025-08-28,265.68,265.68,0
20485,2213,2025-09-24,265.68,265.68,0
20486,2213,2025-10-22,265.68,265.68,0
20487,2213,2025-11-27,265.68,265.68,0
20488,2214,2024-12-24,248.78,248.78,0
20489,2214,2025-01-24,248.78,248.78,0
20490,2214,2025-02-26,248.78,248.78,0
20491,2214,2025-03-24,248.78,248.78,0
20492,2214,2025-04-25,248.78,248.78,0
20493,2214,2025-05-23,248.78,248.78,0
20494,2214,2025-06-27,248.78,248.78,0
20495,2214,2025-07-27,248.78,248.78,0
20496,2214,2025-08-28,248.78,248.78,0
20497,2214,2025-09-22,248.78,248.78,0
20498,2214,2025-10-23,248.78,248.78,0
20499,2214,2025-11-28,248.78,248.78,0
20500,2214,2025-12-27,248.78,248.78,0
20501,2216,2025-03-27,1030.88,1030.88,0
20502,2216,2025-04-27,1030.88,1030.88,0
20503,2216,2025-05-25,1030.88,1030.88,0
20504,2216,2025-06-23,1030.88,1030.88,0
20505,2216,2025-07-23,1030.88,1030.88,0
20506,2216,2025-08-28,1030.88,1030.88,0
20507,2216,2025-09-24,1030.88,1030.88,0
20508,2216,2025-10-24,1030.88,1030.88,0
20509,2216,2025-11-28,1030.88,1030.88,0
20510,2216,2025-12-25,1030.88,1030.88,0
20511,2217,2024-10-27,260.72,260.72,0
20512,2217,2024-11-26,260.72,260.72,0
20513,2217,2024-12-24,260.72,260.72,0
20514,2217,2025-01-22,260.72,260.72,0
20515,2217,2025-02-26,260.72,260.72,0
20516,2217,2025-03-27,260.72,260.72,0
20517,2217,2025-04-28,260.72,260.72,0
20518,2217,2025-05-23,260.72,260.72,0
20519,2217,2025-06-22,260.72,260.72,0
20520,2217,2025-07-27,260.72,260.72,0
20521,2217,2025-08-25,260.72,260.72,0
20522,2217,2025-09-28,260.72,260.72,0
20523,2217,2025-10-22,260.72,260.72,0
20524,2217,2025-11-28,260.72,260.72,0
20525,2217,2025-12-27,260.72,260.72,0
20526,2218,2025-03-26,845.93,845.93,0
20527,2218,2025-04-26,845.93,845.93,0
20528,2218,2025-05-27,845.93,845.93,0
20529,2218,2025-06-24,845.93,845.93,0
20530,2218,2025-07-25,845.93,845.93,0
20531,2218,2025-08-25,845.93,845.93,0
20532,2218,2025-09-22,845.93,845.93,0
20533,2218,2025-10-25,845.93,845.93,0
20534,2218,2025-11-23,845.93,845.93,0
20535,2218,2025-12-23,845.93,845.93,0
20536,2219,2024-01-27,307.05,307.05,0
20537,2219,2024-02-27,307.05,307.05,0
20538,2219,2024-03-26,307.05,307.05,0
20539,2219,2024-04-28,307.05,307.05,0
20540,2219,2024-05-28,307.05,307.05,0
20541,2219,2024-06-24,307.05,307.05,0
20542,2219,2024-09-15,307.05,112.33,54
20543,2219,2024-10-20,307.05,281.63,53
20544,2219,2024-09-24,307.05,307.05,0
20545,2219,2024-10-24,307.05,307.05,0
20546,2219,2024-12-31,307.05,275.53,37
20547,2219,2025-06-02,307.05,101.03,160
20548,2219,2025-01-25,307.05,307.05,0
20549,2219,2025-02-22,307.05,307.05,0
20550,2219,2025-03-22,307.05,307.05,0
20551,2219,2025-04-27,307.05,307.05,0
20552,2219,2025-05-24,307.05,307.05,0
20553,2219,2025-06-28,307.05,307.05,0
20554,2219,2025-07-22,307.05,307.05,0
20555,2219,2025-09-13,307.05,277.37,21
20556,2219,2025-09-28,307.05,307.05,0
20557,2219,2026-01-30,307.05,64.04,94
20558,2219,2025-11-23,307.05,307.05,0
20559,2219,2025-12-25,307.05,307.05,0
20560,2220,2025-08-23,280.51,280.51,0
20561,2220,2025-09-26,280.51,280.51,0
20562,2220,2025-10-24,280.51,280.51,0
20563,2220,2025-11-25,280.51,280.51,0
20564,2220,2025-12-22,280.51,280.51,0
20565,2221,2025-06-28,309.44,309.44,0
20566,2221,2025-07-22,309.44,309.44,0
20567,2221,2025-08-26,309.44,309.44,0
20568,2221,2025-09-25,309.44,309.44,0
20569,2221,2025-10-27,309.44,309.44,0
20570,2221,2025-11-27,309.44,309.44,0
20571,2221,2025-12-23,309.44,309.44,0
20572,2222,2025-10-23,738.1,738.1,0
20573,2222,2025-11-25,738.1,738.1,0
20574,2222,2025-12-25,738.1,738.1,0
20575,2223,2025-07-24,636.48,636.48,0
20576,2223,2025-08-22,636.48,636.48,0
20577,2223,2025-09-25,636.48,636.48,0
20578,2223,2025-10-25,636.48,636.48,0
20579,2223,2025-11-28,636.48,636.48,0
20580,2223,2025-12-27,636.48,636.48,0
20581,2224,2024-02-17,119.01,107.89,20
20582,2224,2024-02-24,119.01,119.01,0
20583,2224,2024-04-19,119.01,112.59,27
20584,2224,2024-04-25,119.01,119.01,0
20585,2224,2024-05-25,119.01,119.01,0
20586,2224,2024-06-24,119.01,119.01,0
20587,2224,2024-07-26,119.01,119.01,0
20588,2224,2024-08-23,119.01,119.01,0
20589,2224,2024-09-23,119.01,119.01,0
20590,2224,2024-10-26,119.01,119.01,0
20591,2224,2024-11-23,119.01,119.01,0
20592,2224,2024-12-23,119.01,119.01,0
20593,2224,2025-01-28,119.01,119.01,0
20594,2224,2025-02-23,119.01,119.01,0
20595,2224,2025-03-27,119.01,119.01,0
20596,2224,2025-04-28,119.01,119.01,0
20597,2224,2025-05-24,119.01,119.01,0
20598,2224,2025-06-26,119.01,119.01,0
20599,2224,2025-07-24,119.01,119.01,0
20600,2224,2025-08-28,119.01,119.01,0
20601,2224,2025-09-22,119.01,119.01,0
20602,2224,2025-10-24,119.01,119.01,0
20603,2224,2025-11-25,119.01,119.01,0
20604,2224,2025-12-24,119.01,119.01,0
20605,2225,2024-09-27,709.56,709.56,0
20606,2225,2024-10-22,709.56,709.56,0
20607,2225,2024-11-28,709.56,709.56,0
20608,2225,2024-12-26,709.56,709.56,0
20609,2225,2025-01-23,709.56,709.56,0
20610,2225,2025-02-24,709.56,709.56,0
20611,2225,2025-03-26,709.56,709.56,0
20612,2225,2025-04-23,709.56,709.56,0
20613,2225,2025-05-24,709.56,709.56,0
20614,2225,2025-08-17,709.56,611.88,50
20615,2225,2025-07-26,709.56,709.56,0
20616,2225,2025-08-26,709.56,709.56,0
20617,2225,2025-09-26,709.56,709.56,0
20618,2225,2025-10-26,709.56,709.56,0
20619,2225,2025-11-25,709.56,709.56,0
20620,2225,2025-12-22,709.56,709.56,0
20621,2226,2025-08-23,105.38,105.38,0
20622,2226,2025-09-28,105.38,105.38,0
20623,2226,2025-10-22,105.38,105.38,0
20624,2226,2026-01-24,105.38,84.6,57
20625,2226,2025-12-24,105.38,105.38,0
20626,2227,2024-12-23,56.98,56.98,0
20627,2227,2025-01-28,56.98,56.98,0
20628,2227,2025-02-24,56.98,56.98,0
20629,2227,2025-03-28,56.98,56.98,0
20630,2227,2025-04-26,56.98,56.98,0
20631,2227,2025-07-07,56.98,8.77,45
20632,2227,2025-06-28,56.98,56.98,0
20633,2227,2025-07-25,56.98,56.98,0
20634,2227,2025-08-22,56.98,56.98,0
20635,2227,2025-11-13,56.98,51.52,51
20636,2227,2025-10-26,56.98,56.98,0
20637,2227,2025-11-25,56.98,56.98,0
20638,2227,2025-12-26,56.98,56.98,0
20639,2228,2024-05-30,49.82,8.28,37
20640,2228,2024-05-22,49.82,49.82,0
20641,2228,2024-06-28,49.82,49.82,0
20642,2228,2024-07-27,49.82,49.82,0
20643,2228,2024-08-27,49.82,49.82,0
20644,2228,2024-09-25,49.82,49.82,0
20645,2228,2024-10-27,49.82,49.82,0
20646,2228,2024-11-23,49.82,49.82,0
20647,2228,2024-12-25,49.82,49.82,0
20648,2228,2025-04-15,49.82,44.34,82
20649,2228,2025-02-27,49.82,49.82,0
20650,2228,2025-03-28,49.82,49.82,0
20651,2228,2025-04-28,49.82,49.82,0
20652,2228,2025-05-22,49.82,49.82,0
20653,2228,2025-06-22,49.82,49.82,0
20654,2228,2025-07-25,49.82,49.82,0
20655,2228,2025-08-24,49.82,49.82,0
20656,2228,2025-09-24,49.82,49.82,0
20657,2228,2025-10-26,49.82,49.82,0
20658,2228,2025-11-26,49.82,49.82,0
20659,2228,2025-12-22,49.82,49.82,0
20660,2229,2025-03-27,358.94,358.94,0
20661,2229,2025-04-26,358.94,358.94,0
20662,2229,2025-05-27,358.94,358.94,0
20663,2229,2025-06-28,358.94,358.94,0
20664,2229,2025-07-24,358.94,358.94,0
20665,2229,2025-08-28,358.94,358.94,0
20666,2229,2025-09-22,358.94,358.94,0
20667,2229,2025-10-28,358.94,358.94,0
20668,2229,2025-11-25,358.94,358.94,0
20669,2229,2025-12-26,358.94,358.94,0
20670,2230,2025-11-24,255.94,255.94,0
20671,2230,2025-12-27,255.94,255.94,0
20672,2231,2025-05-27,103.87,103.87,0
20673,2231,2025-06-27,103.87,103.87,0
20674,2231,2025-07-23,103.87,103.87,0
20675,2231,2025-09-17,103.87,93.87,21
20676,2231,2025-09-25,103.87,103.87,0
20677,2231,2025-10-24,103.87,103.87,0
20678,2231,2025-11-22,103.87,103.87,0
20679,2231,2025-12-25,103.87,103.87,0
20680,2232,2025-06-28,505.9,505.9,0
20681,2232,2025-07-27,505.9,505.9,0
20682,2232,2025-10-11,505.9,426.57,48
20683,2232,2025-09-22,505.9,505.9,0
20684,2232,2025-10-25,505.9,505.9,0
20685,2232,2025-11-26,505.9,505.9,0
20686,2232,2026-01-10,505.9,489.14,15
20687,2233,2024-04-11,680.85,8.45,75
20688,2233,2024-02-26,680.85,680.85,0
20689,2233,2024-03-25,680.85,680.85,0
20690,2233,2024-04-27,680.85,680.85,0
20691,2233,2024-06-09,680.85,640.12,16
20692,2233,2024-06-27,680.85,680.85,0
20693,2233,2024-07-27,680.85,680.85,0
20694,2233,2024-08-27,680.85,680.85,0
20695,2233,2024-09-27,680.85,680.85,0
20696,2234,2024-12-26,276.1,276.1,0
20697,2234,2025-03-20,276.1,262.97,51
20698,2234,2025-02-25,276.1,276.1,0
20699,2234,2025-03-23,276.1,276.1,0
20700,2234,2025-04-26,276.1,276.1,0
20701,2234,2025-05-25,276.1,276.1,0
20702,2234,2025-06-26,276.1,276.1,0
20703,2234,2025-07-27,276.1,276.1,0
20704,2234,2025-08-23,276.1,276.1,0
20705,2234,2025-09-23,276.1,276.1,0
20706,2234,2025-10-23,276.1,276.1,0
20707,2234,2025-11-23,276.1,276.1,0
20708,2234,2025-12-24,276.1,276.1,0
20709,2235,2025-10-24,372.22,372.22,0
20710,2235,2025-11-28,372.22,372.22,0
20711,2235,2025-12-25,372.22,372.22,0
20712,2236,2025-11-22,422.94,422.94,0
20713,2236,2025-12-24,422.94,422.94,0
20714,2237,2025-05-28,472.6,472.6,0
20715,2237,2025-06-28,472.6,472.6,0
20716,2237,2025-07-28,472.6,472.6,0
20717,2237,2025-08-26,472.6,472.6,0
20718,2237,2025-09-27,472.6,472.6,0
20719,2237,2025-10-24,472.6,472.6,0
20720,2237,2025-11-23,472.6,472.6,0
20721,2237,2025-12-23,472.6,472.6,0
20722,2238,2025-08-27,163.42,163.42,0
20723,2238,2025-09-23,163.42,163.42,0
20724,2238,2025-10-23,163.42,163.42,0
20725,2238,2025-11-24,163.42,163.42,0
20726,2238,2025-12-26,163.42,163.42,0
20727,2239,2024-12-26,248.46,248.46,0
20728,2239,2025-02-03,248.46,242.2,6
20729,2239,2025-02-27,248.46,248.46,0
20730,2239,2025-03-23,248.46,248.46,0
20731,2239,2025-05-25,248.46,223.83,27
20732,2239,2025-05-28,248.46,248.46,0
20733,2239,2025-06-22,248.46,248.46,0
20734,2239,2025-07-28,248.46,248.46,0
20735,2239,2025-08-23,248.46,248.46,0
20736,2239,2025-09-27,248.46,248.46,0
20737,2239,2026-01-03,248.46,220.23,72
20738,2239,2025-11-23,248.46,248.46,0
20739,2239,2025-12-26,248.46,248.46,0
20740,2240,2025-10-28,206.33,206.33,0
20741,2240,2025-11-27,206.33,206.33,0
20742,2240,2025-12-24,206.33,206.33,0
20743,2241,2024-08-26,468.77,468.77,0
20744,2241,2024-09-24,468.77,468.77,0
20745,2241,2024-10-23,468.77,468.77,0
20746,2241,2024-11-26,468.77,468.77,0
20747,2241,2024-12-27,468.77,468.77,0
20748,2241,2025-01-26,468.77,468.77,0
20749,2241,2025-02-26,468.77,468.77,0
20750,2241,2025-03-22,468.77,468.77,0
20751,2241,2025-04-27,468.77,468.77,0
20752,2241,2025-05-28,468.77,468.77,0
20753,2241,2025-06-28,468.77,468.77,0
20754,2241,2025-07-28,468.77,468.77,0
20755,2241,2025-08-22,468.77,468.77,0
20756,2241,2025-09-25,468.77,468.77,0
20757,2241,2025-10-27,468.77,468.77,0
20758,2241,2025-11-28,468.77,468.77,0
20759,2241,2025-12-28,468.77,468.77,0
20760,2242,2025-04-28,391.14,391.14,0
20761,2242,2025-05-23,391.14,391.14,0
20762,2242,2025-06-28,391.14,391.14,0
20763,2242,2025-07-25,391.14,391.14,0
20764,2242,2025-08-22,391.14,391.14,0
20765,2242,2025-09-23,391.14,391.14,0
20766,2242,2025-10-23,391.14,391.14,0
20767,2242,2025-11-25,391.14,391.14,0
20768,2242,2025-12-24,391.14,391.14,0
20769,2243,2025-10-19,314.38,277.12,52
20770,2243,2025-09-22,314.38,314.38,0
20771,2243,2025-10-24,314.38,314.38,0
20772,2243,2025-12-23,314.38,255.19,25
20773,2243,2025-12-22,314.38,314.38,0
20774,2244,2025-04-28,835.29,835.29,0
20775,2244,2025-05-26,835.29,835.29,0
20776,2244,2025-06-22,835.29,835.29,0
20777,2244,2025-07-23,835.29,835.29,0
20778,2244,2025-08-23,835.29,835.29,0
20779,2244,2025-09-28,835.29,835.29,0
20780,2244,2025-10-27,835.29,835.29,0
20781,2244,2025-11-24,835.29,835.29,0
20782,2244,2025-12-26,835.29,835.29,0
20783,2245,2025-06-22,296.28,296.28,0
20784,2245,2025-07-26,296.28,296.28,0
20785,2245,2025-08-27,296.28,296.28,0
20786,2245,2025-10-02,296.28,255.22,4
20787,2245,2025-11-25,296.28,89.79,31
20788,2245,2025-11-27,296.28,296.28,0
20789,2245,2025-12-28,296.28,296.28,0
20790,2246,2024-10-24,491.91,491.91,0
20791,2246,2025-01-04,491.91,419.05,41
20792,2246,2024-12-23,491.91,491.91,0
20793,2246,2025-01-25,491.91,491.91,0
20794,2246,2025-02-26,491.91,491.91,0
20795,2246,2025-03-24,491.91,491.91,0
20796,2246,2025-04-22,491.91,491.91,0
20797,2246,2025-05-24,491.91,491.91,0
20798,2246,2025-06-22,491.91,491.91,0
20799,2246,2025-07-26,491.91,491.91,0
20800,2246,2025-10-11,491.91,471.34,49
20801,2246,2025-09-25,491.91,491.91,0
20802,2246,2025-10-26,491.91,491.91,0
20803,2246,2025-11-25,491.91,491.91,0
20804,2246,2025-12-24,491.91,491.91,0
20805,2247,2024-04-24,189.19,189.19,0
20806,2247,2024-05-28,189.19,189.19,0
20807,2247,2024-06-27,189.19,189.19,0
20808,2247,2024-07-23,189.19,189.19,0
20809,2247,2024-08-25,189.19,189.19,0
20810,2247,2024-09-22,189.19,189.19,0
20811,2247,2024-10-24,189.19,189.19,0
20812,2247,2024-11-23,189.19,189.19,0
20813,2247,2024-12-25,189.19,189.19,0
20814,2247,2025-01-22,189.19,189.19,0
20815,2247,2025-02-25,189.19,189.19,0
20816,2247,2025-03-24,189.19,189.19,0
20817,2247,2025-04-22,189.19,189.19,0
20818,2247,2025-05-22,189.19,189.19,0
20819,2247,2025-06-26,189.19,189.19,0
20820,2247,2025-07-27,189.19,189.19,0
20821,2247,2025-08-26,189.19,189.19,0
20822,2247,2025-09-28,189.19,189.19,0
20823,2247,2025-10-25,189.19,189.19,0
20824,2247,2025-11-24,189.19,189.19,0
20825,2247,2025-12-27,189.19,189.19,0
20826,2248,2024-09-25,817.8,817.8,0
20827,2248,2024-10-28,817.8,817.8,0
20828,2248,2024-11-24,817.8,817.8,0
20829,2248,2025-02-24,817.8,700.08,60
20830,2248,2025-01-22,817.8,817.8,0
20831,2248,2025-02-27,817.8,817.8,0
20832,2248,2025-06-01,817.8,695.54,66
20833,2248,2025-04-27,817.8,817.8,0
20834,2248,2025-05-23,817.8,817.8,0
20835,2248,2025-09-18,817.8,159.97,83
20836,2248,2025-08-30,817.8,775.22,39
20837,2248,2025-11-12,817.8,141.21,77
20838,2248,2025-09-27,817.8,817.8,0
20839,2249,2025-06-28,100.71,100.71,0
20840,2249,2025-08-06,100.71,83.09,13
20841,2249,2025-08-25,100.71,100.71,0
20842,2249,2025-09-25,100.71,100.71,0
20843,2249,2025-10-23,100.71,100.71,0
20844,2249,2025-11-28,100.71,100.71,0
20845,2249,2025-12-22,100.71,100.71,0
20846,2250,2024-05-24,238.51,238.51,0
20847,2250,2024-06-26,238.51,238.51,0
20848,2250,2024-07-28,238.51,238.51,0
20849,2250,2024-08-23,238.51,238.51,0
20850,2250,2024-09-22,238.51,238.51,0
20851,2250,2024-10-26,238.51,238.51,0
20852,2250,2024-11-26,238.51,238.51,0
20853,2250,2024-12-24,238.51,238.51,0
20854,2250,2025-01-24,238.51,238.51,0
20855,2250,2025-02-25,238.51,238.51,0
20856,2250,2025-08-11,238.51,0.94,137
20857,2250,2025-04-25,238.51,238.51,0
20858,2250,2025-05-22,238.51,238.51,0
20859,2250,2025-06-25,238.51,238.51,0
20860,2250,2025-07-22,238.51,238.51,0
20861,2250,2025-08-28,238.51,238.51,0
20862,2250,2025-09-26,238.51,238.51,0
20863,2250,2025-10-23,238.51,238.51,0
20864,2250,2025-11-27,238.51,238.51,0
20865,2250,2026-03-04,238.51,194.18,67
20866,2251,2025-08-23,247.78,247.78,0
20867,2251,2025-09-23,247.78,247.78,0
20868,2251,2025-10-27,247.78,247.78,0
20869,2251,2025-11-24,247.78,247.78,0
20870,2251,2025-12-25,247.78,199.99,3
20871,2252,2025-10-28,438.32,438.32,0
20872,2252,2025-11-24,438.32,438.32,0
20873,2252,2025-12-25,438.32,438.32,0
20874,2253,2025-05-28,29.46,29.46,0
20875,2253,2025-06-26,29.46,29.46,0
20876,2253,2025-07-22,29.46,29.46,0
20877,2253,2025-08-28,29.46,29.46,0
20878,2253,2025-09-23,29.46,29.46,0
20879,2253,2025-10-22,29.46,29.46,0
20880,2253,2025-11-22,29.46,29.46,0
20881,2253,2025-12-27,29.46,29.46,0
20882,2254,2025-01-24,998.81,998.81,0
20883,2254,2025-02-23,998.81,998.81,0
20884,2254,2025-03-26,998.81,998.81,0
20885,2254,2025-04-24,998.81,998.81,0
20886,2254,2025-05-26,998.81,998.81,0
20887,2254,2025-06-24,998.81,998.81,0
20888,2254,2025-07-27,998.81,998.81,0
20889,2254,2025-08-23,998.81,998.81,0
20890,2254,2025-09-27,998.81,998.81,0
20891,2254,2025-10-25,998.81,998.81,0
20892,2254,2025-11-26,998.81,998.81,0
20893,2254,2025-12-25,998.81,998.81,0
20894,2255,2025-06-26,460.71,460.71,0
20895,2255,2025-07-25,460.71,460.71,0
20896,2255,2025-08-23,460.71,460.71,0
20897,2255,2025-09-25,460.71,460.71,0
20898,2255,2025-10-23,460.71,460.71,0
20899,2255,2025-11-27,460.71,460.71,0
20900,2255,2025-12-24,460.71,460.71,0
20901,2256,2025-06-25,235.97,235.97,0
20902,2256,2025-07-26,235.97,235.97,0
20903,2256,2025-08-28,235.97,235.97,0
20904,2256,2025-09-23,235.97,235.97,0
20905,2256,2025-10-24,235.97,235.97,0
20906,2256,2025-11-26,235.97,235.97,0
20907,2256,2025-12-24,235.97,235.97,0
20908,2257,2025-02-25,218.0,218.0,0
20909,2257,2025-03-25,218.0,218.0,0
20910,2257,2025-04-22,218.0,218.0,0
20911,2257,2025-05-22,218.0,218.0,0
20912,2257,2025-06-25,218.0,218.0,0
20913,2257,2025-07-26,218.0,218.0,0
20914,2257,2026-01-21,218.0,61.07,147
20915,2257,2025-09-25,218.0,218.0,0
20916,2257,2025-10-26,218.0,218.0,0
20917,2257,2025-11-24,218.0,218.0,0
20918,2257,2026-06-11,218.0,59.46,167
20919,2258,2025-06-26,85.7,85.7,0
20920,2258,2025-07-23,85.7,85.7,0
20921,2258,2025-10-27,85.7,83.62,63
20922,2258,2025-09-28,85.7,85.7,0
20923,2258,2025-10-22,85.7,85.7,0
20924,2258,2025-11-26,85.7,85.7,0
20925,2258,2025-12-22,85.7,85.7,0
20926,2259,2025-05-26,327.55,327.55,0
20927,2259,2025-06-26,327.55,327.55,0
20928,2259,2025-07-28,327.55,327.55,0
20929,2259,2025-08-26,327.55,327.55,0
20930,2259,2025-09-25,327.55,327.55,0
20931,2259,2025-10-28,327.55,327.55,0
20932,2259,2025-11-23,327.55,327.55,0
20933,2259,2025-12-22,327.55,327.55,0
20934,2260,2025-06-22,156.23,156.23,0
20935,2260,2025-10-10,156.23,154.1,75
20936,2260,2025-08-27,156.23,156.23,0
20937,2260,2025-09-25,156.23,156.23,0
20938,2260,2025-10-24,156.23,156.23,0
20939,2260,2025-11-22,156.23,156.23,0
20940,2260,2025-12-27,156.23,156.23,0
20941,2261,2025-12-24,126.1,126.1,0
20942,2262,2025-05-27,149.67,149.67,0
20943,2262,2025-06-23,149.67,149.67,0
20944,2262,2025-07-28,149.67,149.67,0
20945,2262,2025-08-25,149.67,149.67,0
20946,2262,2025-09-27,149.67,149.67,0
20947,2262,2025-10-26,149.67,149.67,0
20948,2262,2025-11-24,149.67,149.67,0
20949,2262,2025-12-27,149.67,149.67,0
20950,2263,2024-09-23,2184.87,2184.87,0
20951,2263,2024-10-22,2184.87,2184.87,0
20952,2263,2024-11-24,2184.87,2184.87,0
20953,2263,2024-12-23,2184.87,2184.87,0
20954,2263,2025-01-26,2184.87,2184.87,0
20955,2263,2025-02-28,2184.87,2184.87,0
20956,2263,2025-03-26,2184.87,2184.87,0
20957,2263,2025-04-24,2184.87,2184.87,0
20958,2263,2025-05-28,2184.87,2184.87,0
20959,2263,2025-06-22,2184.87,2184.87,0
20960,2263,2025-07-25,2184.87,2184.87,0
20961,2263,2025-08-24,2184.87,2184.87,0
20962,2263,2025-09-23,2184.87,2184.87,0
20963,2263,2025-10-28,2184.87,2184.87,0
20964,2263,2025-11-26,2184.87,2184.87,0
20965,2263,2025-12-26,2184.87,2184.87,0
20966,2266,2025-02-25,180.43,180.43,0
20967,2266,2025-03-26,180.43,180.43,0
20968,2266,2025-04-28,180.43,180.43,0
20969,2266,2025-05-28,180.43,180.43,0
20970,2266,2025-06-24,180.43,180.43,0
20971,2266,2025-07-25,180.43,180.43,0
20972,2266,2025-08-24,180.43,180.43,0
20973,2266,2025-09-28,180.43,180.43,0
20974,2266,2025-10-23,180.43,180.43,0
20975,2266,2025-11-24,180.43,180.43,0
20976,2266,2025-12-24,180.43,180.43,0
20977,2267,2025-01-27,568.36,568.36,0
20978,2267,2025-02-28,568.36,568.36,0
20979,2267,2025-03-28,568.36,568.36,0
20980,2267,2025-04-24,568.36,568.36,0
20981,2267,2025-05-24,568.36,568.36,0
20982,2267,2025-06-26,568.36,568.36,0
20983,2267,2025-07-25,568.36,568.36,0
20984,2267,2025-08-28,568.36,568.36,0
20985,2267,2025-09-26,568.36,568.36,0
20986,2267,2025-10-24,568.36,568.36,0
20987,2267,2025-11-25,568.36,568.36,0
20988,2267,2025-12-22,568.36,568.36,0
20989,2268,2025-05-27,284.99,284.99,0
20990,2268,2025-06-22,284.99,284.99,0
20991,2268,2025-07-28,284.99,284.99,0
20992,2268,2025-08-28,284.99,284.99,0
20993,2268,2025-09-26,284.99,284.99,0
20994,2268,2025-10-26,284.99,284.99,0
20995,2268,2025-11-22,284.99,284.99,0
20996,2268,2025-12-23,284.99,284.99,0
20997,2269,2024-06-25,664.8,664.8,0
20998,2269,2024-07-22,664.8,664.8,0
20999,2269,2024-08-25,664.8,664.8,0
21000,2269,2024-09-22,664.8,664.8,0
21001,2269,2024-10-24,664.8,664.8,0
21002,2269,2025-01-15,664.8,638.14,51
21003,2269,2024-12-26,664.8,664.8,0
21004,2269,2025-01-23,664.8,664.8,0
21005,2269,2025-02-24,664.8,664.8,0
21006,2269,2025-03-25,664.8,664.8,0
21007,2269,2025-04-23,664.8,664.8,0
21008,2269,2025-05-24,664.8,664.8,0
21009,2269,2025-06-28,664.8,664.8,0
21010,2270,2024-08-26,1815.66,1815.66,0
21011,2270,2024-09-25,1815.66,1815.66,0
21012,2270,2024-10-27,1815.66,1815.66,0
21013,2270,2024-11-27,1815.66,1815.66,0
21014,2270,2024-12-26,1815.66,1815.66,0
21015,2270,2025-01-26,1815.66,1815.66,0
21016,2270,2025-02-27,1815.66,1815.66,0
21017,2270,2025-03-24,1815.66,1815.66,0
21018,2270,2025-04-24,1815.66,1815.66,0
21019,2270,2025-05-24,1815.66,1815.66,0
21020,2270,2025-06-26,1815.66,1815.66,0
21021,2270,2025-07-28,1815.66,1815.66,0
21022,2270,2025-08-28,1815.66,1815.66,0
21023,2270,2025-09-25,1815.66,1815.66,0
21024,2270,2025-10-25,1815.66,1815.66,0
21025,2270,2025-11-25,1815.66,1815.66,0
21026,2270,2025-12-26,1815.66,1815.66,0
21027,2271,2025-06-22,2462.27,2462.27,0
21028,2271,2025-07-27,2462.27,2462.27,0
21029,2271,2025-08-24,2462.27,2462.27,0
21030,2271,2025-09-22,2462.27,2462.27,0
21031,2271,2025-10-25,2462.27,2462.27,0
21032,2271,2025-11-27,2462.27,2462.27,0
21033,2271,2025-12-25,2462.27,2462.27,0
21034,2272,2025-01-23,370.7,370.7,0
21035,2272,2025-02-26,370.7,370.7,0
21036,2272,2025-03-23,370.7,370.7,0
21037,2272,2025-04-27,370.7,370.7,0
21038,2272,2025-06-26,370.7,310.16,31
21039,2272,2025-06-27,370.7,370.7,0
21040,2272,2025-07-25,370.7,370.7,0
21041,2272,2025-08-28,370.7,370.7,0
21042,2272,2025-09-26,370.7,370.7,0
21043,2272,2025-11-10,370.7,332.36,18
21044,2272,2025-11-28,370.7,370.7,0
21045,2272,2025-12-22,370.7,370.7,0
21046,2273,2024-01-27,379.23,379.23,0
21047,2273,2024-02-27,379.23,379.23,0
21048,2273,2024-03-24,379.23,379.23,0
21049,2273,2024-04-25,379.23,379.23,0
21050,2273,2024-08-03,379.23,370.82,73
21051,2273,2024-06-23,379.23,379.23,0
21052,2273,2024-07-24,379.23,379.23,0
21053,2273,2024-08-22,379.23,379.23,0
21054,2273,2024-11-14,379.23,89.75,49
21055,2273,2024-10-25,379.23,379.23,0
21056,2273,2024-11-24,379.23,379.23,0
21057,2273,2024-12-23,379.23,379.23,0
21058,2273,2025-01-27,379.23,379.23,0
21059,2273,2025-02-23,379.23,379.23,0
21060,2273,2025-03-23,379.23,379.23,0
21061,2273,2025-04-25,379.23,379.23,0
21062,2273,2025-05-24,379.23,379.23,0
21063,2273,2025-06-25,379.23,379.23,0
21064,2273,2025-10-13,379.23,357.3,77
21065,2273,2025-08-22,379.23,379.23,0
21066,2273,2025-09-26,379.23,379.23,0
21067,2273,2025-10-23,379.23,379.23,0
21068,2273,2025-11-24,379.23,379.23,0
21069,2273,2025-12-27,379.23,379.23,0
21070,2274,2025-01-28,178.06,178.06,0
21071,2274,2025-02-27,178.06,178.06,0
21072,2274,2025-03-24,178.06,178.06,0
21073,2274,2025-04-26,178.06,178.06,0
21074,2274,2025-05-24,178.06,178.06,0
21075,2274,2025-06-25,178.06,178.06,0
21076,2274,2025-07-27,178.06,178.06,0
21077,2274,2025-11-18,178.06,145.85,82
21078,2274,2025-09-23,178.06,178.06,0
21079,2274,2025-10-24,178.06,178.06,0
21080,2274,2025-11-26,178.06,178.06,0
21081,2274,2025-12-22,178.06,178.06,0
21082,2275,2025-06-23,377.18,377.18,0
21083,2275,2025-07-22,377.18,377.18,0
21084,2275,2025-08-23,377.18,377.18,0
21085,2275,2025-09-26,377.18,377.18,0
21086,2275,2025-12-19,377.18,338.3,53
21087,2275,2025-11-22,377.18,377.18,0
21088,2275,2025-12-28,377.18,377.18,0
21089,2276,2025-04-27,521.81,521.81,0
21090,2276,2025-05-22,521.81,521.81,0
21091,2276,2025-06-22,521.81,521.81,0
21092,2276,2025-07-23,521.81,521.81,0
21093,2276,2025-08-24,521.81,521.81,0
21094,2276,2025-09-24,521.81,521.81,0
21095,2276,2025-10-27,521.81,521.81,0
21096,2276,2025-11-23,521.81,521.81,0
21097,2276,2025-12-22,521.81,521.81,0
21098,2277,2025-07-26,122.89,122.89,0
21099,2277,2025-10-12,122.89,32.07,50
21100,2277,2025-09-27,122.89,122.89,0
21101,2277,2025-10-28,122.89,122.89,0
21102,2277,2025-11-24,122.89,122.89,0
21103,2277,2026-02-23,122.89,113.19,57
21104,2278,2025-06-22,325.71,325.71,0
21105,2278,2025-07-27,325.71,325.71,0
21106,2278,2025-08-28,325.71,325.71,0
21107,2278,2025-09-25,325.71,325.71,0
21108,2278,2025-10-28,325.71,325.71,0
21109,2278,2025-11-27,325.71,325.71,0
21110,2278,2025-12-23,325.71,325.71,0
21111,2279,2025-06-24,365.41,365.41,0
21112,2279,2025-07-27,365.41,365.41,0
21113,2279,2025-08-26,365.41,365.41,0
21114,2279,2025-09-27,365.41,365.41,0
21115,2279,2025-10-27,365.41,365.41,0
21116,2279,2025-11-23,365.41,365.41,0
21117,2279,2025-12-24,365.41,365.41,0
21118,2280,2025-11-25,1592.83,1592.83,0
21119,2280,2025-12-22,1592.83,1592.83,0
21120,2281,2025-06-22,266.66,266.66,0
21121,2281,2025-07-23,266.66,266.66,0
21122,2281,2025-09-04,266.66,244.16,13
21123,2281,2025-10-08,266.66,227.69,16
21124,2281,2025-10-24,266.66,266.66,0
21125,2281,2025-11-26,266.66,266.66,0
21126,2281,2025-12-24,266.66,266.66,0
21127,2282,2025-12-26,66.93,66.93,0
21128,2283,2025-06-23,115.72,115.72,0
21129,2283,2025-07-26,115.72,115.72,0
21130,2283,2025-10-16,115.72,3.5,55
21131,2283,2025-09-22,115.72,115.72,0
21132,2283,2025-10-22,115.72,115.72,0
21133,2283,2025-11-24,115.72,115.72,0
21134,2283,2025-12-27,115.72,115.72,0
21135,2284,2025-06-23,290.65,290.65,0
21136,2284,2025-07-26,290.65,290.65,0
21137,2284,2025-08-27,290.65,290.65,0
21138,2284,2025-09-23,290.65,290.65,0
21139,2284,2025-10-28,290.65,290.65,0
21140,2284,2025-11-27,290.65,290.65,0
21141,2284,2025-12-27,290.65,290.65,0
21142,2285,2024-08-25,191.31,191.31,0
21143,2285,2024-09-25,191.31,191.31,0
21144,2285,2024-11-06,191.31,164.03,12
21145,2285,2024-11-27,191.31,191.31,0
21146,2285,2025-01-10,191.31,166.95,17
21147,2285,2025-01-27,191.31,191.31,0
21148,2285,2025-02-22,191.31,191.31,0
21149,2285,2025-03-27,191.31,191.31,0
21150,2285,2025-04-26,191.31,191.31,0
21151,2285,2025-05-25,191.31,191.31,0
21152,2285,2025-06-28,191.31,191.31,0
21153,2285,2025-07-25,191.31,191.31,0
21154,2285,2025-08-26,191.31,191.31,0
21155,2286,2025-10-23,235.15,235.15,0
21156,2286,2025-11-26,235.15,235.15,0
21157,2286,2025-12-28,235.15,235.15,0
21158,2287,2025-02-28,206.11,206.11,0
21159,2287,2025-03-23,206.11,206.11,0
21160,2287,2025-04-27,206.11,206.11,0
21161,2287,2025-05-26,206.11,206.11,0
21162,2287,2025-06-26,206.11,206.11,0
21163,2287,2025-07-27,206.11,206.11,0
21164,2287,2025-08-24,206.11,206.11,0
21165,2287,2025-10-13,206.11,197.93,16
21166,2287,2025-10-26,206.11,206.11,0
21167,2287,2025-11-22,206.11,206.11,0
21168,2287,2025-12-27,206.11,206.11,0
21169,2288,2024-10-22,210.97,210.97,0
21170,2288,2024-11-27,210.97,210.97,0
21171,2288,2024-12-27,210.97,210.97,0
21172,2288,2025-01-22,210.97,210.97,0
21173,2288,2025-02-27,210.97,210.97,0
21174,2288,2025-03-23,210.97,210.97,0
21175,2288,2025-04-24,210.97,210.97,0
21176,2288,2025-05-25,210.97,210.97,0
21177,2288,2025-06-26,210.97,210.97,0
21178,2288,2025-07-23,210.97,210.97,0
21179,2288,2025-08-25,210.97,210.97,0
21180,2288,2025-09-27,210.97,210.97,0
21181,2288,2026-03-14,210.97,37.26,139
21182,2288,2025-11-27,210.97,210.97,0
21183,2288,2025-12-24,210.97,210.97,0
21184,2289,2024-02-27,772.54,772.54,0
21185,2289,2024-03-22,772.54,772.54,0
21186,2289,2024-04-22,772.54,772.54,0
21187,2289,2024-05-25,772.54,772.54,0
21188,2289,2024-06-23,772.54,772.54,0
21189,2289,2024-07-26,772.54,772.54,0
21190,2289,2024-08-25,772.54,772.54,0
21191,2289,2024-09-25,772.54,772.54,0
21192,2289,2024-10-22,772.54,772.54,0
21193,2289,2024-11-22,772.54,772.54,0
21194,2289,2024-12-22,772.54,772.54,0
21195,2289,2025-01-22,772.54,772.54,0
21196,2289,2025-07-01,772.54,14.38,123
21197,2289,2025-03-24,772.54,772.54,0
21198,2289,2025-04-24,772.54,772.54,0
21199,2289,2025-05-24,772.54,772.54,0
21200,2289,2025-06-27,772.54,772.54,0
21201,2289,2025-08-29,772.54,621.35,36
21202,2289,2025-08-23,772.54,772.54,0
21203,2289,2025-09-27,772.54,772.54,0
21204,2289,2025-10-24,772.54,772.54,0
21205,2289,2026-02-19,772.54,761.12,85
21206,2289,2025-12-24,772.54,772.54,0
21207,2291,2025-10-24,370.3,370.3,0
21208,2291,2025-11-28,370.3,370.3,0
21209,2291,2025-12-24,370.3,370.3,0
21210,2292,2024-03-19,243.08,230.43,57
21211,2292,2024-02-28,243.08,243.08,0
21212,2292,2024-03-25,243.08,243.08,0
21213,2292,2024-04-25,243.08,243.08,0
21214,2292,2024-05-22,243.08,243.08,0
21215,2292,2024-06-27,243.08,243.08,0
21216,2292,2024-07-24,243.08,243.08,0
21217,2292,2024-08-28,243.08,243.08,0
21218,2292,2024-10-23,243.08,217.22,27
21219,2292,2024-10-23,243.08,243.08,0
21220,2292,2024-11-22,243.08,243.08,0
21221,2292,2024-12-22,243.08,243.08,0
21222,2292,2025-01-23,243.08,243.08,0
21223,2292,2025-02-23,243.08,243.08,0
21224,2292,2025-05-28,243.08,197.42,64
21225,2292,2025-04-25,243.08,243.08,0
21226,2292,2025-05-24,243.08,243.08,0
21227,2292,2025-06-28,243.08,243.08,0
21228,2292,2025-07-24,243.08,243.08,0
21229,2292,2025-08-27,243.08,243.08,0
21230,2292,2025-09-22,243.08,243.08,0
21231,2292,2025-10-28,243.08,243.08,0
21232,2292,2025-11-25,243.08,243.08,0
21233,2292,2025-12-27,243.08,243.08,0
21234,2294,2025-03-28,171.63,171.63,0
21235,2294,2025-04-28,171.63,171.63,0
21236,2294,2025-05-26,171.63,171.63,0
21237,2294,2025-06-26,171.63,171.63,0
21238,2294,2025-10-24,171.63,56.74,89
21239,2294,2025-08-22,171.63,171.63,0
21240,2294,2025-10-31,171.63,163.47,33
21241,2294,2025-10-25,171.63,171.63,0
21242,2294,2025-11-23,171.63,171.63,0
21243,2294,2025-12-22,171.63,171.63,0
21244,2296,2025-05-26,556.24,556.24,0
21245,2296,2025-06-22,556.24,556.24,0
21246,2296,2025-07-23,556.24,556.24,0
21247,2296,2025-08-23,556.24,556.24,0
21248,2296,2025-09-25,556.24,556.24,0
21249,2296,2025-10-24,556.24,556.24,0
21250,2296,2025-11-25,556.24,556.24,0
21251,2296,2025-12-28,556.24,556.24,0
21252,2297,2025-09-05,363.24,319.36,40
21253,2297,2025-08-23,363.24,363.24,0
21254,2297,2025-09-23,363.24,363.24,0
21255,2297,2025-10-25,363.24,363.24,0
21256,2297,2025-11-26,363.24,363.24,0
21257,2297,2025-12-26,363.24,363.24,0
21258,2298,2025-10-25,415.33,415.33,0
21259,2298,2025-11-25,415.33,415.33,0
21260,2298,2025-12-28,415.33,415.33,0
21261,2299,2024-12-02,759.3,298.73,41
21262,2299,2024-11-25,759.3,759.3,0
21263,2299,2024-12-27,759.3,759.3,0
21264,2299,2025-01-23,759.3,759.3,0
21265,2299,2025-02-23,759.3,759.3,0
21266,2299,2025-03-23,759.3,759.3,0
21267,2299,2025-07-20,759.3,707.83,87
21268,2299,2025-06-08,759.3,627.3,12
21269,2299,2025-06-28,759.3,759.3,0
21270,2299,2025-07-25,759.3,759.3,0
21271,2299,2025-08-25,759.3,759.3,0
21272,2299,2025-09-28,759.3,759.3,0
21273,2299,2025-10-26,759.3,759.3,0
21274,2299,2025-12-06,759.3,636.84,14
21275,2299,2025-12-23,759.3,759.3,0
21276,2300,2025-06-27,444.53,444.53,0
21277,2300,2025-07-24,444.53,444.53,0
21278,2300,2025-08-25,444.53,444.53,0
21279,2300,2025-09-22,444.53,444.53,0
21280,2300,2025-10-26,444.53,444.53,0
21281,2300,2026-02-22,444.53,88.26,87
21282,2300,2025-12-23,444.53,444.53,0
21283,2301,2025-06-27,397.92,397.92,0
21284,2301,2025-07-22,397.92,397.92,0
21285,2301,2025-12-31,397.92,18.49,129
21286,2301,2025-09-23,397.92,397.92,0
21287,2301,2025-10-24,397.92,397.92,0
21288,2301,2026-01-18,397.92,393.19,51
21289,2301,2025-12-27,397.92,397.92,0
21290,2302,2024-07-25,326.79,326.79,0
21291,2302,2024-08-23,326.79,326.79,0
21292,2302,2024-09-25,326.79,326.79,0
21293,2302,2024-10-25,326.79,326.79,0
21294,2302,2024-11-27,326.79,326.79,0
21295,2302,2024-12-26,326.79,326.79,0
21296,2302,2025-01-24,326.79,326.79,0
21297,2302,2025-02-26,326.79,326.79,0
21298,2302,2025-03-22,326.79,326.79,0
21299,2302,2025-04-24,326.79,326.79,0
21300,2302,2025-05-25,326.79,326.79,0
21301,2302,2025-06-26,326.79,326.79,0
21302,2302,2025-07-28,326.79,326.79,0
21303,2302,2025-08-28,326.79,326.79,0
21304,2302,2025-09-28,326.79,326.79,0
21305,2302,2025-10-25,326.79,326.79,0
21306,2302,2025-11-26,326.79,326.79,0
21307,2302,2025-12-25,326.79,326.79,0
21308,2303,2025-06-26,206.46,206.46,0
21309,2303,2025-07-24,206.46,206.46,0
21310,2303,2025-08-22,206.46,206.46,0
21311,2303,2026-03-03,206.46,56.56,156
21312,2303,2025-10-27,206.46,206.46,0
21313,2303,2025-11-24,206.46,206.46,0
21314,2303,2025-12-27,206.46,206.46,0
21315,2304,2025-05-27,532.87,532.87,0
21316,2304,2025-06-28,532.87,532.87,0
21317,2304,2025-07-22,532.87,532.87,0
21318,2304,2025-08-28,532.87,532.87,0
21319,2304,2025-09-24,532.87,532.87,0
21320,2304,2025-10-24,532.87,532.87,0
21321,2304,2025-11-26,532.87,532.87,0
21322,2304,2025-12-25,532.87,532.87,0
21323,2305,2025-08-03,163.27,57.65,40
21324,2305,2025-07-26,163.27,163.27,0
21325,2305,2025-11-16,163.27,146.97,81
21326,2305,2025-09-24,163.27,163.27,0
21327,2305,2025-11-16,163.27,152.76,23
21328,2305,2025-11-24,163.27,163.27,0
21329,2305,2025-12-28,163.27,163.27,0
21330,2306,2024-10-24,577.45,577.45,0
21331,2306,2024-11-22,577.45,577.45,0
21332,2306,2024-12-27,577.45,577.45,0
21333,2306,2025-01-26,577.45,577.45,0
21334,2306,2025-02-24,577.45,577.45,0
21335,2306,2025-03-22,577.45,577.45,0
21336,2306,2025-04-22,577.45,577.45,0
21337,2306,2025-05-22,577.45,577.45,0
21338,2306,2025-06-23,577.45,577.45,0
21339,2306,2025-07-22,577.45,577.45,0
21340,2306,2025-08-24,577.45,577.45,0
21341,2306,2025-09-24,577.45,577.45,0
21342,2306,2025-10-25,577.45,577.45,0
21343,2306,2025-11-27,577.45,577.45,0
21344,2306,2025-12-25,577.45,577.45,0
21345,2307,2025-08-24,156.9,156.9,0
21346,2307,2025-09-22,156.9,156.9,0
21347,2307,2025-10-25,156.9,156.9,0
21348,2307,2025-12-10,156.9,136.83,12
21349,2307,2025-12-28,156.9,156.9,0
21350,2308,2024-01-24,385.81,385.81,0
21351,2308,2024-02-23,385.81,385.81,0
21352,2308,2024-06-02,385.81,88.76,72
21353,2308,2024-04-28,385.81,385.81,0
21354,2308,2024-05-23,385.81,385.81,0
21355,2308,2024-07-07,385.81,323.29,15
21356,2308,2024-07-27,385.81,385.81,0
21357,2308,2024-08-27,385.81,385.81,0
21358,2308,2024-09-24,385.81,385.81,0
21359,2308,2025-03-26,385.81,125.32,149
21360,2308,2024-11-23,385.81,385.81,0
21361,2308,2024-12-23,385.81,385.81,0
21362,2308,2025-01-23,385.81,385.81,0
21363,2308,2025-04-18,385.81,356.05,52
21364,2308,2025-03-25,385.81,385.81,0
21365,2308,2025-05-03,385.81,346.43,6
21366,2308,2025-05-27,385.81,385.81,0
21367,2308,2025-06-28,385.81,385.81,0
21368,2308,2025-07-28,385.81,385.81,0
21369,2308,2025-08-23,385.81,385.81,0
21370,2308,2025-11-25,385.81,368.36,61
21371,2308,2025-10-22,385.81,385.81,0
21372,2308,2025-11-23,385.81,385.81,0
21373,2308,2026-01-02,385.81,382.38,9
21374,2309,2025-02-26,1736.78,1736.78,0
21375,2309,2025-03-22,1736.78,1736.78,0
21376,2309,2025-04-25,1736.78,1736.78,0
21377,2309,2025-05-22,1736.78,1736.78,0
21378,2309,2025-06-27,1736.78,1736.78,0
21379,2309,2025-07-23,1736.78,1736.78,0
21380,2309,2025-08-26,1736.78,1736.78,0
21381,2309,2025-09-22,1736.78,1736.78,0
21382,2309,2025-10-26,1736.78,1736.78,0
21383,2309,2025-11-23,1736.78,1736.78,0
21384,2309,2025-12-25,1736.78,1736.78,0
21385,2310,2024-07-26,190.39,190.39,0
21386,2310,2024-08-25,190.39,190.39,0
21387,2310,2024-09-27,190.39,190.39,0
21388,2310,2024-10-27,190.39,190.39,0
21389,2310,2024-11-23,190.39,190.39,0
21390,2310,2024-12-28,190.39,190.39,0
21391,2310,2025-01-27,190.39,190.39,0
21392,2310,2025-02-28,190.39,190.39,0
21393,2310,2025-06-21,190.39,166.74,88
21394,2310,2025-04-28,190.39,190.39,0
21395,2310,2025-05-22,190.39,190.39,0
21396,2310,2025-06-28,190.39,190.39,0
21397,2310,2025-07-26,190.39,190.39,0
21398,2310,2025-08-27,190.39,190.39,0
21399,2310,2025-09-28,190.39,190.39,0
21400,2310,2025-10-23,190.39,190.39,0
21401,2310,2025-11-28,190.39,190.39,0
21402,2310,2025-12-28,190.39,190.39,0
21403,2311,2025-05-22,423.39,423.39,0
21404,2311,2025-06-25,423.39,423.39,0
21405,2311,2025-08-04,423.39,415.49,10
21406,2311,2025-08-25,423.39,423.39,0
21407,2311,2025-09-23,423.39,423.39,0
21408,2311,2025-11-21,423.39,397.77,29
21409,2311,2025-11-27,423.39,408.79,4
21410,2311,2025-12-27,423.39,423.39,0
21411,2312,2025-06-24,412.79,412.79,0
21412,2312,2025-07-22,412.79,412.79,0
21413,2312,2025-08-27,412.79,412.79,0
21414,2312,2026-02-21,412.79,133.79,147
21415,2312,2025-10-26,412.79,412.79,0
21416,2312,2025-11-22,412.79,412.79,0
21417,2312,2025-12-27,412.79,412.79,0
21418,2313,2024-10-25,460.09,460.09,0
21419,2313,2024-11-28,460.09,460.09,0
21420,2313,2024-12-22,460.09,460.09,0
21421,2313,2025-01-22,460.09,460.09,0
21422,2313,2025-02-27,460.09,460.09,0
21423,2313,2025-03-26,460.09,460.09,0
21424,2313,2025-04-23,460.09,460.09,0
21425,2313,2025-05-28,460.09,460.09,0
21426,2313,2025-06-22,460.09,460.09,0
21427,2313,2025-07-23,460.09,460.09,0
21428,2313,2025-08-26,460.09,460.09,0
21429,2313,2025-10-24,460.09,449.99,29
21430,2313,2025-10-27,460.09,460.09,0
21431,2313,2025-11-24,460.09,460.09,0
21432,2313,2025-12-26,460.09,460.09,0
21433,2314,2025-06-24,588.75,588.75,0
21434,2314,2025-07-27,588.75,588.75,0
21435,2314,2025-10-17,588.75,574.88,56
21436,2314,2025-12-13,588.75,492.65,78
21437,2314,2025-10-24,588.75,588.75,0
21438,2314,2025-11-22,588.75,588.75,0
21439,2314,2025-12-27,588.75,588.75,0
21440,2315,2025-08-19,178.12,164.62,87
21441,2315,2025-06-23,178.12,178.12,0
21442,2315,2025-07-28,178.12,178.12,0
21443,2315,2025-10-05,178.12,172.66,39
21444,2315,2025-09-27,178.12,178.12,0
21445,2315,2025-10-22,178.12,178.12,0
21446,2315,2025-11-26,178.12,178.12,0
21447,2315,2026-03-06,178.12,145.7,73
21448,2316,2024-09-22,865.98,865.98,0
21449,2316,2024-10-25,865.98,865.98,0
21450,2316,2024-11-23,865.98,865.98,0
21451,2316,2024-12-27,865.98,865.98,0
21452,2316,2025-01-22,865.98,865.98,0
21453,2316,2025-02-26,865.98,865.98,0
21454,2316,2025-03-22,865.98,865.98,0
21455,2316,2025-04-26,865.98,865.98,0
21456,2316,2025-05-24,865.98,865.98,0
21457,2316,2025-06-25,865.98,865.98,0
21458,2316,2025-07-25,865.98,865.98,0
21459,2316,2025-08-28,865.98,865.98,0
21460,2316,2025-09-22,865.98,865.98,0
21461,2316,2025-10-26,865.98,865.98,0
21462,2316,2025-11-25,865.98,865.98,0
21463,2316,2025-12-22,865.98,865.98,0
21464,2317,2025-05-22,134.16,134.16,0
21465,2317,2025-06-23,134.16,134.16,0
21466,2317,2025-07-25,134.16,134.16,0
21467,2317,2025-08-23,134.16,134.16,0
21468,2317,2025-09-28,134.16,134.16,0
21469,2317,2025-10-28,134.16,134.16,0
21470,2317,2025-11-22,134.16,134.16,0
21471,2317,2025-12-24,134.16,134.16,0
21472,2318,2024-04-27,134.11,134.11,0
21473,2318,2024-05-28,134.11,134.11,0
21474,2318,2024-06-25,134.11,134.11,0
21475,2318,2024-07-27,134.11,134.11,0
21476,2318,2024-08-25,134.11,134.11,0
21477,2318,2024-09-28,134.11,134.11,0
21478,2318,2024-10-25,134.11,134.11,0
21479,2318,2024-11-28,134.11,134.11,0
21480,2318,2024-12-28,134.11,134.11,0
21481,2318,2025-01-22,134.11,134.11,0
21482,2318,2025-02-27,134.11,134.11,0
21483,2318,2025-03-28,134.11,134.11,0
21484,2318,2025-04-27,134.11,134.11,0
21485,2318,2025-05-23,134.11,134.11,0
21486,2318,2025-06-28,134.11,134.11,0
21487,2318,2025-07-28,134.11,134.11,0
21488,2318,2025-08-24,134.11,134.11,0
21489,2318,2025-09-23,134.11,134.11,0
21490,2318,2025-10-24,134.11,134.11,0
21491,2318,2025-11-24,134.11,134.11,0
21492,2318,2025-12-28,134.11,134.11,0
21493,2319,2025-04-24,276.03,276.03,0
21494,2319,2025-05-23,276.03,276.03,0
21495,2319,2025-06-27,276.03,276.03,0
21496,2319,2025-07-24,276.03,276.03,0
21497,2319,2025-08-27,276.03,276.03,0
21498,2319,2025-09-23,276.03,276.03,0
21499,2319,2025-10-26,276.03,276.03,0
21500,2319,2025-11-26,276.03,276.03,0
21501,2319,2025-12-24,276.03,276.03,0
21502,2320,2025-10-23,181.55,181.55,0
21503,2320,2025-11-25,181.55,181.55,0
21504,2320,2025-12-24,181.55,181.55,0
21505,2321,2025-05-26,184.83,184.83,0
21506,2321,2025-06-23,184.83,184.83,0
21507,2321,2025-07-25,184.83,184.83,0
21508,2321,2025-08-23,184.83,184.83,0
21509,2321,2025-09-26,184.83,184.83,0
21510,2321,2025-10-26,184.83,184.83,0
21511,2321,2026-02-07,184.83,180.1,75
21512,2321,2026-03-09,184.83,166.86,76
21513,2322,2024-06-23,97.79,97.79,0
21514,2322,2024-07-26,97.79,97.79,0
21515,2322,2024-08-27,97.79,97.79,0
21516,2322,2024-09-23,97.79,97.79,0
21517,2322,2024-10-23,97.79,97.79,0
21518,2322,2024-11-22,97.79,97.79,0
21519,2322,2024-12-22,97.79,97.79,0
21520,2322,2025-01-22,97.79,97.79,0
21521,2322,2025-02-26,97.79,97.79,0
21522,2322,2025-03-27,97.79,97.79,0
21523,2322,2025-04-28,97.79,97.79,0
21524,2322,2025-05-26,97.79,97.79,0
21525,2322,2025-09-11,97.79,83.66,80
21526,2322,2025-09-10,97.79,93.7,46
21527,2322,2025-08-26,97.79,97.79,0
21528,2322,2025-11-10,97.79,92.65,43
21529,2322,2025-11-19,97.79,82.04,25
21530,2322,2025-11-25,97.79,97.79,0
21531,2322,2025-12-26,97.79,97.79,0
21532,2323,2025-06-25,350.12,350.12,0
21533,2323,2025-07-26,350.12,350.12,0
21534,2323,2025-08-25,350.12,350.12,0
21535,2323,2025-09-28,350.12,350.12,0
21536,2323,2025-10-24,350.12,350.12,0
21537,2323,2025-11-23,350.12,350.12,0
21538,2323,2025-12-28,350.12,350.12,0
21539,2324,2025-06-22,179.74,179.74,0
21540,2324,2025-08-23,179.74,156.09,31
21541,2324,2025-08-24,179.74,179.74,0
21542,2324,2025-09-22,179.74,179.74,0
21543,2324,2025-10-27,179.74,179.74,0
21544,2324,2025-11-25,179.74,179.74,0
21545,2324,2025-12-23,179.74,179.74,0
21546,2325,2024-03-24,136.26,136.26,0
21547,2325,2024-10-05,136.26,30.19,161
21548,2325,2024-05-27,136.26,136.26,0
21549,2325,2024-06-27,136.26,136.26,0
21550,2325,2024-07-27,136.26,136.26,0
21551,2325,2024-08-24,136.26,136.26,0
21552,2325,2024-10-30,136.26,119.87,34
21553,2325,2024-10-27,136.26,136.26,0
21554,2325,2024-11-28,136.26,136.26,0
21555,2325,2024-12-26,136.26,136.26,0
21556,2325,2025-01-27,136.26,136.26,0
21557,2325,2025-02-25,136.26,136.26,0
21558,2325,2025-03-27,136.26,136.26,0
21559,2325,2025-06-02,136.26,124.55,41
21560,2325,2025-05-22,136.26,136.26,0
21561,2325,2025-06-28,136.26,136.26,0
21562,2325,2025-07-22,136.26,136.26,0
21563,2325,2025-08-27,136.26,136.26,0
21564,2325,2025-09-26,136.26,136.26,0
21565,2325,2025-10-22,136.26,136.26,0
21566,2325,2025-11-28,136.26,136.26,0
21567,2325,2025-12-26,136.26,136.26,0
21568,2326,2024-11-16,143.39,119.29,83
21569,2326,2024-09-26,143.39,143.39,0
21570,2326,2024-10-26,143.39,143.39,0
21571,2326,2025-01-08,143.39,127.01,45
21572,2326,2024-12-26,143.39,143.39,0
21573,2326,2025-01-28,143.39,143.39,0
21574,2326,2025-02-23,143.39,143.39,0
21575,2326,2025-07-10,143.39,22.86,105
21576,2326,2025-06-06,143.39,119.4,40
21577,2326,2025-05-26,143.39,143.39,0
21578,2326,2025-06-22,143.39,143.39,0
21579,2326,2025-07-25,143.39,143.39,0
21580,2326,2025-08-22,143.39,143.39,0
21581,2326,2025-09-28,143.39,143.39,0
21582,2326,2025-10-22,143.39,143.39,0
21583,2326,2025-11-23,143.39,143.39,0
21584,2326,2026-02-13,143.39,15.85,49
21585,2327,2025-11-24,157.85,157.85,0
21586,2327,2025-12-22,157.85,157.85,0
21587,2328,2025-01-24,519.88,519.88,0
21588,2328,2025-02-28,519.88,519.88,0
21589,2328,2025-03-24,519.88,519.88,0
21590,2328,2025-04-24,519.88,519.88,0
21591,2328,2025-05-28,519.88,519.88,0
21592,2328,2025-06-22,519.88,519.88,0
21593,2328,2025-07-22,519.88,519.88,0
21594,2328,2025-08-23,519.88,519.88,0
21595,2328,2025-09-24,519.88,519.88,0
21596,2328,2025-10-23,519.88,519.88,0
21597,2328,2025-11-27,519.88,519.88,0
21598,2328,2025-12-26,519.88,519.88,0
21599,2329,2025-06-23,2672.85,2672.85,0
21600,2329,2025-07-28,2672.85,2672.85,0
21601,2329,2025-08-23,2672.85,2672.85,0
21602,2329,2025-09-28,2672.85,2672.85,0
21603,2329,2025-10-25,2672.85,2672.85,0
21604,2329,2025-11-23,2672.85,2672.85,0
21605,2329,2025-12-25,2672.85,2672.85,0
21606,2330,2025-06-27,529.51,529.51,0
21607,2330,2025-07-23,529.51,529.51,0
21608,2330,2025-08-28,529.51,529.51,0
21609,2330,2025-09-24,529.51,529.51,0
21610,2330,2025-10-28,529.51,529.51,0
21611,2330,2025-11-23,529.51,529.51,0
21612,2330,2025-12-22,529.51,529.51,0
21613,2331,2024-02-22,90.52,90.52,0
21614,2331,2024-03-28,90.52,90.52,0
21615,2331,2024-04-24,90.52,90.52,0
21616,2331,2024-05-28,90.52,90.52,0
21617,2331,2024-06-27,90.52,90.52,0
21618,2331,2024-07-27,90.52,90.52,0
21619,2331,2024-08-24,90.52,90.52,0
21620,2331,2024-09-22,90.52,90.52,0
21621,2331,2024-10-26,90.52,90.52,0
21622,2331,2024-11-27,90.52,90.52,0
21623,2331,2024-12-26,90.52,90.52,0
21624,2331,2025-01-28,90.52,90.52,0
21625,2331,2025-02-23,90.52,90.52,0
21626,2331,2025-03-24,90.52,90.52,0
21627,2331,2025-04-28,90.52,90.52,0
21628,2331,2025-05-23,90.52,90.52,0
21629,2331,2025-08-13,90.52,80.02,47
21630,2331,2025-09-13,90.52,29.36,48
21631,2331,2025-08-25,90.52,90.52,0
21632,2331,2025-09-26,90.52,90.52,0
21633,2331,2025-10-26,90.52,90.52,0
21634,2331,2025-11-22,90.52,90.52,0
21635,2331,2025-12-23,90.52,90.52,0
21636,2332,2025-03-25,360.47,360.47,0
21637,2332,2025-04-24,360.47,360.47,0
21638,2332,2025-06-27,360.47,350.28,33
21639,2332,2025-06-28,360.47,360.47,0
21640,2332,2025-07-26,360.47,360.47,0
21641,2332,2025-08-22,360.47,360.47,0
21642,2332,2025-12-15,360.47,303.48,83
21643,2332,2025-10-25,360.47,360.47,0
21644,2332,2025-11-26,360.47,360.47,0
21645,2332,2026-02-07,360.47,354.72,43
21646,2333,2025-04-28,1225.2,1225.2,0
21647,2333,2025-05-25,1225.2,1225.2,0
21648,2333,2025-06-24,1225.2,1225.2,0
21649,2333,2025-07-23,1225.2,1225.2,0
21650,2333,2025-08-26,1225.2,1225.2,0
21651,2333,2025-09-25,1225.2,1225.2,0
21652,2333,2025-10-26,1225.2,1225.2,0
21653,2333,2025-11-25,1225.2,1225.2,0
21654,2333,2025-12-27,1225.2,1225.2,0
21655,2334,2025-05-28,1421.67,1421.67,0
21656,2334,2025-06-23,1421.67,1421.67,0
21657,2334,2025-07-23,1421.67,1421.67,0
21658,2334,2025-08-25,1421.67,1421.67,0
21659,2334,2025-09-24,1421.67,1421.67,0
21660,2334,2025-10-22,1421.67,1421.67,0
21661,2334,2025-11-25,1421.67,1421.67,0
21662,2334,2025-12-24,1421.67,1421.67,0
21663,2335,2024-01-26,177.57,177.57,0
21664,2335,2024-02-23,177.57,177.57,0
21665,2335,2024-03-25,177.57,177.57,0
21666,2335,2024-04-22,177.57,177.57,0
21667,2335,2024-05-22,177.57,177.57,0
21668,2335,2024-06-23,177.57,177.57,0
21669,2335,2024-07-24,177.57,177.57,0
21670,2335,2024-08-23,177.57,177.57,0
21671,2335,2024-09-25,177.57,177.57,0
21672,2335,2024-10-25,177.57,177.57,0
21673,2335,2024-11-22,177.57,177.57,0
21674,2335,2024-12-26,177.57,177.57,0
21675,2335,2025-01-24,177.57,177.57,0
21676,2335,2025-02-27,177.57,177.57,0
21677,2335,2025-03-24,177.57,177.57,0
21678,2335,2025-05-26,177.57,45.19,31
21679,2335,2025-05-24,177.57,177.57,0
21680,2335,2025-06-28,177.57,177.57,0
21681,2335,2025-07-27,177.57,177.57,0
21682,2335,2025-08-26,177.57,177.57,0
21683,2335,2025-10-05,177.57,171.64,12
21684,2335,2026-03-12,177.57,62.27,138
21685,2337,2025-02-28,223.01,223.01,0
21686,2337,2025-03-26,223.01,223.01,0
21687,2337,2025-04-22,223.01,223.01,0
21688,2337,2025-05-25,223.01,223.01,0
21689,2337,2025-06-24,223.01,223.01,0
21690,2337,2025-07-23,223.01,223.01,0
21691,2337,2025-08-25,223.01,223.01,0
21692,2337,2025-09-26,223.01,223.01,0
21693,2337,2025-10-26,223.01,223.01,0
21694,2337,2026-02-24,223.01,189.45,88
21695,2337,2025-12-25,223.01,223.01,0
21696,2338,2025-04-24,80.86,80.86,0
21697,2338,2025-06-27,80.86,12.91,36
21698,2338,2025-06-24,80.86,80.86,0
21699,2338,2025-08-30,80.86,68.01,34
21700,2338,2025-08-26,80.86,80.86,0
21701,2338,2025-09-28,80.86,80.86,0
21702,2338,2025-10-26,80.86,80.86,0
21703,2338,2026-01-14,80.86,73.4,48
21704,2338,2025-12-23,80.86,80.86,0
21705,2339,2025-11-24,58.27,58.27,0
21706,2339,2025-12-22,58.27,58.27,0
21707,2340,2024-09-25,1107.16,1107.16,0
21708,2340,2024-10-23,1107.16,1107.16,0
21709,2340,2024-11-22,1107.16,1107.16,0
21710,2340,2024-12-22,1107.16,1107.16,0
21711,2340,2025-03-29,1107.16,121.48,64
21712,2340,2025-02-22,1107.16,1107.16,0
21713,2340,2025-03-25,1107.16,1107.16,0
21714,2340,2025-04-24,1107.16,1107.16,0
21715,2340,2025-05-26,1107.16,1107.16,0
21716,2340,2025-06-26,1107.16,1107.16,0
21717,2340,2025-07-25,1107.16,1107.16,0
21718,2340,2025-08-26,1107.16,1107.16,0
21719,2340,2025-09-23,1107.16,1107.16,0
21720,2340,2025-10-24,1107.16,1107.16,0
21721,2340,2025-11-27,1107.16,1107.16,0
21722,2340,2025-12-24,1107.16,1107.16,0
21723,2341,2024-02-25,437.67,437.67,0
21724,2341,2024-03-26,437.67,437.67,0
21725,2341,2024-04-27,437.67,437.67,0
21726,2341,2024-05-27,437.67,437.67,0
21727,2341,2024-07-27,437.67,422.65,35
21728,2341,2024-09-07,437.67,425.22,41
21729,2341,2024-08-24,437.67,437.67,0
21730,2341,2024-09-22,437.67,437.67,0
21731,2341,2024-12-28,437.67,365.32,62
21732,2341,2024-11-25,437.67,437.67,0
21733,2341,2024-12-28,437.67,437.67,0
21734,2341,2025-01-26,437.67,437.67,0
21735,2341,2025-02-28,437.67,437.67,0
21736,2342,2024-01-25,938.14,938.14,0
21737,2342,2024-03-13,938.14,841.8,20
21738,2342,2024-04-10,938.14,893.29,16
21739,2342,2024-04-27,938.14,938.14,0
21740,2342,2024-05-25,938.14,938.14,0
21741,2342,2024-09-18,938.14,796.06,84
21742,2342,2024-07-22,938.14,938.14,0
21743,2342,2024-08-27,938.14,938.14,0
21744,2342,2024-09-22,938.14,938.14,0
21745,2342,2024-10-25,938.14,938.14,0
21746,2342,2024-11-27,938.14,938.14,0
21747,2342,2024-12-28,938.14,938.14,0
21748,2342,2025-01-28,938.14,938.14,0
21749,2342,2025-08-06,938.14,280.54,163
21750,2342,2025-09-04,938.14,329.36,163
21751,2342,2025-04-23,938.14,938.14,0
21752,2342,2025-05-22,938.14,938.14,0
21753,2342,2025-06-22,938.14,938.14,0
21754,2342,2025-07-28,938.14,938.14,0
21755,2342,2025-08-28,938.14,938.14,0
21756,2342,2025-09-29,938.14,760.31,2
21757,2342,2025-10-22,938.14,938.14,0
21758,2342,2025-11-22,938.14,938.14,0
21759,2342,2025-12-28,938.14,938.14,0
21760,2343,2025-07-28,633.19,633.19,0
21761,2343,2025-08-23,633.19,633.19,0
21762,2343,2025-09-26,633.19,633.19,0
21763,2343,2025-10-22,633.19,633.19,0
21764,2343,2025-11-25,633.19,633.19,0
21765,2343,2025-12-25,633.19,633.19,0
21766,2344,2025-10-23,163.33,163.33,0
21767,2344,2025-11-26,163.33,163.33,0
21768,2344,2025-12-26,163.33,163.33,0
21769,2345,2025-04-24,101.36,101.36,0
21770,2345,2025-05-28,101.36,101.36,0
21771,2345,2025-06-23,101.36,101.36,0
21772,2345,2025-10-04,101.36,93.38,69
21773,2345,2025-08-22,101.36,101.36,0
21774,2345,2025-09-26,101.36,101.36,0
21775,2345,2025-10-22,101.36,101.36,0
21776,2345,2025-11-24,101.36,101.36,0
21777,2345,2025-12-25,101.36,101.36,0
21778,2346,2025-05-22,90.77,90.77,0
21779,2346,2025-06-28,90.77,90.77,0
21780,2346,2025-07-24,90.77,90.77,0
21781,2346,2025-08-27,90.77,90.77,0
21782,2346,2025-09-27,90.77,90.77,0
21783,2346,2025-10-25,90.77,90.77,0
21784,2346,2025-11-27,90.77,90.77,0
21785,2346,2025-12-24,90.77,90.77,0
21786,2347,2025-07-22,1255.67,1255.67,0
21787,2347,2025-08-28,1255.67,1255.67,0
21788,2347,2025-09-24,1255.67,1255.67,0
21789,2347,2025-10-22,1255.67,1255.67,0
21790,2347,2025-11-22,1255.67,1255.67,0
21791,2347,2025-12-23,1255.67,1255.67,0
21792,2348,2025-06-12,265.2,241.91,76
21793,2348,2025-04-24,265.2,265.2,0
21794,2348,2025-05-23,265.2,265.2,0
21795,2348,2025-06-23,265.2,265.2,0
21796,2348,2025-07-23,265.2,265.2,0
21797,2348,2025-08-28,265.2,265.2,0
21798,2348,2025-09-27,265.2,265.2,0
21799,2348,2025-11-27,265.2,243.03,33
21800,2348,2025-12-29,265.2,259.07,36
21801,2348,2025-12-27,265.2,265.2,0
21802,2349,2025-06-28,792.1,792.1,0
21803,2349,2025-07-22,792.1,792.1,0
21804,2349,2025-08-22,792.1,792.1,0
21805,2349,2025-09-26,792.1,792.1,0
21806,2349,2025-11-23,792.1,670.31,28
21807,2349,2025-11-25,792.1,792.1,0
21808,2349,2025-12-22,792.1,792.1,0
21809,2350,2025-11-25,2260.24,2260.24,0
21810,2350,2025-12-24,2260.24,2260.24,0
21811,2351,2025-06-22,162.62,162.62,0
21812,2351,2025-07-23,162.62,162.62,0
21813,2351,2025-11-09,162.62,36.03,78
21814,2351,2025-12-05,162.62,148.75,74
21815,2351,2025-10-23,162.62,162.62,0
21816,2351,2025-11-25,162.62,162.62,0
21817,2351,2025-12-24,162.62,162.62,0
21818,2352,2025-03-25,326.41,326.41,0
21819,2352,2025-04-23,326.41,326.41,0
21820,2352,2025-05-22,326.41,326.41,0
21821,2352,2025-06-22,326.41,326.41,0
21822,2352,2025-07-26,326.41,326.41,0
21823,2352,2025-08-25,326.41,326.41,0
21824,2352,2025-09-25,326.41,326.41,0
21825,2352,2025-10-26,326.41,326.41,0
21826,2352,2025-11-28,326.41,326.41,0
21827,2352,2025-12-28,326.41,326.41,0
21828,2353,2024-01-22,263.94,263.94,0
21829,2353,2024-02-28,263.94,263.94,0
21830,2353,2024-03-23,263.94,263.94,0
21831,2353,2024-04-23,263.94,263.94,0
21832,2353,2024-05-27,263.94,263.94,0
21833,2353,2024-08-18,263.94,215.92,55
21834,2353,2024-07-26,263.94,263.94,0
21835,2353,2024-10-02,263.94,218.31,35
21836,2353,2024-09-27,263.94,263.94,0
21837,2353,2024-12-22,263.94,248.03,59
21838,2353,2024-11-28,263.94,263.94,0
21839,2353,2025-01-20,263.94,229.7,23
21840,2353,2025-01-27,263.94,263.94,0
21841,2353,2025-02-23,263.94,263.94,0
21842,2353,2025-05-10,263.94,251.4,49
21843,2353,2025-04-27,263.94,263.94,0
21844,2353,2025-05-24,263.94,263.94,0
21845,2353,2025-06-25,263.94,263.94,0
21846,2353,2025-07-26,263.94,263.94,0
21847,2353,2025-08-23,263.94,263.94,0
21848,2353,2025-09-28,263.94,263.94,0
21849,2353,2025-10-24,263.94,263.94,0
21850,2353,2025-11-27,263.94,263.94,0
21851,2353,2025-12-23,263.94,263.94,0
21852,2354,2024-03-28,901.99,901.99,0
21853,2354,2024-04-24,901.99,901.99,0
21854,2354,2024-05-23,901.99,901.99,0
21855,2354,2024-06-25,901.99,901.99,0
21856,2354,2024-07-25,901.99,901.99,0
21857,2354,2024-08-25,901.99,901.99,0
21858,2354,2024-09-22,901.99,901.99,0
21859,2354,2024-10-24,901.99,901.99,0
21860,2354,2024-11-27,901.99,901.99,0
21861,2354,2024-12-24,901.99,901.99,0
21862,2354,2025-01-26,901.99,901.99,0
21863,2354,2025-02-26,901.99,901.99,0
21864,2354,2025-03-24,901.99,901.99,0
21865,2355,2024-12-22,132.25,132.25,0
21866,2355,2025-01-27,132.25,132.25,0
21867,2355,2025-02-28,132.25,132.25,0
21868,2355,2025-06-21,132.25,128.36,87
21869,2355,2025-04-27,132.25,132.25,0
21870,2355,2025-05-25,132.25,132.25,0
21871,2355,2025-10-30,132.25,22.73,130
21872,2355,2025-09-18,132.25,109.1,52
21873,2355,2025-08-27,132.25,132.25,0
21874,2355,2025-09-22,132.25,132.25,0
21875,2355,2025-12-20,132.25,128.81,57
21876,2355,2025-11-26,132.25,132.25,0
21877,2355,2025-12-25,132.25,132.25,0
21878,2356,2024-01-24,1243.08,1243.08,0
21879,2356,2024-02-23,1243.08,1243.08,0
21880,2356,2024-03-26,1243.08,1243.08,0
21881,2356,2024-04-22,1243.08,1243.08,0
21882,2356,2024-05-28,1243.08,1243.08,0
21883,2356,2024-06-23,1243.08,1243.08,0
21884,2356,2024-07-26,1243.08,1243.08,0
21885,2356,2024-08-25,1243.08,1243.08,0
21886,2356,2024-09-22,1243.08,1243.08,0
21887,2356,2024-10-22,1243.08,1243.08,0
21888,2356,2024-11-22,1243.08,1243.08,0
21889,2356,2024-12-23,1243.08,1243.08,0
21890,2356,2025-01-25,1243.08,1243.08,0
21891,2356,2025-02-26,1243.08,1243.08,0
21892,2356,2025-03-25,1243.08,1243.08,0
21893,2356,2025-04-28,1243.08,1243.08,0
21894,2356,2025-05-27,1243.08,1243.08,0
21895,2356,2025-06-28,1243.08,1243.08,0
21896,2356,2025-07-26,1243.08,1243.08,0
21897,2356,2025-08-26,1243.08,1243.08,0
21898,2356,2025-09-24,1243.08,1243.08,0
21899,2356,2025-10-25,1243.08,1243.08,0
21900,2356,2025-11-26,1243.08,1243.08,0
21901,2356,2025-12-22,1243.08,1243.08,0
21902,2357,2024-05-20,374.27,367.72,82
21903,2357,2024-03-23,374.27,374.27,0
21904,2357,2024-06-16,374.27,319.31,54
21905,2357,2024-05-24,374.27,374.27,0
21906,2357,2024-06-23,374.27,374.27,0
21907,2357,2024-07-23,374.27,374.27,0
21908,2357,2024-08-25,374.27,374.27,0
21909,2357,2024-09-27,374.27,374.27,0
21910,2357,2025-02-23,374.27,47.88,121
21911,2357,2024-11-22,374.27,374.27,0
21912,2357,2024-12-28,374.27,374.27,0
21913,2357,2025-01-23,374.27,374.27,0
21914,2357,2025-02-22,374.27,374.27,0
21915,2357,2025-03-26,374.27,374.27,0
21916,2357,2025-04-25,374.27,374.27,0
21917,2357,2025-05-25,374.27,374.27,0
21918,2357,2025-06-27,374.27,374.27,0
21919,2357,2025-07-24,374.27,374.27,0
21920,2357,2025-08-24,374.27,374.27,0
21921,2357,2025-09-26,374.27,374.27,0
21922,2357,2025-10-28,374.27,374.27,0
21923,2357,2025-11-25,374.27,374.27,0
21924,2357,2025-12-24,374.27,374.27,0
21925,2358,2025-12-27,345.62,345.62,0
21926,2359,2025-10-25,356.38,356.38,0
21927,2359,2025-11-28,356.38,356.38,0
21928,2359,2025-12-22,356.38,356.38,0
21929,2360,2025-12-26,671.28,671.28,0
21930,2362,2025-03-23,1440.82,1440.82,0
21931,2362,2025-04-25,1440.82,1440.82,0
21932,2362,2025-05-26,1440.82,1440.82,0
21933,2362,2025-06-28,1440.82,1440.82,0
21934,2362,2025-07-22,1440.82,1440.82,0
21935,2362,2025-08-23,1440.82,1440.82,0
21936,2362,2025-09-24,1440.82,1440.82,0
21937,2362,2025-10-22,1440.82,1440.82,0
21938,2362,2025-11-28,1440.82,1440.82,0
21939,2362,2025-12-22,1440.82,1440.82,0
21940,2363,2025-01-22,363.15,363.15,0
21941,2363,2025-02-24,363.15,363.15,0
21942,2363,2025-03-22,363.15,363.15,0
21943,2363,2025-07-18,363.15,338.2,81
21944,2363,2025-05-23,363.15,363.15,0
21945,2363,2025-06-23,363.15,363.15,0
21946,2363,2025-07-25,363.15,363.15,0
21947,2363,2025-08-26,363.15,363.15,0
21948,2363,2025-09-26,363.15,363.15,0
21949,2363,2025-10-26,363.15,363.15,0
21950,2363,2025-11-27,363.15,363.15,0
21951,2363,2025-12-22,363.15,363.15,0
21952,2364,2025-06-25,296.54,296.54,0
21953,2364,2025-07-26,296.54,296.54,0
21954,2364,2025-08-22,296.54,296.54,0
21955,2364,2025-09-26,296.54,296.54,0
21956,2364,2025-10-28,296.54,296.54,0
21957,2364,2025-11-22,296.54,296.54,0
21958,2364,2025-12-25,296.54,296.54,0
21959,2365,2025-05-26,745.16,745.16,0
21960,2365,2025-06-24,745.16,745.16,0
21961,2365,2025-07-28,745.16,745.16,0
21962,2365,2025-08-25,745.16,745.16,0
21963,2365,2025-09-28,745.16,745.16,0
21964,2365,2025-10-26,745.16,745.16,0
21965,2365,2025-11-28,745.16,745.16,0
21966,2365,2025-12-28,745.16,745.16,0
21967,2366,2025-06-22,277.75,277.75,0
21968,2366,2025-07-25,277.75,277.75,0
21969,2366,2025-08-24,277.75,277.75,0
21970,2366,2025-09-28,277.75,277.75,0
21971,2366,2025-10-22,277.75,277.75,0
21972,2366,2025-11-22,277.75,277.75,0
21973,2366,2025-12-23,277.75,277.75,0
21974,2367,2025-01-26,1119.02,1119.02,0
21975,2367,2025-02-24,1119.02,1119.02,0
21976,2367,2025-03-23,1119.02,1119.02,0
21977,2367,2025-04-26,1119.02,1119.02,0
21978,2367,2025-05-24,1119.02,1119.02,0
21979,2367,2025-06-22,1119.02,1119.02,0
21980,2367,2025-12-07,1119.02,179.51,138
21981,2367,2025-08-25,1119.02,1119.02,0
21982,2367,2025-09-27,1119.02,1119.02,0
21983,2367,2025-10-25,1119.02,1119.02,0
21984,2367,2025-11-22,1119.02,1119.02,0
21985,2367,2025-12-24,1119.02,1119.02,0
21986,2368,2025-11-26,508.11,508.11,0
21987,2368,2025-12-26,508.11,508.11,0
21988,2369,2025-11-24,245.36,245.36,0
21989,2369,2025-12-22,245.36,245.36,0
21990,2370,2025-05-26,725.29,725.29,0
21991,2370,2025-06-27,725.29,725.29,0
21992,2370,2025-07-22,725.29,725.29,0
21993,2370,2025-08-26,725.29,725.29,0
21994,2370,2025-09-25,725.29,725.29,0
21995,2370,2025-10-25,725.29,725.29,0
21996,2370,2025-11-27,725.29,725.29,0
21997,2370,2025-12-25,725.29,725.29,0
21998,2371,2025-06-17,61.28,58.71,54
21999,2371,2025-05-26,61.28,61.28,0
22000,2371,2025-06-25,61.28,61.28,0
22001,2371,2025-07-25,61.28,61.28,0
22002,2371,2025-08-22,61.28,61.28,0
22003,2371,2025-09-25,61.28,61.28,0
22004,2371,2025-10-23,61.28,61.28,0
22005,2371,2025-11-22,61.28,61.28,0
22006,2371,2025-12-23,61.28,61.28,0
22007,2372,2025-10-27,419.1,419.1,0
22008,2372,2025-11-22,419.1,419.1,0
22009,2372,2025-12-22,419.1,419.1,0
22010,2373,2024-12-26,132.84,132.84,0
22011,2373,2025-01-26,132.84,132.84,0
22012,2373,2025-02-25,132.84,132.84,0
22013,2373,2025-03-27,132.84,132.84,0
22014,2373,2025-04-27,132.84,132.84,0
22015,2373,2025-05-22,132.84,132.84,0
22016,2373,2025-06-24,132.84,132.84,0
22017,2373,2025-07-24,132.84,132.84,0
22018,2373,2025-08-25,132.84,132.84,0
22019,2373,2025-09-22,132.84,132.84,0
22020,2373,2025-10-27,132.84,132.84,0
22021,2373,2025-11-22,132.84,132.84,0
22022,2373,2025-12-24,132.84,132.84,0
22023,2374,2025-08-10,482.82,437.76,77
22024,2374,2025-06-28,482.82,482.82,0
22025,2374,2025-09-03,482.82,453.6,38
22026,2374,2025-08-27,482.82,482.82,0
22027,2374,2025-09-23,482.82,482.82,0
22028,2374,2026-04-18,482.82,31.04,175
22029,2374,2026-01-19,482.82,389.96,54
22030,2374,2025-12-25,482.82,482.82,0
22031,2375,2024-11-28,645.63,645.63,0
22032,2375,2025-03-11,645.63,591.22,75
22033,2375,2025-04-23,645.63,528.73,85
22034,2375,2025-02-23,645.63,645.63,0
22035,2375,2025-03-22,645.63,645.63,0
22036,2375,2025-04-28,645.63,645.63,0
22037,2375,2025-08-21,645.63,615.03,88
22038,2375,2025-06-22,645.63,645.63,0
22039,2375,2025-07-27,645.63,645.63,0
22040,2375,2025-08-26,645.63,645.63,0
22041,2375,2025-09-22,645.63,645.63,0
22042,2375,2025-10-25,645.63,645.63,0
22043,2375,2025-11-26,645.63,645.63,0
22044,2375,2026-01-29,645.63,558.87,36
22045,2376,2025-05-25,238.52,238.52,0
22046,2376,2025-06-24,238.52,238.52,0
22047,2376,2025-07-23,238.52,238.52,0
22048,2376,2025-08-25,238.52,238.52,0
22049,2376,2025-09-27,238.52,238.52,0
22050,2376,2025-10-28,238.52,238.52,0
22051,2376,2025-11-25,238.52,238.52,0
22052,2376,2025-12-26,238.52,238.52,0
22053,2377,2024-11-22,340.89,340.89,0
22054,2377,2024-12-24,340.89,340.89,0
22055,2377,2025-01-26,340.89,340.89,0
22056,2377,2025-02-26,340.89,340.89,0
22057,2377,2025-03-28,340.89,340.89,0
22058,2377,2025-04-28,340.89,340.89,0
22059,2377,2025-05-28,340.89,340.89,0
22060,2377,2025-06-23,340.89,340.89,0
22061,2377,2025-07-28,340.89,340.89,0
22062,2377,2025-08-24,340.89,340.89,0
22063,2377,2025-09-22,340.89,340.89,0
22064,2377,2025-10-26,340.89,340.89,0
22065,2377,2025-11-26,340.89,340.89,0
22066,2377,2025-12-28,340.89,340.89,0
22067,2379,2025-04-25,413.88,413.88,0
22068,2379,2025-05-28,413.88,413.88,0
22069,2379,2025-06-26,413.88,413.88,0
22070,2379,2025-07-28,413.88,413.88,0
22071,2379,2025-11-13,413.88,374.77,81
22072,2379,2025-09-22,413.88,413.88,0
22073,2379,2025-10-25,413.88,413.88,0
22074,2379,2025-11-24,413.88,413.88,0
22075,2379,2025-12-28,413.88,413.88,0
22076,2380,2024-10-26,502.48,26.39,153
22077,2380,2024-06-26,502.48,502.48,0
22078,2380,2024-07-23,502.48,502.48,0
22079,2380,2024-08-22,502.48,502.48,0
22080,2380,2024-09-28,502.48,502.48,0
22081,2380,2024-10-27,502.48,502.48,0
22082,2380,2024-11-23,502.48,502.48,0
22083,2380,2024-12-27,502.48,502.48,0
22084,2380,2025-01-25,502.48,502.48,0
22085,2380,2025-05-20,502.48,414.38,86
22086,2380,2025-03-24,502.48,502.48,0
22087,2380,2025-04-28,502.48,502.48,0
22088,2380,2025-05-27,502.48,502.48,0
22089,2380,2025-06-28,502.48,502.48,0
22090,2380,2025-07-28,502.48,502.48,0
22091,2380,2025-08-28,502.48,502.48,0
22092,2380,2025-09-27,502.48,502.48,0
22093,2380,2025-10-23,502.48,502.48,0
22094,2380,2025-11-23,502.48,502.48,0
22095,2380,2025-12-24,502.48,502.48,0
22096,2381,2025-05-28,542.2,542.2,0
22097,2381,2025-06-22,542.2,542.2,0
22098,2381,2025-10-15,542.2,509.01,79
22099,2381,2025-08-23,542.2,542.2,0
22100,2381,2025-09-27,542.2,542.2,0
22101,2381,2025-10-27,542.2,542.2,0
22102,2381,2025-11-23,542.2,542.2,0
22103,2381,2025-12-22,542.2,542.2,0
22104,2382,2025-02-26,731.98,731.98,0
22105,2382,2025-03-22,731.98,731.98,0
22106,2382,2025-04-25,731.98,731.98,0
22107,2382,2025-05-27,731.98,731.98,0
22108,2382,2025-06-25,731.98,731.98,0
22109,2382,2025-07-28,731.98,731.98,0
22110,2382,2025-08-26,731.98,731.98,0
22111,2382,2025-09-22,731.98,731.98,0
22112,2382,2025-10-25,731.98,731.98,0
22113,2382,2025-11-24,731.98,731.98,0
22114,2382,2025-12-26,731.98,731.98,0
22115,2383,2025-04-26,681.94,681.94,0
22116,2383,2025-05-22,681.94,681.94,0
22117,2383,2025-06-27,681.94,681.94,0
22118,2383,2025-07-26,681.94,681.94,0
22119,2383,2025-08-24,681.94,681.94,0
22120,2383,2025-09-27,681.94,681.94,0
22121,2383,2025-10-24,681.94,681.94,0
22122,2383,2026-01-10,681.94,191.09,45
22123,2383,2025-12-28,681.94,681.94,0
22124,2384,2024-08-26,237.95,237.95,0
22125,2384,2024-09-27,237.95,237.95,0
22126,2384,2024-10-27,237.95,237.95,0
22127,2384,2024-11-27,237.95,237.95,0
22128,2384,2024-12-26,237.95,237.95,0
22129,2384,2025-01-27,237.95,237.95,0
22130,2384,2025-02-27,237.95,237.95,0
22131,2384,2025-03-24,237.95,237.95,0
22132,2384,2025-04-25,237.95,237.95,0
22133,2384,2025-05-27,237.95,237.95,0
22134,2384,2025-09-10,237.95,234.53,76
22135,2384,2025-07-23,237.95,237.95,0
22136,2384,2025-08-28,237.95,237.95,0
22137,2384,2025-09-27,237.95,237.95,0
22138,2384,2025-10-26,237.95,237.95,0
22139,2384,2025-11-24,237.95,237.95,0
22140,2384,2025-12-22,237.95,237.95,0
22141,2386,2024-05-28,126.33,126.33,0
22142,2386,2024-09-24,126.33,20.88,89
22143,2386,2024-09-15,126.33,108.33,49
22144,2386,2024-08-22,126.33,126.33,0
22145,2386,2024-12-18,126.33,116.39,81
22146,2386,2024-10-25,126.33,126.33,0
22147,2386,2024-11-25,126.33,126.33,0
22148,2386,2024-12-23,126.33,126.33,0
22149,2386,2025-01-23,126.33,126.33,0
22150,2386,2025-04-28,126.33,104.73,61
22151,2386,2025-06-26,126.33,37.04,94
22152,2386,2025-04-23,126.33,126.33,0
22153,2386,2025-05-28,126.33,126.33,0
22154,2386,2025-10-30,126.33,11.48,125
22155,2386,2025-07-22,126.33,126.33,0
22156,2386,2025-08-27,126.33,126.33,0
22157,2386,2025-09-25,126.33,126.33,0
22158,2386,2025-10-26,126.33,126.33,0
22159,2386,2025-11-22,126.33,126.33,0
22160,2386,2025-12-26,126.33,126.33,0
22161,2387,2025-04-26,257.4,257.4,0
22162,2387,2025-06-28,257.4,71.01,34
22163,2387,2025-06-23,257.4,257.4,0
22164,2387,2025-07-27,257.4,257.4,0
22165,2387,2025-08-24,257.4,257.4,0
22166,2387,2025-09-27,257.4,257.4,0
22167,2387,2025-10-26,257.4,257.4,0
22168,2387,2025-11-23,257.4,257.4,0
22169,2387,2025-12-27,257.4,257.4,0
22170,2388,2025-07-24,197.1,197.1,0
22171,2388,2025-08-25,197.1,197.1,0
22172,2388,2026-03-18,197.1,17.65,173
22173,2388,2025-10-22,197.1,197.1,0
22174,2388,2026-01-30,197.1,167.83,69
22175,2388,2025-12-22,197.1,197.1,0
22176,2390,2025-09-27,117.94,117.94,0
22177,2390,2025-10-24,117.94,117.94,0
22178,2390,2025-11-24,117.94,117.94,0
22179,2390,2025-12-23,117.94,117.94,0
22180,2391,2025-06-26,82.5,82.5,0
22181,2391,2025-08-22,82.5,1.43,30
22182,2391,2025-09-01,82.5,79.93,5
22183,2391,2025-09-28,82.5,82.5,0
22184,2391,2025-10-28,82.5,82.5,0
22185,2391,2025-11-26,82.5,82.5,0
22186,2391,2025-12-26,82.5,82.5,0
22187,2392,2024-11-24,423.49,423.49,0
22188,2392,2024-12-22,423.49,423.49,0
22189,2392,2025-01-24,423.49,423.49,0
22190,2392,2025-02-22,423.49,423.49,0
22191,2392,2025-06-09,423.49,352.04,78
22192,2392,2025-06-29,423.49,343.3,62
22193,2392,2025-05-23,423.49,423.49,0
22194,2392,2025-06-24,423.49,423.49,0
22195,2392,2025-07-23,423.49,423.49,0
22196,2392,2025-08-24,423.49,423.49,0
22197,2392,2025-09-26,423.49,423.49,0
22198,2392,2025-10-22,423.49,423.49,0
22199,2392,2026-01-05,423.49,376.21,40
22200,2392,2025-12-24,423.49,423.49,0
22201,2393,2025-10-28,219.51,219.51,0
22202,2393,2025-11-27,219.51,219.51,0
22203,2393,2025-12-25,219.51,219.51,0
22204,2394,2025-03-07,283.17,253.48,41
22205,2394,2025-02-25,283.17,283.17,0
22206,2394,2025-03-25,283.17,283.17,0
22207,2394,2025-06-10,283.17,254.08,44
22208,2394,2025-08-13,283.17,280.25,79
22209,2394,2025-06-27,283.17,283.17,0
22210,2394,2025-07-24,283.17,283.17,0
22211,2394,2025-08-28,283.17,283.17,0
22212,2394,2025-09-28,283.17,283.17,0
22213,2394,2025-10-24,283.17,283.17,0
22214,2394,2025-11-24,283.17,283.17,0
22215,2394,2025-12-24,283.17,283.17,0
22216,2395,2025-04-22,274.15,274.15,0
22217,2395,2025-05-25,274.15,274.15,0
22218,2395,2025-06-28,274.15,274.15,0
22219,2395,2025-07-25,274.15,274.15,0
22220,2395,2025-08-22,274.15,274.15,0
22221,2395,2025-09-25,274.15,274.15,0
22222,2395,2025-10-24,274.15,274.15,0
22223,2395,2025-11-26,274.15,274.15,0
22224,2395,2025-12-23,274.15,274.15,0
22225,2396,2025-12-22,562.11,562.11,0
22226,2398,2025-01-24,297.74,297.74,0
22227,2398,2025-02-25,297.74,297.74,0
22228,2398,2025-03-27,297.74,297.74,0
22229,2398,2025-04-25,297.74,297.74,0
22230,2398,2025-05-24,297.74,297.74,0
22231,2398,2025-06-25,297.74,297.74,0
22232,2398,2025-07-25,297.74,297.74,0
22233,2398,2025-08-24,297.74,297.74,0
22234,2398,2025-09-24,297.74,297.74,0
22235,2398,2025-10-28,297.74,297.74,0
22236,2398,2025-11-26,297.74,297.74,0
22237,2398,2025-12-23,297.74,297.74,0
22238,2399,2025-07-26,474.09,474.09,0
22239,2399,2025-08-23,474.09,474.09,0
22240,2399,2025-09-28,474.09,474.09,0
22241,2399,2025-10-24,474.09,474.09,0
22242,2399,2025-11-27,474.09,474.09,0
22243,2399,2025-12-27,474.09,474.09,0
22244,2400,2025-06-28,363.57,355.53,32
22245,2400,2025-06-26,363.57,363.57,0
22246,2400,2025-07-27,363.57,363.57,0
22247,2400,2025-08-26,363.57,363.57,0
22248,2400,2025-09-23,363.57,363.57,0
22249,2400,2025-12-29,363.57,296.07,65
22250,2400,2025-11-25,363.57,363.57,0
22251,2400,2026-02-06,363.57,299.11,42
22252,2401,2025-09-28,314.69,314.69,0
22253,2401,2025-10-27,314.69,314.69,0
22254,2401,2025-11-26,314.69,314.69,0
22255,2401,2025-12-24,314.69,314.69,0
22256,2403,2025-04-26,272.07,272.07,0
22257,2403,2025-05-23,272.07,272.07,0
22258,2403,2025-06-24,272.07,272.07,0
22259,2403,2025-07-24,272.07,272.07,0
22260,2403,2025-08-28,272.07,272.07,0
22261,2403,2025-10-19,272.07,236.35,26
22262,2403,2025-10-23,272.07,272.07,0
22263,2403,2025-11-24,272.07,272.07,0
22264,2403,2025-12-27,272.07,272.07,0
22265,2404,2025-06-26,634.35,634.35,0
22266,2404,2025-07-24,634.35,634.35,0
22267,2404,2025-08-27,634.35,634.35,0
22268,2404,2025-11-29,634.35,632.81,68
22269,2404,2025-10-28,634.35,634.35,0
22270,2404,2025-11-25,634.35,634.35,0
22271,2404,2025-12-28,634.35,634.35,0
22272,2405,2025-01-23,144.87,144.87,0
22273,2405,2025-02-26,144.87,144.87,0
22274,2405,2025-03-28,144.87,144.87,0
22275,2405,2025-04-25,144.87,144.87,0
22276,2405,2025-05-26,144.87,144.87,0
22277,2405,2025-06-28,144.87,144.87,0
22278,2405,2025-07-24,144.87,144.87,0
22279,2405,2025-08-23,144.87,144.87,0
22280,2405,2025-09-22,144.87,144.87,0
22281,2405,2025-10-23,144.87,144.87,0
22282,2405,2025-11-23,144.87,144.87,0
22283,2405,2025-12-23,144.87,144.87,0
22284,2406,2025-06-24,372.31,372.31,0
22285,2406,2025-07-24,372.31,372.31,0
22286,2406,2025-08-28,372.31,372.31,0
22287,2406,2025-09-25,372.31,372.31,0
22288,2406,2026-03-30,372.31,43.79,159
22289,2406,2025-11-28,372.31,372.31,0
22290,2406,2026-02-15,372.31,355.11,51
22291,2407,2026-03-18,262.82,246.65,82
22292,2408,2025-03-24,1984.18,1984.18,0
22293,2408,2025-04-24,1984.18,1984.18,0
22294,2408,2025-05-26,1984.18,1984.18,0
22295,2408,2025-09-23,1984.18,1921.78,88
22296,2408,2025-07-23,1984.18,1984.18,0
22297,2408,2025-08-28,1984.18,1984.18,0
22298,2408,2026-03-16,1984.18,500.66,170
22299,2408,2025-10-26,1984.18,1984.18,0
22300,2408,2025-11-24,1984.18,1984.18,0
22301,2408,2025-12-23,1984.18,1984.18,0
22302,2409,2025-12-27,550.27,550.27,0
22303,2410,2025-07-22,514.67,514.67,0
22304,2410,2025-08-28,514.67,514.67,0
22305,2410,2025-09-22,514.67,514.67,0
22306,2410,2025-10-28,514.67,514.67,0
22307,2410,2025-11-23,514.67,514.67,0
22308,2410,2025-12-24,514.67,514.67,0
22309,2411,2025-09-25,69.31,69.31,0
22310,2411,2025-10-22,69.31,69.31,0
22311,2411,2025-11-26,69.31,69.31,0
22312,2411,2025-12-24,69.31,69.31,0
22313,2412,2025-05-23,120.0,120.0,0
22314,2412,2025-06-22,120.0,120.0,0
22315,2412,2025-07-27,120.0,120.0,0
22316,2412,2025-11-13,120.0,105.2,83
22317,2412,2025-09-23,120.0,120.0,0
22318,2412,2025-10-27,120.0,120.0,0
22319,2412,2025-11-27,120.0,120.0,0
22320,2412,2025-12-26,120.0,120.0,0
22321,2413,2025-08-22,122.55,122.55,0
22322,2413,2025-09-27,122.55,122.55,0
22323,2413,2025-10-26,122.55,122.55,0
22324,2413,2025-11-27,122.55,122.55,0
22325,2413,2025-12-26,122.55,122.55,0
22326,2414,2024-01-22,319.1,319.1,0
22327,2414,2024-02-24,319.1,319.1,0
22328,2414,2024-03-24,319.1,319.1,0
22329,2414,2024-04-27,319.1,319.1,0
22330,2414,2024-05-23,319.1,319.1,0
22331,2414,2024-06-25,319.1,319.1,0
22332,2414,2024-07-22,319.1,319.1,0
22333,2414,2024-11-08,319.1,256.74,78
22334,2414,2024-09-27,319.1,319.1,0
22335,2414,2024-10-22,319.1,319.1,0
22336,2414,2024-11-25,319.1,319.1,0
22337,2414,2024-12-26,319.1,319.1,0
22338,2414,2025-03-12,319.1,119.89,46
22339,2414,2025-02-23,319.1,319.1,0
22340,2414,2025-03-28,319.1,319.1,0
22341,2414,2025-04-23,319.1,319.1,0
22342,2414,2025-05-24,319.1,319.1,0
22343,2414,2025-06-22,319.1,319.1,0
22344,2414,2025-07-25,319.1,319.1,0
22345,2414,2025-08-27,319.1,319.1,0
22346,2414,2025-09-28,319.1,319.1,0
22347,2414,2025-10-24,319.1,319.1,0
22348,2414,2025-11-26,319.1,319.1,0
22349,2414,2025-12-23,319.1,319.1,0
22350,2415,2025-11-24,310.7,310.7,0
22351,2415,2025-12-27,310.7,310.7,0
22352,2416,2025-02-24,252.96,252.96,0
22353,2416,2025-03-22,252.96,252.96,0
22354,2416,2025-05-16,252.96,247.55,20
22355,2416,2025-05-27,252.96,252.96,0
22356,2416,2025-06-26,252.96,252.96,0
22357,2416,2025-07-26,252.96,252.96,0
22358,2416,2025-08-22,252.96,252.96,0
22359,2416,2025-09-24,252.96,252.96,0
22360,2416,2025-10-26,252.96,252.96,0
22361,2416,2025-11-23,252.96,252.96,0
22362,2416,2025-12-24,252.96,252.96,0
22363,2417,2024-11-24,681.59,681.59,0
22364,2417,2024-12-25,681.59,681.59,0
22365,2417,2025-01-26,681.59,681.59,0
22366,2417,2025-03-19,681.59,588.97,24
22367,2417,2025-03-25,681.59,681.59,0
22368,2417,2025-04-27,681.59,681.59,0
22369,2417,2025-07-19,681.59,667.85,53
22370,2417,2025-06-28,681.59,681.59,0
22371,2417,2025-07-25,681.59,681.59,0
22372,2417,2025-08-27,681.59,681.59,0
22373,2417,2025-09-23,681.59,681.59,0
22374,2417,2025-10-23,681.59,681.59,0
22375,2417,2025-11-25,681.59,681.59,0
22376,2417,2025-12-22,681.59,681.59,0
22377,2418,2024-11-14,224.76,194.22,84
22378,2418,2024-09-26,224.76,224.76,0
22379,2418,2024-10-28,224.76,224.76,0
22380,2418,2025-04-28,224.76,30.05,155
22381,2418,2024-12-22,224.76,224.76,0
22382,2418,2025-01-26,224.76,224.76,0
22383,2418,2025-02-26,224.76,224.76,0
22384,2418,2025-04-22,224.76,197.76,30
22385,2418,2025-04-27,224.76,224.76,0
22386,2418,2025-08-07,224.76,203.14,73
22387,2418,2025-06-28,224.76,224.76,0
22388,2418,2025-07-22,224.76,224.76,0
22389,2418,2025-08-28,224.76,224.76,0
22390,2418,2025-09-22,224.76,224.76,0
22391,2418,2025-10-22,224.76,224.76,0
22392,2418,2025-11-26,224.76,224.76,0
22393,2418,2025-12-22,224.76,224.76,0
22394,2419,2024-11-22,115.63,115.63,0
22395,2419,2024-12-25,115.63,115.63,0
22396,2419,2025-01-22,115.63,115.63,0
22397,2419,2025-02-22,115.63,115.63,0
22398,2419,2025-03-26,115.63,115.63,0
22399,2419,2025-04-24,115.63,115.63,0
22400,2419,2025-05-28,115.63,115.63,0
22401,2419,2025-06-23,115.63,115.63,0
22402,2419,2025-07-25,115.63,115.63,0
22403,2419,2025-08-23,115.63,115.63,0
22404,2419,2025-09-27,115.63,115.63,0
22405,2419,2025-10-28,115.63,115.63,0
22406,2419,2025-11-27,115.63,115.63,0
22407,2419,2025-12-25,115.63,115.63,0
22408,2420,2024-11-27,1742.16,1742.16,0
22409,2420,2024-12-24,1742.16,1742.16,0
22410,2420,2025-01-22,1742.16,1742.16,0
22411,2420,2025-02-23,1742.16,1742.16,0
22412,2420,2025-03-27,1742.16,1742.16,0
22413,2420,2025-04-23,1742.16,1742.16,0
22414,2420,2025-05-28,1742.16,1742.16,0
22415,2420,2025-06-27,1742.16,1742.16,0
22416,2420,2025-07-24,1742.16,1742.16,0
22417,2420,2025-08-27,1742.16,1742.16,0
22418,2420,2025-09-22,1742.16,1742.16,0
22419,2420,2025-10-23,1742.16,1742.16,0
22420,2420,2026-05-22,1742.16,661.77,178
22421,2420,2025-12-25,1742.16,1742.16,0
22422,2421,2024-01-27,449.31,449.31,0
22423,2421,2024-02-26,449.31,449.31,0
22424,2421,2024-03-27,449.31,449.31,0
22425,2421,2024-05-15,449.31,411.28,18
22426,2421,2024-05-23,449.31,449.31,0
22427,2421,2024-06-27,449.31,449.31,0
22428,2421,2024-07-23,449.31,449.31,0
22429,2421,2024-08-26,449.31,449.31,0
22430,2421,2024-09-27,449.31,449.31,0
22431,2421,2024-10-27,449.31,449.31,0
22432,2421,2024-11-27,449.31,449.31,0
22433,2421,2024-12-23,449.31,449.31,0
22434,2421,2025-01-22,449.31,449.31,0
22435,2421,2025-02-26,449.31,449.31,0
22436,2421,2025-03-23,449.31,449.31,0
22437,2421,2025-04-25,449.31,449.31,0
22438,2421,2025-05-23,449.31,449.31,0
22439,2421,2025-06-28,449.31,449.31,0
22440,2421,2025-07-25,449.31,449.31,0
22441,2421,2025-08-25,449.31,449.31,0
22442,2421,2025-09-22,449.31,449.31,0
22443,2421,2025-10-26,449.31,449.31,0
22444,2421,2025-11-23,449.31,449.31,0
22445,2421,2025-12-22,449.31,449.31,0
22446,2422,2025-01-25,1164.68,1164.68,0
22447,2422,2025-02-27,1164.68,1164.68,0
22448,2422,2025-03-25,1164.68,1164.68,0
22449,2422,2025-04-26,1164.68,1164.68,0
22450,2422,2025-05-22,1164.68,1164.68,0
22451,2422,2025-06-28,1164.68,1164.68,0
22452,2422,2025-07-25,1164.68,1164.68,0
22453,2422,2025-08-22,1164.68,1164.68,0
22454,2422,2025-09-22,1164.68,1164.68,0
22455,2422,2025-10-24,1164.68,1164.68,0
22456,2422,2025-11-23,1164.68,1164.68,0
22457,2422,2025-12-24,1164.68,1164.68,0
22458,2423,2026-01-10,249.98,41.7,43
22459,2423,2025-12-28,249.98,249.98,0
22460,2424,2025-05-26,792.02,792.02,0
22461,2424,2025-06-23,792.02,792.02,0
22462,2424,2025-07-26,792.02,792.02,0
22463,2424,2025-08-22,792.02,792.02,0
22464,2424,2025-09-28,792.02,792.02,0
22465,2424,2025-10-28,792.02,792.02,0
22466,2424,2025-11-26,792.02,792.02,0
22467,2424,2025-12-24,792.02,792.02,0
22468,2425,2024-06-26,441.86,441.86,0
22469,2425,2024-07-27,441.86,441.86,0
22470,2425,2024-08-22,441.86,441.86,0
22471,2425,2024-09-24,441.86,441.86,0
22472,2425,2024-10-23,441.86,441.86,0
22473,2425,2024-11-24,441.86,441.86,0
22474,2425,2024-12-27,441.86,441.86,0
22475,2425,2025-01-26,441.86,441.86,0
22476,2425,2025-02-26,441.86,441.86,0
22477,2425,2025-03-27,441.86,441.86,0
22478,2425,2025-04-23,441.86,441.86,0
22479,2425,2025-06-23,441.86,383.75,30
22480,2425,2025-06-22,441.86,441.86,0
22481,2425,2025-07-28,441.86,441.86,0
22482,2425,2025-08-23,441.86,441.86,0
22483,2425,2025-09-27,441.86,441.86,0
22484,2425,2025-10-26,441.86,441.86,0
22485,2425,2025-11-25,441.86,441.86,0
22486,2425,2025-12-23,441.86,441.86,0
22487,2426,2024-10-25,264.47,264.47,0
22488,2426,2024-11-25,264.47,264.47,0
22489,2426,2024-12-26,264.47,264.47,0
22490,2426,2025-01-24,264.47,264.47,0
22491,2426,2025-02-26,264.47,264.47,0
22492,2426,2025-03-22,264.47,264.47,0
22493,2426,2025-04-23,264.47,264.47,0
22494,2426,2025-05-27,264.47,264.47,0
22495,2426,2025-06-22,264.47,264.47,0
22496,2426,2025-07-26,264.47,264.47,0
22497,2426,2025-08-24,264.47,264.47,0
22498,2426,2025-09-22,264.47,264.47,0
22499,2426,2025-10-25,264.47,264.47,0
22500,2426,2025-11-23,264.47,264.47,0
22501,2426,2026-01-10,264.47,220.42,16
22502,2427,2025-06-27,443.72,443.72,0
22503,2427,2025-07-22,443.72,443.72,0
22504,2427,2025-08-28,443.72,443.72,0
22505,2427,2025-09-27,443.72,443.72,0
22506,2427,2025-10-26,443.72,443.72,0
22507,2427,2025-11-26,443.72,443.72,0
22508,2427,2025-12-25,443.72,443.72,0
22509,2428,2024-04-23,179.26,179.26,0
22510,2428,2024-05-28,179.26,179.26,0
22511,2428,2024-06-26,179.26,179.26,0
22512,2428,2024-09-20,179.26,31.5,60
22513,2428,2025-01-21,179.26,16.75,149
22514,2428,2024-09-23,179.26,179.26,0
22515,2428,2024-10-28,179.26,179.26,0
22516,2428,2024-11-25,179.26,179.26,0
22517,2428,2024-12-22,179.26,179.26,0
22518,2428,2025-01-24,179.26,179.26,0
22519,2428,2025-02-25,179.26,179.26,0
22520,2428,2025-03-25,179.26,179.26,0
22521,2428,2025-04-28,179.26,179.26,0
22522,2428,2025-05-26,179.26,179.26,0
22523,2428,2025-06-28,179.26,179.26,0
22524,2428,2025-09-17,179.26,155.38,52
22525,2428,2025-08-27,179.26,179.26,0
22526,2428,2025-09-23,179.26,179.26,0
22527,2428,2025-10-25,179.26,179.26,0
22528,2428,2025-11-22,179.26,179.26,0
22529,2428,2025-12-28,179.26,179.26,0
22530,2429,2025-02-25,147.22,147.22,0
22531,2429,2025-03-22,147.22,147.22,0
22532,2429,2025-04-24,147.22,147.22,0
22533,2429,2025-05-24,147.22,147.22,0
22534,2429,2025-06-25,147.22,147.22,0
22535,2429,2025-07-22,147.22,147.22,0
22536,2429,2025-08-25,147.22,147.22,0
22537,2429,2025-09-22,147.22,147.22,0
22538,2429,2025-10-24,147.22,147.22,0
22539,2429,2025-11-23,147.22,147.22,0
22540,2429,2025-12-27,147.22,147.22,0
22541,2430,2025-06-25,73.3,73.3,0
22542,2430,2025-08-03,73.3,64.85,7
22543,2430,2025-08-25,73.3,73.3,0
22544,2430,2025-09-24,73.3,73.3,0
22545,2430,2025-10-23,73.3,73.3,0
22546,2430,2025-11-25,73.3,73.3,0
22547,2430,2025-12-27,73.3,73.3,0
22548,2431,2025-12-29,143.9,131.69,64
22549,2431,2025-11-28,143.9,143.9,0
22550,2431,2025-12-23,143.9,143.9,0
22551,2432,2025-07-24,322.49,322.49,0
22552,2432,2025-08-22,322.49,322.49,0
22553,2432,2025-09-28,322.49,322.49,0
22554,2432,2025-10-27,322.49,322.49,0
22555,2432,2025-11-23,322.49,322.49,0
22556,2432,2025-12-28,322.49,322.49,0
22557,2433,2024-05-26,305.62,305.62,0
22558,2433,2024-06-26,305.62,305.62,0
22559,2433,2024-11-24,305.62,42.76,119
22560,2433,2024-08-24,305.62,305.62,0
22561,2433,2024-09-27,305.62,305.62,0
22562,2433,2024-10-27,305.62,305.62,0
22563,2433,2024-12-20,305.62,293.71,28
22564,2433,2024-12-24,305.62,305.62,0
22565,2433,2025-01-28,305.62,305.62,0
22566,2433,2025-02-22,305.62,305.62,0
22567,2433,2025-03-22,305.62,305.62,0
22568,2433,2025-04-27,305.62,305.62,0
22569,2433,2025-05-22,305.62,305.62,0
22570,2434,2024-09-25,363.07,363.07,0
22571,2434,2024-10-24,363.07,363.07,0
22572,2434,2024-11-23,363.07,363.07,0
22573,2434,2024-12-26,363.07,363.07,0
22574,2434,2025-01-24,363.07,363.07,0
22575,2434,2025-02-23,363.07,363.07,0
22576,2434,2025-03-24,363.07,363.07,0
22577,2434,2025-04-27,363.07,363.07,0
22578,2434,2025-05-28,363.07,363.07,0
22579,2434,2025-06-23,363.07,363.07,0
22580,2434,2025-07-27,363.07,363.07,0
22581,2434,2025-08-25,363.07,363.07,0
22582,2434,2025-09-25,363.07,363.07,0
22583,2434,2025-10-27,363.07,363.07,0
22584,2434,2025-11-22,363.07,363.07,0
22585,2434,2025-12-28,363.07,363.07,0
22586,2435,2025-02-22,236.18,236.18,0
22587,2435,2025-03-24,236.18,236.18,0
22588,2435,2025-04-22,236.18,236.18,0
22589,2435,2025-09-25,236.18,38.95,123
22590,2435,2025-06-26,236.18,236.18,0
22591,2435,2025-07-24,236.18,236.18,0
22592,2435,2025-08-23,236.18,236.18,0
22593,2435,2025-09-24,236.18,236.18,0
22594,2435,2025-10-27,236.18,236.18,0
22595,2435,2026-02-13,236.18,221.61,80
22596,2435,2026-03-04,236.18,196.62,66
22597,2436,2025-05-26,539.08,539.08,0
22598,2436,2025-06-23,539.08,539.08,0
22599,2436,2025-07-27,539.08,539.08,0
22600,2436,2025-08-26,539.08,539.08,0
22601,2436,2025-10-14,539.08,509.35,17
22602,2436,2025-10-27,539.08,539.08,0
22603,2436,2025-11-22,539.08,539.08,0
22604,2436,2025-12-28,539.08,539.08,0
22605,2437,2025-05-28,572.98,572.98,0
22606,2437,2025-06-24,572.98,572.98,0
22607,2437,2025-07-27,572.98,572.98,0
22608,2437,2025-09-24,572.98,464.91,27
22609,2437,2025-09-22,572.98,572.98,0
22610,2437,2025-10-23,572.98,572.98,0
22611,2437,2026-02-13,572.98,565.8,83
22612,2437,2026-05-26,572.98,81.65,151
22613,2438,2025-04-26,484.7,484.7,0
22614,2438,2025-05-25,484.7,484.7,0
22615,2438,2025-06-24,484.7,484.7,0
22616,2438,2025-07-22,484.7,484.7,0
22617,2438,2025-08-26,484.7,484.7,0
22618,2438,2025-09-24,484.7,484.7,0
22619,2438,2025-10-23,484.7,484.7,0
22620,2438,2025-11-24,484.7,484.7,0
22621,2438,2025-12-25,484.7,484.7,0
22622,2439,2025-04-23,706.51,706.51,0
22623,2439,2025-05-27,706.51,706.51,0
22624,2439,2025-06-22,706.51,706.51,0
22625,2439,2025-07-25,706.51,706.51,0
22626,2439,2025-08-26,706.51,706.51,0
22627,2439,2025-11-15,706.51,651.0,49
22628,2439,2025-10-27,706.51,706.51,0
22629,2439,2025-11-22,706.51,706.51,0
22630,2439,2025-12-27,706.51,706.51,0
22631,2441,2025-07-21,630.5,627.89,89
22632,2441,2025-05-22,630.5,630.5,0
22633,2441,2025-06-27,630.5,630.5,0
22634,2441,2025-07-28,630.5,630.5,0
22635,2441,2025-08-24,630.5,630.5,0
22636,2441,2025-09-28,630.5,630.5,0
22637,2441,2025-10-27,630.5,630.5,0
22638,2441,2025-11-27,630.5,630.5,0
22639,2441,2025-12-26,630.5,630.5,0
22640,2442,2025-02-26,541.94,541.94,0
22641,2442,2025-03-29,541.94,501.2,4
22642,2442,2025-05-02,541.94,488.68,7
22643,2442,2025-05-28,541.94,541.94,0
22644,2442,2025-06-26,541.94,541.94,0
22645,2442,2025-07-22,541.94,541.94,0
22646,2442,2025-08-22,541.94,541.94,0
22647,2442,2025-09-28,541.94,541.94,0
22648,2442,2025-10-22,541.94,541.94,0
22649,2442,2025-11-26,541.94,541.94,0
22650,2442,2025-12-22,541.94,541.94,0
22651,2444,2024-05-22,1764.96,1764.96,0
22652,2444,2024-06-27,1764.96,1764.96,0
22653,2444,2024-07-26,1764.96,1764.96,0
22654,2444,2024-08-22,1764.96,1764.96,0
22655,2444,2024-09-27,1764.96,1764.96,0
22656,2444,2024-10-26,1764.96,1764.96,0
22657,2444,2024-11-23,1764.96,1764.96,0
22658,2444,2024-12-25,1764.96,1764.96,0
22659,2444,2025-01-23,1764.96,1764.96,0
22660,2444,2025-02-27,1764.96,1764.96,0
22661,2444,2025-03-25,1764.96,1764.96,0
22662,2444,2025-04-24,1764.96,1764.96,0
22663,2444,2025-05-28,1764.96,1764.96,0
22664,2444,2025-06-27,1764.96,1764.96,0
22665,2444,2025-07-27,1764.96,1764.96,0
22666,2444,2025-08-25,1764.96,1764.96,0
22667,2444,2025-09-22,1764.96,1764.96,0
22668,2444,2025-10-26,1764.96,1764.96,0
22669,2444,2025-11-23,1764.96,1764.96,0
22670,2444,2025-12-22,1764.96,1764.96,0
22671,2446,2024-10-28,284.23,284.23,0
22672,2446,2025-02-10,284.23,253.65,77
22673,2446,2025-03-12,284.23,0.68,80
22674,2446,2025-01-26,284.23,284.23,0
22675,2446,2025-02-28,284.23,284.23,0
22676,2446,2025-03-23,284.23,284.23,0
22677,2446,2025-07-19,284.23,249.57,88
22678,2446,2025-05-26,284.23,284.23,0
22679,2446,2025-06-28,284.23,284.23,0
22680,2446,2025-07-26,284.23,284.23,0
22681,2446,2025-08-22,284.23,284.23,0
22682,2446,2025-09-28,284.23,284.23,0
22683,2446,2025-10-23,284.23,284.23,0
22684,2446,2025-11-24,284.23,284.23,0
22685,2446,2025-12-26,284.23,284.23,0
22686,2447,2025-03-26,160.47,160.47,0
22687,2447,2025-04-22,160.47,160.47,0
22688,2447,2025-05-27,160.47,160.47,0
22689,2447,2025-06-24,160.47,160.47,0
22690,2447,2025-07-23,160.47,160.47,0
22691,2447,2025-08-22,160.47,160.47,0
22692,2447,2025-09-28,160.47,160.47,0
22693,2447,2025-10-26,160.47,160.47,0
22694,2447,2025-11-26,160.47,160.47,0
22695,2447,2025-12-26,160.47,160.47,0
22696,2448,2024-11-27,165.48,165.48,0
22697,2448,2025-05-30,165.48,52.3,156
22698,2448,2025-01-27,165.48,165.48,0
22699,2448,2025-02-24,165.48,165.48,0
22700,2448,2025-03-23,165.48,165.48,0
22701,2448,2025-04-22,165.48,165.48,0
22702,2448,2025-05-25,165.48,165.48,0
22703,2448,2025-06-29,165.48,159.78,2
22704,2448,2025-07-25,165.48,165.48,0
22705,2448,2025-08-27,165.48,165.48,0
22706,2448,2025-09-27,165.48,165.48,0
22707,2448,2025-10-27,165.48,165.48,0
22708,2448,2025-11-23,165.48,165.48,0
22709,2448,2025-12-22,165.48,165.48,0
22710,2449,2024-08-23,393.77,393.77,0
22711,2449,2024-11-28,393.77,324.02,63
22712,2449,2024-10-28,393.77,372.57,2
22713,2449,2024-11-23,393.77,393.77,0
22714,2449,2024-12-28,393.77,393.77,0
22715,2449,2025-01-22,393.77,393.77,0
22716,2449,2025-07-06,393.77,111.87,132
22717,2449,2025-03-28,393.77,393.77,0
22718,2449,2025-04-28,393.77,393.77,0
22719,2449,2025-05-23,393.77,393.77,0
22720,2449,2025-08-16,393.77,38.9,55
22721,2449,2025-07-25,393.77,393.77,0
22722,2449,2025-10-01,393.77,365.68,40
22723,2450,2025-06-25,227.83,227.83,0
22724,2450,2025-07-27,227.83,227.83,0
22725,2450,2025-10-11,227.83,201.87,50
22726,2450,2025-09-24,227.83,227.83,0
22727,2450,2025-10-24,227.83,227.83,0
22728,2450,2025-11-25,227.83,227.83,0
22729,2450,2026-03-21,227.83,214.12,83
22730,2452,2025-09-24,286.98,286.98,0
22731,2452,2025-10-26,286.98,286.98,0
22732,2452,2025-11-22,286.98,286.98,0
22733,2452,2025-12-26,286.98,286.98,0
22734,2453,2025-06-24,1340.9,1340.9,0
22735,2453,2025-07-24,1340.9,1340.9,0
22736,2453,2025-08-22,1340.9,1340.9,0
22737,2453,2025-09-25,1340.9,1340.9,0
22738,2453,2025-10-24,1340.9,1340.9,0
22739,2453,2025-11-23,1340.9,1340.9,0
22740,2453,2026-05-05,1340.9,73.75,130
22741,2454,2024-04-24,2749.02,2749.02,0
22742,2454,2024-05-25,2749.02,2749.02,0
22743,2454,2024-06-24,2749.02,2749.02,0
22744,2454,2024-07-25,2749.02,2749.02,0
22745,2454,2024-08-25,2749.02,2749.02,0
22746,2454,2024-09-22,2749.02,2749.02,0
22747,2454,2024-10-26,2749.02,2749.02,0
22748,2454,2024-11-22,2749.02,2749.02,0
22749,2454,2024-12-25,2749.02,2749.02,0
22750,2454,2025-01-23,2749.02,2749.02,0
22751,2454,2025-02-27,2749.02,2749.02,0
22752,2454,2025-03-23,2749.02,2749.02,0
22753,2454,2025-04-22,2749.02,2749.02,0
22754,2454,2025-05-23,2749.02,2749.02,0
22755,2454,2025-06-25,2749.02,2749.02,0
22756,2454,2025-07-25,2749.02,2749.02,0
22757,2454,2025-08-27,2749.02,2749.02,0
22758,2454,2025-09-23,2749.02,2749.02,0
22759,2454,2025-10-22,2749.02,2749.02,0
22760,2454,2025-11-23,2749.02,2749.02,0
22761,2454,2025-12-28,2749.02,2749.02,0
22762,2455,2025-08-08,183.79,176.69,43
22763,2455,2025-07-24,183.79,183.79,0
22764,2455,2025-08-25,183.79,183.79,0
22765,2455,2025-09-25,183.79,183.79,0
22766,2455,2026-01-15,183.79,180.73,82
22767,2455,2025-11-22,183.79,183.79,0
22768,2455,2025-12-25,183.79,183.79,0
22769,2456,2024-11-27,283.55,283.55,0
22770,2456,2024-12-24,283.55,283.55,0
22771,2456,2025-01-27,283.55,283.55,0
22772,2456,2025-02-28,283.55,283.55,0
22773,2456,2025-03-27,283.55,283.55,0
22774,2456,2025-04-28,283.55,283.55,0
22775,2456,2025-05-28,283.55,283.55,0
22776,2456,2025-06-22,283.55,283.55,0
22777,2456,2025-10-13,283.55,20.2,80
22778,2456,2025-08-23,283.55,283.55,0
22779,2456,2025-09-24,283.55,283.55,0
22780,2456,2025-10-23,283.55,283.55,0
22781,2456,2025-11-28,283.55,283.55,0
22782,2456,2025-12-26,283.55,283.55,0
22783,2457,2024-01-22,927.21,927.21,0
22784,2457,2024-02-24,927.21,927.21,0
22785,2457,2024-03-28,927.21,927.21,0
22786,2457,2024-04-28,927.21,927.21,0
22787,2457,2024-05-28,927.21,927.21,0
22788,2457,2024-06-24,927.21,927.21,0
22789,2457,2024-07-24,927.21,927.21,0
22790,2457,2024-08-26,927.21,927.21,0
22791,2458,2024-12-26,1786.52,1786.52,0
22792,2458,2025-01-24,1786.52,1786.52,0
22793,2458,2025-02-28,1786.52,1786.52,0
22794,2458,2025-03-23,1786.52,1786.52,0
22795,2458,2025-04-26,1786.52,1786.52,0
22796,2458,2025-05-27,1786.52,1786.52,0
22797,2458,2025-06-26,1786.52,1786.52,0
22798,2458,2025-07-24,1786.52,1786.52,0
22799,2458,2025-08-23,1786.52,1786.52,0
22800,2458,2025-10-31,1786.52,39.14,36
22801,2458,2025-10-26,1786.52,1786.52,0
22802,2458,2025-11-24,1786.52,1786.52,0
22803,2458,2025-12-27,1786.52,1786.52,0
22804,2459,2024-11-27,328.34,328.34,0
22805,2459,2024-12-28,328.34,328.34,0
22806,2459,2025-01-25,328.34,328.34,0
22807,2459,2025-02-26,328.34,328.34,0
22808,2459,2025-03-28,328.34,328.34,0
22809,2459,2025-04-22,328.34,328.34,0
22810,2459,2025-05-22,328.34,328.34,0
22811,2459,2025-06-24,328.34,328.34,0
22812,2459,2025-08-15,328.34,327.03,19
22813,2459,2025-08-24,328.34,328.34,0
22814,2459,2025-09-22,328.34,328.34,0
22815,2459,2025-10-24,328.34,328.34,0
22816,2459,2025-11-26,328.34,328.34,0
22817,2459,2025-12-26,328.34,328.34,0
22818,2460,2025-06-25,242.31,242.31,0
22819,2460,2025-07-28,242.31,242.31,0
22820,2460,2025-08-22,242.31,242.31,0
22821,2460,2025-11-01,242.31,7.61,37
22822,2460,2025-10-24,242.31,242.31,0
22823,2460,2025-11-23,242.31,242.31,0
22824,2460,2025-12-24,242.31,242.31,0
22825,2461,2025-05-25,981.32,981.32,0
22826,2461,2025-06-25,981.32,981.32,0
22827,2461,2025-07-28,981.32,981.32,0
22828,2461,2025-08-25,981.32,981.32,0
22829,2461,2025-09-28,981.32,981.32,0
22830,2461,2025-10-22,981.32,981.32,0
22831,2461,2025-11-23,981.32,981.32,0
22832,2461,2025-12-24,981.32,981.32,0
22833,2462,2025-02-24,356.91,356.91,0
22834,2462,2025-03-24,356.91,356.91,0
22835,2462,2025-04-28,356.91,356.91,0
22836,2462,2025-05-25,356.91,356.91,0
22837,2462,2025-06-23,356.91,299.52,1
22838,2462,2025-07-24,356.91,356.91,0
22839,2462,2025-08-24,356.91,356.91,0
22840,2462,2025-09-28,356.91,356.91,0
22841,2462,2025-10-23,356.91,356.91,0
22842,2462,2025-11-24,356.91,356.91,0
22843,2462,2025-12-25,356.91,356.91,0
22844,2463,2025-02-24,117.23,117.23,0
22845,2463,2025-03-26,117.23,117.23,0
22846,2463,2025-04-22,117.23,117.23,0
22847,2463,2025-05-25,117.23,117.23,0
22848,2463,2025-06-25,117.23,117.23,0
22849,2463,2025-09-24,117.23,102.65,58
22850,2463,2025-11-13,117.23,108.44,79
22851,2463,2025-09-24,117.23,117.23,0
22852,2463,2025-10-22,117.23,117.23,0
22853,2463,2025-11-24,117.23,117.23,0
22854,2463,2025-12-28,117.23,117.23,0
22855,2464,2025-09-20,211.69,81.14,89
22856,2464,2025-07-28,211.69,211.69,0
22857,2464,2025-08-26,211.69,211.69,0
22858,2464,2026-01-07,211.69,34.76,107
22859,2464,2025-11-20,211.69,193.47,28
22860,2464,2025-11-23,211.69,211.69,0
22861,2464,2026-03-05,211.69,198.7,72
22862,2465,2025-03-23,285.0,285.0,0
22863,2465,2025-04-26,285.0,285.0,0
22864,2465,2025-05-23,285.0,285.0,0
22865,2465,2025-06-25,285.0,285.0,0
22866,2465,2025-07-22,285.0,285.0,0
22867,2465,2025-08-23,285.0,285.0,0
22868,2465,2025-12-18,285.0,278.79,83
22869,2465,2026-02-23,285.0,71.44,124
22870,2465,2025-11-27,285.0,285.0,0
22871,2465,2025-12-22,285.0,285.0,0
22872,2466,2024-08-26,855.91,855.91,0
22873,2466,2024-09-23,855.91,855.91,0
22874,2466,2024-10-23,855.91,855.91,0
22875,2466,2024-11-23,855.91,855.91,0
22876,2466,2024-12-22,855.91,855.91,0
22877,2466,2025-05-06,855.91,252.16,103
22878,2466,2025-02-24,855.91,855.91,0
22879,2466,2025-03-25,855.91,855.91,0
22880,2466,2025-04-26,855.91,855.91,0
22881,2466,2025-05-26,855.91,855.91,0
22882,2466,2025-06-23,855.91,855.91,0
22883,2466,2025-07-28,855.91,855.91,0
22884,2466,2025-08-25,855.91,855.91,0
22885,2466,2025-09-25,855.91,855.91,0
22886,2466,2025-10-24,855.91,855.91,0
22887,2466,2025-11-25,855.91,855.91,0
22888,2466,2025-12-24,855.91,855.91,0
22889,2467,2025-05-23,645.94,645.94,0
22890,2467,2025-06-24,645.94,645.94,0
22891,2467,2025-07-28,645.94,645.94,0
22892,2467,2025-08-24,645.94,645.94,0
22893,2467,2025-10-13,645.94,616.05,16
22894,2467,2025-10-26,645.94,645.94,0
22895,2467,2026-05-15,645.94,39.7,169
22896,2467,2025-12-26,645.94,645.94,0
22897,2468,2025-07-23,352.8,352.8,0
22898,2468,2025-08-23,352.8,352.8,0
22899,2468,2025-09-25,352.8,352.8,0
22900,2468,2025-10-25,352.8,352.8,0
22901,2468,2025-11-27,352.8,352.8,0
22902,2468,2025-12-24,352.8,352.8,0
22903,2469,2025-02-23,225.3,225.3,0
22904,2469,2025-04-22,225.3,183.49,26
22905,2469,2025-04-27,225.3,225.3,0
22906,2469,2025-05-24,225.3,225.3,0
22907,2469,2025-09-28,225.3,28.32,98
22908,2469,2025-08-01,225.3,197.19,10
22909,2469,2025-08-27,225.3,225.3,0
22910,2469,2025-09-24,225.3,225.3,0
22911,2469,2025-10-24,225.3,225.3,0
22912,2469,2026-02-16,225.3,205.9,85
22913,2469,2025-12-22,225.3,225.3,0
22914,2470,2025-07-24,240.48,240.48,0
22915,2470,2025-08-23,240.48,240.48,0
22916,2470,2025-09-24,240.48,240.48,0
22917,2470,2025-10-28,240.48,240.48,0
22918,2470,2025-11-24,240.48,240.48,0
22919,2470,2025-12-28,240.48,240.48,0
22920,2471,2025-04-27,207.05,207.05,0
22921,2471,2025-07-29,207.05,192.74,68
22922,2471,2025-06-23,207.05,207.05,0
22923,2471,2025-07-27,207.05,207.05,0
22924,2471,2026-02-14,207.05,6.29,172
22925,2471,2025-11-08,207.05,171.39,44
22926,2471,2025-10-25,207.05,207.05,0
22927,2471,2025-11-24,207.05,207.05,0
22928,2471,2025-12-22,207.05,207.05,0
22929,2472,2024-12-26,1331.29,1331.29,0
22930,2472,2025-01-28,1331.29,1331.29,0
22931,2472,2025-02-27,1331.29,1331.29,0
22932,2472,2025-03-24,1331.29,1331.29,0
22933,2472,2025-04-22,1331.29,1331.29,0
22934,2472,2025-05-26,1331.29,1331.29,0
22935,2472,2025-06-24,1331.29,1331.29,0
22936,2472,2025-07-27,1331.29,1331.29,0
22937,2472,2025-08-27,1331.29,1331.29,0
22938,2472,2025-09-26,1331.29,1331.29,0
22939,2472,2025-10-28,1331.29,1331.29,0
22940,2472,2025-11-26,1331.29,1331.29,0
22941,2472,2025-12-24,1331.29,1331.29,0
22942,2473,2025-07-23,188.1,188.1,0
22943,2473,2025-08-25,188.1,188.1,0
22944,2473,2025-09-26,188.1,188.1,0
22945,2473,2025-10-24,188.1,188.1,0
22946,2473,2025-11-28,188.1,188.1,0
22947,2473,2025-12-25,188.1,188.1,0
22948,2474,2024-12-27,166.18,166.18,0
22949,2474,2025-01-27,166.18,166.18,0
22950,2474,2025-02-24,166.18,166.18,0
22951,2474,2025-03-27,166.18,166.18,0
22952,2474,2025-04-26,166.18,166.18,0
22953,2474,2025-05-22,166.18,166.18,0
22954,2474,2025-06-28,166.18,166.18,0
22955,2474,2025-07-24,166.18,166.18,0
22956,2474,2025-08-27,166.18,166.18,0
22957,2474,2025-09-24,166.18,166.18,0
22958,2474,2025-10-22,166.18,166.18,0
22959,2474,2025-12-02,166.18,137.95,9
22960,2474,2025-12-26,166.18,166.18,0
22961,2475,2024-12-31,93.7,75.26,33
22962,2475,2025-01-11,93.7,76.4,14
22963,2475,2025-01-24,93.7,93.7,0
22964,2475,2025-04-21,93.7,86.4,55
22965,2475,2025-03-22,93.7,93.7,0
22966,2475,2025-04-25,93.7,93.7,0
22967,2475,2025-06-26,93.7,90.77,31
22968,2475,2025-06-27,93.7,93.7,0
22969,2475,2025-07-25,93.7,93.7,0
22970,2475,2025-08-28,93.7,93.7,0
22971,2475,2025-09-23,93.7,93.7,0
22972,2475,2025-10-26,93.7,93.7,0
22973,2475,2025-11-27,93.7,93.7,0
22974,2475,2025-12-27,93.7,93.7,0
22975,2476,2025-03-22,798.43,798.43,0
22976,2476,2025-04-28,798.43,798.43,0
22977,2476,2025-05-23,798.43,798.43,0
22978,2476,2025-06-28,798.43,798.43,0
22979,2476,2025-07-24,798.43,798.43,0
22980,2476,2025-08-25,798.43,798.43,0
22981,2476,2025-09-26,798.43,798.43,0
22982,2476,2025-10-27,798.43,798.43,0
22983,2476,2025-11-25,798.43,798.43,0
22984,2476,2025-12-26,798.43,798.43,0
22985,2477,2024-03-25,347.9,347.9,0
22986,2477,2024-04-27,347.9,347.9,0
22987,2477,2024-05-22,347.9,347.9,0
22988,2477,2024-06-26,347.9,347.9,0
22989,2477,2024-07-27,347.9,347.9,0
22990,2477,2024-08-26,347.9,347.9,0
22991,2477,2024-09-28,347.9,347.9,0
22992,2477,2024-10-24,347.9,347.9,0
22993,2477,2024-11-24,347.9,347.9,0
22994,2477,2024-12-28,347.9,347.9,0
22995,2477,2025-01-27,347.9,347.9,0
22996,2477,2025-02-25,347.9,347.9,0
22997,2477,2025-03-22,347.9,347.9,0
22998,2477,2025-04-24,347.9,347.9,0
22999,2477,2025-05-23,347.9,347.9,0
23000,2477,2025-06-25,347.9,347.9,0
23001,2477,2025-07-24,347.9,347.9,0
23002,2477,2025-08-28,347.9,347.9,0
23003,2477,2025-09-28,347.9,347.9,0
23004,2477,2025-10-24,347.9,347.9,0
23005,2477,2025-11-26,347.9,347.9,0
23006,2477,2025-12-26,347.9,347.9,0
23007,2478,2025-02-24,140.36,140.36,0
23008,2478,2025-03-27,140.36,140.36,0
23009,2478,2025-04-23,140.36,140.36,0
23010,2478,2025-05-22,140.36,140.36,0
23011,2478,2025-06-26,140.36,140.36,0
23012,2478,2025-07-22,140.36,140.36,0
23013,2478,2025-08-25,140.36,140.36,0
23014,2478,2025-09-23,140.36,140.36,0
23015,2478,2025-12-12,140.36,139.69,46
23016,2478,2025-11-28,140.36,140.36,0
23017,2478,2025-12-23,140.36,140.36,0
23018,2479,2025-12-27,283.21,283.21,0
23019,2480,2024-10-25,316.21,316.21,0
23020,2480,2024-11-22,316.21,316.21,0
23021,2480,2024-12-26,316.21,316.21,0
23022,2480,2025-01-28,316.21,316.21,0
23023,2480,2025-02-23,316.21,316.21,0
23024,2480,2025-03-25,316.21,316.21,0
23025,2480,2025-04-24,316.21,316.21,0
23026,2480,2025-05-25,316.21,316.21,0
23027,2480,2025-06-22,316.21,316.21,0
23028,2480,2025-07-27,316.21,316.21,0
23029,2480,2025-10-04,316.21,306.45,39
23030,2480,2025-09-28,316.21,316.21,0
23031,2480,2025-10-23,316.21,316.21,0
23032,2480,2025-11-27,316.21,316.21,0
23033,2480,2025-12-23,316.21,316.21,0
23034,2481,2025-06-25,134.53,134.53,0
23035,2481,2025-07-25,134.53,134.53,0
23036,2481,2025-08-25,134.53,134.53,0
23037,2481,2025-09-22,134.53,134.53,0
23038,2481,2025-10-28,134.53,134.53,0
23039,2481,2025-11-28,134.53,134.53,0
23040,2481,2025-12-27,134.53,134.53,0
23041,2482,2025-06-26,583.0,583.0,0
23042,2482,2025-07-22,583.0,583.0,0
23043,2482,2025-08-22,583.0,583.0,0
23044,2482,2025-09-23,583.0,583.0,0
23045,2482,2025-10-27,583.0,583.0,0
23046,2482,2025-11-22,583.0,583.0,0
23047,2482,2025-12-24,583.0,583.0,0
23048,2483,2025-05-24,290.32,290.32,0
23049,2483,2025-06-26,290.32,290.32,0
23050,2483,2025-07-24,290.32,290.32,0
23051,2483,2025-08-26,290.32,290.32,0
23052,2483,2025-09-22,290.32,290.32,0
23053,2483,2025-10-27,290.32,290.32,0
23054,2483,2026-04-19,290.32,89.74,144
23055,2483,2025-12-26,290.32,290.32,0
23056,2484,2024-11-27,96.14,96.14,0
23057,2484,2024-12-24,96.14,96.14,0
23058,2484,2025-01-24,96.14,96.14,0
23059,2484,2025-02-26,96.14,96.14,0
23060,2484,2025-03-28,96.14,96.14,0
23061,2484,2025-04-22,96.14,96.14,0
23062,2484,2025-05-25,96.14,96.14,0
23063,2484,2025-06-23,96.14,96.14,0
23064,2484,2025-07-26,96.14,96.14,0
23065,2484,2025-08-25,96.14,96.14,0
23066,2484,2025-09-28,96.14,96.14,0
23067,2484,2025-10-25,96.14,96.14,0
23068,2484,2025-11-28,96.14,79.79,3
23069,2484,2025-12-22,96.14,96.14,0
23070,2485,2025-08-25,309.19,309.19,0
23071,2485,2025-09-27,309.19,309.19,0
23072,2485,2025-10-22,309.19,309.19,0
23073,2485,2025-11-26,309.19,309.19,0
23074,2485,2025-12-26,309.19,309.19,0
23075,2486,2024-09-23,440.51,440.51,0
23076,2486,2024-10-22,440.51,440.51,0
23077,2486,2024-11-27,440.51,440.51,0
23078,2486,2024-12-24,440.51,440.51,0
23079,2486,2025-01-24,440.51,440.51,0
23080,2486,2025-02-28,440.51,440.51,0
23081,2486,2025-03-25,440.51,440.51,0
23082,2486,2025-04-22,440.51,440.51,0
23083,2486,2025-05-28,440.51,440.51,0
23084,2486,2025-06-27,440.51,440.51,0
23085,2486,2025-07-24,440.51,440.51,0
23086,2486,2025-08-28,440.51,440.51,0
23087,2486,2025-09-24,440.51,440.51,0
23088,2486,2025-10-28,440.51,440.51,0
23089,2486,2025-11-24,440.51,440.51,0
23090,2486,2025-12-24,440.51,440.51,0
23091,2487,2025-06-23,161.37,161.37,0
23092,2487,2025-07-24,161.37,161.37,0
23093,2487,2025-08-26,161.37,161.37,0
23094,2487,2025-09-22,161.37,161.37,0
23095,2487,2025-10-28,161.37,161.37,0
23096,2487,2025-11-24,161.37,161.37,0
23097,2487,2025-12-23,161.37,161.37,0
23098,2488,2024-09-22,224.91,224.91,0
23099,2488,2024-10-26,224.91,224.91,0
23100,2488,2024-11-23,224.91,224.91,0
23101,2488,2024-12-24,224.91,224.91,0
23102,2488,2025-01-24,224.91,224.91,0
23103,2488,2025-02-26,224.91,224.91,0
23104,2488,2025-03-23,224.91,224.91,0
23105,2488,2025-04-27,224.91,224.91,0
23106,2488,2025-05-25,224.91,224.91,0
23107,2488,2025-06-22,224.91,224.91,0
23108,2488,2025-07-24,224.91,224.91,0
23109,2488,2025-08-22,224.91,224.91,0
23110,2488,2025-09-22,224.91,224.91,0
23111,2488,2025-10-27,224.91,224.91,0
23112,2488,2025-11-26,224.91,224.91,0
23113,2488,2025-12-22,224.91,224.91,0
23114,2489,2024-12-28,327.52,327.52,0
23115,2489,2025-01-27,327.52,327.52,0
23116,2489,2025-02-26,327.52,327.52,0
23117,2489,2025-03-28,327.52,327.52,0
23118,2489,2025-04-26,327.52,327.52,0
23119,2489,2025-05-27,327.52,327.52,0
23120,2489,2025-06-27,327.52,327.52,0
23121,2489,2025-07-28,327.52,327.52,0
23122,2489,2025-08-25,327.52,327.52,0
23123,2489,2025-09-22,327.52,327.52,0
23124,2489,2025-10-25,327.52,327.52,0
23125,2489,2025-11-22,327.52,327.52,0
23126,2489,2025-12-26,327.52,327.52,0
23127,2490,2025-06-02,151.71,148.2,39
23128,2490,2025-05-24,151.71,151.71,0
23129,2490,2025-06-23,151.71,151.71,0
23130,2490,2025-08-11,151.71,128.02,14
23131,2490,2025-08-22,151.71,151.71,0
23132,2490,2025-09-27,151.71,151.71,0
23133,2490,2025-10-24,151.71,151.71,0
23134,2490,2025-11-25,151.71,151.71,0
23135,2490,2025-12-28,151.71,151.71,0
23136,2491,2026-01-09,1658.94,81.26,138
23137,2491,2025-09-26,1658.94,1658.94,0
23138,2491,2025-10-28,1658.94,1658.94,0
23139,2491,2025-11-22,1658.94,1658.94,0
23140,2491,2025-12-25,1658.94,1658.94,0
23141,2492,2025-08-27,1143.36,1143.36,0
23142,2492,2025-09-24,1143.36,1143.36,0
23143,2492,2025-10-23,1143.36,1143.36,0
23144,2492,2025-11-22,1143.36,1143.36,0
23145,2492,2026-05-08,1143.36,343.7,131
23146,2493,2024-01-24,135.94,135.94,0
23147,2493,2024-02-22,135.94,135.94,0
23148,2493,2024-03-28,135.94,135.94,0
23149,2493,2024-04-22,135.94,135.94,0
23150,2493,2024-05-28,135.94,135.94,0
23151,2493,2024-06-28,135.94,135.94,0
23152,2493,2024-07-22,135.94,135.94,0
23153,2493,2024-08-27,135.94,135.94,0
23154,2494,2025-02-23,100.29,100.29,0
23155,2494,2025-03-22,100.29,100.29,0
23156,2494,2025-04-27,100.29,100.29,0
23157,2494,2025-05-27,100.29,100.29,0
23158,2494,2025-07-25,100.29,100.25,32
23159,2494,2025-07-26,100.29,100.29,0
23160,2494,2025-08-27,100.29,100.29,0
23161,2494,2025-09-28,100.29,100.29,0
23162,2494,2025-10-28,100.29,100.29,0
23163,2494,2025-11-27,100.29,100.29,0
23164,2494,2026-06-22,100.29,15.5,180
23165,2495,2025-02-27,175.93,175.93,0
23166,2495,2025-03-25,175.93,175.93,0
23167,2495,2025-04-27,175.93,175.93,0
23168,2495,2025-05-28,175.93,175.93,0
23169,2495,2025-06-28,175.93,175.93,0
23170,2495,2025-07-23,175.93,175.93,0
23171,2495,2025-08-28,175.93,175.93,0
23172,2495,2025-09-27,175.93,175.93,0
23173,2495,2026-04-08,175.93,23.27,167
23174,2495,2025-11-22,175.93,175.93,0
23175,2495,2025-12-28,175.93,175.93,0
23176,2496,2025-06-23,214.24,214.24,0
23177,2496,2025-07-28,214.24,214.24,0
23178,2496,2025-08-22,214.24,214.24,0
23179,2496,2025-09-23,214.24,214.24,0
23180,2496,2025-10-24,214.24,214.24,0
23181,2496,2025-11-24,214.24,214.24,0
23182,2496,2025-12-27,214.24,214.24,0
23183,2497,2025-06-28,247.51,247.51,0
23184,2497,2025-07-27,247.51,247.51,0
23185,2497,2025-08-27,247.51,247.51,0
23186,2497,2025-09-26,247.51,247.51,0
23187,2497,2026-02-15,247.51,21.96,113
23188,2497,2025-11-24,247.51,247.51,0
23189,2497,2025-12-24,247.51,247.51,0
23190,2500,2025-03-23,495.9,495.9,0
23191,2500,2025-04-28,495.9,495.9,0
23192,2500,2025-08-04,495.9,414.86,69
23193,2500,2025-06-22,495.9,495.9,0
23194,2500,2025-07-28,495.9,495.9,0
23195,2500,2025-08-23,495.9,495.9,0
23196,2500,2025-09-26,495.9,495.9,0
23197,2500,2025-10-23,495.9,495.9,0
23198,2500,2025-11-23,495.9,495.9,0
23199,2500,2025-12-25,495.9,495.9,0
23200,2501,2025-06-25,277.62,277.62,0
23201,2501,2025-07-22,277.62,277.62,0
23202,2501,2025-08-27,277.62,277.62,0
23203,2501,2025-09-26,277.62,277.62,0
23204,2501,2025-10-27,277.62,277.62,0
23205,2501,2025-11-25,277.62,277.62,0
23206,2501,2025-12-26,277.62,277.62,0
23207,2502,2024-01-24,508.52,430.92,2
23208,2502,2024-02-24,508.52,508.52,0
23209,2502,2024-03-28,508.52,508.52,0
23210,2502,2024-04-22,508.52,508.52,0
23211,2502,2024-05-27,508.52,508.52,0
23212,2502,2024-06-26,508.52,508.52,0
23213,2502,2024-07-28,508.52,508.52,0
23214,2502,2024-08-23,508.52,508.52,0
23215,2502,2024-09-28,508.52,508.52,0
23216,2502,2024-10-27,508.52,508.52,0
23217,2502,2024-11-25,508.52,508.52,0
23218,2502,2024-12-26,508.52,508.52,0
23219,2502,2025-01-27,508.52,508.52,0
23220,2502,2025-02-22,508.52,508.52,0
23221,2502,2025-03-23,508.52,508.52,0
23222,2502,2025-04-24,508.52,508.52,0
23223,2502,2025-05-25,508.52,508.52,0
23224,2502,2025-06-26,508.52,508.52,0
23225,2502,2025-07-24,508.52,508.52,0
23226,2502,2025-08-26,508.52,508.52,0
23227,2502,2025-09-26,508.52,508.52,0
23228,2502,2025-10-25,508.52,508.52,0
23229,2502,2025-11-28,508.52,508.52,0
23230,2502,2025-12-25,508.52,508.52,0
23231,2503,2024-01-23,1341.86,1341.86,0
23232,2503,2024-02-23,1341.86,1341.86,0
23233,2503,2024-03-25,1341.86,1341.86,0
23234,2503,2024-04-24,1341.86,1341.86,0
23235,2503,2024-05-26,1341.86,1341.86,0
23236,2503,2024-06-26,1341.86,1341.86,0
23237,2503,2024-07-23,1341.86,1341.86,0
23238,2503,2024-08-23,1341.86,1341.86,0
23239,2503,2024-09-26,1341.86,1341.86,0
23240,2503,2024-10-27,1341.86,1341.86,0
23241,2503,2024-11-25,1341.86,1341.86,0
23242,2503,2024-12-24,1341.86,1341.86,0
23243,2503,2025-01-23,1341.86,1341.86,0
23244,2503,2025-02-23,1341.86,1341.86,0
23245,2503,2025-03-27,1341.86,1341.86,0
23246,2503,2025-04-24,1341.86,1341.86,0
23247,2503,2025-05-22,1341.86,1341.86,0
23248,2503,2025-06-25,1341.86,1341.86,0
23249,2503,2025-07-22,1341.86,1341.86,0
23250,2503,2025-08-26,1341.86,1341.86,0
23251,2503,2025-09-24,1341.86,1341.86,0
23252,2503,2025-10-22,1341.86,1341.86,0
23253,2503,2025-11-23,1341.86,1341.86,0
23254,2503,2025-12-26,1341.86,1341.86,0
23255,2504,2025-07-28,314.99,314.99,0
23256,2504,2025-08-24,314.99,314.99,0
23257,2504,2025-09-28,314.99,314.99,0
23258,2504,2025-10-22,314.99,314.99,0
23259,2504,2025-11-26,314.99,314.99,0
23260,2504,2025-12-27,314.99,314.99,0
23261,2505,2025-11-22,543.71,543.71,0
23262,2505,2025-12-22,543.71,543.71,0
23263,2506,2025-07-31,146.64,132.97,37
23264,2506,2025-07-28,146.64,146.64,0
23265,2506,2025-08-27,146.64,146.64,0
23266,2506,2025-12-26,146.64,140.13,89
23267,2506,2025-10-28,146.64,146.64,0
23268,2506,2025-11-25,146.64,146.64,0
23269,2506,2025-12-25,146.64,146.64,0
23270,2507,2025-08-22,219.11,219.11,0
23271,2507,2025-09-24,219.11,219.11,0
23272,2507,2025-10-26,219.11,219.11,0
23273,2507,2025-11-23,219.11,219.11,0
23274,2507,2025-12-27,219.11,219.11,0
23275,2508,2025-02-23,118.33,118.33,0
23276,2508,2025-03-27,118.33,118.33,0
23277,2508,2025-04-24,118.33,118.33,0
23278,2508,2025-05-28,118.33,118.33,0
23279,2508,2025-06-24,118.33,118.33,0
23280,2508,2025-07-28,118.33,118.33,0
23281,2508,2025-08-23,118.33,118.33,0
23282,2508,2025-09-27,118.33,118.33,0
23283,2508,2025-10-22,118.33,118.33,0
23284,2508,2025-11-27,118.33,118.33,0
23285,2508,2025-12-27,118.33,118.33,0
23286,2509,2025-06-25,87.87,72.08,28
23287,2509,2025-06-28,87.87,87.87,0
23288,2509,2025-07-25,87.87,87.87,0
23289,2509,2025-08-22,87.87,87.87,0
23290,2509,2026-01-08,87.87,32.87,103
23291,2509,2026-02-07,87.87,4.7,106
23292,2509,2025-11-25,87.87,87.87,0
23293,2509,2025-12-28,87.87,87.87,0
23294,2510,2025-09-05,148.64,1.19,164
23295,2510,2025-05-09,148.64,141.24,16
23296,2510,2025-05-25,148.64,148.64,0
23297,2510,2025-06-27,148.64,148.64,0
23298,2510,2025-07-23,148.64,148.64,0
23299,2510,2025-08-27,148.64,148.64,0
23300,2510,2025-09-22,148.64,148.64,0
23301,2510,2025-10-28,148.64,148.64,0
23302,2510,2025-12-02,148.64,138.41,5
23303,2510,2025-12-22,148.64,148.64,0
23304,2511,2024-06-23,933.11,933.11,0
23305,2511,2024-07-22,933.11,933.11,0
23306,2511,2024-09-16,933.11,888.44,25
23307,2511,2024-09-24,933.11,933.11,0
23308,2511,2024-10-24,933.11,933.11,0
23309,2511,2024-11-28,933.11,933.11,0
23310,2511,2024-12-28,933.11,933.11,0
23311,2511,2025-04-01,933.11,854.17,64
23312,2511,2025-02-27,933.11,933.11,0
23313,2511,2025-03-22,933.11,933.11,0
23314,2511,2025-07-11,933.11,100.08,75
23315,2511,2025-05-24,933.11,933.11,0
23316,2511,2025-06-23,933.11,933.11,0
23317,2511,2025-07-28,933.11,933.11,0
23318,2511,2025-08-23,933.11,933.11,0
23319,2511,2025-09-27,933.11,933.11,0
23320,2511,2026-01-02,933.11,782.19,70
23321,2511,2026-03-05,933.11,205.15,103
23322,2511,2025-12-22,933.11,933.11,0
23323,2513,2025-09-10,263.45,261.24,78
23324,2513,2025-08-12,263.45,252.53,15
23325,2513,2025-08-25,263.45,263.45,0
23326,2513,2025-09-28,263.45,263.45,0
23327,2513,2025-10-28,263.45,263.45,0
23328,2513,2025-11-22,263.45,263.45,0
23329,2513,2025-12-25,263.45,263.45,0
23330,2514,2024-10-28,165.09,165.09,0
23331,2514,2024-11-24,165.09,165.09,0
23332,2514,2024-12-26,165.09,165.09,0
23333,2514,2025-01-28,165.09,165.09,0
23334,2514,2025-02-25,165.09,165.09,0
23335,2514,2025-03-26,165.09,165.09,0
23336,2514,2025-04-28,165.09,165.09,0
23337,2514,2025-05-23,165.09,165.09,0
23338,2514,2025-06-26,165.09,165.09,0
23339,2514,2025-07-23,165.09,165.09,0
23340,2514,2025-08-27,165.09,165.09,0
23341,2514,2025-09-23,165.09,165.09,0
23342,2514,2025-11-16,165.09,160.22,24
23343,2514,2025-11-25,165.09,165.09,0
23344,2514,2025-12-27,165.09,165.09,0
23345,2515,2024-10-22,1007.22,1007.22,0
23346,2515,2025-01-05,1007.22,942.83,39
23347,2515,2024-12-27,1007.22,1007.22,0
23348,2515,2025-01-28,1007.22,1007.22,0
23349,2515,2025-02-24,1007.22,1007.22,0
23350,2515,2025-03-23,1007.22,1007.22,0
23351,2515,2025-04-24,1007.22,1007.22,0
23352,2515,2025-05-24,1007.22,1007.22,0
23353,2515,2025-06-23,1007.22,1007.22,0
23354,2515,2025-07-23,1007.22,1007.22,0
23355,2515,2025-08-26,1007.22,1007.22,0
23356,2515,2025-09-28,1007.22,1007.22,0
23357,2515,2025-10-24,1007.22,1007.22,0
23358,2516,2025-08-06,169.12,146.41,41
23359,2516,2025-07-24,169.12,169.12,0
23360,2516,2025-08-26,169.12,169.12,0
23361,2516,2025-09-28,169.12,169.12,0
23362,2516,2025-10-28,169.12,169.12,0
23363,2516,2025-11-24,169.12,169.12,0
23364,2516,2026-05-23,169.12,64.4,147
23365,2517,2025-04-28,426.49,426.49,0
23366,2517,2025-05-27,426.49,426.49,0
23367,2517,2025-06-22,426.49,426.49,0
23368,2517,2025-07-22,426.49,426.49,0
23369,2517,2025-08-22,426.49,426.49,0
23370,2517,2025-09-27,426.49,426.49,0
23371,2517,2025-10-26,426.49,426.49,0
23372,2517,2025-11-23,426.49,426.49,0
23373,2517,2025-12-24,426.49,426.49,0
23374,2518,2024-06-28,725.88,725.88,0
23375,2518,2024-07-24,725.88,725.88,0
23376,2518,2024-08-23,725.88,725.88,0
23377,2518,2024-09-24,725.88,725.88,0
23378,2518,2024-10-25,725.88,725.88,0
23379,2518,2024-11-23,725.88,725.88,0
23380,2518,2024-12-22,725.88,725.88,0
23381,2518,2025-01-26,725.88,725.88,0
23382,2518,2025-02-25,725.88,725.88,0
23383,2518,2025-03-28,725.88,725.88,0
23384,2518,2025-04-22,725.88,725.88,0
23385,2518,2025-05-22,725.88,725.88,0
23386,2518,2025-06-25,725.88,725.88,0
23387,2518,2025-07-22,725.88,725.88,0
23388,2518,2025-08-28,725.88,725.88,0
23389,2518,2025-09-26,725.88,725.88,0
23390,2518,2025-10-28,725.88,725.88,0
23391,2518,2025-11-23,725.88,725.88,0
23392,2518,2025-12-22,725.88,725.88,0
23393,2519,2025-06-28,232.95,232.95,0
23394,2519,2025-07-24,232.95,232.95,0
23395,2519,2025-10-01,232.95,207.24,35
23396,2519,2025-11-10,232.95,230.35,45
23397,2519,2025-10-22,232.95,232.95,0
23398,2519,2025-11-25,232.95,232.95,0
23399,2519,2025-12-22,232.95,232.95,0
23400,2520,2025-12-24,948.2,948.2,0
23401,2521,2024-11-26,137.16,137.16,0
23402,2521,2024-12-23,137.16,137.16,0
23403,2521,2025-01-23,137.16,137.16,0
23404,2521,2025-02-26,137.16,137.16,0
23405,2521,2025-03-23,137.16,137.16,0
23406,2521,2025-05-06,137.16,126.55,11
23407,2521,2025-05-27,137.16,137.16,0
23408,2521,2025-06-26,137.16,137.16,0
23409,2521,2025-07-25,137.16,137.16,0
23410,2521,2025-08-25,137.16,137.16,0
23411,2521,2025-09-23,137.16,137.16,0
23412,2521,2025-11-10,137.16,133.39,16
23413,2521,2025-11-22,137.16,137.16,0
23414,2521,2025-12-27,137.16,137.16,0
23415,2522,2024-11-27,858.17,858.17,0
23416,2522,2024-12-26,858.17,858.17,0
23417,2522,2025-01-25,858.17,858.17,0
23418,2522,2025-02-26,858.17,858.17,0
23419,2522,2025-03-28,858.17,858.17,0
23420,2522,2025-04-28,858.17,858.17,0
23421,2522,2025-05-25,858.17,858.17,0
23422,2522,2025-07-06,858.17,730.64,9
23423,2522,2025-07-28,858.17,858.17,0
23424,2522,2025-08-27,858.17,858.17,0
23425,2522,2025-09-22,858.17,858.17,0
23426,2522,2025-10-26,858.17,858.17,0
23427,2522,2025-11-23,858.17,858.17,0
23428,2522,2025-12-22,858.17,858.17,0
23429,2523,2024-04-25,305.24,305.24,0
23430,2523,2024-05-27,305.24,305.24,0
23431,2523,2024-06-28,305.24,305.24,0
23432,2523,2024-07-22,305.24,305.24,0
23433,2523,2024-08-25,305.24,305.24,0
23434,2523,2024-09-22,305.24,305.24,0
23435,2523,2024-10-22,305.24,305.24,0
23436,2523,2024-11-28,305.24,305.24,0
23437,2523,2024-12-27,305.24,305.24,0
23438,2523,2025-01-22,305.24,305.24,0
23439,2523,2025-02-26,305.24,305.24,0
23440,2523,2025-03-26,305.24,305.24,0
23441,2523,2025-04-24,305.24,305.24,0
23442,2523,2025-05-23,305.24,305.24,0
23443,2523,2025-06-28,305.24,305.24,0
23444,2523,2025-07-28,305.24,305.24,0
23445,2523,2025-08-27,305.24,305.24,0
23446,2523,2025-09-24,305.24,305.24,0
23447,2523,2025-10-24,305.24,305.24,0
23448,2523,2025-11-27,305.24,305.24,0
23449,2523,2025-12-25,305.24,305.24,0
23450,2524,2025-08-24,100.16,100.16,0
23451,2524,2025-09-28,100.16,100.16,0
23452,2524,2025-10-22,100.16,100.16,0
23453,2524,2026-02-16,100.16,83.57,84
23454,2524,2025-12-24,100.16,100.16,0
23455,2525,2025-05-24,735.56,735.56,0
23456,2525,2025-06-25,735.56,735.56,0
23457,2525,2025-07-27,735.56,735.56,0
23458,2525,2025-08-26,735.56,735.56,0
23459,2525,2025-09-26,735.56,735.56,0
23460,2525,2025-10-25,735.56,735.56,0
23461,2525,2025-11-28,735.56,735.56,0
23462,2525,2025-12-26,735.56,735.56,0
23463,2526,2025-01-26,435.76,435.76,0
23464,2526,2025-02-26,435.76,435.76,0
23465,2526,2025-03-24,435.76,435.76,0
23466,2526,2025-04-23,435.76,435.76,0
23467,2526,2025-05-25,435.76,435.76,0
23468,2526,2025-06-25,435.76,435.76,0
23469,2526,2025-07-26,435.76,435.76,0
23470,2526,2025-08-22,435.76,435.76,0
23471,2526,2025-09-27,435.76,435.76,0
23472,2526,2025-10-25,435.76,435.76,0
23473,2526,2025-11-25,435.76,435.76,0
23474,2526,2025-12-26,435.76,435.76,0
23475,2527,2025-06-23,131.81,131.81,0
23476,2527,2026-01-06,131.81,38.87,162
23477,2527,2025-08-26,131.81,131.81,0
23478,2527,2025-09-28,131.81,131.81,0
23479,2527,2026-01-18,131.81,110.61,86
23480,2527,2025-11-24,131.81,131.81,0
23481,2527,2025-12-24,131.81,131.81,0
23482,2528,2025-06-28,199.1,199.1,0
23483,2528,2025-07-24,199.1,199.1,0
23484,2528,2025-08-27,199.1,199.1,0
23485,2528,2025-09-25,199.1,199.1,0
23486,2528,2025-10-25,199.1,199.1,0
23487,2528,2025-11-28,199.1,199.1,0
23488,2528,2025-12-22,199.1,199.1,0
23489,2529,2024-12-22,145.28,145.28,0
23490,2529,2025-01-27,145.28,145.28,0
23491,2529,2025-03-05,145.28,137.29,6
23492,2529,2025-03-25,145.28,145.28,0
23493,2529,2025-04-25,145.28,145.28,0
23494,2529,2025-05-28,145.28,145.28,0
23495,2529,2025-06-26,145.28,145.28,0
23496,2529,2025-07-25,145.28,145.28,0
23497,2529,2025-08-22,145.28,145.28,0
23498,2529,2025-09-27,145.28,145.28,0
23499,2529,2025-10-25,145.28,145.28,0
23500,2529,2025-11-28,145.28,145.28,0
23501,2529,2025-12-27,145.28,145.28,0
23502,2530,2024-07-24,113.38,113.38,0
23503,2530,2024-08-27,113.38,113.38,0
23504,2530,2024-09-26,113.38,113.38,0
23505,2530,2024-10-22,113.38,113.38,0
23506,2530,2024-11-22,113.38,113.38,0
23507,2530,2024-12-23,113.38,113.38,0
23508,2530,2025-01-27,113.38,113.38,0
23509,2530,2025-02-26,113.38,113.38,0
23510,2530,2025-03-26,113.38,113.38,0
23511,2530,2025-04-23,113.38,113.38,0
23512,2530,2025-05-26,113.38,113.38,0
23513,2530,2025-06-23,113.38,113.38,0
23514,2530,2025-07-24,113.38,113.38,0
23515,2530,2025-08-27,113.38,113.38,0
23516,2530,2025-09-23,113.38,113.38,0
23517,2530,2025-10-24,113.38,113.38,0
23518,2530,2025-11-24,113.38,113.38,0
23519,2530,2025-12-26,113.38,113.38,0
23520,2531,2024-08-26,197.59,197.59,0
23521,2531,2024-09-24,197.59,197.59,0
23522,2531,2024-10-26,197.59,197.59,0
23523,2531,2025-02-01,197.59,70.85,67
23524,2531,2025-02-21,197.59,189.71,58
23525,2531,2025-01-26,197.59,197.59,0
23526,2531,2025-02-23,197.59,197.59,0
23527,2531,2025-03-23,197.59,197.59,0
23528,2531,2025-04-26,197.59,197.59,0
23529,2531,2025-05-27,197.59,197.59,0
23530,2531,2025-06-23,197.59,197.59,0
23531,2531,2025-07-26,197.59,197.59,0
23532,2531,2025-08-24,197.59,197.59,0
23533,2531,2025-09-27,197.59,197.59,0
23534,2531,2025-10-27,197.59,197.59,0
23535,2531,2025-11-26,197.59,197.59,0
23536,2531,2025-12-22,197.59,197.59,0
23537,2532,2024-01-27,114.61,114.61,0
23538,2532,2024-02-28,114.61,114.61,0
23539,2532,2024-03-28,114.61,114.61,0
23540,2532,2024-04-25,114.61,114.61,0
23541,2532,2024-05-24,114.61,114.61,0
23542,2532,2024-06-28,114.61,114.61,0
23543,2532,2024-07-28,114.61,114.61,0
23544,2532,2024-08-24,114.61,114.61,0
23545,2532,2024-11-28,114.61,97.24,67
23546,2532,2024-10-26,114.61,114.61,0
23547,2532,2025-03-11,114.61,37.95,105
23548,2532,2024-12-22,114.61,114.61,0
23549,2532,2025-06-23,114.61,14.69,147
23550,2532,2025-02-24,114.61,114.61,0
23551,2532,2025-03-28,114.61,114.61,0
23552,2532,2025-04-23,114.61,114.61,0
23553,2532,2025-05-26,114.61,114.61,0
23554,2532,2025-06-27,114.61,114.61,0
23555,2532,2025-09-09,114.61,103.78,48
23556,2532,2025-08-27,114.61,114.61,0
23557,2532,2025-09-26,114.61,114.61,0
23558,2532,2025-10-22,114.61,114.61,0
23559,2532,2025-11-27,114.61,114.61,0
23560,2532,2026-04-15,114.61,23.84,108
23561,2533,2025-01-23,194.72,194.72,0
23562,2533,2025-02-24,194.72,194.72,0
23563,2533,2025-03-24,194.72,194.72,0
23564,2533,2025-04-24,194.72,194.72,0
23565,2533,2025-05-28,194.72,194.72,0
23566,2533,2025-06-22,194.72,194.72,0
23567,2533,2025-07-24,194.72,194.72,0
23568,2533,2025-08-27,194.72,194.72,0
23569,2533,2025-09-24,194.72,194.72,0
23570,2533,2025-10-26,194.72,194.72,0
23571,2533,2025-11-24,194.72,194.72,0
23572,2533,2025-12-27,194.72,194.72,0
23573,2534,2025-05-25,661.06,661.06,0
23574,2534,2025-06-23,661.06,661.06,0
23575,2534,2025-07-22,661.06,661.06,0
23576,2534,2025-08-24,661.06,661.06,0
23577,2534,2025-09-23,661.06,661.06,0
23578,2534,2025-10-27,661.06,661.06,0
23579,2534,2025-11-22,661.06,661.06,0
23580,2534,2025-12-22,661.06,661.06,0
23581,2535,2025-05-22,903.9,903.9,0
23582,2535,2025-06-26,903.9,903.9,0
23583,2535,2025-07-26,903.9,742.18,1
23584,2535,2025-08-25,903.9,903.9,0
23585,2535,2025-09-24,903.9,903.9,0
23586,2535,2025-10-24,903.9,903.9,0
23587,2535,2025-11-23,903.9,903.9,0
23588,2535,2025-12-22,903.9,903.9,0
23589,2536,2026-02-07,264.64,235.45,73
23590,2536,2026-01-19,264.64,256.7,24
23591,2537,2025-01-28,232.48,232.48,0
23592,2537,2025-03-31,232.48,191.26,33
23593,2537,2025-03-23,232.48,232.48,0
23594,2537,2025-07-18,232.48,216.76,84
23595,2537,2025-05-25,232.48,232.48,0
23596,2537,2025-06-26,232.48,232.48,0
23597,2537,2025-07-25,232.48,232.48,0
23598,2537,2025-08-23,232.48,232.48,0
23599,2537,2025-11-04,232.48,195.02,41
23600,2537,2025-10-28,232.48,232.48,0
23601,2537,2025-11-24,232.48,232.48,0
23602,2537,2025-12-22,232.48,232.48,0
23603,2538,2025-06-23,258.87,258.87,0
23604,2538,2025-09-10,258.87,18.96,48
23605,2538,2025-08-27,258.87,258.87,0
23606,2538,2025-09-28,258.87,258.87,0
23607,2538,2025-10-26,258.87,258.87,0
23608,2538,2025-11-22,258.87,258.87,0
23609,2538,2026-02-07,258.87,239.54,41
23610,2540,2025-04-27,550.86,550.86,0
23611,2540,2025-05-23,550.86,550.86,0
23612,2540,2025-06-28,550.86,550.86,0
23613,2540,2025-07-23,550.86,550.86,0
23614,2540,2026-01-19,550.86,212.47,150
23615,2540,2025-09-25,550.86,550.86,0
23616,2540,2025-10-27,550.86,550.86,0
23617,2540,2025-11-28,550.86,550.86,0
23618,2540,2025-12-23,550.86,550.86,0
23619,2541,2025-11-27,121.75,121.75,0
23620,2541,2025-12-23,121.75,121.75,0
23621,2542,2025-04-24,429.18,429.18,0
23622,2542,2025-05-25,429.18,429.18,0
23623,2542,2025-06-22,429.18,429.18,0
23624,2542,2025-07-26,429.18,429.18,0
23625,2542,2025-08-26,429.18,429.18,0
23626,2542,2025-09-26,429.18,429.18,0
23627,2542,2025-10-25,429.18,429.18,0
23628,2542,2025-11-28,429.18,429.18,0
23629,2542,2025-12-26,429.18,429.18,0
23630,2543,2025-07-25,109.66,109.66,0
23631,2543,2025-08-26,109.66,109.66,0
23632,2543,2025-09-27,109.66,109.66,0
23633,2543,2025-10-22,109.66,109.66,0
23634,2543,2026-04-09,109.66,39.22,133
23635,2543,2025-12-28,109.66,109.66,0
23636,2544,2024-11-25,1015.22,1015.22,0
23637,2544,2024-12-25,1015.22,1015.22,0
23638,2544,2025-01-26,1015.22,1015.22,0
23639,2544,2025-05-18,1015.22,862.36,79
23640,2544,2025-03-24,1015.22,1015.22,0
23641,2544,2025-04-28,1015.22,1015.22,0
23642,2544,2025-05-24,1015.22,1015.22,0
23643,2544,2025-06-23,1015.22,1015.22,0
23644,2544,2025-07-24,1015.22,1015.22,0
23645,2544,2025-08-23,1015.22,1015.22,0
23646,2544,2025-09-24,1015.22,1015.22,0
23647,2544,2025-10-26,1015.22,1015.22,0
23648,2544,2025-11-23,1015.22,1015.22,0
23649,2544,2025-12-22,1015.22,1015.22,0
23650,2545,2025-08-23,138.34,138.34,0
23651,2545,2025-09-26,138.34,138.34,0
23652,2545,2025-10-22,138.34,138.34,0
23653,2545,2025-11-24,138.34,138.34,0
23654,2545,2025-12-28,138.34,138.34,0
23655,2546,2025-08-08,228.49,189.37,11
23656,2546,2025-08-25,228.49,228.49,0
23657,2546,2025-09-28,228.49,228.49,0
23658,2546,2025-12-05,228.49,192.51,39
23659,2546,2025-11-25,228.49,228.49,0
23660,2546,2025-12-27,228.49,228.49,0
23661,2547,2025-06-23,292.93,292.93,0
23662,2547,2025-07-26,292.93,292.93,0
23663,2547,2025-08-27,292.93,292.93,0
23664,2547,2025-10-24,292.93,281.28,31
23665,2547,2025-10-27,292.93,292.93,0
23666,2547,2025-11-23,292.93,292.93,0
23667,2547,2025-12-28,292.93,292.93,0
23668,2548,2025-05-26,475.31,475.31,0
23669,2548,2025-06-26,475.31,475.31,0
23670,2548,2025-07-25,475.31,475.31,0
23671,2548,2025-08-22,475.31,475.31,0
23672,2548,2025-09-22,475.31,475.31,0
23673,2548,2025-10-22,475.31,475.31,0
23674,2548,2025-11-27,475.31,475.31,0
23675,2548,2026-03-04,475.31,475.08,71
23676,2549,2024-11-25,1339.85,1339.85,0
23677,2549,2024-12-23,1339.85,1339.85,0
23678,2549,2025-01-28,1339.85,1339.85,0
23679,2549,2025-02-28,1339.85,1339.85,0
23680,2549,2025-03-26,1339.85,1339.85,0
23681,2549,2025-04-22,1339.85,1339.85,0
23682,2549,2025-05-28,1339.85,1339.85,0
23683,2549,2025-06-24,1339.85,1339.85,0
23684,2549,2025-07-22,1339.85,1339.85,0
23685,2549,2025-08-25,1339.85,1339.85,0
23686,2549,2025-09-27,1339.85,1339.85,0
23687,2549,2025-10-22,1339.85,1339.85,0
23688,2549,2025-11-26,1339.85,1339.85,0
23689,2549,2025-12-23,1339.85,1339.85,0
23690,2550,2025-08-22,73.3,73.3,0
23691,2550,2025-09-25,73.3,73.3,0
23692,2550,2025-10-28,73.3,73.3,0
23693,2550,2025-11-28,73.3,73.3,0
23694,2550,2025-12-22,73.3,73.3,0
23695,2551,2024-06-23,540.72,540.72,0
23696,2551,2024-07-28,540.72,540.72,0
23697,2551,2024-08-22,540.72,540.72,0
23698,2551,2024-09-28,540.72,540.72,0
23699,2551,2024-11-28,540.72,529.56,37
23700,2551,2025-01-28,540.72,527.73,63
23701,2551,2025-01-27,540.72,137.56,32
23702,2551,2025-01-25,540.72,540.72,0
23703,2551,2025-02-28,540.72,540.72,0
23704,2551,2025-03-23,540.72,540.72,0
23705,2551,2025-04-27,540.72,540.72,0
23706,2551,2025-05-26,540.72,540.72,0
23707,2551,2025-06-24,540.72,540.72,0
23708,2551,2025-09-04,540.72,6.7,41
23709,2551,2025-08-27,540.72,540.72,0
23710,2551,2025-11-30,540.72,527.57,64
23711,2551,2025-10-27,540.72,540.72,0
23712,2551,2025-12-16,540.72,462.28,22
23713,2551,2025-12-27,540.72,540.72,0
23714,2553,2025-01-22,1144.62,1144.62,0
23715,2553,2025-02-25,1144.62,1144.62,0
23716,2553,2025-03-22,1144.62,1144.62,0
23717,2553,2025-04-25,1144.62,1144.62,0
23718,2553,2025-05-24,1144.62,1144.62,0
23719,2553,2025-06-25,1144.62,1144.62,0
23720,2553,2025-07-26,1144.62,1144.62,0
23721,2553,2025-08-22,1144.62,1144.62,0
23722,2553,2025-09-26,1144.62,1144.62,0
23723,2553,2025-10-22,1144.62,1144.62,0
23724,2553,2025-11-24,1144.62,1144.62,0
23725,2553,2025-12-25,1144.62,1144.62,0
23726,2554,2025-06-27,960.73,960.73,0
23727,2554,2025-07-22,960.73,960.73,0
23728,2554,2025-08-24,960.73,960.73,0
23729,2554,2025-09-26,960.73,960.73,0
23730,2554,2025-10-28,960.73,960.73,0
23731,2554,2025-11-23,960.73,960.73,0
23732,2554,2025-12-25,960.73,960.73,0
23733,2555,2025-05-25,63.47,63.47,0
23734,2555,2025-06-28,63.47,63.47,0
23735,2555,2025-07-22,63.47,63.47,0
23736,2555,2025-08-22,63.47,63.47,0
23737,2555,2025-09-23,63.47,63.47,0
23738,2555,2025-10-28,63.47,63.47,0
23739,2555,2025-11-28,63.47,63.47,0
23740,2555,2026-02-19,63.47,53.21,56
23741,2556,2025-05-27,640.37,640.37,0
23742,2556,2025-06-23,640.37,640.37,0
23743,2556,2025-07-28,640.37,640.37,0
23744,2556,2025-08-27,640.37,640.37,0
23745,2556,2025-09-28,640.37,640.37,0
23746,2556,2025-10-25,640.37,640.37,0
23747,2556,2026-04-07,640.37,82.65,133
23748,2556,2026-02-10,640.37,612.31,44
23749,2557,2025-03-23,558.02,558.02,0
23750,2557,2025-04-24,558.02,558.02,0
23751,2557,2025-05-22,558.02,558.02,0
23752,2557,2025-06-26,558.02,558.02,0
23753,2557,2025-07-22,558.02,558.02,0
23754,2557,2025-08-25,558.02,558.02,0
23755,2557,2025-09-22,558.02,558.02,0
23756,2557,2025-10-26,558.02,558.02,0
23757,2557,2025-11-26,558.02,558.02,0
23758,2557,2025-12-23,558.02,558.02,0
23759,2558,2025-06-26,323.28,323.28,0
23760,2558,2025-07-25,323.28,323.28,0
23761,2558,2025-08-25,323.28,323.28,0
23762,2558,2025-09-26,323.28,323.28,0
23763,2558,2025-11-19,323.28,304.35,26
23764,2558,2025-11-23,323.28,323.28,0
23765,2558,2025-12-27,323.28,323.28,0
23766,2559,2025-08-11,460.52,448.82,79
23767,2559,2025-06-28,460.52,460.52,0
23768,2559,2025-07-22,460.52,460.52,0
23769,2559,2025-08-28,460.52,460.52,0
23770,2559,2025-09-27,460.52,460.52,0
23771,2559,2025-10-23,460.52,460.52,0
23772,2559,2025-11-25,460.52,460.52,0
23773,2559,2025-12-25,460.52,460.52,0
23774,2560,2025-12-26,1411.57,1411.57,0
23775,2561,2025-06-25,902.43,902.43,0
23776,2561,2025-07-26,902.43,902.43,0
23777,2561,2025-08-23,902.43,902.43,0
23778,2561,2025-09-23,902.43,902.43,0
23779,2561,2025-10-24,902.43,902.43,0
23780,2561,2026-02-17,902.43,820.77,81
23781,2561,2025-12-28,902.43,902.43,0
23782,2562,2024-11-28,158.7,158.7,0
23783,2562,2024-12-22,158.7,158.7,0
23784,2562,2025-01-25,158.7,158.7,0
23785,2562,2025-02-22,158.7,158.7,0
23786,2562,2025-03-22,158.7,158.7,0
23787,2562,2025-04-24,158.7,158.7,0
23788,2562,2025-05-23,158.7,158.7,0
23789,2562,2025-06-22,158.7,158.7,0
23790,2562,2025-07-26,158.7,158.7,0
23791,2562,2025-08-27,158.7,158.7,0
23792,2562,2025-09-23,158.7,158.7,0
23793,2562,2025-10-27,158.7,158.7,0
23794,2562,2025-11-25,158.7,158.7,0
23795,2562,2025-12-23,158.7,158.7,0
23796,2563,2025-01-25,614.55,614.55,0
23797,2563,2025-02-22,614.55,614.55,0
23798,2563,2025-03-23,614.55,614.55,0
23799,2563,2025-04-22,614.55,614.55,0
23800,2563,2025-05-24,614.55,614.55,0
23801,2563,2025-06-23,614.55,614.55,0
23802,2563,2025-07-28,614.55,614.55,0
23803,2563,2025-08-26,614.55,614.55,0
23804,2563,2025-09-25,614.55,614.55,0
23805,2563,2025-10-26,614.55,614.55,0
23806,2563,2025-11-25,614.55,614.55,0
23807,2563,2025-12-25,614.55,614.55,0
23808,2564,2024-08-28,346.6,346.6,0
23809,2564,2024-09-23,346.6,346.6,0
23810,2564,2024-10-28,346.6,346.6,0
23811,2564,2025-03-15,346.6,109.01,111
23812,2564,2024-12-22,346.6,346.6,0
23813,2564,2025-01-28,346.6,346.6,0
23814,2564,2025-02-27,346.6,346.6,0
23815,2564,2025-03-28,346.6,346.6,0
23816,2564,2025-04-26,346.6,346.6,0
23817,2564,2025-05-28,346.6,346.6,0
23818,2564,2025-07-29,346.6,286.77,33
23819,2564,2025-11-15,346.6,71.08,112
23820,2564,2025-08-28,346.6,346.6,0
23821,2564,2025-09-24,346.6,346.6,0
23822,2564,2026-02-08,346.6,42.23,107
23823,2564,2025-12-18,346.6,344.7,23
23824,2564,2025-12-24,346.6,346.6,0
23825,2565,2025-12-24,87.67,87.67,0
23826,2567,2024-12-28,72.38,72.38,0
23827,2567,2025-01-22,72.38,72.38,0
23828,2567,2025-02-22,72.38,72.38,0
23829,2567,2025-03-26,72.38,72.38,0
23830,2567,2025-09-19,72.38,10.65,150
23831,2567,2025-05-22,72.38,72.38,0
23832,2567,2025-12-04,72.38,28.81,163
23833,2567,2025-08-01,72.38,63.43,5
23834,2567,2025-08-25,72.38,72.38,0
23835,2567,2025-09-27,72.38,72.38,0
23836,2567,2025-10-26,72.38,72.38,0
23837,2567,2026-01-13,72.38,66.1,50
23838,2567,2025-12-25,72.38,72.38,0
23839,2568,2025-05-27,295.42,295.42,0
23840,2568,2025-06-22,295.42,295.42,0
23841,2568,2025-07-28,295.42,295.42,0
23842,2568,2025-08-27,295.42,295.42,0
23843,2568,2025-09-26,295.42,295.42,0
23844,2568,2025-10-27,295.42,295.42,0
23845,2568,2026-04-20,295.42,111.08,145
23846,2568,2025-12-28,295.42,295.42,0
23847,2569,2025-06-28,689.39,689.39,0
23848,2569,2025-07-23,689.39,689.39,0
23849,2569,2025-08-27,689.39,689.39,0
23850,2569,2025-09-23,689.39,689.39,0
23851,2569,2025-10-24,689.39,689.39,0
23852,2569,2025-11-22,689.39,689.39,0
23853,2569,2025-12-28,689.39,689.39,0
23854,2570,2024-09-25,1826.99,282.6,90
23855,2570,2024-07-22,1826.99,1826.99,0
23856,2570,2024-08-24,1826.99,1826.99,0
23857,2570,2024-09-23,1826.99,1826.99,0
23858,2570,2024-10-22,1826.99,1826.99,0
23859,2570,2024-11-27,1826.99,1826.99,0
23860,2570,2024-12-25,1826.99,1826.99,0
23861,2570,2025-01-27,1826.99,1826.99,0
23862,2570,2025-02-25,1826.99,1826.99,0
23863,2570,2025-03-27,1826.99,1826.99,0
23864,2570,2025-04-25,1826.99,1826.99,0
23865,2570,2025-05-28,1826.99,1826.99,0
23866,2570,2025-06-28,1826.99,1826.99,0
23867,2570,2025-07-24,1826.99,1826.99,0
23868,2570,2025-08-27,1826.99,1826.99,0
23869,2570,2025-10-09,1826.99,1751.27,13
23870,2570,2025-10-28,1826.99,1826.99,0
23871,2570,2025-11-26,1826.99,1826.99,0
23872,2570,2025-12-25,1826.99,1826.99,0
23873,2571,2025-06-23,751.2,751.2,0
23874,2571,2025-09-22,751.2,603.55,58
23875,2571,2025-08-24,751.2,751.2,0
23876,2571,2025-12-16,751.2,718.43,84
23877,2571,2025-10-24,751.2,751.2,0
23878,2571,2025-11-23,751.2,751.2,0
23879,2571,2025-12-27,751.2,751.2,0
23880,2572,2025-03-27,612.61,612.61,0
23881,2572,2025-04-23,612.61,612.61,0
23882,2572,2025-05-23,612.61,612.61,0
23883,2572,2025-06-28,612.61,612.61,0
23884,2572,2025-07-23,612.61,612.61,0
23885,2572,2025-08-23,612.61,612.61,0
23886,2572,2025-09-27,612.61,612.61,0
23887,2572,2025-10-28,612.61,612.61,0
23888,2572,2025-11-26,612.61,612.61,0
23889,2572,2025-12-23,612.61,612.61,0
23890,2573,2025-03-23,297.24,297.24,0
23891,2573,2025-04-27,297.24,297.24,0
23892,2573,2025-05-28,297.24,297.24,0
23893,2573,2025-06-26,297.24,297.24,0
23894,2573,2025-07-28,297.24,297.24,0
23895,2573,2025-10-18,297.24,290.5,53
23896,2573,2025-09-27,297.24,297.24,0
23897,2573,2025-10-23,297.24,297.24,0
23898,2573,2025-11-28,297.24,297.24,0
23899,2573,2025-12-25,297.24,297.24,0
23900,2574,2024-12-28,233.47,233.47,0
23901,2574,2025-01-23,233.47,233.47,0
23902,2574,2025-02-27,233.47,233.47,0
23903,2574,2025-03-28,233.47,233.47,0
23904,2574,2025-04-24,233.47,233.47,0
23905,2574,2025-05-25,233.47,233.47,0
23906,2574,2025-06-22,233.47,233.47,0
23907,2574,2025-07-27,233.47,233.47,0
23908,2574,2025-11-18,233.47,190.65,85
23909,2574,2025-09-28,233.47,233.47,0
23910,2574,2025-10-26,233.47,233.47,0
23911,2574,2026-01-24,233.47,211.35,61
23912,2574,2025-12-22,233.47,233.47,0
23913,2575,2025-05-25,589.51,589.51,0
23914,2575,2025-06-27,589.51,589.51,0
23915,2575,2025-07-23,589.51,589.51,0
23916,2575,2025-08-28,589.51,589.51,0
23917,2575,2025-09-24,589.51,589.51,0
23918,2575,2025-10-27,589.51,589.51,0
23919,2575,2025-11-26,589.51,589.51,0
23920,2575,2025-12-25,589.51,589.51,0
23921,2576,2025-11-22,280.44,280.44,0
23922,2576,2025-12-27,280.44,280.44,0
23923,2577,2025-02-09,775.97,273.75,110
23924,2577,2025-01-29,775.97,718.17,68
23925,2577,2024-12-27,775.97,775.97,0
23926,2577,2025-01-26,775.97,775.97,0
23927,2577,2025-02-27,775.97,775.97,0
23928,2577,2025-03-28,775.97,775.97,0
23929,2577,2025-04-25,775.97,775.97,0
23930,2577,2025-05-25,775.97,775.97,0
23931,2577,2025-06-22,775.97,775.97,0
23932,2577,2025-07-23,775.97,775.97,0
23933,2577,2025-08-23,775.97,775.97,0
23934,2577,2025-09-25,775.97,775.97,0
23935,2577,2025-10-24,775.97,775.97,0
23936,2577,2025-11-27,775.97,775.97,0
23937,2577,2025-12-23,775.97,775.97,0
23938,2578,2025-06-23,372.2,372.2,0
23939,2578,2025-07-25,372.2,372.2,0
23940,2578,2025-08-22,372.2,372.2,0
23941,2578,2025-09-25,372.2,372.2,0
23942,2578,2025-10-25,372.2,372.2,0
23943,2578,2025-11-28,372.2,372.2,0
23944,2578,2026-06-09,372.2,100.68,165
23945,2579,2025-02-22,293.58,293.58,0
23946,2579,2025-03-27,293.58,293.58,0
23947,2579,2025-04-25,293.58,293.58,0
23948,2579,2025-05-28,293.58,293.58,0
23949,2579,2025-06-22,293.58,293.58,0
23950,2579,2025-07-22,293.58,293.58,0
23951,2579,2025-08-22,293.58,293.58,0
23952,2579,2025-09-22,293.58,293.58,0
23953,2579,2025-10-23,293.58,293.58,0
23954,2579,2025-11-24,293.58,293.58,0
23955,2579,2025-12-27,293.58,293.58,0
23956,2580,2025-11-22,337.55,337.55,0
23957,2580,2025-12-28,337.55,337.55,0
23958,2581,2025-07-23,198.97,198.97,0
23959,2581,2025-08-26,198.97,198.97,0
23960,2581,2025-10-24,198.97,165.01,26
23961,2581,2025-10-27,198.97,198.97,0
23962,2581,2025-11-26,198.97,198.97,0
23963,2581,2025-12-26,198.97,198.97,0
23964,2583,2025-07-28,332.84,283.5,34
23965,2583,2025-07-28,332.84,332.84,0
23966,2583,2025-10-30,332.84,23.09,68
23967,2583,2025-09-26,332.84,332.84,0
23968,2583,2025-10-24,332.84,332.84,0
23969,2583,2025-11-26,332.84,332.84,0
23970,2583,2025-12-22,332.84,332.84,0
23971,2584,2025-06-26,251.41,251.41,0
23972,2584,2025-07-27,251.41,251.41,0
23973,2584,2025-08-23,251.41,251.41,0
23974,2584,2025-09-28,251.41,251.41,0
23975,2584,2025-10-24,251.41,251.41,0
23976,2584,2025-11-26,251.41,251.41,0
23977,2584,2025-12-28,251.41,251.41,0
23978,2585,2026-03-14,168.25,150.69,81
23979,2586,2025-03-25,205.79,205.79,0
23980,2586,2025-04-28,205.79,205.79,0
23981,2586,2025-05-23,205.79,205.79,0
23982,2586,2025-06-26,205.79,205.79,0
23983,2586,2025-07-23,205.79,205.79,0
23984,2586,2025-08-27,205.79,205.79,0
23985,2586,2025-10-27,205.79,189.17,30
23986,2586,2025-10-27,205.79,205.79,0
23987,2586,2025-11-26,205.79,205.79,0
23988,2586,2025-12-26,205.79,205.79,0
23989,2588,2024-04-24,143.49,143.49,0
23990,2588,2024-05-23,143.49,143.49,0
23991,2588,2024-07-27,143.49,131.71,35
23992,2588,2024-10-10,143.49,142.55,80
23993,2588,2024-11-23,143.49,135.14,88
23994,2588,2024-12-09,143.49,134.88,77
23995,2588,2024-10-25,143.49,143.49,0
23996,2588,2024-11-28,143.49,143.49,0
23997,2588,2024-12-23,143.49,143.49,0
23998,2588,2025-01-23,143.49,143.49,0
23999,2588,2025-05-20,143.49,129.94,85
24000,2588,2025-03-28,143.49,143.49,0
24001,2588,2025-04-23,143.49,143.49,0
24002,2588,2025-05-27,143.49,143.49,0
24003,2588,2025-06-28,143.49,143.49,0
24004,2588,2025-07-26,143.49,143.49,0
24005,2588,2025-11-18,143.49,130.55,86
24006,2588,2025-11-26,143.49,141.31,60
24007,2588,2025-10-28,143.49,143.49,0
24008,2588,2025-11-27,143.49,143.49,0
24009,2588,2025-12-27,143.49,143.49,0
24010,2590,2024-01-25,132.16,132.16,0
24011,2590,2024-02-23,132.16,132.16,0
24012,2590,2024-03-27,132.16,132.16,0
24013,2590,2024-04-23,132.16,132.16,0
24014,2590,2024-05-26,132.16,132.16,0
24015,2590,2024-06-25,132.16,132.16,0
24016,2590,2024-07-28,132.16,132.16,0
24017,2590,2024-08-28,132.16,132.16,0
24018,2590,2024-09-26,132.16,132.16,0
24019,2590,2024-10-23,132.16,132.16,0
24020,2590,2024-11-26,132.16,132.16,0
24021,2590,2024-12-23,132.16,132.16,0
24022,2590,2025-01-24,132.16,132.16,0
24023,2590,2025-02-27,132.16,132.16,0
24024,2590,2025-03-26,132.16,132.16,0
24025,2590,2025-04-25,132.16,132.16,0
24026,2590,2025-06-30,132.16,42.45,34
24027,2590,2025-09-08,132.16,3.65,76
24028,2590,2025-07-26,132.16,132.16,0
24029,2590,2025-08-22,132.16,132.16,0
24030,2590,2025-09-27,132.16,132.16,0
24031,2590,2025-10-25,132.16,132.16,0
24032,2590,2025-11-26,132.16,132.16,0
24033,2590,2025-12-23,132.16,132.16,0
24034,2591,2025-10-27,79.61,79.61,0
24035,2591,2026-01-05,79.61,28.1,38
24036,2591,2026-03-30,79.61,13.39,97
24037,2592,2025-03-25,45.69,45.69,0
24038,2592,2025-04-25,45.69,45.69,0
24039,2592,2025-05-25,45.69,45.69,0
24040,2592,2025-06-25,45.69,45.69,0
24041,2592,2025-07-27,45.69,45.69,0
24042,2592,2025-08-24,45.69,45.69,0
24043,2592,2025-09-25,45.69,45.69,0
24044,2592,2025-10-25,45.69,45.69,0
24045,2592,2025-11-28,45.69,45.69,0
24046,2592,2025-12-22,45.69,45.69,0
24047,2593,2025-09-23,823.1,823.1,0
24048,2593,2025-10-28,823.1,823.1,0
24049,2593,2025-11-24,823.1,823.1,0
24050,2593,2026-01-11,823.1,803.27,19
24051,2595,2025-10-23,110.59,95.91,26
24052,2595,2025-10-24,110.59,110.59,0
24053,2595,2025-11-24,110.59,110.59,0
24054,2595,2025-12-28,110.59,110.59,0
24055,2596,2024-01-23,257.96,222.94,1
24056,2596,2024-02-26,257.96,257.96,0
24057,2596,2024-03-22,257.96,257.96,0
24058,2596,2024-04-23,257.96,257.96,0
24059,2596,2024-05-24,257.96,257.96,0
24060,2596,2024-06-27,257.96,257.96,0
24061,2596,2024-09-22,257.96,231.63,58
24062,2596,2024-08-26,257.96,257.96,0
24063,2596,2024-09-25,257.96,257.96,0
24064,2596,2024-10-23,257.96,257.96,0
24065,2596,2024-11-28,257.96,257.96,0
24066,2596,2024-12-26,257.96,257.96,0
24067,2596,2025-01-24,257.96,257.96,0
24068,2596,2025-03-19,257.96,232.49,24
24069,2596,2025-03-27,257.96,257.96,0
24070,2596,2025-04-23,257.96,257.96,0
24071,2596,2025-05-27,257.96,257.96,0
24072,2596,2025-06-28,257.96,257.96,0
24073,2596,2025-07-27,257.96,257.96,0
24074,2596,2025-08-24,257.96,257.96,0
24075,2596,2025-09-23,257.96,257.96,0
24076,2596,2025-10-28,257.96,257.96,0
24077,2596,2025-11-27,257.96,257.96,0
24078,2596,2025-12-25,257.96,257.96,0
24079,2597,2025-07-28,2271.06,2271.06,0
24080,2597,2025-08-22,2271.06,2271.06,0
24081,2597,2025-09-24,2271.06,2271.06,0
24082,2597,2025-10-25,2271.06,2271.06,0
24083,2597,2025-11-23,2271.06,2271.06,0
24084,2597,2025-12-24,2271.06,2271.06,0
24085,2598,2025-07-28,617.57,617.57,0
24086,2598,2025-08-25,617.57,617.57,0
24087,2598,2025-09-28,617.57,617.57,0
24088,2598,2025-10-24,617.57,617.57,0
24089,2598,2025-11-22,617.57,617.57,0
24090,2598,2025-12-25,617.57,617.57,0
24091,2599,2025-04-26,151.68,151.68,0
24092,2599,2025-05-25,151.68,151.68,0
24093,2599,2025-06-25,151.68,151.68,0
24094,2599,2025-07-25,151.68,151.68,0
24095,2599,2025-08-26,151.68,151.68,0
24096,2599,2025-09-22,151.68,151.68,0
24097,2599,2025-10-24,151.68,151.68,0
24098,2599,2025-11-28,151.68,151.68,0
24099,2599,2025-12-25,151.68,151.68,0
24100,2600,2024-08-26,267.13,267.13,0
24101,2600,2024-09-26,267.13,267.13,0
24102,2600,2024-10-22,267.13,267.13,0
24103,2600,2024-11-22,267.13,267.13,0
24104,2600,2024-12-25,267.13,267.13,0
24105,2600,2025-01-25,267.13,267.13,0
24106,2600,2025-02-23,267.13,267.13,0
24107,2600,2025-04-25,267.13,219.63,30
24108,2600,2025-04-24,267.13,267.13,0
24109,2600,2025-05-23,267.13,267.13,0
24110,2600,2025-06-26,267.13,260.71,4
24111,2600,2025-07-22,267.13,267.13,0
24112,2600,2025-08-27,267.13,267.13,0
24113,2600,2025-09-27,267.13,267.13,0
24114,2600,2025-10-27,267.13,267.13,0
24115,2600,2025-11-25,267.13,267.13,0
24116,2600,2025-12-22,267.13,267.13,0
24117,2601,2025-06-27,641.33,641.33,0
24118,2601,2025-07-23,641.33,641.33,0
24119,2601,2025-08-22,641.33,641.33,0
24120,2601,2025-09-26,641.33,641.33,0
24121,2601,2025-10-25,641.33,641.33,0
24122,2601,2025-11-26,641.33,641.33,0
24123,2601,2025-12-24,641.33,641.33,0
24124,2602,2025-01-24,82.57,82.57,0
24125,2602,2025-02-23,82.57,82.57,0
24126,2602,2025-03-26,82.57,82.57,0
24127,2602,2025-04-27,82.57,82.57,0
24128,2602,2025-05-25,82.57,82.57,0
24129,2602,2025-06-22,82.57,82.57,0
24130,2602,2025-07-24,82.57,82.57,0
24131,2602,2025-08-24,82.57,82.57,0
24132,2602,2025-09-26,82.57,82.57,0
24133,2602,2025-10-24,82.57,82.57,0
24134,2602,2025-11-23,82.57,82.57,0
24135,2602,2025-12-22,82.57,82.57,0
24136,2603,2024-04-04,76.26,64.37,70
24137,2603,2024-02-25,76.26,76.26,0
24138,2603,2024-03-24,76.26,76.26,0
24139,2603,2024-04-22,76.26,76.26,0
24140,2603,2024-05-31,76.26,71.38,7
24141,2603,2024-06-28,76.26,76.26,0
24142,2603,2024-07-22,76.26,76.26,0
24143,2603,2024-08-23,76.26,76.26,0
24144,2603,2024-09-27,76.26,76.26,0
24145,2603,2024-10-24,76.26,76.26,0
24146,2603,2024-11-22,76.26,76.26,0
24147,2603,2024-12-27,76.26,76.26,0
24148,2603,2025-01-26,76.26,76.26,0
24149,2603,2025-02-28,76.26,76.26,0
24150,2603,2025-03-24,76.26,76.26,0
24151,2603,2025-04-27,76.26,76.26,0
24152,2603,2025-07-28,76.26,67.97,66
24153,2603,2025-06-28,76.26,76.26,0
24154,2603,2025-07-26,76.26,76.26,0
24155,2603,2025-08-25,76.26,76.26,0
24156,2603,2025-09-25,76.26,76.26,0
24157,2603,2025-10-28,76.26,76.26,0
24158,2603,2025-11-25,76.26,76.26,0
24159,2603,2025-12-22,76.26,76.26,0
24160,2604,2025-06-28,349.06,349.06,0
24161,2604,2025-07-24,349.06,349.06,0
24162,2604,2025-08-28,349.06,349.06,0
24163,2604,2025-09-23,349.06,349.06,0
24164,2604,2025-10-25,349.06,349.06,0
24165,2604,2025-11-26,349.06,349.06,0
24166,2604,2026-01-21,349.06,282.73,28
24167,2605,2025-10-26,693.98,693.98,0
24168,2605,2025-11-28,693.98,693.98,0
24169,2605,2025-12-25,693.98,693.98,0
24170,2606,2024-12-26,102.1,102.1,0
24171,2606,2025-01-25,102.1,102.1,0
24172,2606,2025-02-24,102.1,102.1,0
24173,2606,2025-03-23,102.1,102.1,0
24174,2606,2025-04-23,102.1,102.1,0
24175,2606,2025-05-27,102.1,102.1,0
24176,2606,2025-06-23,102.1,102.1,0
24177,2606,2025-07-26,102.1,102.1,0
24178,2606,2025-08-24,102.1,102.1,0
24179,2606,2025-09-22,102.1,102.1,0
24180,2606,2025-10-27,102.1,102.1,0
24181,2606,2025-11-22,102.1,102.1,0
24182,2606,2025-12-24,102.1,102.1,0
24183,2607,2025-06-23,91.54,91.54,0
24184,2607,2025-07-24,91.54,91.54,0
24185,2607,2025-08-24,91.54,91.54,0
24186,2607,2025-09-28,91.54,91.54,0
24187,2607,2025-10-24,91.54,91.54,0
24188,2607,2025-11-28,91.54,91.54,0
24189,2607,2025-12-24,91.54,91.54,0
24190,2608,2025-11-23,424.05,424.05,0
24191,2608,2025-12-27,424.05,424.05,0
24192,2609,2025-06-27,316.56,316.56,0
24193,2609,2025-07-23,316.56,316.56,0
24194,2609,2025-08-28,316.56,316.56,0
24195,2609,2025-09-22,316.56,316.56,0
24196,2609,2025-10-25,316.56,316.56,0
24197,2609,2025-11-26,316.56,316.56,0
24198,2609,2025-12-27,316.56,316.56,0
24199,2611,2025-12-25,166.8,166.8,0
24200,2612,2026-01-11,90.32,34.57,139
24201,2612,2025-09-27,90.32,90.32,0
24202,2612,2025-10-24,90.32,90.32,0
24203,2612,2025-11-27,90.32,90.32,0
24204,2612,2025-12-25,90.32,90.32,0
24205,2613,2025-04-23,90.28,90.28,0
24206,2613,2025-05-23,90.28,90.28,0
24207,2613,2025-06-27,90.28,90.28,0
24208,2613,2025-07-22,90.28,90.28,0
24209,2613,2025-08-22,90.28,90.28,0
24210,2613,2025-09-27,90.28,90.28,0
24211,2613,2025-10-27,90.28,90.28,0
24212,2613,2025-11-22,90.28,90.28,0
24213,2613,2025-12-27,90.28,90.28,0
24214,2614,2025-06-27,109.79,109.79,0
24215,2614,2025-07-27,109.79,109.79,0
24216,2614,2025-08-27,109.79,109.79,0
24217,2614,2025-09-24,109.79,109.79,0
24218,2614,2025-10-22,109.79,109.79,0
24219,2614,2025-11-27,109.79,109.79,0
24220,2614,2025-12-27,109.79,109.79,0
24221,2615,2024-02-23,424.96,424.96,0
24222,2615,2024-05-08,424.96,393.17,47
24223,2615,2024-04-22,424.96,424.96,0
24224,2615,2024-05-27,424.96,424.96,0
24225,2615,2024-08-17,424.96,397.09,50
24226,2615,2024-07-24,424.96,424.96,0
24227,2615,2024-08-26,424.96,424.96,0
24228,2615,2024-09-24,424.96,424.96,0
24229,2615,2024-10-22,424.96,424.96,0
24230,2615,2024-11-24,424.96,424.96,0
24231,2615,2024-12-27,424.96,424.96,0
24232,2615,2025-01-22,424.96,424.96,0
24233,2615,2025-02-22,424.96,424.96,0
24234,2615,2025-03-24,424.96,424.96,0
24235,2615,2025-04-26,424.96,424.96,0
24236,2615,2025-05-28,424.96,424.96,0
24237,2615,2025-07-28,424.96,348.64,36
24238,2615,2025-07-25,424.96,424.96,0
24239,2615,2025-08-26,424.96,424.96,0
24240,2615,2025-09-23,424.96,424.96,0
24241,2615,2025-10-26,424.96,424.96,0
24242,2615,2025-12-02,424.96,406.74,7
24243,2615,2025-12-22,424.96,424.96,0
24244,2616,2025-06-25,148.1,148.1,0
24245,2616,2025-07-27,148.1,148.1,0
24246,2616,2025-08-23,148.1,148.1,0
24247,2616,2025-09-27,148.1,148.1,0
24248,2616,2025-10-24,148.1,148.1,0
24249,2616,2025-11-26,148.1,148.1,0
24250,2616,2025-12-23,148.1,148.1,0
24251,2617,2025-01-27,425.38,425.38,0
24252,2617,2025-02-26,425.38,425.38,0
24253,2617,2025-03-26,425.38,425.38,0
24254,2617,2025-04-22,425.38,425.38,0
24255,2617,2025-05-27,425.38,425.38,0
24256,2617,2025-06-28,425.38,425.38,0
24257,2617,2025-07-27,425.38,425.38,0
24258,2617,2025-08-25,425.38,425.38,0
24259,2617,2025-09-26,425.38,425.38,0
24260,2617,2025-10-28,425.38,425.38,0
24261,2617,2025-11-28,425.38,425.38,0
24262,2617,2025-12-26,425.38,425.38,0
24263,2618,2025-01-28,103.43,103.43,0
24264,2618,2025-02-28,103.43,103.43,0
24265,2618,2025-03-22,103.43,103.43,0
24266,2618,2025-04-26,103.43,103.43,0
24267,2618,2025-05-22,103.43,103.43,0
24268,2618,2025-06-27,103.43,103.43,0
24269,2618,2025-07-22,103.43,103.43,0
24270,2618,2025-08-28,103.43,103.43,0
24271,2618,2025-12-10,103.43,88.69,79
24272,2618,2025-10-27,103.43,103.43,0
24273,2618,2025-11-27,103.43,103.43,0
24274,2618,2025-12-26,103.43,103.43,0
24275,2619,2025-09-26,203.31,203.31,0
24276,2619,2025-12-23,203.31,33.91,57
24277,2619,2025-11-23,203.31,203.31,0
24278,2619,2025-12-22,203.31,203.31,0
24279,2620,2025-03-28,399.44,399.44,0
24280,2620,2025-04-25,399.44,399.44,0
24281,2620,2025-05-22,399.44,399.44,0
24282,2620,2025-06-25,399.44,399.44,0
24283,2620,2025-10-10,399.44,392.29,74
24284,2620,2025-09-05,399.44,347.28,10
24285,2620,2025-09-26,399.44,399.44,0
24286,2620,2025-10-28,399.44,399.44,0
24287,2620,2025-11-24,399.44,399.44,0
24288,2620,2025-12-26,399.44,399.44,0
24289,2621,2025-05-26,139.17,139.17,0
24290,2621,2025-07-30,139.17,119.33,37
24291,2621,2025-07-25,139.17,139.17,0
24292,2621,2025-08-26,139.17,139.17,0
24293,2621,2025-09-26,139.17,139.17,0
24294,2621,2025-10-24,139.17,139.17,0
24295,2621,2025-11-28,139.17,139.17,0
24296,2621,2025-12-24,139.17,139.17,0
24297,2622,2025-07-28,176.24,176.24,0
24298,2622,2025-08-25,176.24,176.24,0
24299,2622,2025-11-13,176.24,0.86,48
24300,2622,2025-10-25,176.24,176.24,0
24301,2622,2025-11-22,176.24,176.24,0
24302,2622,2025-12-22,176.24,176.24,0
24303,2623,2025-05-28,202.28,202.28,0
24304,2623,2025-06-24,202.28,202.28,0
24305,2623,2025-07-26,202.28,202.28,0
24306,2623,2025-08-24,202.28,202.28,0
24307,2623,2025-09-23,202.28,202.28,0
24308,2623,2025-10-28,202.28,202.28,0
24309,2623,2025-11-24,202.28,202.28,0
24310,2623,2025-12-22,202.28,202.28,0
24311,2624,2025-12-25,2145.15,2145.15,0
24312,2625,2025-11-25,788.09,788.09,0
24313,2625,2025-12-24,788.09,788.09,0
24314,2626,2024-01-25,319.01,319.01,0
24315,2626,2024-02-22,319.01,319.01,0
24316,2626,2024-03-23,319.01,319.01,0
24317,2626,2024-04-28,319.01,319.01,0
24318,2626,2024-05-25,319.01,319.01,0
24319,2626,2024-06-27,319.01,319.01,0
24320,2626,2024-07-23,319.01,319.01,0
24321,2626,2024-08-23,319.01,319.01,0
24322,2626,2024-09-23,319.01,319.01,0
24323,2626,2024-10-28,319.01,319.01,0
24324,2626,2025-01-24,319.01,259.61,62
24325,2626,2024-12-25,319.01,289.36,1
24326,2626,2025-01-22,319.01,319.01,0
24327,2626,2025-02-28,319.01,319.01,0
24328,2626,2025-03-28,319.01,319.01,0
24329,2626,2025-04-23,319.01,319.01,0
24330,2626,2025-05-27,319.01,319.01,0
24331,2626,2025-06-24,319.01,319.01,0
24332,2626,2025-07-28,319.01,319.01,0
24333,2626,2025-08-23,319.01,319.01,0
24334,2626,2025-09-23,319.01,319.01,0
24335,2626,2025-10-25,319.01,319.01,0
24336,2626,2025-11-23,319.01,319.01,0
24337,2626,2025-12-27,319.01,319.01,0
24338,2627,2025-05-25,460.22,460.22,0
24339,2627,2025-06-26,460.22,460.22,0
24340,2627,2025-07-22,460.22,460.22,0
24341,2627,2025-08-26,460.22,460.22,0
24342,2627,2025-09-22,460.22,460.22,0
24343,2627,2025-10-31,460.22,425.01,9
24344,2627,2025-11-24,460.22,460.22,0
24345,2627,2025-12-24,460.22,460.22,0
24346,2628,2024-11-22,365.44,365.44,0
24347,2628,2024-12-23,365.44,365.44,0
24348,2628,2025-01-26,365.44,365.44,0
24349,2628,2025-02-28,365.44,365.44,0
24350,2628,2025-03-24,365.44,365.44,0
24351,2628,2025-04-28,365.44,365.44,0
24352,2628,2025-05-28,365.44,365.44,0
24353,2628,2025-06-28,365.44,365.44,0
24354,2628,2025-07-26,365.44,365.44,0
24355,2628,2025-08-22,365.44,365.44,0
24356,2628,2025-09-22,365.44,365.44,0
24357,2628,2025-10-25,365.44,365.44,0
24358,2628,2025-11-27,365.44,365.44,0
24359,2628,2025-12-26,365.44,365.44,0
24360,2630,2025-05-22,564.54,564.54,0
24361,2630,2025-06-28,564.54,564.54,0
24362,2630,2025-07-27,564.54,564.54,0
24363,2630,2025-08-25,564.54,564.54,0
24364,2630,2025-09-27,564.54,564.54,0
24365,2630,2025-10-25,564.54,564.54,0
24366,2630,2025-11-24,564.54,564.54,0
24367,2630,2025-12-25,564.54,564.54,0
24368,2632,2024-08-23,311.19,311.19,0
24369,2632,2024-09-25,311.19,311.19,0
24370,2632,2024-10-27,311.19,311.19,0
24371,2632,2024-11-22,311.19,311.19,0
24372,2632,2024-12-22,311.19,311.19,0
24373,2632,2025-01-23,311.19,311.19,0
24374,2632,2025-02-26,311.19,311.19,0
24375,2632,2025-03-22,311.19,311.19,0
24376,2632,2025-04-24,311.19,311.19,0
24377,2632,2025-05-23,311.19,311.19,0
24378,2632,2025-06-26,311.19,311.19,0
24379,2632,2025-07-24,311.19,311.19,0
24380,2632,2025-08-24,311.19,311.19,0
24381,2632,2025-09-25,311.19,311.19,0
24382,2632,2025-10-28,311.19,311.19,0
24383,2632,2025-11-28,311.19,311.19,0
24384,2632,2025-12-23,311.19,311.19,0
24385,2633,2025-11-24,130.08,130.08,0
24386,2633,2025-12-26,130.08,130.08,0
24387,2634,2025-06-27,151.67,151.67,0
24388,2634,2025-07-25,151.67,151.67,0
24389,2634,2025-08-27,151.67,151.67,0
24390,2634,2025-09-25,151.67,151.67,0
24391,2634,2025-10-22,151.67,151.67,0
24392,2634,2025-11-22,151.67,151.67,0
24393,2634,2025-12-22,151.67,151.67,0
24394,2635,2024-06-26,83.48,83.48,0
24395,2635,2024-07-22,83.48,83.48,0
24396,2635,2024-08-27,83.48,83.48,0
24397,2635,2024-09-24,83.48,83.48,0
24398,2635,2024-10-26,83.48,83.48,0
24399,2635,2024-11-22,83.48,83.48,0
24400,2635,2024-12-22,83.48,83.48,0
24401,2635,2025-01-28,83.48,83.48,0
24402,2635,2025-02-24,83.48,83.48,0
24403,2635,2025-03-23,83.48,83.48,0
24404,2635,2025-04-24,83.48,83.48,0
24405,2635,2025-05-24,83.48,83.48,0
24406,2635,2025-06-24,83.48,83.48,0
24407,2635,2025-07-27,83.48,83.48,0
24408,2635,2025-08-28,83.48,83.48,0
24409,2635,2025-09-27,83.48,83.48,0
24410,2635,2025-12-22,83.48,82.33,57
24411,2635,2025-11-28,83.48,83.48,0
24412,2635,2026-06-03,83.48,2.9,161
24413,2636,2024-10-24,91.4,91.4,0
24414,2636,2024-11-25,91.4,91.4,0
24415,2636,2024-12-26,91.4,91.4,0
24416,2636,2025-01-27,91.4,91.4,0
24417,2636,2025-02-27,91.4,91.4,0
24418,2636,2025-03-27,91.4,91.4,0
24419,2636,2025-04-23,91.4,91.4,0
24420,2636,2025-05-24,91.4,91.4,0
24421,2636,2025-08-03,91.4,86.25,37
24422,2636,2025-07-23,91.4,91.4,0
24423,2636,2025-08-23,91.4,91.4,0
24424,2636,2025-09-24,91.4,91.4,0
24425,2636,2025-10-28,91.4,91.4,0
24426,2636,2026-03-10,91.4,0.82,103
24427,2636,2025-12-26,91.4,91.4,0
24428,2637,2024-12-22,257.18,257.18,0
24429,2637,2025-01-25,257.18,257.18,0
24430,2637,2025-02-27,257.18,257.18,0
24431,2637,2025-03-24,257.18,257.18,0
24432,2637,2025-05-30,257.18,239.46,33
24433,2637,2025-05-28,257.18,257.18,0
24434,2637,2025-08-17,257.18,87.61,51
24435,2637,2025-07-22,257.18,257.18,0
24436,2637,2025-08-27,257.18,257.18,0
24437,2637,2025-09-22,257.18,257.18,0
24438,2637,2025-10-26,257.18,257.18,0
24439,2637,2025-11-28,257.18,257.18,0
24440,2637,2025-12-25,257.18,257.18,0
24441,2638,2025-12-23,2132.8,2132.8,0
24442,2639,2025-04-22,320.01,320.01,0
24443,2639,2025-05-25,320.01,320.01,0
24444,2639,2025-06-28,320.01,320.01,0
24445,2639,2025-07-23,320.01,320.01,0
24446,2639,2025-11-24,320.01,290.87,89
24447,2639,2025-09-26,320.01,320.01,0
24448,2639,2025-10-27,320.01,320.01,0
24449,2639,2026-04-30,320.01,35.08,155
24450,2639,2026-01-12,320.01,301.88,16
24451,2640,2025-04-28,415.35,415.35,0
24452,2640,2025-05-26,415.35,415.35,0
24453,2640,2025-06-25,415.35,415.35,0
24454,2640,2025-07-24,415.35,415.35,0
24455,2640,2025-08-24,415.35,415.35,0
24456,2640,2025-09-28,415.35,415.35,0
24457,2640,2025-10-25,415.35,415.35,0
24458,2640,2025-11-23,415.35,415.35,0
24459,2640,2025-12-28,415.35,415.35,0
24460,2641,2024-01-24,373.75,373.75,0
24461,2641,2024-02-26,373.75,373.75,0
24462,2641,2024-03-24,373.75,373.75,0
24463,2641,2024-07-07,373.75,131.7,74
24464,2641,2024-05-31,373.75,364.75,5
24465,2641,2024-06-24,373.75,373.75,0
24466,2641,2024-08-06,373.75,320.41,10
24467,2641,2024-08-23,373.75,373.75,0
24468,2641,2024-09-28,373.75,373.75,0
24469,2641,2025-02-22,373.75,62.03,121
24470,2641,2024-11-22,373.75,373.75,0
24471,2641,2025-04-02,373.75,90.94,100
24472,2641,2025-01-23,373.75,373.75,0
24473,2641,2025-02-23,373.75,373.75,0
24474,2641,2025-03-24,373.75,373.75,0
24475,2641,2025-04-23,373.75,373.75,0
24476,2641,2025-07-30,373.75,124.39,69
24477,2641,2025-06-24,373.75,373.75,0
24478,2641,2025-07-23,373.75,373.75,0
24479,2641,2025-08-24,373.75,373.75,0
24480,2641,2025-12-17,373.75,325.88,81
24481,2641,2025-10-25,373.75,373.75,0
24482,2641,2025-11-24,373.75,373.75,0
24483,2641,2025-12-23,373.75,373.75,0
24484,2642,2025-12-28,124.08,124.08,0
24485,2643,2025-04-23,275.3,275.3,0
24486,2643,2025-05-27,275.3,275.3,0
24487,2643,2025-06-28,275.3,275.3,0
24488,2643,2025-07-23,275.3,275.3,0
24489,2643,2025-08-22,275.3,275.3,0
24490,2643,2025-09-26,275.3,275.3,0
24491,2643,2025-10-22,275.3,275.3,0
24492,2643,2025-11-26,275.3,275.3,0
24493,2643,2025-12-24,275.3,275.3,0
24494,2644,2025-05-26,98.44,98.44,0
24495,2644,2025-06-23,98.44,98.44,0
24496,2644,2025-07-24,98.44,98.44,0
24497,2644,2025-08-23,98.44,98.44,0
24498,2644,2025-09-26,98.44,98.44,0
24499,2644,2025-10-23,98.44,98.44,0
24500,2644,2025-11-27,98.44,98.44,0
24501,2644,2025-12-27,98.44,98.44,0
24502,2645,2025-05-22,541.71,541.71,0
24503,2645,2025-06-26,541.71,541.71,0
24504,2645,2025-07-27,541.71,541.71,0
24505,2645,2025-08-24,541.71,541.71,0
24506,2645,2025-09-25,541.71,541.71,0
24507,2645,2025-10-24,541.71,541.71,0
24508,2645,2025-11-26,541.71,541.71,0
24509,2645,2025-12-22,541.71,541.71,0
24510,2646,2025-01-22,2146.86,2146.86,0
24511,2646,2025-02-24,2146.86,2146.86,0
24512,2646,2025-03-26,2146.86,2146.86,0
24513,2646,2025-04-25,2146.86,2146.86,0
24514,2646,2025-05-25,2146.86,2146.86,0
24515,2646,2025-06-24,2146.86,2146.86,0
24516,2646,2025-07-26,2146.86,2146.86,0
24517,2646,2025-08-25,2146.86,2146.86,0
24518,2646,2025-09-22,2146.86,2146.86,0
24519,2646,2025-10-22,2146.86,2146.86,0
24520,2646,2025-11-25,2146.86,2146.86,0
24521,2646,2025-12-24,2146.86,2146.86,0
24522,2647,2024-10-23,1561.37,1561.37,0
24523,2647,2024-11-23,1561.37,1561.37,0
24524,2647,2024-12-27,1561.37,1561.37,0
24525,2647,2025-01-22,1561.37,1561.37,0
24526,2647,2025-02-28,1561.37,1561.37,0
24527,2647,2025-03-25,1561.37,1561.37,0
24528,2647,2025-04-22,1561.37,1561.37,0
24529,2647,2025-05-22,1561.37,1561.37,0
24530,2647,2025-06-23,1561.37,1561.37,0
24531,2647,2025-07-22,1561.37,1561.37,0
24532,2647,2025-08-28,1561.37,1561.37,0
24533,2647,2025-09-27,1561.37,1561.37,0
24534,2647,2025-10-27,1561.37,1561.37,0
24535,2647,2025-11-27,1561.37,1561.37,0
24536,2647,2025-12-28,1561.37,1561.37,0
24537,2648,2025-07-24,98.35,98.35,0
24538,2648,2025-08-28,98.35,98.35,0
24539,2648,2025-09-23,98.35,98.35,0
24540,2648,2025-10-27,98.35,98.35,0
24541,2648,2025-11-28,98.35,98.35,0
24542,2648,2025-12-28,98.35,98.35,0
24543,2649,2025-06-30,1206.35,1168.69,38
24544,2649,2025-06-28,1206.35,1206.35,0
24545,2649,2025-07-26,1206.35,1206.35,0
24546,2649,2025-08-27,1206.35,1206.35,0
24547,2649,2025-10-17,1206.35,1114.04,20
24548,2649,2025-10-25,1206.35,1206.35,0
24549,2649,2025-11-23,1206.35,1206.35,0
24550,2649,2025-12-25,1206.35,1206.35,0
24551,2650,2025-05-25,145.48,145.48,0
24552,2650,2025-06-22,145.48,145.48,0
24553,2650,2025-07-27,145.48,145.48,0
24554,2650,2025-08-25,145.48,145.48,0
24555,2650,2025-09-24,145.48,145.48,0
24556,2650,2025-10-23,145.48,145.48,0
24557,2650,2025-11-24,145.48,145.48,0
24558,2650,2025-12-22,145.48,145.48,0
24559,2651,2025-07-28,183.72,183.72,0
24560,2651,2025-08-23,183.72,183.72,0
24561,2651,2025-09-24,183.72,183.72,0
24562,2651,2025-10-27,183.72,183.72,0
24563,2651,2025-12-25,183.72,174.84,30
24564,2651,2026-01-16,183.72,168.39,24
24565,2652,2024-06-23,463.56,463.56,0
24566,2652,2024-07-22,463.56,463.56,0
24567,2652,2024-08-22,463.56,463.56,0
24568,2652,2024-09-28,463.56,463.56,0
24569,2652,2024-10-24,463.56,463.56,0
24570,2652,2025-01-17,463.56,439.12,53
24571,2652,2024-12-22,463.56,463.56,0
24572,2652,2025-01-27,463.56,463.56,0
24573,2652,2025-02-24,463.56,463.56,0
24574,2652,2025-03-25,463.56,463.56,0
24575,2652,2025-04-26,463.56,463.56,0
24576,2652,2025-05-31,463.56,447.44,4
24577,2652,2025-08-19,463.56,381.8,53
24578,2652,2025-07-27,463.56,463.56,0
24579,2652,2025-08-24,463.56,463.56,0
24580,2652,2025-10-25,463.56,452.06,30
24581,2652,2025-10-27,463.56,463.56,0
24582,2652,2025-11-28,463.56,463.56,0
24583,2652,2025-12-25,463.56,463.56,0
24584,2653,2025-08-28,427.82,427.82,0
24585,2653,2025-09-26,427.82,427.82,0
24586,2653,2025-10-24,427.82,427.82,0
24587,2653,2025-11-28,427.82,427.82,0
24588,2653,2025-12-27,427.82,427.82,0
24589,2654,2025-05-28,725.72,725.72,0
24590,2654,2025-06-25,725.72,725.72,0
24591,2654,2025-07-22,725.72,725.72,0
24592,2654,2025-08-22,725.72,725.72,0
24593,2654,2025-09-22,725.72,725.72,0
24594,2654,2025-10-22,725.72,725.72,0
24595,2654,2025-11-23,725.72,725.72,0
24596,2654,2026-05-15,725.72,282.54,139
24597,2655,2025-04-25,251.87,251.87,0
24598,2655,2025-05-28,251.87,251.87,0
24599,2655,2025-06-26,251.87,251.87,0
24600,2655,2026-01-07,251.87,1.07,166
24601,2655,2025-08-27,251.87,251.87,0
24602,2655,2025-09-22,251.87,251.87,0
24603,2655,2025-10-28,251.87,251.87,0
24604,2655,2025-11-28,251.87,251.87,0
24605,2655,2025-12-27,251.87,251.87,0
24606,2656,2025-09-10,398.97,392.66,44
24607,2656,2025-08-28,398.97,398.97,0
24608,2656,2025-09-22,398.97,398.97,0
24609,2656,2025-10-27,398.97,398.97,0
24610,2656,2025-11-26,398.97,398.97,0
24611,2656,2025-12-28,398.97,398.97,0
24612,2657,2025-05-22,270.26,270.26,0
24613,2657,2025-06-23,270.26,270.26,0
24614,2657,2025-10-26,270.26,46.7,95
24615,2657,2025-08-27,270.26,270.26,0
24616,2657,2025-09-25,270.26,270.26,0
24617,2657,2025-10-23,270.26,270.26,0
24618,2657,2025-11-26,270.26,270.26,0
24619,2657,2025-12-28,270.26,270.26,0
24620,2659,2025-08-30,571.82,464.86,36
24621,2659,2025-11-07,571.82,549.17,74
24622,2659,2025-09-27,571.82,571.82,0
24623,2659,2026-04-15,571.82,87.79,175
24624,2659,2026-02-23,571.82,156.06,90
24625,2659,2025-12-26,571.82,571.82,0
24626,2660,2026-01-14,78.21,71.34,19
24627,2661,2025-09-24,405.17,405.17,0
24628,2661,2025-11-08,405.17,398.2,16
24629,2661,2025-11-24,405.17,405.17,0
24630,2661,2025-12-28,405.17,405.17,0
24631,2662,2025-04-26,333.8,333.8,0
24632,2662,2025-05-26,333.8,333.8,0
24633,2662,2025-06-27,333.8,333.8,0
24634,2662,2025-07-27,333.8,333.8,0
24635,2662,2025-08-27,333.8,333.8,0
24636,2662,2025-09-23,333.8,333.8,0
24637,2662,2025-10-28,333.8,333.8,0
24638,2662,2025-11-26,333.8,333.8,0
24639,2662,2025-12-28,333.8,333.8,0
24640,2663,2025-10-24,483.37,483.37,0
24641,2663,2026-01-15,483.37,433.39,52
24642,2663,2025-12-25,483.37,483.37,0
24643,2664,2025-06-24,136.1,136.1,0
24644,2664,2025-07-24,136.1,136.1,0
24645,2664,2025-08-27,136.1,136.1,0
24646,2664,2025-10-21,136.1,135.8,23
24647,2664,2025-10-23,136.1,136.1,0
24648,2664,2026-01-10,136.1,110.52,44
24649,2664,2026-03-06,136.1,130.12,68
24650,2665,2025-05-27,472.09,472.09,0
24651,2665,2025-06-23,472.09,472.09,0
24652,2665,2025-07-27,472.09,472.09,0
24653,2665,2025-08-25,472.09,472.09,0
24654,2665,2025-09-23,472.09,472.09,0
24655,2665,2025-10-27,472.09,472.09,0
24656,2665,2025-11-24,472.09,472.09,0
24657,2665,2025-12-24,472.09,472.09,0
24658,2666,2024-08-27,337.0,337.0,0
24659,2666,2024-09-23,337.0,337.0,0
24660,2666,2024-10-26,337.0,337.0,0
24661,2666,2024-11-24,337.0,337.0,0
24662,2666,2024-12-23,337.0,337.0,0
24663,2666,2025-01-22,337.0,337.0,0
24664,2666,2025-03-11,337.0,277.63,12
24665,2666,2025-06-19,337.0,303.46,86
24666,2666,2025-04-26,337.0,337.0,0
24667,2666,2025-05-28,337.0,337.0,0
24668,2666,2025-06-23,337.0,337.0,0
24669,2666,2025-07-22,337.0,337.0,0
24670,2666,2025-08-22,337.0,337.0,0
24671,2666,2025-09-27,337.0,337.0,0
24672,2666,2025-10-27,337.0,337.0,0
24673,2666,2025-11-28,337.0,337.0,0
24674,2666,2025-12-28,337.0,337.0,0
24675,2667,2025-04-24,173.41,173.41,0
24676,2667,2025-05-23,173.41,173.41,0
24677,2667,2025-06-22,173.41,173.41,0
24678,2667,2025-07-28,173.41,173.41,0
24679,2667,2025-08-24,173.41,173.41,0
24680,2667,2025-09-26,173.41,173.41,0
24681,2667,2025-10-22,173.41,173.41,0
24682,2667,2025-11-22,173.41,173.41,0
24683,2667,2025-12-27,173.41,173.41,0
24684,2668,2025-03-24,355.97,355.97,0
24685,2668,2025-04-23,355.97,355.97,0
24686,2668,2025-05-22,355.97,355.97,0
24687,2668,2025-06-25,355.97,355.97,0
24688,2668,2025-07-26,355.97,355.97,0
24689,2668,2025-08-23,355.97,355.97,0
24690,2668,2025-09-27,355.97,355.97,0
24691,2668,2025-11-02,355.97,308.08,8
24692,2668,2025-11-27,355.97,355.97,0
24693,2668,2025-12-28,355.97,355.97,0
24694,2669,2025-04-28,323.45,323.45,0
24695,2669,2025-05-25,323.45,323.45,0
24696,2669,2025-06-24,323.45,323.45,0
24697,2669,2025-07-27,323.45,323.45,0
24698,2669,2025-08-27,323.45,323.45,0
24699,2669,2025-09-28,323.45,323.45,0
24700,2669,2025-10-26,323.45,323.45,0
24701,2669,2025-11-28,323.45,323.45,0
24702,2669,2025-12-28,323.45,323.45,0
24703,2671,2025-07-24,180.36,180.36,0
24704,2671,2025-08-24,180.36,180.36,0
24705,2671,2025-09-27,180.36,180.36,0
24706,2671,2025-10-23,180.36,180.36,0
24707,2671,2025-11-25,180.36,180.36,0
24708,2671,2025-12-24,180.36,180.36,0
24709,2672,2025-03-24,522.24,428.43,55
24710,2672,2025-02-22,522.24,522.24,0
24711,2672,2025-03-23,522.24,522.24,0
24712,2672,2025-05-01,522.24,468.55,6
24713,2672,2025-05-26,522.24,522.24,0
24714,2672,2025-06-26,522.24,522.24,0
24715,2672,2025-07-24,522.24,522.24,0
24716,2672,2025-08-26,522.24,522.24,0
24717,2672,2025-09-25,522.24,522.24,0
24718,2672,2025-10-24,522.24,522.24,0
24719,2672,2025-11-22,522.24,522.24,0
24720,2672,2025-12-28,522.24,522.24,0
24721,2673,2025-12-27,218.48,218.48,0
24722,2674,2025-06-22,243.11,243.11,0
24723,2674,2025-07-25,243.11,243.11,0
24724,2674,2025-08-28,243.11,243.11,0
24725,2674,2025-09-22,243.11,243.11,0
24726,2674,2025-10-26,243.11,243.11,0
24727,2674,2025-11-26,243.11,243.11,0
24728,2674,2025-12-22,243.11,243.11,0
24729,2675,2025-06-25,279.9,279.9,0
24730,2675,2025-07-23,279.9,279.9,0
24731,2675,2025-08-25,279.9,279.9,0
24732,2675,2025-09-26,279.9,279.9,0
24733,2675,2025-10-26,279.9,279.9,0
24734,2675,2025-11-23,279.9,279.9,0
24735,2675,2026-01-11,279.9,232.4,14
24736,2676,2024-12-22,449.68,449.68,0
24737,2676,2025-01-27,449.68,449.68,0
24738,2676,2025-02-24,449.68,449.68,0
24739,2676,2025-03-27,449.68,449.68,0
24740,2676,2025-04-27,449.68,449.68,0
24741,2676,2025-05-24,449.68,449.68,0
24742,2676,2025-09-24,449.68,410.48,88
24743,2676,2025-07-22,449.68,449.68,0
24744,2676,2025-08-24,449.68,449.68,0
24745,2676,2025-09-26,449.68,449.68,0
24746,2676,2025-10-27,449.68,449.68,0
24747,2676,2025-11-27,449.68,449.68,0
24748,2676,2025-12-27,449.68,449.68,0
24749,2677,2024-03-23,253.58,253.58,0
24750,2677,2024-04-26,253.58,253.58,0
24751,2677,2024-05-23,253.58,253.58,0
24752,2677,2024-06-24,253.58,253.58,0
24753,2677,2024-07-22,253.58,253.58,0
24754,2677,2024-08-23,253.58,253.58,0
24755,2677,2024-09-22,253.58,253.58,0
24756,2677,2024-10-25,253.58,253.58,0
24757,2677,2024-11-26,253.58,253.58,0
24758,2677,2024-12-23,253.58,253.58,0
24759,2677,2025-01-26,253.58,253.58,0
24760,2677,2025-02-23,253.58,253.58,0
24761,2677,2025-03-22,253.58,253.58,0
24762,2677,2025-04-28,253.58,253.58,0
24763,2677,2025-05-26,253.58,253.58,0
24764,2677,2025-06-24,253.58,253.58,0
24765,2677,2025-07-27,253.58,253.58,0
24766,2677,2025-08-23,253.58,253.58,0
24767,2677,2025-09-22,253.58,253.58,0
24768,2677,2025-10-27,253.58,253.58,0
24769,2677,2025-11-24,253.58,253.58,0
24770,2677,2025-12-24,253.58,253.58,0
24771,2678,2025-02-22,180.64,180.64,0
24772,2678,2025-03-24,180.64,180.64,0
24773,2678,2025-07-07,180.64,151.26,72
24774,2678,2025-05-24,180.64,180.64,0
24775,2678,2025-06-25,180.64,180.64,0
24776,2678,2025-07-28,180.64,180.64,0
24777,2678,2025-08-27,180.64,180.64,0
24778,2678,2025-09-24,180.64,180.64,0
24779,2678,2025-10-27,180.64,180.64,0
24780,2678,2025-11-26,180.64,180.64,0
24781,2678,2025-12-24,180.64,180.64,0
24782,2679,2025-06-27,390.31,390.31,0
24783,2679,2025-07-26,390.31,390.31,0
24784,2679,2025-08-27,390.31,390.31,0
24785,2679,2025-09-23,390.31,390.31,0
24786,2679,2025-10-22,390.31,390.31,0
24787,2679,2025-11-24,390.31,390.31,0
24788,2679,2025-12-26,390.31,390.31,0
